"","Taxon","FoodWeb_ID","Location","Family","locationID","FishBase_code","Common_name","Order","Genus","d13C","d15N","var_d13C","var_d15N","var_type","N_Sample","Tissue","Site_name","Ecosystem","Country","Country_ISO","Region","Longitude","Latitude","taxonID","habitat","EstablishmentMeans","establishmentMeans_introduced","establishmentMeans_native"
"1","Abbottina rivularis","ID_0567","China","Gobionidae",52,22903,"Chinese false gudgeon","Cypriniformes","Abbottina",-25,12.9,1.3,1.2,"SD",5,"Muscle","Lake_Chaohu","Lentic","China","CHN","Asia",117.557175,31.518489,11237,"brackish; freshwater","introduced",1,1
"3","Abramis brama","ID_0837","China","Leuciscidae",52,268,"Common bream","Cypriniformes","Abramis",-22.08,9.76,0.44,0.11,"SD",5,"Muscle","Wulungu_Lake","Lentic","China","CHN","Asia",87.18,46.76,11238,"brackish; freshwater","introduced",1,0
"4","Abramis brama","ID_0996","Ireland","Leuciscidae",121,268,"Bream","Cypriniformes","Abramis",-29.74,13.53,0.81,0.52,"SD",58,"Muscle","Leixlip_Reservoir","Lentic","Ireland","IRL","Europe",-6.5,53.35,11238,"brackish; freshwater","introduced",1,1
"6","Abramis brama","ID_0997","Ireland","Leuciscidae",121,268,"Bream","Cypriniformes","Abramis",-28.68,11.99,0.87,1.4,"SD",61,"Fish","Lough_Corrib","Lentic","Ireland","IRL","Europe",-9.24,53.47,11238,"brackish; freshwater","introduced",1,1
"8","Abramis brama","ID_0998","Ireland","Leuciscidae",121,268,"Bream","Cypriniformes","Abramis",-29.1,13.84,0.27,0.38,"SD",36,"Muscle","Lough_Ramor","Lentic","Ireland","IRL","Europe",-7.06,53.81,11238,"brackish; freshwater","introduced",1,1
"10","Abramis brama","ID_1000","Ireland","Leuciscidae",121,268,"Bream","Cypriniformes","Abramis",-32.51,12.97,1.43,0.53,"SD",79,"Muscle","Ross_Lake","Lentic","Ireland","IRL","Europe",-9.217473,53.372506,11238,"brackish; freshwater","introduced",1,1
"12","Acheilognathus rhombeus","ID_0307","Japan","Acheilognathidae",132,22891,NA,"Cypriniformes","Acheilognathus",-26.3,11.8,2,1.8,"SD",10,"Muscle","Lake_Izunuma_jul","Lentic","Japan","JPN","Asia",141.103113,38.719369,11245,"freshwater","introduced",1,1
"14","Acheilognathus rhombeus","ID_0308","Japan","Acheilognathidae",132,22891,NA,"Cypriniformes","Acheilognathus",-26.8,12.2,1.6,1.3,"SD",5,"Muscle","Lake_Izunuma_aug","Lentic","Japan","JPN","Asia",141.103113,38.719369,11245,"freshwater","introduced",1,1
"16","Acheilognathus rhombeus","ID_0309","Japan","Acheilognathidae",132,22891,NA,"Cypriniformes","Acheilognathus",-26.2,12.2,2.5,0.7,"SD",5,"Muscle","Lake_Izunuma_sep","Lentic","Japan","JPN","Asia",141.103113,38.719369,11245,"freshwater","introduced",1,1
"18","Acheilognathus rhombeus","ID_0310","Japan","Acheilognathidae",132,22891,NA,"Cypriniformes","Acheilognathus",-26.6,12.5,0.5,0.4,"SD",4,"Muscle","Lake_Izunuma_jun","Lentic","Japan","JPN","Asia",141.103113,38.719369,11245,"freshwater","introduced",1,1
"20","Agosia chrysogaster","ID_0044","United States of America","Leuciscidae",256,2742,"Longfin dace","Cypriniformes","Agosia",-24.49,10.84,0.67,0.23,"SD",8,"Muscle","East_Fork_Gila_River_New_Mexico_","Lotic","United States","USA","North America",-108.128483,33.293817,11248,"freshwater","introduced",1,1
"22","Agosia chrysogaster","ID_0045","United States of America","Leuciscidae",256,2742,"Longfin dace","Cypriniformes","Agosia",-23.21,9.52,1.18,0.86,"SD",5,"Muscle","Middle_Fork_Gila_River_New_Mexico_","Lotic","United States","USA","North America",-108.231328,33.248692,11248,"freshwater","introduced",1,1
"24","Agosia chrysogaster","ID_0046","United States of America","Leuciscidae",256,2742,"Longfin dace","Cypriniformes","Agosia",-23.91,9.33,1.36,0.48,"SD",17,"Muscle","Heart_Bar_Gila_River_New_Mexico","Lotic","United States","USA","North America",-108.204153,33.195725,11248,"freshwater","introduced",1,1
"26","Agosia chrysogaster","ID_0047","United States of America","Leuciscidae",256,2742,"Longfin dace","Cypriniformes","Agosia",-26.58,11.46,0.58,0.41,"SD",6,"Muscle","Riverside_Gila_River_New_Mexico_","Lotic","United States","USA","North America",-108.606342,32.940211,11248,"freshwater","introduced",1,1
"28","Agosia chrysogaster","ID_0048","United States of America","Leuciscidae",256,2742,"Longfin dace","Cypriniformes","Agosia",-24.53,9.07,2.13,0.93,"SD",4,"Muscle","San_Francisco_San_Francisco_River_New_Mexico","Lotic","United States","USA","North America",-108.881144,33.236756,11248,"freshwater","introduced",1,1
"30","Agosia chrysogaster","ID_0049","United States of America","Leuciscidae",256,2742,"Longfin dace","Cypriniformes","Agosia",-23.95,8,0.25,0.14,"SD",2,"Muscle","West_Fork_Gila_River_New_Mexico","Lotic","United States","USA","North America",-108.320981,33.252486,11248,"freshwater","introduced",1,1
"32","Alburnus alburnus","ID_0486","Italy","Leuciscidae",126,4730,"Bleak","Cypriniformes","Alburnus",-26.2,15.6,0.1,0.4,"SE",7,"Muscle","Arno_river","Lotic","Italy","ITA","Europe",11.050653,43.116756,11251,"brackish; freshwater","introduced",1,0
"33","Amatitlania nigrofasciata","ID_0022","Japan","Cichlidae",132,3615,"Convict cichlid","Cichliformes","Amatitlania",-25.99,11.2,1.92,1.08,"SD",5,"Muscle","Hija_River_reservoir_area_of_the_Hija_River","Lotic","Japan","JPN","Asia",127.754444,26.367778,11743,"brackish; freshwater","introduced",1,0
"34","Amatitlania nigrofasciata","ID_0023","Japan","Cichlidae",132,3615,"Zebra cichlid","Cichliformes","Amatitlania",-24.75,12.59,0.83,1.05,"SD",16,"Muscle","Haebaru_Reservoir","Lentic","Japan","JPN","Asia",127.740556,26.212778,11743,"brackish; freshwater","introduced",1,0
"35","Ambloplites rupestris","ID_0228","United States of America","Centrarchidae",256,3361,"Rock bass","Centrarchiformes","Ambloplites",-16.68,11.28,2.52,0.62,"SD",11,"Muscle","Thousand_Islands_region_St_Lawrence_River_","Lotic","United States","USA","North America",-76.04845,44.27028,11747,"freshwater","introduced",1,1
"37","Ambloplites rupestris","ID_0261","United States of America","Centrarchidae",256,3361,"Rock bass","Centrarchiformes","Ambloplites",-24,14.7,1,1.2,"SD",6,NA,"Arizona_streams_Verde_River_Arizona","Lotic","United States","USA","North America",-111.882947,34.590633,11747,"freshwater","introduced",1,1
"39","Ambloplites rupestris","ID_0335","United States of America","Centrarchidae",256,3361,"Rock bass","Centrarchiformes","Ambloplites",-25.98,12.84,NA,NA,NA,NA,"Muscle","Rural_2002","Lotic","United States","USA","North America",-85.660629,37.923618,11747,"freshwater","introduced",1,1
"41","Ambloplites rupestris","ID_0364","United States of America","Centrarchidae",256,3361,"Rock bass","Centrarchiformes","Ambloplites",-28.1,9.1,0.7,0.42,"SD",4,"Muscle","Hudson_River_near_Newcomb_date_39639","Lotic","United States","USA","North America",-74.130704,43.966174,11747,"freshwater","introduced",1,1
"43","Ambloplites rupestris","ID_0365","United States of America","Centrarchidae",256,3361,"Rock bass","Centrarchiformes","Ambloplites",-27.98,9.28,1.27,0.25,"SD",4,"Muscle","Hudson_River_near_Newcomb_date_39701","Lotic","United States","USA","North America",-74.130704,43.966174,11747,"freshwater","introduced",1,1
"45","Ambloplites rupestris","ID_0636","United States of America","Centrarchidae",256,3361,"Rock bass","Centrarchiformes","Ambloplites",-22.45,10.99,1.44,0.8,"SD",14,"Muscle","Angle","Lentic","United States","USA","North America",-122.2883,47.4261,11747,"freshwater","introduced",1,1
"47","Ambloplites rupestris","ID_0642","United States of America","Centrarchidae",256,3361,"Rock bass","Centrarchiformes","Ambloplites",-25.42,12.3,1.05,1.08,"SD",13,"Muscle","Silver","Lentic","United States","USA","North America",-122.212,47.8904,11747,"freshwater","introduced",1,1
"49","Ambloplites rupestris","ID_0643","United States of America","Centrarchidae",256,3361,"Rock bass","Centrarchiformes","Ambloplites",-25.93,11.96,1.16,0.63,"SD",13,"Muscle","Star","Lentic","United States","USA","North America",-122.2889,47.3547,11747,"freshwater","introduced",1,1
"51","Ambloplites rupestris","ID_0646","United States of America","Centrarchidae",256,3361,"Rock bass","Centrarchiformes","Ambloplites",-21.94,11.78,1.58,0.54,"SD",6,"Muscle","Angle","Lentic","United States","USA","North America",-122.2883,47.4261,11747,"freshwater","introduced",1,1
"53","Ambloplites rupestris","ID_0849","United States of America","Centrarchidae",256,3361,"Rock bass","Centrarchiformes","Ambloplites",-26.1,11.6,0.46,0.25,"SE",10,"Muscle","Lake_Elk_Minnesota","Lentic","United States","USA","North America",-95.803693,45.866885,11747,"freshwater","introduced",1,1
"55","Ameiurus brunneus","ID_0371","United States of America","Ictaluridae",256,3017,"Snail bullhead","Siluriformes","Ameiurus",-28.7,12.9,NA,NA,"SD",1,"Muscle","McTier_Creek_near_NewHolland_date_39933","Lotic","United States","USA","North America",-81.6075,33.7175,12475,"freshwater","introduced",1,1
"57","Ameiurus catus","ID_0019","United States of America","Ictaluridae",256,3018,"White catfish","Siluriformes","Ameiurus",-21.2,15.8,2.7,2.3,"SD",10,"Muscle","Rappahanock_River_and_tributaries_Virginia","Lotic","United States","USA","North America",-77.034575,38.100519,12476,"brackish; freshwater","introduced",1,1
"59","Ameiurus catus","ID_0168","United States of America","Ictaluridae",256,3018,"White catfish","Siluriformes","Ameiurus",-26.76,10.04,0.66,1.38,"SD",3,"Muscle","Shasta_Lake_California","Lentic","United States","USA","North America",-122.371897,40.760067,12476,"brackish; freshwater","introduced",1,1
"61","Ameiurus catus","ID_0183","United States of America","Ictaluridae",256,3018,"White catfish","Siluriformes","Ameiurus",-7.83,11,1.12,0.5,"SD",NA,"Muscle","Lake_Apopka","Lentic","United States","USA","North America",-81.624881,28.623547,12476,"brackish; freshwater","introduced",1,1
"63","Ameiurus melas","ID_0149","United States of America","Ictaluridae",256,291,"Black bullhead","Siluriformes","Ameiurus",-29.9,10.3,NA,NA,NA,NA,"Muscle","Lake_Superior_Allouez_Bay_Wisconsin","Lentic","United States","USA","North America",-92.006639,47.53271,12477,"brackish; freshwater","introduced",1,1
"65","Ameiurus melas","ID_0235","France","Ictaluridae",86,291,"Black bullhead","Siluriformes","Ameiurus",-27.36,14.68,2.32,0.48,"SD",3,"Muscle/Fin","Retenue_de_Duhort-Bachen_Landes","Lentic","France","FRA","Europe",2.3692,43.7372,12477,"brackish; freshwater","introduced",1,0
"66","Ameiurus melas","ID_0236","France","Ictaluridae",86,291,"Black bullhead","Siluriformes","Ameiurus",-27.9,13.72,2.2,0.82,"SD",3,"Muscle/Fin","Lac_du_barrage_d'Enchanet","Lentic","France","FRA","Europe",2.2253,45.0775,12477,"brackish; freshwater","introduced",1,0
"67","Ameiurus melas","ID_0240","France","Ictaluridae",86,291,"Black bullhead","Siluriformes","Ameiurus",-28.95,18.01,1.13,0.76,"SD",4,"Muscle/Fin","Lac_du_Gouyre_Tarn-et-Garonne","Lentic","France","FRA","Europe",1.6064,44.047222,12477,"brackish; freshwater","introduced",1,0
"68","Ameiurus melas","ID_0241","France","Ictaluridae",86,291,"Black bullhead","Siluriformes","Ameiurus",-28.22,14.43,1.76,1.43,"SD",3,"Muscle/Fin","Retenue_d'Hagetmau-Monségur_Landes","Lentic","France","FRA","Europe",-0.5689,43.6339,12477,"brackish; freshwater","introduced",1,0
"69","Ameiurus melas","ID_0245","France","Ictaluridae",86,291,"Black bullhead","Siluriformes","Ameiurus",-30.6,13.83,0.26,0.12,"SD",3,"Muscle/Fin","Barrage_de_la_Touche_Poupard_Deux-Sèvres","Lentic","France","FRA","Europe",-0.1944,46.4661,12477,"brackish; freshwater","introduced",1,0
"70","Ameiurus melas","ID_0251","United States of America","Ictaluridae",256,291,"Black bullhead","Siluriformes","Ameiurus",-25.37,14.71,NA,NA,NA,NA,"Muscle","Cutler_Reservoir_Utah","Lentic","United States","USA","North America",-111.954881,41.800117,12477,"brackish; freshwater","introduced",1,1
"72","Ameiurus melas","ID_0278","United States of America","Ictaluridae",256,291,"Black bullhead","Siluriformes","Ameiurus",-24.69,15.95,1.23,1.57,"SD",34,"Muscle","Utah_Lake","Lentic","United States","USA","North America",-111.786225,40.230214,12477,"brackish; freshwater","introduced",1,1
"74","Ameiurus melas","ID_0327","United States of America","Ictaluridae",256,291,"Black bullhead","Siluriformes","Ameiurus",-21.84,10.5,0.99,1.12,"SD",4,"Fin","Utah_San_Rafael_River_Lower","Lotic","United States","USA","North America",-110.3715,38.854,12477,"brackish; freshwater","introduced",1,1
"76","Ameiurus melas","ID_0417","France","Ictaluridae",86,291,"Black bullhead","Siluriformes","Ameiurus",-24.63,10.24,0.48,1.68,"SD",10,"Fin","Bidot_gravelpitlake_BID","Lentic","France","FRA","Europe",1.285494,43.525573,12477,"brackish; freshwater","introduced",1,0
"77","Ameiurus melas","ID_0444","France","Ictaluridae",86,291,"Black bullhead","Siluriformes","Ameiurus",-20.83,11.88,1.48,1.01,"SD",9,"Fin","Birazel_BIR_gravelpitlake","Lentic","France","FRA","Europe",1.289764,43.530329,12477,"brackish; freshwater","introduced",1,0
"78","Ameiurus melas","ID_0449","France","Ictaluridae",86,291,"Black bullhead","Siluriformes","Ameiurus",-20.16,16.14,1.51,0.87,"SD",12,"Fin","Four de Louge_gravelpitlake_FDL","Lentic","France","FRA","Europe",1.302606,43.43998,12477,"brackish; freshwater","introduced",1,0
"79","Ameiurus melas","ID_0450","France","Ictaluridae",86,291,"Black bullhead","Siluriformes","Ameiurus",-20.88,13.56,2.43,1.8,"SD",7,"Fin","Lamartine1_gravelpitlake_LAM1","Lentic","France","FRA","Europe",1.337336,43.506265,12477,"brackish; freshwater","introduced",1,0
"80","Ameiurus melas","ID_0451","France","Ictaluridae",86,291,"Black bullhead","Siluriformes","Ameiurus",-19.77,13.33,2.14,0.53,"SD",4,"Fin","Lavernose_gravelpitlake_LAV","Lentic","France","FRA","Europe",1.265891,43.386392,12477,"brackish; freshwater","introduced",1,0
"81","Ameiurus melas","ID_0452","France","Ictaluridae",86,291,"Black bullhead","Siluriformes","Ameiurus",-25.41,18.63,2.83,1.46,"SD",10,"Fin","Pouvil_gravelpitlake_POU","Lentic","France","FRA","Europe",1.258473,43.371928,12477,"brackish; freshwater","introduced",1,0
"82","Ameiurus melas","ID_0522","Italy","Ictaluridae",126,291,"Black bullhead","Siluriformes","Ameiurus",-27.5,10.3,0.6,1.2,"SD",8,"Muscle","Lake_San_Michele","Lentic","Italy","ITA","Europe",7.888345,45.477254,12477,"brackish; freshwater","introduced",1,0
"83","Ameiurus melas","ID_0523","Italy","Ictaluridae",126,291,"Black bullhead","Siluriformes","Ameiurus",-27.1,11.3,1.3,1.5,"SD",8,"Muscle","Lake_Campagna","Lentic","Italy","ITA","Europe",7.899031,45.484286,12477,"brackish; freshwater","introduced",1,0
"84","Ameiurus melas","ID_0578","Italy","Ictaluridae",126,291,"Black bullhead","Siluriformes","Ameiurus",-21.87,12.08,0.39,0.41,"SD",NA,"Muscle","Lake_Trasimeno","Lentic","Italy","ITA","Europe",12.100064,43.133283,12477,"brackish; freshwater","introduced",1,0
"85","Ameiurus melas","ID_0635","United States of America","Ictaluridae",256,291,"Black bullhead","Siluriformes","Ameiurus",-23.52,9.83,1.65,0.78,"SD",20,"Fin","Bill_Williams_River_Basin_Francis03&04","Lotic","United States","USA","North America",-113.26434,34.76313,12477,"brackish; freshwater","introduced",1,1
"87","Ameiurus natalis","ID_0044","United States of America","Ictaluridae",256,3021,"Yellow bullhead","Siluriformes","Ameiurus",-24.39,12.4,2.3,0.68,"SD",7,"Muscle","East_Fork_Gila_River_New_Mexico_","Lotic","United States","USA","North America",-108.128483,33.293817,12478,"freshwater","introduced",1,1
"89","Ameiurus natalis","ID_0045","United States of America","Ictaluridae",256,3021,"Yellow bullhead","Siluriformes","Ameiurus",-22.87,10.05,0.53,0.37,"SD",14,"Muscle","Middle_Fork_Gila_River_New_Mexico_","Lotic","United States","USA","North America",-108.231328,33.248692,12478,"freshwater","introduced",1,1
"91","Ameiurus natalis","ID_0046","United States of America","Ictaluridae",256,3021,"Yellow bullhead","Siluriformes","Ameiurus",-23.67,9.99,1.43,0.31,"SD",23,"Muscle","Heart_Bar_Gila_River_New_Mexico","Lotic","United States","USA","North America",-108.204153,33.195725,12478,"freshwater","introduced",1,1
"93","Ameiurus natalis","ID_0049","United States of America","Ictaluridae",256,3021,"Yellow bullhead","Siluriformes","Ameiurus",-23.58,8.76,0.07,0.07,"SD",2,"Muscle","West_Fork_Gila_River_New_Mexico","Lotic","United States","USA","North America",-108.320981,33.252486,12478,"freshwater","introduced",1,1
"95","Ameiurus natalis","ID_0284","United States of America","Ictaluridae",256,3021,"Yellow bullhead","Siluriformes","Ameiurus",-16.85,12.4,0.47,0.75,"SD",2,"Muscle","Rio_Grande_Bernardo_Autumn","Lotic","United States","USA","North America",-106.799697,34.4176,12478,"freshwater","introduced",1,1
"97","Ameiurus natalis","ID_0376","United States of America","Ictaluridae",256,3021,"Yellow bullhead","Siluriformes","Ameiurus",-27.7,12.5,NA,NA,"SD",1,"Muscle","McTier_Creek_near_NewHolland_date_39553","Lotic","United States","USA","North America",-81.6075,33.7175,12478,"freshwater","introduced",1,1
"99","Ameiurus natalis","ID_0631","United States of America","Ictaluridae",256,3021,"Yellow bullhead","Siluriformes","Ameiurus",-28.07,7.59,1.04,0.98,"SD",17,"Fin","Bill_Williams_River_Basin_Burro06&07","Lotic","United States","USA","North America",-113.35278,34.56183,12478,"freshwater","introduced",1,1
"101","Ameiurus natalis","ID_0632","United States of America","Ictaluridae",256,3021,"Yellow bullhead","Siluriformes","Ameiurus",-24.64,10.95,0.99,0.91,"SD",10,"Fin","Bill_Williams_River_Basin_Burro08&09","Lotic","United States","USA","North America",-113.44775,34.54052,12478,"freshwater","introduced",1,1
"103","Ameiurus nebulosus","ID_0005","Canada","Ictaluridae",48,3022,"Brown bullhead","Siluriformes","Ameiurus",-21.1,14.4,NA,NA,"SD",1,"Muscle","Lake_Erie_Eastern_basin","Lentic","Canada","CAN","North America",-79.982269,42.792617,12479,"brackish; freshwater","introduced",1,1
"105","Ameiurus nebulosus","ID_0019","United States of America","Ictaluridae",256,3022,"Brown bullhead","Siluriformes","Ameiurus",-24,13.2,0.8,0.5,"SD",5,"Muscle","Rappahanock_River_and_tributaries_Virginia","Lotic","United States","USA","North America",-77.034575,38.100519,12479,"brackish; freshwater","introduced",1,1
"107","Ameiurus nebulosus","ID_0089","United States of America","Ictaluridae",256,3022,"Brown bullhead","Siluriformes","Ameiurus",-23.5,5.7,NA,NA,NA,NA,"Muscle","Lake_Huron_Michigan","Lentic","Canada","CAN","North America",-83.324229,45.083948,12479,"brackish; freshwater","introduced",1,1
"109","Ameiurus nebulosus","ID_0149","United States of America","Ictaluridae",256,3022,"Brown bullhead","Siluriformes","Ameiurus",-29.1,11.5,NA,NA,NA,NA,"Muscle","Lake_Superior_Allouez_Bay_Wisconsin","Lentic","United States","USA","North America",-92.006639,47.53271,12479,"brackish; freshwater","introduced",1,1
"111","Ameiurus nebulosus","ID_0159","United States of America","Ictaluridae",256,3022,"Brown bullhead","Siluriformes","Ameiurus",-25.4,14.3,0.7,0.1,"SD",3,"Muscle","Lake_Washington_Washington","Lentic","United States","USA","North America",-122.259383,47.6097,12479,"brackish; freshwater","introduced",1,1
"113","Ameiurus nebulosus","ID_0168","United States of America","Ictaluridae",256,3022,"Brown bullhead","Siluriformes","Ameiurus",-29.26,10.01,NA,NA,NA,1,"Muscle","Shasta_Lake_California","Lentic","United States","USA","North America",-122.371897,40.760067,12479,"brackish; freshwater","introduced",1,1
"115","Ameiurus nebulosus","ID_0183","United States of America","Ictaluridae",256,3022,"Brown bullhead","Siluriformes","Ameiurus",-9.84,10.81,0.04,1.07,"SD",NA,"Muscle","Lake_Apopka","Lentic","United States","USA","North America",-81.624881,28.623547,12479,"brackish; freshwater","introduced",1,1
"117","Ameiurus nebulosus","ID_0246","United States of America","Ictaluridae",256,3022,"Brown bullhead","Siluriformes","Ameiurus",-24.8,0.9,1.6,0.1,"SD",4,"Muscle","Lake_Sammamish_Washington","Lentic","United States","USA","North America",-122.095158,47.584106,12479,"brackish; freshwater","introduced",1,1
"119","Ameiurus nebulosus","ID_0329","New Zealand","Ictaluridae",188,3022,"Brown bullhead","Siluriformes","Ameiurus",-24.12,10.79,NA,NA,NA,NA,"Muscle","Waikato_River_constrained_zone_spring_2010","Lotic","New Zealand","NZL","Oceania",175.397301,-37.880273,12479,"brackish; freshwater","introduced",1,0
"120","Ameiurus nebulosus","ID_0342","Canada","Ictaluridae",48,3022,"Brown bullhead","Siluriformes","Ameiurus",-26.32,8.66,0.66,0.29,"SD",5,"Muscle","A_Lake","Lentic","Canada","CAN","North America",-66.558666,45.402789,12479,"brackish; freshwater","introduced",1,1
"122","Ameiurus nebulosus","ID_0345","Canada","Ictaluridae",48,3022,"Brown bullhead","Siluriformes","Ameiurus",-26.76,8.12,0.69,0.3,"SD",4,"Muscle","Cundy","Lentic","Canada","CAN","North America",-66.718022,45.365006,12479,"brackish; freshwater","introduced",1,1
"124","Ameiurus nebulosus","ID_0346","Canada","Ictaluridae",48,3022,"Brown bullhead","Siluriformes","Ameiurus",-24.86,9.42,0.3,0.56,"SD",5,"Muscle","Ormond","Lentic","Canada","CAN","North America",-66.65102,45.327048,12479,"brackish; freshwater","introduced",1,1
"126","Ameiurus nebulosus","ID_0348","Canada","Ictaluridae",48,3022,"Brown bullhead","Siluriformes","Ameiurus",-29.12,9.91,0.07,0.47,"SD",2,"Muscle","West_Long_Lake","Lentic","Canada","CAN","North America",-66.629949,45.360287,12479,"brackish; freshwater","introduced",1,1
"128","Ameiurus nebulosus","ID_0376","United States of America","Ictaluridae",256,3022,"Brown bullhead","Siluriformes","Ameiurus",-28.8,12.2,NA,NA,"SD",1,"Muscle","McTier_Creek_near_NewHolland_date_39553","Lotic","United States","USA","North America",-81.6075,33.7175,12479,"brackish; freshwater","introduced",1,1
"130","Ameiurus nebulosus","ID_0387","Canada","Ictaluridae",48,3022,"Brown bullhead","Siluriformes","Ameiurus",-24.7,12.21,NA,NA,NA,NA,"Muscle","Lake_Champlain_1929-30","Lentic","Canada","CAN","North America",-73.125114,45.044904,12479,"brackish; freshwater","introduced",1,1
"132","Ameiurus nebulosus","ID_0388","Canada","Ictaluridae",48,3022,"Brown bullhead","Siluriformes","Ameiurus",-24.34,12.18,NA,NA,NA,NA,"Muscle","Lake_Champlain_2006","Lentic","Canada","CAN","North America",-73.125114,45.044904,12479,"brackish; freshwater","introduced",1,1
"134","Ameiurus nebulosus","ID_0420","New Zealand","Ictaluridae",188,3022,"Brown bullhead","Siluriformes","Ameiurus",-27.64,9.57,0.83,2.03,"SD",3,"Muscle","Lake_Waahi","Lentic","New Zealand","NZL","Oceania",175.127128,-37.558413,12479,"brackish; freshwater","introduced",1,0
"135","Ameiurus nebulosus","ID_0429","Canada","Ictaluridae",48,3022,"Brown bullhead","Siluriformes","Ameiurus",-22.72,17.85,1.29,1.52,"SD",10,"Muscle","Hamilton_Harbour_East","Lentic","Canada","CAN","North America",-79.888416,43.287682,12479,"brackish; freshwater","introduced",1,1
"137","Ameiurus nebulosus","ID_0430","Canada","Ictaluridae",48,3022,"Brown bullhead","Siluriformes","Ameiurus",-24.4,19.47,1.37,1.5,"SD",38,"Muscle","Hamilton_Harbour_West","Lentic","Canada","CAN","North America",-79.812182,43.311164,12479,"brackish; freshwater","introduced",1,1
"139","Ameiurus nebulosus","ID_0431","Canada","Ictaluridae",48,3022,"Brown bullhead","Siluriformes","Ameiurus",-24.36,18.81,1.38,1.74,"SD",21,"Muscle","Hamilton_Harbour_North","Lentic","Canada","CAN","North America",-79.812182,43.311164,12479,"brackish; freshwater","introduced",1,1
"141","Ameiurus nebulosus","ID_0461","New Zealand","Ictaluridae",188,3022,"Brown bullhead","Siluriformes","Ameiurus",-32.9,12.2,0.69,0.2,"SE",5,"Muscle","Milicich","Lentic","New Zealand","NZL","Oceania",175.248611,-37.885278,12479,"brackish; freshwater","introduced",1,0
"142","Ameiurus nebulosus","ID_0462","New Zealand","Ictaluridae",188,3022,"Brown bullhead","Siluriformes","Ameiurus",-25.1,13.2,0.16,0.09,"SE",19,"Muscle","Ngaroto","Lentic","New Zealand","NZL","Oceania",175.288889,-37.955556,12479,"brackish; freshwater","introduced",1,0
"143","Ameiurus nebulosus","ID_0463","New Zealand","Ictaluridae",188,3022,"Brown bullhead","Siluriformes","Ameiurus",-26.2,12,0.56,0.33,"SE",26,"Muscle","Ohinewai","Lentic","New Zealand","NZL","Oceania",175.172222,-37.494444,12479,"brackish; freshwater","introduced",1,0
"144","Ameiurus nebulosus","ID_0464","New Zealand","Ictaluridae",188,3022,"Brown bullhead","Siluriformes","Ameiurus",-29.5,9.7,0.28,0.15,"SE",27,"Muscle","Okowhao","Lentic","New Zealand","NZL","Oceania",175.935278,-38.063889,12479,"brackish; freshwater","introduced",1,0
"145","Ameiurus nebulosus","ID_0465","New Zealand","Ictaluridae",188,3022,"Brown bullhead","Siluriformes","Ameiurus",-29.5,10.8,0.11,0.16,"SE",10,"Muscle","Rotopiko","Lentic","New Zealand","NZL","Oceania",175.318056,-37.95,12479,"brackish; freshwater","introduced",1,0
"146","Ameiurus nebulosus","ID_0466","New Zealand","Ictaluridae",188,3022,"Brown bullhead","Siluriformes","Ameiurus",-30.7,10.2,0.13,0.24,"SE",9,"Muscle","Rotomanuka","Lentic","New Zealand","NZL","Oceania",175.315278,-37.925,12479,"brackish; freshwater","introduced",1,0
"147","Ameiurus nebulosus","ID_0479","Canada","Ictaluridae",48,3022,"Brown bullhead","Siluriformes","Ameiurus",-28.9,9.99,NA,NA,NA,30,"Muscle","Mactaquac_Lake_summarized","Lentic","Canada","CAN","North America",-66.876,45.95,12479,"brackish; freshwater","introduced",1,1
"149","Ameiurus nebulosus","ID_0569","Canada","Ictaluridae",48,3022,"Brown bullhead","Siluriformes","Ameiurus",-16.9,12.8,0.35,0.2,"SD",NA,"Muscle","Upper_Niagara_River","Lotic","United States","USA","North America",-78.943416,42.956704,12479,"brackish; freshwater","introduced",1,1
"151","Ameiurus nebulosus","ID_0637","United States of America","Ictaluridae",256,3022,"Brown bullhead","Siluriformes","Ameiurus",-30.56,13.01,0.9,0.55,"SD",6,"Muscle","Cottage","Lentic","United States","USA","North America",-122.0866,47.7539,12479,"brackish; freshwater","introduced",1,1
"153","Ameiurus nebulosus","ID_0639","United States of America","Ictaluridae",256,3022,"Brown bullhead","Siluriformes","Ameiurus",-28.86,15,NA,NA,"SD",1,"Muscle","Martha2","Lentic","United States","USA","North America",-122.2446,47.8512,12479,"brackish; freshwater","introduced",1,1
"155","Ameiurus nebulosus","ID_0644","United States of America","Ictaluridae",256,3022,"Brown bullhead","Siluriformes","Ameiurus",-23.99,8.07,NA,NA,"SD",1,"Muscle","Steel","Lentic","United States","USA","North America",-122.3029,47.3269,12479,"brackish; freshwater","introduced",1,1
"157","Ameiurus nebulosus","ID_0824","New Zealand","Ictaluridae",188,3022,"Brown bullhead_all sampling","Siluriformes","Ameiurus",-17.7,7,3.8,0.8,"95%CI",5,"Muscle","Lake_Taupo","Lentic","New Zealand","NZL","Oceania",175.914469,-38.790524,12479,"brackish; freshwater","introduced",1,0
"158","Ameiurus nebulosus","ID_0999","Canada","Ictaluridae",48,3022,"Brown bullhead","Siluriformes","Ameiurus",-30.48,10.18,NA,NA,"SD",1,"Muscle","Nashwaak_River","Lotic","Canada","CAN","North America",-66.644247,46.263664,12479,"brackish; freshwater","introduced",1,1
"160","Ameiurus platycephalus","ID_0376","United States of America","Ictaluridae",256,3023,"Flat bullhead","Siluriformes","Ameiurus",-29.9,11.47,0.75,0.65,"SD",3,"Muscle","McTier_Creek_near_NewHolland_date_39553","Lotic","United States","USA","North America",-81.6075,33.7175,12480,"freshwater","introduced",1,1
"162","Amniataba percoides","ID_0254","Australia","Terapontidae",20,14925,"Barred grunter","Centrarchiformes","Amniataba",-25.04,8.68,NA,NA,NA,NA,"Muscle","MCC_Mitchell_River_late_dry","Lotic","Australia","AUS","Oceania",144.891,-16.562,11750,"freshwater","introduced",1,1
"164","Amniataba percoides","ID_0594","Australia","Terapontidae",20,14925,"Barred grunter","Centrarchiformes","Amniataba",-27.03,12,NA,NA,"SD",1,"Muscle/Fin","FWL_WilliamsLagoon_early","Lotic","Australia","AUS","Oceania",140.60063,-18.99092,11750,"freshwater","introduced",1,1
"166","Amniataba percoides","ID_0595","Australia","Terapontidae",20,14925,"Barred grunter","Centrarchiformes","Amniataba",-27.53,11.03,NA,NA,"SD",1,"Muscle/Fin","FWL_WilliamsLagoon_late","Lotic","Australia","AUS","Oceania",140.60063,-18.99092,11750,"freshwater","introduced",1,1
"168","Amniataba percoides","ID_0598","Australia","Terapontidae",20,14925,"Barred grunter","Centrarchiformes","Amniataba",-28.52,8.63,0.86,0.34,"SD",3,"Muscle/Fin","RKW_RockyWaterhole_early","Lotic","Australia","AUS","Oceania",141.848233,-20.242617,11750,"freshwater","introduced",1,1
"170","Amniataba percoides","ID_0606","Australia","Terapontidae",20,14925,"Barred grunter","Centrarchiformes","Amniataba",-27.06,9.81,0.28,0.1,"SD",4,"Muscle/Fin","Alligator_Rivers_Four-Mile_Hole","Lotic","Australia","AUS","Oceania",132.21865,-12.57082,11750,"freshwater","introduced",1,1
"172","Amniataba percoides","ID_0607","Australia","Terapontidae",20,14925,"Barred grunter","Centrarchiformes","Amniataba",-25.92,7.35,1.48,0.63,"SD",3,"Muscle/Fin","Alligator_Rivers_Barramundi_Gorge","Lotic","Australia","AUS","Oceania",132.4359,-13.31026,11750,"freshwater","introduced",1,1
"174","Amniataba percoides","ID_0608","Australia","Terapontidae",20,14925,"Barred grunter","Centrarchiformes","Amniataba",-30.93,10.61,2.16,1.16,"SD",8,"Muscle/Fin","Alligator_Rivers_Bucket_Billabong","Lotic","Australia","AUS","Oceania",132.45525,-12.85431,11750,"freshwater","introduced",1,1
"176","Amniataba percoides","ID_0609","Australia","Terapontidae",20,14925,"Barred grunter","Centrarchiformes","Amniataba",-27.16,8.5,1.68,0.31,"SD",3,"Muscle/Fin","Alligator_Rivers_Cahill's_Crossing","Lotic","Australia","AUS","Oceania",132.968,-12.429,11750,"freshwater","introduced",1,1
"178","Amniataba percoides","ID_0611","Australia","Terapontidae",20,14925,"Barred grunter","Centrarchiformes","Amniataba",-27.55,7.46,2.75,0.92,"SD",6,"Muscle/Fin","Alligator_Rivers_Jabiluka_Billabong","Lotic","Australia","AUS","Oceania",132.874506,-12.461872,11750,"freshwater","introduced",1,1
"180","Amniataba percoides","ID_0612","Australia","Terapontidae",20,14925,"Barred grunter","Centrarchiformes","Amniataba",-26.93,6.8,0.04,0.86,"SD",2,"Muscle/fin","Alligator_Rivers_Mudgimberri","Lotic","Australia","AUS","Oceania",132.8761,-12.5905,11750,"freshwater","introduced",1,1
"182","Amniataba percoides","ID_0702","Australia","Terapontidae",20,14925,"Barred grunter_>40","Centrarchiformes","Amniataba",-20.48,10.04,0.42,0.22,"SD",NA,"Muscle","Fitzroy_River_Wet_Season","Lotic","Australia","AUS","Oceania",125.698556,-18.110788,11750,"freshwater","introduced",1,1
"184","Amniataba percoides","ID_0703","Australia","Terapontidae",20,14925,"Barred grunter_all sizes","Centrarchiformes","Amniataba",-29.41,10.59,0.23,0.17,"SD",NA,"Muscle","Fitzroy_River_EarlyDrySeason","Lotic","Australia","AUS","Oceania",125.698556,-18.110788,11750,"freshwater","introduced",1,1
"186","Amniataba percoides","ID_0704","Australia","Terapontidae",20,14925,"Barred grunter_all sizes","Centrarchiformes","Amniataba",-27.03,10.28,0.28,0.3,"SD",NA,"Muscle","Fitzroy_River_LateDrySeason","Lotic","Australia","AUS","Oceania",125.698556,-18.110788,11750,"freshwater","introduced",1,1
"188","Amniataba percoides","ID_0828","Australia","Terapontidae",20,14925,"Barred grunter","Centrarchiformes","Amniataba",-28.44,10.63,1.75,0.67,"SD",NA,"Muscle","Upper_Walsh_River_Bruce_Weir","Lotic","Australia","AUS","Oceania",145.120786,-17.11426,11750,"freshwater","introduced",1,1
"190","Amniataba percoides","ID_0829","Australia","Terapontidae",20,14925,"Barred grunter","Centrarchiformes","Amniataba",-28.48,10.33,1.71,0.64,"SD",NA,"Muscle","Upper_Walsh_River_Leafgold_Weir","Lotic","Australia","AUS","Oceania",145.053444,-17.14858,11750,"freshwater","introduced",1,1
"192","Amniataba percoides","ID_0927","Australia","Terapontidae",20,14925,"Barred grunter","Centrarchiformes","Amniataba",-25.97,8.47,0.8,0.09,"SD",3,"Fin","Brisbane River_03","Lotic","Australia","AUS","Oceania",152.403981,-27.041002,11750,"freshwater","introduced",1,1
"194","Amniataba percoides","ID_0929","Australia","Terapontidae",20,14925,"Barred grunter","Centrarchiformes","Amniataba",-24.04,14.93,NA,NA,"SD",1,"Fin","Brisbane River_05","Lotic","Australia","AUS","Oceania",152.670211,-27.443221,11750,"freshwater","introduced",1,1
"196","Anabas testudineus","ID_0407","Papua New Guinea","Anabantidae",196,495,NA,"Anabantiformes","Anabas",-25.25,7.44,1.19,0.91,"SD",2,"Muscle","Bosset_Lagoon","Lentic","Papua New Guinea","PNG","Asia",141.098928,-7.223865,11758,"brackish; freshwater","introduced",1,0
"197","Anabas testudineus","ID_0408","Papua New Guinea","Anabantidae",196,495,NA,"Anabantiformes","Anabas",-22.09,6.23,NA,NA,NA,1,"Muscle","Lake_Daviumbu","Lentic","Papua New Guinea","PNG","Asia",141.282263,-7.586624,11758,"brackish; freshwater","introduced",1,0
"198","Anguilla rostrata","ID_0019","United States of America","Anguillidae",256,296,"American eel","Anguilliformes","Anguilla",-24.7,11.2,0.7,0.8,"SD",3,"Muscle","Rappahanock_River_and_tributaries_Virginia","Lotic","United States","USA","North America",-77.034575,38.100519,11072,"brackish; freshwater; marine","introduced",1,1
"200","Anguilla rostrata","ID_0368","United States of America","Anguillidae",256,296,"American eel","Anguilliformes","Anguilla",-26.7,11.8,NA,NA,"SD",1,"Muscle","McTier_Creek_above_Hunt_Shed_date_39932","Lotic","United States","USA","North America",-81.597049,33.745978,11072,"brackish; freshwater; marine","introduced",1,1
"202","Anguilla rostrata","ID_0371","United States of America","Anguillidae",256,296,"American eel","Anguilliformes","Anguilla",-29.33,11.83,1.1,0.12,"SD",3,"Muscle","McTier_Creek_near_NewHolland_date_39933","Lotic","United States","USA","North America",-81.6075,33.7175,11072,"brackish; freshwater; marine","introduced",1,1
"204","Apeltes quadracus","ID_0479","Canada","Gasterosteidae",48,3269,"Fourspine stickleback","Perciformes/Gasterosteoidei","Apeltes",-25,12.7,NA,NA,NA,6,"Muscle","Mactaquac_Lake_summarized","Lentic","Canada","CAN","North America",-66.876,45.95,11671,"brackish; freshwater","introduced",1,1
"206","Aphredoderus sayanus","ID_0371","United States of America","Aphredoderidae",256,3064,"Pirate perch","Percopsiformes","Aphredoderus",-29.5,11,0.14,0,"SD",3,"Muscle","McTier_Creek_near_NewHolland_date_39933","Lotic","United States","USA","North America",-81.6075,33.7175,12354,"freshwater","introduced",1,1
"208","Aphredoderus sayanus","ID_0372","United States of America","Aphredoderidae",256,3064,"Pirate perch","Percopsiformes","Aphredoderus",-30.63,10.7,1.4,0.53,"SD",3,"Muscle","McTier_Creek_near_NewHolland_date_39995","Lotic","United States","USA","North America",-81.6075,33.7175,12354,"freshwater","introduced",1,1
"210","Aphredoderus sayanus","ID_0375","United States of America","Aphredoderidae",256,3064,"Pirate perch","Percopsiformes","Aphredoderus",-30.08,11.78,0.59,0.17,"SD",4,"Muscle","McTier_Creek_near_NewHolland_date_39602","Lotic","United States","USA","North America",-81.6075,33.7175,12354,"freshwater","introduced",1,1
"212","Aphredoderus sayanus","ID_0376","United States of America","Aphredoderidae",256,3064,"Pirate perch","Percopsiformes","Aphredoderus",-29.85,12.25,1.34,0.21,"SD",2,"Muscle","McTier_Creek_near_NewHolland_date_39553","Lotic","United States","USA","North America",-81.6075,33.7175,12354,"freshwater","introduced",1,1
"214","Aplodinotus grunniens","ID_0051","United States of America","Sciaenidae",256,3577,"Freshwater drum","Eupercaria/misc","Aplodinotus",-23.5,14.63,0.62,0.57,"SD",NA,"Muscle","Urban_reach_Kansas_River","Lotic","United States","USA","North America",-96.780025,39.054858,11768,"freshwater","introduced",1,1
"216","Aplodinotus grunniens","ID_0052","United States of America","Sciaenidae",256,3577,"Freshwater drum","Eupercaria/misc","Aplodinotus",-23.45,15.03,1.35,0.23,"SD",NA,"Muscle","Intermediate_reach_Kansas_River","Lotic","United States","USA","North America",-95.967367,39.108244,11768,"freshwater","introduced",1,1
"218","Aplodinotus grunniens","ID_0053","United States of America","Sciaenidae",256,3577,"Freshwater drum","Eupercaria/misc","Aplodinotus",-23.35,15.8,1.33,0.32,"SD",NA,"Muscle","Low_urban_reach_Kansas_River","Lotic","United States","USA","North America",-94.888158,39.037142,11768,"freshwater","introduced",1,1
"220","Aplodinotus grunniens","ID_0127","United States of America","Sciaenidae",256,3577,"Freshwater drum","Eupercaria/misc","Aplodinotus",-27.6,14.93,NA,NA,NA,NA,"Muscle","Upper_Mississippi_River_1993","Lotic","United States","USA","North America",-89.467583,37.216472,11768,"freshwater","introduced",1,1
"222","Aplodinotus grunniens","ID_0128","United States of America","Sciaenidae",256,3577,"Freshwater drum","Eupercaria/misc","Aplodinotus",-25.24,11.72,NA,NA,NA,NA,"Muscle","Upper_Mississippi_River_1994","Lotic","United States","USA","North America",-89.467583,37.216472,11768,"freshwater","introduced",1,1
"224","Aplodinotus grunniens","ID_0129","United States of America","Sciaenidae",256,3577,"Freshwater drum","Eupercaria/misc","Aplodinotus",-25.49,13.69,NA,NA,NA,NA,"Muscle","Missouri_River_1993","Lotic","United States","USA","North America",-91.4385,38.709806,11768,"freshwater","introduced",1,1
"226","Aplodinotus grunniens","ID_0130","United States of America","Sciaenidae",256,3577,"Freshwater drum","Eupercaria/misc","Aplodinotus",-25.48,12.46,NA,NA,NA,NA,"Muscle","Missouri_River_1994","Lotic","United States","USA","North America",-91.4385,38.709806,11768,"freshwater","introduced",1,1
"228","Aplodinotus grunniens","ID_0136","United States of America","Sciaenidae",256,3577,"Freshwater drum","Eupercaria/misc","Aplodinotus",-26.01,15.28,NA,NA,"SE",NA,"Muscle","Reach_13_Upper_Mississippi_River_Summer_1998","Lotic","United States","USA","North America",-90.205278,42.146111,11768,"freshwater","introduced",1,1
"230","Aplodinotus grunniens","ID_0137","United States of America","Sciaenidae",256,3577,"Freshwater drum","Eupercaria/misc","Aplodinotus",-26.06,14.85,NA,NA,"SE",NA,"Muscle","Reach_13_Upper_Mississippi_River_Summer_1999","Lotic","United States","USA","North America",-90.205278,42.146111,11768,"freshwater","introduced",1,1
"232","Aplodinotus grunniens","ID_0138","United States of America","Sciaenidae",256,3577,"Freshwater drum","Eupercaria/misc","Aplodinotus",-24.24,15.98,NA,NA,"SE",NA,"Muscle","Reach_26_Upper_Mississippi_River_Summer_1998","Lotic","United States","USA","North America",-90.500556,38.923889,11768,"freshwater","introduced",1,1
"234","Aplodinotus grunniens","ID_0139","United States of America","Sciaenidae",256,3577,"Freshwater drum","Eupercaria/misc","Aplodinotus",-24.48,16.79,NA,NA,"SE",NA,"Muscle","Reach_26_Upper_Mississippi_River_Summer_1999","Lotic","United States","USA","North America",-90.500556,38.923889,11768,"freshwater","introduced",1,1
"236","Aplodinotus grunniens","ID_0181","United States of America","Sciaenidae",256,3577,"Freshwater drum","Eupercaria/misc","Aplodinotus",-27.17,16.06,NA,NA,NA,NA,"Muscle","Savanna_Bay_Illinois_Summer_1998","Lentic","United States","USA","North America",-90.159131,42.117939,11768,"freshwater","introduced",1,1
"238","Aplodinotus grunniens","ID_0182","United States of America","Sciaenidae",256,3577,"Freshwater drum","Eupercaria/misc","Aplodinotus",-25.3,15.74,NA,NA,NA,NA,"Muscle","Long_Lake_Missouri_Summer_1998","Lentic","United States","USA","North America",-90.417889,38.954503,11768,"freshwater","introduced",1,1
"240","Aplodinotus grunniens","ID_0220","United States of America","Sciaenidae",256,3577,"Freshwater drum","Eupercaria/misc","Aplodinotus",-28.1,10.2,1,0.8,"SD",6,"Muscle","Caddo_Lake_Forested_wetland_Texas-Louisiana","Lentic","United States","USA","North America",-94.018833,32.710739,11768,"freshwater","introduced",1,1
"242","Aplodinotus grunniens","ID_0221","United States of America","Sciaenidae",256,3577,"Freshwater drum","Eupercaria/misc","Aplodinotus",-27.9,9.7,0.87,1.3,"SD",18,"Muscle","Caddo_Lake_Open_Water_Texas-Louisiana","Lentic","United States","USA","North America",-94.018833,32.710739,11768,"freshwater","introduced",1,1
"244","Aplodinotus grunniens","ID_0432","United States of America","Sciaenidae",256,3577,"Freshwater drum","Eupercaria/misc","Aplodinotus",-27.37,15.6,0.9,1.85,"SD",3,"Muscle","Red_and_Atchafalaya_rivers","Lotic","United States","USA","North America",-91.716333,31.076184,11768,"freshwater","introduced",1,1
"246","Aplodinotus grunniens","ID_0562","United States of America","Sciaenidae",256,3577,"Freshwater drum","Eupercaria/misc","Aplodinotus",-26.82,14.89,0.57,0.32,"SD",5,"Muscle","LR08","Lotic","United States","USA","North America",-104.852362,42.123592,11768,"freshwater","introduced",1,1
"248","Arapaima gigas","ID_0823","Bolivia","Arapaimidae",40,2076,"Arapaima","Osteoglossiformes","Arapaima",-31.6,7.8,1.5,1.2,"SD",32,"Muscle","Lake_Mentiroso","Lentic","Bolivia","BOL","South America",-66.574031,-10.978218,11706,"freshwater","introduced",1,0
"249","Archoplites interruptus","ID_0427","United States of America","Centrarchidae",256,3362,"Perch","Centrarchiformes","Archoplites",-27.2,14.65,0.29,0.92,"SD",5,"Muscle","Washoe_Lake","Lentic","United States","USA","North America",-119.8,39.266667,11776,"freshwater","introduced",1,1
"251","Astronotus crassipinnis","ID_0620","Brazil","Cichlidae",41,25744,"Fat oscars","Cichliformes","Astronotus",-27.59,7.89,NA,NA,"SD",1,"Muscle/Fin","Mandioca_OxbowLakes","Lentic","Brazil","BRA","South America",-67.82875,-5.87691,11781,"freshwater","introduced",1,1
"253","Astronotus crassipinnis","ID_0624","Brazil","Cichlidae",41,25744,"Fat oscars","Cichliformes","Astronotus",-32.4,10.71,NA,NA,"SD",1,"Muscle/Fin","Ressaca do xibua_OxbowLakes","Lentic","Brazil","BRA","South America",-67.8653,-5.90524,11781,"freshwater","introduced",1,1
"255","Astronotus crassipinnis","ID_0626","Brazil","Cichlidae",41,25744,"Fat oscars","Cichliformes","Astronotus",-28.63,9.69,0.67,0.18,"SD",2,"Muscle","Samauma_OxbowLakes","Lentic","Brazil","BRA","South America",-67.634469,-5.5276,11781,"freshwater","introduced",1,1
"257","Astronotus crassipinnis","ID_0628","Brazil","Cichlidae",41,25744,"Fat oscars","Cichliformes","Astronotus",-30.15,9.12,0.24,0.38,"SD",3,"Muscle/Fin","Sao sebastiao_OxbowLakes","Lentic","Brazil","BRA","South America",-67.877531,-6.059222,11781,"freshwater","introduced",1,1
"259","Astyanax mexicanus","ID_0577","United States of America","Characidae",256,2740,"Mexican tetra","Characiformes","Astyanax",-22.9,12.9,0.6,0.5,"SE",6,"Muscle","Pecos_River","Lotic","United States","USA","North America",-104.271247,33.041703,11136,"freshwater","introduced",1,0
"260","Barbus barbus","ID_0923","United Kingdom","Cyprinidae",91,4472,"European barbel","Cypriniformes","Barbus",-23.64,13.81,2.34,2.5,"SD",7,"Scale","River Loddon_UK58","Lotic","United Kingdom","GBR","Europe",-1.020625342,51.31957521,11266,"brackish; freshwater","introduced",1,1
"262","Barbus barbus","ID_0924","United Kingdom","Cyprinidae",91,4472,"European barbel","Cypriniformes","Barbus",-28.2,17.06,0.72,1.01,"SD",4,"Fin","Trout Stream_UK60","Lotic","United Kingdom","GBR","Europe",-0.1097216614,52.3258973,11266,"brackish; freshwater","introduced",1,1
"264","Biwia zezera","ID_0307","Japan","Gobionidae",132,22923,NA,"Cypriniformes","Biwia",-29.2,12.9,NA,NA,NA,1,"Muscle","Lake_Izunuma_jul","Lentic","Japan","JPN","Asia",141.103113,38.719369,11271,"freshwater","introduced",1,1
"266","Biwia zezera","ID_0308","Japan","Gobionidae",132,22923,NA,"Cypriniformes","Biwia",-28.6,13.6,0.5,0.9,"SD",4,"Muscle","Lake_Izunuma_aug","Lentic","Japan","JPN","Asia",141.103113,38.719369,11271,"freshwater","introduced",1,1
"268","Biwia zezera","ID_0309","Japan","Gobionidae",132,22923,NA,"Cypriniformes","Biwia",-27.5,12.5,1.2,0.3,"SD",3,"Muscle","Lake_Izunuma_sep","Lentic","Japan","JPN","Asia",141.103113,38.719369,11271,"freshwater","introduced",1,1
"270","Brycon hilarii","ID_0248","Brazil","Bryconidae",41,52994,NA,"Characiformes","Brycon",-24.07,7.4,1.26,1.3,"SD",3,"Muscle","Coqueiro_Lake_Pantanal_wetland_wet_season","Lentic","Brazil","BRA","South America",-56.37,-16.253333,11141,"freshwater","introduced",1,1
"272","Campostoma anomalum","ID_0113","United States of America","Leuciscidae",256,2743,"Central stoneroller","Cypriniformes","Campostoma",-27.53,5.26,NA,NA,NA,NA,NA,"Upstream_site_Little_Mulberry_Creek_March_2006","Lotic","United States","USA","North America",-93.594444,35.761111,11278,"freshwater","introduced",1,1
"274","Campostoma anomalum","ID_0114","United States of America","Leuciscidae",256,2743,"Central stoneroller","Cypriniformes","Campostoma",-23.34,4.12,NA,NA,NA,NA,NA,"Upstream_site_Little_Mulberry_Creek_July_2006","Lotic","United States","USA","North America",-93.594444,35.761111,11278,"freshwater","introduced",1,1
"276","Campostoma anomalum","ID_0115","United States of America","Leuciscidae",256,2743,"Central stoneroller","Cypriniformes","Campostoma",-26.66,5.33,NA,NA,NA,NA,"Whole","Upstream_site_Little_Mulberry_Creek_March_2007","Lotic","United States","USA","North America",-93.594444,35.761111,11278,"freshwater","introduced",1,1
"278","Campostoma anomalum","ID_0116","United States of America","Leuciscidae",256,2743,"Central stoneroller","Cypriniformes","Campostoma",-25.84,4.65,NA,NA,NA,NA,"Whole","Upstream_site_Little_Mulberry_Creek_July_2007","Lotic","United States","USA","North America",-93.594444,35.761111,11278,"freshwater","introduced",1,1
"280","Campostoma anomalum","ID_0117","United States of America","Leuciscidae",256,2743,"Central stoneroller","Cypriniformes","Campostoma",-25.51,4.68,NA,NA,NA,NA,"Whole","Upstream_site_Little_Mulberry_Creek_December_2007","Lotic","United States","USA","North America",-93.594444,35.761111,11278,"freshwater","introduced",1,1
"282","Campostoma anomalum","ID_0118","United States of America","Leuciscidae",256,2743,"Central stoneroller","Cypriniformes","Campostoma",-29.93,5.9,NA,NA,NA,NA,"Whole","Mouth_site_Little_Mulberry_Creek_March_2006","Lotic","United States","USA","North America",-93.664444,35.6725,11278,"freshwater","introduced",1,1
"284","Campostoma anomalum","ID_0119","United States of America","Leuciscidae",256,2743,"Central stoneroller","Cypriniformes","Campostoma",-28.89,5.74,NA,NA,NA,NA,"Whole","Mouth_site_Little_Mulberry_Creek_July_2006","Lotic","United States","USA","North America",-93.664444,35.6725,11278,"freshwater","introduced",1,1
"286","Campostoma anomalum","ID_0120","United States of America","Leuciscidae",256,2743,"Central stoneroller","Cypriniformes","Campostoma",-30.18,5.64,NA,NA,NA,NA,"Whole","Mouth_site_Little_Mulberry_Creek_March_2007","Lotic","United States","USA","North America",-93.664444,35.6725,11278,"freshwater","introduced",1,1
"288","Campostoma anomalum","ID_0121","United States of America","Leuciscidae",256,2743,"Central stoneroller","Cypriniformes","Campostoma",-29.38,4.75,NA,NA,NA,NA,"Whole","Mouth_site_Little_Mulberry_Creek_July_2007","Lotic","United States","USA","North America",-93.664444,35.6725,11278,"freshwater","introduced",1,1
"290","Campostoma anomalum","ID_0122","United States of America","Leuciscidae",256,2743,"Central stoneroller","Cypriniformes","Campostoma",-26.96,5.9,NA,NA,NA,NA,"Whole","Mulberry_River_March_2006","Lotic","United States","USA","North America",-93.632778,35.673611,11278,"freshwater","introduced",1,1
"292","Campostoma anomalum","ID_0123","United States of America","Leuciscidae",256,2743,"Central stoneroller","Cypriniformes","Campostoma",-27.36,6.08,NA,NA,NA,NA,"Whole","Mulberry_River_July_2006","Lotic","United States","USA","North America",-93.632778,35.673611,11278,"freshwater","introduced",1,1
"294","Campostoma anomalum","ID_0124","United States of America","Leuciscidae",256,2743,"Central stoneroller","Cypriniformes","Campostoma",-29.06,6.34,NA,NA,NA,NA,"Whole","Mulberry_River_March_2007","Lotic","United States","USA","North America",-93.632778,35.673611,11278,"freshwater","introduced",1,1
"296","Campostoma anomalum","ID_0125","United States of America","Leuciscidae",256,2743,"Central stoneroller","Cypriniformes","Campostoma",-28.12,5.8,NA,NA,NA,NA,"Whole","Mulberry_River_July_2007","Lotic","United States","USA","North America",-93.632778,35.673611,11278,"freshwater","introduced",1,1
"298","Campostoma anomalum","ID_0126","United States of America","Leuciscidae",256,2743,"Central stoneroller","Cypriniformes","Campostoma",-22.61,6.43,NA,NA,NA,NA,"Whole","Mulberry_River_December_2007","Lotic","United States","USA","North America",-93.632778,35.673611,11278,"freshwater","introduced",1,1
"300","Campostoma anomalum","ID_0133","United States of America","Leuciscidae",256,2743,"Central stoneroller","Cypriniformes","Campostoma",-32.7,9.3,NA,NA,"SE",1,"Muscle","Kings_Creek_June/July_1995","Lotic","United States","USA","North America",-96.606438,39.106587,11278,"freshwater","introduced",1,1
"302","Campostoma anomalum","ID_0134","United States of America","Leuciscidae",256,2743,"Central stoneroller","Cypriniformes","Campostoma",-26.5,12.1,NA,NA,"SE",1,"Muscle","Kings_Creek_December_1995","Lotic","United States","USA","North America",-96.606438,39.106587,11278,"freshwater","introduced",1,1
"304","Campostoma anomalum","ID_0335","United States of America","Leuciscidae",256,2743,"Central stoneroller","Cypriniformes","Campostoma",-28.92,10.02,NA,NA,NA,NA,"Muscle","Rural_2002","Lotic","United States","USA","North America",-85.660629,37.923618,11278,"freshwater","introduced",1,1
"306","Campostoma anomalum","ID_0336","United States of America","Leuciscidae",256,2743,"Central stoneroller","Cypriniformes","Campostoma",-27.82,14.19,NA,NA,NA,NA,"Muscle","Suburban_2002","Lotic","United States","USA","North America",-85.898595,38.082014,11278,"freshwater","introduced",1,1
"308","Campostoma anomalum","ID_0337","United States of America","Leuciscidae",256,2743,"Central stoneroller","Cypriniformes","Campostoma",-25.41,13.82,NA,NA,NA,NA,"Muscle","Urban_2002","Lotic","United States","USA","North America",-85.829515,38.082419,11278,"freshwater","introduced",1,1
"310","Carassius auratus","ID_0025","Australia","Cyprinidae",20,271,"Goldfish","Cypriniformes","Carassius",-29.63,10.49,0.33,0.62,"SD",5,"Muscle","Lower_Gwydir_River_Gwydir_Wetlands_New_South_Wales","Lotic","Australia","AUS","Oceania",149.33334,-29.333333,11284,"brackish; freshwater","introduced",1,0
"311","Carassius auratus","ID_0033","Mexico","Cyprinidae",159,271,"Goldfish","Cypriniformes","Carassius",-24.01,11.46,0.33,0.15,"SE",4,"Muscle","Site_1_Laja_River_Guanajuato","Lentic","Mexico","MEX","South America",-101,21.75,11284,"brackish; freshwater","introduced",1,0
"312","Carassius auratus","ID_0036","Mexico","Cyprinidae",159,271,"Goldfish","Cypriniformes","Carassius",-20,10.54,NA,NA,"SE",1,"Muscle","Site_4_Laja_River_Guanajuato","Lotic","Mexico","MEX","South America",-101,21.75,11284,"brackish; freshwater","introduced",1,0
"313","Carassius auratus","ID_0037","Mexico","Cyprinidae",159,271,"Goldfish","Cypriniformes","Carassius",-18.95,9.53,0.29,1.1,"SE",3,"Muscle","Site_5_Laja_River_Guanajuato","Lotic","Mexico","MEX","South America",-101,21.75,11284,"brackish; freshwater","introduced",1,0
"314","Carassius auratus","ID_0039","Mexico","Cyprinidae",159,271,"Goldfish","Cypriniformes","Carassius",-19.74,13.45,NA,NA,"SE",1,"Muscle","Site_7_Laja_River_Guanajuato","Lentic","Mexico","MEX","South America",-101,21.75,11284,"brackish; freshwater","introduced",1,0
"315","Carassius auratus","ID_0040","Mexico","Cyprinidae",159,271,"Goldfish","Cypriniformes","Carassius",-22.52,13.42,0.69,0.32,"SE",6,"Muscle","Site_8_Laja_River_Guanajuato","Lentic","Mexico","MEX","South America",-101,21.75,11284,"brackish; freshwater","introduced",1,0
"316","Carassius auratus","ID_0041","Mexico","Cyprinidae",159,271,"Goldfish","Cypriniformes","Carassius",-26.5,14.15,NA,NA,"SE",1,"Muscle","Site_9_Laja_River_Guanajuato","Lotic","Mexico","MEX","South America",-101,21.75,11284,"brackish; freshwater","introduced",1,0
"317","Carassius auratus","ID_0153","China","Cyprinidae",52,271,"Goldfish","Cypriniformes","Carassius",-19.2,10.9,2.2,0.4,"SD",3,"Muscle/Whole","Lake_Taihu","Lentic","China","CHN","Asia",120.192,31.246,11284,"brackish; freshwater","introduced",1,1
"319","Carassius auratus","ID_0227","Hungary","Cyprinidae",115,271,"Goldfish","Cypriniformes","Carassius",-29.7,11.38,0.15,0.1,"SD",14,"Muscle","KBWPS-2_Lake_Balaton","Lentic","Hungary","HUN","Europe",17.260633,46.688886,11284,"brackish; freshwater","introduced",1,0
"320","Carassius auratus","ID_0291","China","Cyprinidae",52,271,"Goldfish","Cypriniformes","Carassius",-21.39,10.87,0.34,0.75,"SE",3,NA,"Hanfeng_lake_A_Impact","Lentic","China","CHN","Asia",108.678896,31.073116,11284,"brackish; freshwater","introduced",1,1
"322","Carassius auratus","ID_0292","China","Cyprinidae",52,271,"Goldfish","Cypriniformes","Carassius",-24.58,10.89,1.18,1.01,"SE",3,NA,"Hanfeng_lake_D_Control","Lentic","China","CHN","Asia",108.678896,31.073116,11284,"brackish; freshwater","introduced",1,1
"324","Carassius auratus","ID_0293","China","Cyprinidae",52,271,"Goldfish","Cypriniformes","Carassius",-21.39,10.87,0.34,0.75,"SE",3,NA,"Hanfeng_lake_of_Xiojiang_river_juillet_2010","Lentic","China","CHN","Asia",108.678896,31.073116,11284,"brackish; freshwater","introduced",1,1
"326","Carassius auratus","ID_0294","China","Cyprinidae",52,271,"Goldfish","Cypriniformes","Carassius",-20.95,8.6,0.42,1.04,"SE",3,NA,"Hanfeng_lake_of_Xiojiang_river_decembre_2010","Lentic","China","CHN","Asia",108.678896,31.073116,11284,"brackish; freshwater","introduced",1,1
"328","Carassius auratus","ID_0295","China","Cyprinidae",52,271,"Goldfish","Cypriniformes","Carassius",-22.23,10.94,0.52,0.52,"SE",6,NA,"Xiojiang_river_juillet_2010","Lentic","China","CHN","Asia",108.678896,31.073116,11284,"brackish; freshwater","introduced",1,1
"330","Carassius auratus","ID_0296","China","Cyprinidae",52,271,"Goldfish","Cypriniformes","Carassius",-19.05,13.9,0.73,0.15,"SE",6,NA,"Xiojiang_river_decembre_2010","Lentic","China","CHN","Asia",108.678896,31.073116,11284,"brackish; freshwater","introduced",1,1
"332","Carassius auratus","ID_0311","China","Cyprinidae",52,271,"Goldfish","Cypriniformes","Carassius",-23.3,14.2,1.3,0.5,"SD",5,NA,"Lake_Chaohu_sep_2003","Lentic","China","CHN","Asia",117.538376,31.538749,11284,"brackish; freshwater","introduced",1,1
"334","Carassius auratus","ID_0318","China","Cyprinidae",52,271,"Goldfish","Cypriniformes","Carassius",-26.4,8.1,0.7,0.6,"SD",4,NA,"Lake_Poyang_Wucheng","Lentic","China","CHN","Asia",116.276092,29.116175,11284,"brackish; freshwater","introduced",1,1
"336","Carassius auratus","ID_0319","China","Cyprinidae",52,271,"Goldfish","Cypriniformes","Carassius",-29.9,10.8,1.6,0.9,"SD",2,NA,"Lake_Poyang_Xingzi","Lentic","China","CHN","Asia",116.276092,29.116175,11284,"brackish; freshwater","introduced",1,1
"338","Carassius auratus","ID_0320","China","Cyprinidae",52,271,"Goldfish","Cypriniformes","Carassius",-26.9,12,0.7,NA,"SD",3,NA,"Lake_Poyang_Duchang","Lentic","China","CHN","Asia",116.276092,29.116175,11284,"brackish; freshwater","introduced",1,1
"340","Carassius auratus","ID_0328","New Zealand","Cyprinidae",188,271,"Goldfish","Cypriniformes","Carassius",-21.53,13.55,NA,NA,NA,NA,"Muscle","Waikato_River_constrained_zone_automn_2009","Lotic","New Zealand","NZL","Oceania",175.397301,-37.880273,11284,"brackish; freshwater","introduced",1,0
"341","Carassius auratus","ID_0329","New Zealand","Cyprinidae",188,271,"Goldfish","Cypriniformes","Carassius",-22.82,12.77,NA,NA,NA,NA,"Muscle","Waikato_River_constrained_zone_spring_2010","Lotic","New Zealand","NZL","Oceania",175.397301,-37.880273,11284,"brackish; freshwater","introduced",1,0
"342","Carassius auratus","ID_0330","New Zealand","Cyprinidae",188,271,"Goldfish","Cypriniformes","Carassius",-22.89,13.54,NA,NA,NA,NA,"Muscle","Waikato_River_UNconstrained_zone_automn_2009","Lotic","New Zealand","NZL","Oceania",175.156202,-37.548524,11284,"brackish; freshwater","introduced",1,0
"343","Carassius auratus","ID_0331","New Zealand","Cyprinidae",188,271,"Goldfish","Cypriniformes","Carassius",-27.08,14.15,NA,NA,NA,NA,"Muscle","Waikato_River_UNconstrained_zone_spring_2010","Lotic","New Zealand","NZL","Oceania",175.156202,-37.548524,11284,"brackish; freshwater","introduced",1,0
"344","Carassius auratus","ID_0332","New Zealand","Cyprinidae",188,271,"Goldfish","Cypriniformes","Carassius",-24.8,12.77,NA,NA,NA,NA,"Muscle","Waikato_River_freshwater_tidal_zone_automn_2009","Lotic","New Zealand","NZL","Oceania",174.979906,-37.287302,11284,"brackish; freshwater","introduced",1,0
"345","Carassius auratus","ID_0404","Russia","Cyprinidae",208,271,"Goldfish","Cypriniformes","Carassius",-21.4,7.3,NA,NA,NA,1,"Bone","Lake_Baikal","Lentic","Russia","RUS","Asia",106.06018,52.342052,11284,"brackish; freshwater","introduced",1,0
"346","Carassius auratus","ID_0420","New Zealand","Cyprinidae",188,271,"Goldfish","Cypriniformes","Carassius",-27.52,8.6,0.36,1.58,"SD",5,"Muscle","Lake_Waahi","Lentic","New Zealand","NZL","Oceania",175.127128,-37.558413,11284,"brackish; freshwater","introduced",1,0
"347","Carassius auratus","ID_0433","China","Cyprinidae",52,271,"Goldfish","Cypriniformes","Carassius",-22.2,8.7,1,2.3,"SD",14,"Muscle","Xin’anjiang_Reservoir","Lentic","China","CHN","Asia",119.333518,29.515466,11284,"brackish; freshwater","introduced",1,1
"349","Carassius auratus","ID_0438","China","Cyprinidae",52,271,"Goldfish","Cypriniformes","Carassius",-23.2,18.16,0.79,0.71,"SD",19,"Muscle","Lake_Taihu_clear_water_regime_Clear-G","Lentic","China","CHN","Asia",120.121626,31.251239,11284,"brackish; freshwater","introduced",1,1
"351","Carassius auratus","ID_0439","China","Cyprinidae",52,271,"Goldfish","Cypriniformes","Carassius",-25.04,16.61,1.09,0.72,"SD",22,"Muscle","Gonghu_Bay_turbid_regime_Turbid-G","Lentic","China","CHN","Asia",120.373303,31.451734,11284,"brackish; freshwater","introduced",1,1
"353","Carassius auratus","ID_0440","China","Cyprinidae",52,271,"Goldfish","Cypriniformes","Carassius",-24.66,17.66,1.45,1.15,"SD",24,"Muscle","Meiliang_Bay_Turbid-M","Lentic","China","CHN","Asia",120.181697,31.523389,11284,"brackish; freshwater","introduced",1,1
"355","Carassius auratus","ID_0459","China","Cyprinidae",52,271,"Goldfish","Cypriniformes","Carassius",-21.3,8.93,1.93,1.73,"SD",33,"Muscle","Three_Gorges_Reservoir","Lentic","China","CHN","Asia",106.555183,29.543405,11284,"brackish; freshwater","introduced",1,1
"357","Carassius auratus","ID_0463","New Zealand","Cyprinidae",188,271,"Goldfish","Cypriniformes","Carassius",-29.3,11.1,0.6,0.36,"SE",4,"Muscle","Ohinewai","Lentic","New Zealand","NZL","Oceania",175.172222,-37.494444,11284,"brackish; freshwater","introduced",1,0
"358","Carassius auratus","ID_0464","New Zealand","Cyprinidae",188,271,"Goldfish","Cypriniformes","Carassius",-30,9,0.16,0.17,"SE",6,"Muscle","Okowhao","Lentic","New Zealand","NZL","Oceania",175.935278,-38.063889,11284,"brackish; freshwater","introduced",1,0
"359","Carassius auratus","ID_0465","New Zealand","Cyprinidae",188,271,"Goldfish","Cypriniformes","Carassius",-28.5,9.7,0.51,0.11,"SE",7,"Muscle","Rotopiko","Lentic","New Zealand","NZL","Oceania",175.318056,-37.95,11284,"brackish; freshwater","introduced",1,0
"360","Carassius auratus","ID_0476","United Kingdom","Cyprinidae",91,271,"Goldfish","Cypriniformes","Carassius",-28.2,5.56,0.38,0.12,"SE",12,"Muscle","Wales_Millennium_Costal_Park_Pond","Lentic","United Kingdom","GBR","Europe",-4.201667,51.686111,11284,"brackish; freshwater","introduced",1,0
"361","Carassius auratus","ID_0480","China","Cyprinidae",52,271,"Goldfish","Cypriniformes","Carassius",-19.1,10.7,0.9,0.4,"SD",NA,"Muscle","Restored_basin_Huizhou_West_Lake(MDB)","Lentic","China","CHN","Asia",114.393889,23.0975,11284,"brackish; freshwater","introduced",1,1
"363","Carassius auratus","ID_0481","China","Cyprinidae",52,271,"Goldfish","Cypriniformes","Carassius",-24.7,17.6,0.1,1.5,"SD",NA,"Muscle","Unrestored_basin_Huizhou_West_Lake(PDB)","Lentic","China","CHN","Asia",114.393889,23.0975,11284,"brackish; freshwater","introduced",1,1
"365","Carassius auratus","ID_0482","China","Cyprinidae",52,271,"Goldfish","Cypriniformes","Carassius",-27.46,11.88,0.69,0.36,"SE",12,"Muscle","Chaohu_Lake_Basin","Both","China","CHN","Asia",117.518723,31.53078,11284,"brackish; freshwater","introduced",1,1
"367","Carassius auratus","ID_0483","China","Cyprinidae",52,271,"Goldfish","Cypriniformes","Carassius",-26.34,15.26,0.66,0.55,"SE",35,"Muscle","Taihu_Lake_Basin","Both","China","CHN","Asia",120.109388,31.193253,11284,"brackish; freshwater","introduced",1,1
"369","Carassius auratus","ID_0491","China","Cyprinidae",52,271,"Goldfish","Cypriniformes","Carassius",-23,11.2,7.1,3.8,"SD",9,"Muscle","Dongting_Lake","Lentic","China","CHN","Asia",112.212967,28.896485,11284,"brackish; freshwater","introduced",1,1
"371","Carassius auratus","ID_0498","China","Cyprinidae",52,271,"Goldfish","Cypriniformes","Carassius",-26.6,6.58,1.19,0.69,"SD",11,"Muscle","Huangshui_River_ZoneB&C","Lotic","China","CHN","Asia",111.035,29.645278,11284,"brackish; freshwater","introduced",1,1
"373","Carassius auratus","ID_0499","China","Cyprinidae",52,271,"Goldfish","Cypriniformes","Carassius",-20.27,7.81,1.18,0.93,"SD",12,"Muscle","Huangshui_River_ZoneD&E","Lotic","China","CHN","Asia",111.035,29.645278,11284,"brackish; freshwater","introduced",1,1
"375","Carassius auratus","ID_0500","China","Cyprinidae",52,271,"Goldfish","Cypriniformes","Carassius",-24.56,8.18,2.31,0.55,"SD",16,"Muscle","Huangshui_River_ZoneG","Lotic","China","CHN","Asia",111.035,29.645278,11284,"brackish; freshwater","introduced",1,1
"377","Carassius auratus","ID_0504","China","Cyprinidae",52,271,"Goldfish","Cypriniformes","Carassius",-26.95,15.62,0.16,0.53,"SD",NA,"Bulk","Lake_Dianshnan","Lentic","China","CHN","Asia",120.965523,31.107033,11284,"brackish; freshwater","introduced",1,1
"379","Carassius auratus","ID_0521","China","Cyprinidae",52,271,"Goldfish","Cypriniformes","Carassius",-21.87,8.59,0.79,1.47,"SD",5,"Muscle","Chishui_River","Lotic","China","CHN","Asia",105.909508,28.487709,11284,"brackish; freshwater","introduced",1,1
"381","Carassius auratus","ID_0567","China","Cyprinidae",52,271,"Goldfish","Cypriniformes","Carassius",-23.3,14.2,1.3,0.5,"SD",5,"Muscle","Lake_Chaohu","Lentic","China","CHN","Asia",117.557175,31.518489,11284,"brackish; freshwater","introduced",1,1
"383","Carassius auratus","ID_0569","Canada","Cyprinidae",48,271,"Goldfish","Cypriniformes","Carassius",-15.7,12.2,0.18,0.15,"SD",NA,"Muscle","Upper_Niagara_River","Lotic","United States","USA","North America",-78.943416,42.956704,11284,"brackish; freshwater","introduced",1,0
"384","Carassius auratus","ID_0578","Italy","Cyprinidae",126,271,"Goldfish","Cypriniformes","Carassius",-21.29,9.93,1.04,0.75,"SD",NA,"Muscle","Lake_Trasimeno","Lentic","Italy","ITA","Europe",12.100064,43.133283,11284,"brackish; freshwater","introduced",1,0
"385","Carassius auratus","ID_0613","Australia","Cyprinidae",20,271,"Goldfish","Cypriniformes","Carassius",-24.81,12.27,0.78,1.34,"SD",3,"Muscle/fin","Border_Rivers_Booligar","Lotic","Australia","AUS","Oceania",148.079656,-28.924847,11284,"brackish; freshwater","introduced",1,0
"386","Carassius auratus","ID_0614","Australia","Cyprinidae",20,271,"Goldfish","Cypriniformes","Carassius",-25.74,12.14,0.22,0.38,"SD",3,"Muscle/Fin","Border_Rivers_Gidi_gidi","Lotic","Australia","AUS","Oceania",150.047162,-28.403415,11284,"brackish; freshwater","introduced",1,0
"387","Carassius auratus","ID_0615","Australia","Cyprinidae",20,271,"Goldfish","Cypriniformes","Carassius",-21.04,10.26,3.06,1.74,"SD",2,"Muscle/Fin","Border_Rivers_St_George","Lotic","Australia","AUS","Oceania",148.572395,-28.071618,11284,"brackish; freshwater","introduced",1,0
"388","Carassius auratus","ID_0616","Australia","Cyprinidae",20,271,"Goldfish","Cypriniformes","Carassius",-24.1,10.58,0.18,1.06,"SD",3,"Muscle/Fin","Border_Rivers_Talwood","Lotic","Australia","AUS","Oceania",149.489341,-28.497575,11284,"brackish; freshwater","introduced",1,0
"389","Carassius auratus","ID_0617","Australia","Cyprinidae",20,271,"Goldfish","Cypriniformes","Carassius",-25.24,11.34,NA,NA,"SD",1,"Muscle/Fin","Border_Rivers_Wyenbah","Lotic","Australia","AUS","Oceania",148.321851,-28.383664,11284,"brackish; freshwater","introduced",1,0
"390","Carassius auratus","ID_0760","China","Cyprinidae",52,271,"Goldfish","Cypriniformes","Carassius",-24.38,14.8,0,0,NA,NA,"Muscle","Lake_Chaohu","Lentic","China","CHN","Asia",117.361077,31.663703,11284,"brackish; freshwater","introduced",1,1
"392","Carassius auratus","ID_0840","China","Cyprinidae",52,271,"Goldfish","Cypriniformes","Carassius",-20,16.47,1.02,0.93,"SD",11,"Muscle","Lake_Dianshan_Shangai","Lentic","China","CHN","Asia",120.967583,31.111008,11284,"brackish; freshwater","introduced",1,1
"394","Carassius carassius","ID_0352","Norway","Cyprinidae",185,270,"Crucian carp","Cypriniformes","Carassius",-28.75,9.15,2.33,1.63,"SD",2,"Muscle","Lake_Norsjo","Lentic","Norway","NOR","Europe",9.3013,59.299552,11287,"brackish; freshwater","introduced",1,1
"396","Carassius carassius","ID_0416","France","Cyprinidae",86,270,"Crucian carp","Cypriniformes","Carassius",-17.28,15.14,0.35,0.35,"SD",5,"Fin","Barbis_gravelpitlake_BAA","Lentic","France","FRA","Europe",1.202065,43.322349,11287,"brackish; freshwater","introduced",1,0
"397","Carassius carassius","ID_0417","France","Cyprinidae",86,270,"Crucian carp","Cypriniformes","Carassius",-22.8,9.96,NA,NA,"SD",1,"Fin","Bidot_gravelpitlake_BID","Lentic","France","FRA","Europe",1.285494,43.525573,11287,"brackish; freshwater","introduced",1,0
"398","Carassius carassius","ID_0449","France","Cyprinidae",86,270,"Crucian carp","Cypriniformes","Carassius",-20.32,17.87,0.44,0.89,"SD",2,"Fin","Four de Louge_gravelpitlake_FDL","Lentic","France","FRA","Europe",1.302606,43.43998,11287,"brackish; freshwater","introduced",1,0
"399","Carassius carassius","ID_0837","China","Cyprinidae",52,270,"Crucian carp","Cypriniformes","Carassius",-26.74,8.16,0.29,0.05,"SD",12,"Muscle","Wulungu_Lake","Lentic","China","CHN","Asia",87.18,46.76,11287,"brackish; freshwater","introduced",1,1
"401","Carassius carassius","ID_0839","China","Cyprinidae",52,270,"Crucian carp_adult","Cypriniformes","Carassius",-19.69,11.15,0.22,0.91,"SD",NA,"Muscle","Lake_Wuli_restored_part_Lake_Taihu","Lentic","China","CHN","Asia",120.349668,31.428779,11287,"brackish; freshwater","introduced",1,1
"402","Carassius carassius","ID_0839","China","Cyprinidae",52,270,"Crucian carp_juvenile","Cypriniformes","Carassius",-25.68,9.76,1.05,0.66,"SD",NA,"Muscle","Lake_Wuli_restored_part_Lake_Taihu","Lentic","China","CHN","Asia",120.349668,31.428779,11287,"brackish; freshwater","introduced",1,1
"405","Carassius carassius","ID_0868","France","Cyprinidae",86,270,"Crucian carp","Cypriniformes","Carassius",-27.02,16.75,0.53,2.76,"SD",4,"Fin","024_Mauldre_Beynes","Lotic","France","FRA","Europe",1.879623405,48.8434477,11287,"brackish; freshwater","introduced",1,0
"406","Carassius gibelio","ID_0239","France","Cyprinidae",86,6376,"Prussian carp","Cypriniformes","Carassius",-24.99,17.39,2.33,0.51,"SD",10,"Muscle/Fin","Lac_de_Gensac_Tarn-et-Garonne","Lentic","France","FRA","Europe",0.9556,43.9644,11289,"brackish; freshwater","introduced",1,0
"407","Carassius gibelio","ID_0240","France","Cyprinidae",86,6376,"Prussian carp","Cypriniformes","Carassius",-25.13,16.34,0.8,0.53,"SD",3,"Muscle/Fin","Lac_du_Gouyre_Tarn-et-Garonne","Lentic","France","FRA","Europe",1.6064,44.047222,11289,"brackish; freshwater","introduced",1,0
"408","Carassius gibelio","ID_0473","Belgium","Cyprinidae",25,6376,"Prussian carp","Cypriniformes","Carassius",-36.41,14.93,0.12,0.12,"SE",15,"Muscle","Belgium_Pond_1","Lentic","Belgium","BEL","Europe",4.177948,51.035454,11289,"brackish; freshwater","introduced",1,0
"409","Carassius gibelio","ID_0474","Belgium","Cyprinidae",25,6376,"Prussian carp","Cypriniformes","Carassius",-36.64,13.06,0.11,0.11,"SE",10,"Muscle","Belgium_Pond_2","Lentic","Belgium","BEL","Europe",4.181944,51.038233,11289,"brackish; freshwater","introduced",1,0
"410","Carassius gibelio","ID_0475","Belgium","Cyprinidae",25,6376,"Prussian carp","Cypriniformes","Carassius",-37.73,10.48,0.87,0.2,"SE",6,"Muscle","Belgium_Pond_3","Lentic","Belgium","BEL","Europe",4.191944,51.038233,11289,"brackish; freshwater","introduced",1,0
"411","Carassius gibelio","ID_0519","Iran","Cyprinidae",122,6376,"Prussian carp","Cypriniformes","Carassius",-23.8,7.96,1.9,1.63,"SD",4,"Muscle","Anzali_Wetland_complex","Both","Iran","IRN","Africa",49.336893,37.477576,11289,"brackish; freshwater","introduced",1,0
"412","Carassius gibelio","ID_0770","Turkey","Cyprinidae",246,6376,"Prussian carp","Cypriniformes","Carassius",-27.16,15.08,1.02,0.71,"SD",6,"Muscle","River_Karamenderes_Site_Kkop","Lotic","Turkey","TUR","Asia",26.198917,39.98759,11289,"brackish; freshwater","introduced",1,0
"413","Carassius gibelio","ID_0771","Turkey","Cyprinidae",246,6376,"Prussian carp","Cypriniformes","Carassius",-27.9,14.24,1.49,1.86,"SD",12,"Muscle","River_Karamenderes_Site_Kkop","Lotic","Turkey","TUR","Asia",26.198917,39.98759,11289,"brackish; freshwater","introduced",1,0
"414","Carassius gibelio","ID_0772","Turkey","Cyprinidae",246,6376,"Prussian carp","Cypriniformes","Carassius",-27.59,15.18,1.48,1.6,"SD",14,"Muscle","River_Karamenderes_Site_Kkop","Lotic","Turkey","TUR","Asia",26.198917,39.98759,11289,"brackish; freshwater","introduced",1,0
"415","Carassius gibelio","ID_0773","Turkey","Cyprinidae",246,6376,"Prussian carp","Cypriniformes","Carassius",-27.87,14.31,1.67,1.36,"SD",6,"Muscle","River_Karamenderes_Site_Kif","Lotic","Turkey","TUR","Asia",26.216387,39.941937,11289,"brackish; freshwater","introduced",1,0
"416","Carassius gibelio","ID_0774","Turkey","Cyprinidae",246,6376,"Prussian carp","Cypriniformes","Carassius",-26.41,12.99,0.92,1.28,"SD",9,"Muscle","River_Karamenderes_Site_Kif","Lotic","Turkey","TUR","Asia",26.216387,39.941937,11289,"brackish; freshwater","introduced",1,0
"417","Carassius gibelio","ID_0775","Turkey","Cyprinidae",246,6376,"Prussian carp","Cypriniformes","Carassius",-26.46,13.45,1.07,0.57,"SD",7,"Muscle","River_Karamenderes_Site_Kif","Lotic","Turkey","TUR","Asia",26.216387,39.941937,11289,"brackish; freshwater","introduced",1,0
"418","Carpiodes carpio","ID_0051","United States of America","Catostomidae",256,2957,"River carpsucker","Cypriniformes","Carpiodes",-23.6,14.36,0.37,0.32,"SD",NA,"Muscle","Urban_reach_Kansas_River","Lotic","United States","USA","North America",-96.780025,39.054858,11291,"freshwater","introduced",1,1
"420","Carpiodes carpio","ID_0052","United States of America","Catostomidae",256,2957,"River carpsucker","Cypriniformes","Carpiodes",-23.25,14.07,0.39,0.21,"SD",NA,"Muscle","Intermediate_reach_Kansas_River","Lotic","United States","USA","North America",-95.967367,39.108244,11291,"freshwater","introduced",1,1
"422","Carpiodes carpio","ID_0053","United States of America","Catostomidae",256,2957,"River carpsucker","Cypriniformes","Carpiodes",-22.07,15.55,0.41,0.46,"SD",NA,"Muscle","Low_urban_reach_Kansas_River","Lotic","United States","USA","North America",-94.888158,39.037142,11291,"freshwater","introduced",1,1
"424","Carpiodes carpio","ID_0284","United States of America","Catostomidae",256,2957,"River carpsucker","Cypriniformes","Carpiodes",-16.48,13.13,0.85,1.92,"SD",2,"Muscle","Rio_Grande_Bernardo_Autumn","Lotic","United States","USA","North America",-106.799697,34.4176,11291,"freshwater","introduced",1,1
"426","Carpiodes carpio","ID_0285","United States of America","Catostomidae",256,2957,"River carpsucker","Cypriniformes","Carpiodes",-16.82,16.2,0.54,0.46,"SD",5,"Muscle","Rio_Grande_Bernardo_Spring","Lotic","United States","USA","North America",-106.799697,34.4176,11291,"freshwater","introduced",1,1
"428","Carpiodes carpio","ID_0287","United States of America","Catostomidae",256,2957,"River carpsucker","Cypriniformes","Carpiodes",-20.1,15.81,NA,NA,"SD",1,"Muscle","Rio_Grande_Bosque_Spring","Lotic","United States","USA","North America",-106.866697,33.794908,11291,"freshwater","introduced",1,1
"430","Carpiodes carpio","ID_0432","United States of America","Catostomidae",256,2957,"River carpsucker","Cypriniformes","Carpiodes",-28.7,13.6,NA,NA,"SD",1,"Muscle","Red_and_Atchafalaya_rivers","Lotic","United States","USA","North America",-91.716333,31.076184,11291,"freshwater","introduced",1,1
"432","Carpiodes carpio","ID_0577","United States of America","Catostomidae",256,2957,"River carpsucker","Cypriniformes","Carpiodes",-22.6,7.6,NA,NA,"SE",1,"Muscle","Pecos_River","Lotic","United States","USA","North America",-104.271247,33.041703,11291,"freshwater","introduced",1,1
"434","Catostomus catostomus","ID_0090","United States of America","Catostomidae",256,2962,"Longnose sucker","Cypriniformes","Catostomus",-20.4,8.3,NA,NA,NA,NA,"Muscle","Lake_Huron_Middle_Island","Lentic","Canada","CAN","North America",-83.327295,45.198415,11295,"brackish; freshwater","introduced",1,1
"436","Catostomus catostomus","ID_0094","United States of America","Catostomidae",256,2962,"Longnose sucker","Cypriniformes","Catostomus",-28.5,10.6,NA,NA,NA,NA,"Muscle","Blue_Mesa_Colorado_Summer","Lentic","United States","USA","North America",-107.328291,38.455017,11295,"brackish; freshwater","introduced",1,1
"438","Catostomus catostomus","ID_0095","United States of America","Catostomidae",256,2962,"Longnose sucker","Cypriniformes","Catostomus",-28.8,9.31,NA,NA,NA,NA,"Muscle","Blue_Mesa_Reservoir_Colorado_Fall","Lentic","United States","USA","North America",-107.328291,38.455017,11295,"brackish; freshwater","introduced",1,1
"440","Catostomus catostomus","ID_0096","United States of America","Catostomidae",256,2962,"Longnose sucker","Cypriniformes","Catostomus",-24.8,8.36,NA,NA,NA,NA,"Muscle","Lake_Granby_Colorado_Spring","Lentic","United States","USA","North America",-105.866883,40.149251,11295,"brackish; freshwater","introduced",1,1
"442","Catostomus catostomus","ID_0097","United States of America","Catostomidae",256,2962,"Longnose sucker","Cypriniformes","Catostomus",-26.1,9.14,NA,NA,NA,NA,"Muscle","Lake_Granby_Colorado_Fall","Lentic","United States","USA","North America",-105.866883,40.149251,11295,"brackish; freshwater","introduced",1,1
"444","Catostomus catostomus","ID_0150","United States of America","Catostomidae",256,2962,"Longnose sucker","Cypriniformes","Catostomus",-24.8,8.4,NA,NA,NA,NA,"Muscle","Lake_Superior_Offshore_Wisconsin","Lentic","United States","USA","North America",-89.548415,47.53271,11295,"brackish; freshwater","introduced",1,1
"446","Catostomus catostomus","ID_0160","United States of America","Catostomidae",256,2962,"Longnose sucker","Cypriniformes","Catostomus",-21.87,7.25,0.92,0.43,"SE",5,"Muscle","Kintla_Lake_Montana","Lentic","United States","USA","North America",-114.319669,48.953836,11295,"brackish; freshwater","introduced",1,1
"448","Catostomus catostomus","ID_0161","United States of America","Catostomidae",256,2962,"Longnose sucker","Cypriniformes","Catostomus",-20.82,7.38,0.49,0.2,"SE",5,"Muscle","Bowman_Lake_Montana","Lentic","United States","USA","North America",-114.1535,48.872619,11295,"brackish; freshwater","introduced",1,1
"450","Catostomus catostomus","ID_0162","United States of America","Catostomidae",256,2962,"Longnose sucker","Cypriniformes","Catostomus",-22.82,8.52,0.68,0.35,"SE",10,"Muscle","Quartz_Lake_Montana","Lentic","United States","USA","North America",-114.116014,48.822856,11295,"brackish; freshwater","introduced",1,1
"452","Catostomus catostomus","ID_0163","United States of America","Catostomidae",256,2962,"Longnose sucker","Cypriniformes","Catostomus",-22.02,7.55,0.72,0.49,"SE",5,"Muscle","Lower_Quartz_Lake_Montana","Lentic","United States","USA","North America",-114.173097,48.807133,11295,"brackish; freshwater","introduced",1,1
"454","Catostomus catostomus","ID_0164","United States of America","Catostomidae",256,2962,"Longnose sucker","Cypriniformes","Catostomus",-20.48,7.96,0.36,0.33,"SE",5,"Muscle","Logging_Lake_Montana","Lentic","United States","USA","North America",-114.072981,48.758958,11295,"brackish; freshwater","introduced",1,1
"456","Catostomus catostomus","ID_0165","United States of America","Catostomidae",256,2962,"Longnose sucker","Cypriniformes","Catostomus",-21.33,8.36,0.93,0.11,"SE",5,"Muscle","Lake_McDonald_Montana","Lentic","United States","USA","North America",-113.925575,48.583292,11295,"brackish; freshwater","introduced",1,1
"458","Catostomus catostomus","ID_0166","United States of America","Catostomidae",256,2962,"Longnose sucker","Cypriniformes","Catostomus",-25.68,7.85,0.74,0.29,"SE",5,"Muscle","Harrison_Lake_Montana","Lentic","United States","USA","North America",-113.761967,48.522458,11295,"brackish; freshwater","introduced",1,1
"460","Catostomus catostomus","ID_0207","United States of America","Catostomidae",256,2962,"Longnose sucker","Cypriniformes","Catostomus",-21.75,5.24,NA,NA,NA,NA,"Muscle","Lake_Superior_Ecoregion_3_Michigan","Lentic","United States","USA","North America",-87.347133,46.632017,11295,"brackish; freshwater","introduced",1,1
"462","Catostomus catostomus","ID_0208","United States of America","Catostomidae",256,2962,"Longnose sucker","Cypriniformes","Catostomus",-22.47,5.42,NA,NA,NA,NA,"Muscle","Lake_Superior_Ecoregion_5_Wisconsin","Lentic","United States","USA","North America",-90.385222,46.801092,11295,"brackish; freshwater","introduced",1,1
"464","Catostomus catostomus","ID_0209","United States of America","Catostomidae",256,2962,"Longnose sucker","Cypriniformes","Catostomus",-24.54,7.05,NA,NA,NA,NA,"Muscle","Lake_Superior_Ecoregion_6_Wisconsin","Lentic","United States","USA","North America",-91.589453,46.875017,11295,"brackish; freshwater","introduced",1,1
"466","Catostomus catostomus","ID_0379","United States of America","Catostomidae",256,2962,"Longnose sucker","Cypriniformes","Catostomus",-28.7,10.2,NA,NA,NA,NA,"Muscle","Blue_Mesa_Reservoir_Colorado_2000","Lentic","United States","USA","North America",-107.22147,38.469181,11295,"brackish; freshwater","introduced",1,1
"468","Catostomus catostomus","ID_0380","United States of America","Catostomidae",256,2962,"Longnose sucker","Cypriniformes","Catostomus",-29.6,10.7,NA,NA,NA,NA,"Muscle","Blue_Mesa_Reservoir_Colorado_2010","Lentic","United States","USA","North America",-107.22147,38.469181,11295,"brackish; freshwater","introduced",1,1
"470","Catostomus catostomus","ID_0460","United States of America","Catostomidae",256,2962,"Longnose sucker","Cypriniformes","Catostomus",-25,6.4,0.5,0.5,"SD",3,"Muscle","Priest_Lake","Lentic","United States","USA","North America",-116.855631,48.565973,11295,"brackish; freshwater","introduced",1,1
"472","Catostomus catostomus","ID_0549","United States of America","Catostomidae",256,2962,"Longnose Sucker ","Cypriniformes","Catostomus",-23.83,5.6,0.74,0.23,"SD",15,"Muscle","SW03","Lotic","United States","USA","North America",-107.966105,42.571843,11295,"brackish; freshwater","introduced",1,1
"474","Catostomus catostomus","ID_0552","United States of America","Catostomidae",256,2962,"Longnose Sucker ","Cypriniformes","Catostomus",-25.45,7.71,0.29,0.1,"SD",7,"Muscle","MB02","Lotic","United States","USA","North America",-106.416902,41.605678,11295,"brackish; freshwater","introduced",1,1
"476","Catostomus catostomus","ID_0553","United States of America","Catostomidae",256,2962,"Longnose Sucker ","Cypriniformes","Catostomus",-29.21,9.45,0.28,0.4,"SD",6,"Muscle","MB03","Lotic","United States","USA","North America",-106.31846,41.724793,11295,"brackish; freshwater","introduced",1,1
"478","Catostomus catostomus","ID_0555","United States of America","Catostomidae",256,2962,"Longnose Sucker ","Cypriniformes","Catostomus",-24.6,7.49,0.46,0.4,"SD",5,"Muscle","LR01","Lotic","United States","USA","North America",-105.882212,40.788628,11295,"brackish; freshwater","introduced",1,1
"480","Catostomus catostomus","ID_0556","United States of America","Catostomidae",256,2962,"Longnose Sucker ","Cypriniformes","Catostomus",-26.41,6.84,0.39,0.29,"SD",8,"Muscle","LR02","Lotic","United States","USA","North America",-106.037822,41.030829,11295,"brackish; freshwater","introduced",1,1
"482","Catostomus catostomus","ID_0557","United States of America","Catostomidae",256,2962,"Longnose Sucker ","Cypriniformes","Catostomus",-26.79,7.69,1.18,0.32,"SD",14,"Muscle","LR03","Lotic","United States","USA","North America",-105.980393,41.138216,11295,"brackish; freshwater","introduced",1,1
"484","Catostomus catostomus","ID_0558","United States of America","Catostomidae",256,2962,"Longnose Sucker ","Cypriniformes","Catostomus",-28.64,8.27,1.79,0.39,"SD",25,"Muscle","LR04","Lotic","United States","USA","North America",-105.722747,41.227001,11295,"brackish; freshwater","introduced",1,1
"486","Catostomus catostomus","ID_0559","United States of America","Catostomidae",256,2962,"Longnose Sucker ","Cypriniformes","Catostomus",-29.62,11.74,0.59,0.73,"SD",23,"Muscle","LR05","Lotic","United States","USA","North America",-105.605355,41.309678,11295,"brackish; freshwater","introduced",1,1
"488","Catostomus catostomus","ID_0560","United States of America","Catostomidae",256,2962,"Longnose Sucker ","Cypriniformes","Catostomus",-26.83,10.72,1.64,0.63,"SD",11,"Muscle","LR06","Lotic","United States","USA","North America",-105.414398,41.927815,11295,"brackish; freshwater","introduced",1,1
"490","Catostomus catostomus","ID_0562","United States of America","Catostomidae",256,2962,"Longnose Sucker ","Cypriniformes","Catostomus",-27.93,12.25,0.57,0.45,"SD",10,"Muscle","LR08","Lotic","United States","USA","North America",-104.852362,42.123592,11295,"brackish; freshwater","introduced",1,1
"492","Catostomus commersonii","ID_0095","United States of America","Catostomidae",256,2965,"White sucker","Cypriniformes","Catostomus",-27.9,9.76,NA,NA,NA,NA,"Muscle","Blue_Mesa_Reservoir_Colorado_Fall","Lentic","United States","USA","North America",-107.328291,38.455017,11296,"brackish; freshwater","introduced",1,1
"494","Catostomus commersonii","ID_0096","United States of America","Catostomidae",256,2965,"White sucker","Cypriniformes","Catostomus",-24.7,8.46,NA,NA,NA,NA,"Muscle","Lake_Granby_Colorado_Spring","Lentic","United States","USA","North America",-105.866883,40.149251,11296,"brackish; freshwater","introduced",1,1
"496","Catostomus commersonii","ID_0097","United States of America","Catostomidae",256,2965,"White sucker","Cypriniformes","Catostomus",-21.3,7.67,NA,NA,NA,NA,"Muscle","Lake_Granby_Colorado_Fall","Lentic","United States","USA","North America",-105.866883,40.149251,11296,"brackish; freshwater","introduced",1,1
"498","Catostomus commersonii","ID_0149","United States of America","Catostomidae",256,2965,"White sucker","Cypriniformes","Catostomus",-30.4,8.8,NA,NA,NA,NA,"Muscle","Lake_Superior_Allouez_Bay_Wisconsin","Lentic","United States","USA","North America",-92.006639,47.53271,11296,"brackish; freshwater","introduced",1,1
"500","Catostomus commersonii","ID_0200","United States of America","Catostomidae",256,2965,"White sucker","Cypriniformes","Catostomus",-30.4,8.8,NA,NA,NA,NA,"Muscle","Lake_Superior_Allouez_Bay_Wisconsin","Lentic","United States","USA","North America",-91.997942,46.689258,11296,"brackish; freshwater","introduced",1,1
"502","Catostomus commersonii","ID_0208","United States of America","Catostomidae",256,2965,"White sucker","Cypriniformes","Catostomus",-17.69,6.22,NA,NA,NA,NA,"Muscle","Lake_Superior_Ecoregion_5_Wisconsin","Lentic","United States","USA","North America",-90.385222,46.801092,11296,"brackish; freshwater","introduced",1,1
"504","Catostomus commersonii","ID_0209","United States of America","Catostomidae",256,2965,"White sucker","Cypriniformes","Catostomus",-14.74,6.74,NA,NA,NA,NA,"Muscle","Lake_Superior_Ecoregion_6_Wisconsin","Lentic","United States","USA","North America",-91.589453,46.875017,11296,"brackish; freshwater","introduced",1,1
"506","Catostomus commersonii","ID_0282","United States of America","Catostomidae",256,2965,"White sucker","Cypriniformes","Catostomus",-21.75,9.14,0.44,1.27,"SD",7,"Muscle","Rio_Grande_Bernalillo_Autumn","Lotic","United States","USA","North America",-106.556936,35.322669,11296,"brackish; freshwater","introduced",1,1
"508","Catostomus commersonii","ID_0283","United States of America","Catostomidae",256,2965,"White sucker","Cypriniformes","Catostomus",-18.52,11.23,1.88,0.72,"SD",5,"Muscle","Rio_Grande_Bernalillo_Summer","Lotic","United States","USA","North America",-106.556936,35.322669,11296,"brackish; freshwater","introduced",1,1
"510","Catostomus commersonii","ID_0286","United States of America","Catostomidae",256,2965,"White sucker","Cypriniformes","Catostomus",-17.98,14.39,NA,NA,"SD",1,"Muscle","Rio_Grande_Bernardo_Summer","Lotic","United States","USA","North America",-106.799697,34.4176,11296,"brackish; freshwater","introduced",1,1
"512","Catostomus commersonii","ID_0335","United States of America","Catostomidae",256,2965,"White sucker","Cypriniformes","Catostomus",-27,9.32,NA,NA,NA,NA,"Muscle","Rural_2002","Lotic","United States","USA","North America",-85.660629,37.923618,11296,"brackish; freshwater","introduced",1,1
"514","Catostomus commersonii","ID_0336","United States of America","Catostomidae",256,2965,"White sucker","Cypriniformes","Catostomus",-27.8,10.81,NA,NA,NA,NA,"Muscle","Suburban_2002","Lotic","United States","USA","North America",-85.898595,38.082014,11296,"brackish; freshwater","introduced",1,1
"516","Catostomus commersonii","ID_0337","United States of America","Catostomidae",256,2965,"White sucker","Cypriniformes","Catostomus",-25.7,11.34,NA,NA,NA,NA,"Muscle","Urban_2002","Lotic","United States","USA","North America",-85.829515,38.082419,11296,"brackish; freshwater","introduced",1,1
"518","Catostomus commersonii","ID_0379","United States of America","Catostomidae",256,2965,"White sucker","Cypriniformes","Catostomus",-27.9,10.1,NA,NA,NA,NA,"Muscle","Blue_Mesa_Reservoir_Colorado_2000","Lentic","United States","USA","North America",-107.22147,38.469181,11296,"brackish; freshwater","introduced",1,1
"520","Catostomus commersonii","ID_0380","United States of America","Catostomidae",256,2965,"White sucker","Cypriniformes","Catostomus",-28.1,10.2,NA,NA,NA,NA,"Muscle","Blue_Mesa_Reservoir_Colorado_2010","Lentic","United States","USA","North America",-107.22147,38.469181,11296,"brackish; freshwater","introduced",1,1
"522","Catostomus commersonii","ID_0548","United States of America","Catostomidae",256,2965,"White sucker","Cypriniformes","Catostomus",-24.42,6.51,1.27,0.29,"SD",16,"Muscle","SW02","Lotic","United States","USA","North America",-108.879355,42.373322,11296,"brackish; freshwater","introduced",1,1
"524","Catostomus commersonii","ID_0549","United States of America","Catostomidae",256,2965,"White sucker","Cypriniformes","Catostomus",-25.84,6.12,1.17,0.72,"SD",19,"Muscle","SW03","Lotic","United States","USA","North America",-107.966105,42.571843,11296,"brackish; freshwater","introduced",1,1
"526","Catostomus commersonii","ID_0550","United States of America","Catostomidae",256,2965,"White sucker","Cypriniformes","Catostomus",-27.26,6.65,1.05,0.45,"SD",20,"Muscle","SW04","Lotic","United States","USA","North America",-107.1476,42.488328,11296,"brackish; freshwater","introduced",1,1
"528","Catostomus commersonii","ID_0553","United States of America","Catostomidae",256,2965,"White sucker","Cypriniformes","Catostomus",-27.71,9.81,0.73,0.79,"SD",9,"Muscle","MB03","Lotic","United States","USA","North America",-106.31846,41.724793,11296,"brackish; freshwater","introduced",1,1
"530","Catostomus commersonii","ID_0554","United States of America","Catostomidae",256,2965,"White sucker","Cypriniformes","Catostomus",-28.05,9.58,1,0.42,"SD",13,"Muscle","MB04","Lotic","United States","USA","North America",-106.512402,42.00988,11296,"brackish; freshwater","introduced",1,1
"532","Catostomus commersonii","ID_0556","United States of America","Catostomidae",256,2965,"White sucker","Cypriniformes","Catostomus",-26.37,7.07,0.58,0.51,"SD",8,"Muscle","LR02","Lotic","United States","USA","North America",-106.037822,41.030829,11296,"brackish; freshwater","introduced",1,1
"534","Catostomus commersonii","ID_0557","United States of America","Catostomidae",256,2965,"White sucker","Cypriniformes","Catostomus",-26.56,7.9,0.94,0.62,"SD",15,"Muscle","LR03","Lotic","United States","USA","North America",-105.980393,41.138216,11296,"brackish; freshwater","introduced",1,1
"536","Catostomus commersonii","ID_0558","United States of America","Catostomidae",256,2965,"White sucker","Cypriniformes","Catostomus",-28.2,8.39,1.27,0.32,"SD",49,"Muscle","LR04","Lotic","United States","USA","North America",-105.722747,41.227001,11296,"brackish; freshwater","introduced",1,1
"538","Catostomus commersonii","ID_0559","United States of America","Catostomidae",256,2965,"White sucker","Cypriniformes","Catostomus",-27.15,11.75,0.66,1.19,"SD",41,"Muscle","LR05","Lotic","United States","USA","North America",-105.605355,41.309678,11296,"brackish; freshwater","introduced",1,1
"540","Catostomus commersonii","ID_0560","United States of America","Catostomidae",256,2965,"White sucker","Cypriniformes","Catostomus",-26.37,9.26,1.57,0.94,"SD",45,"Muscle","LR06","Lotic","United States","USA","North America",-105.414398,41.927815,11296,"brackish; freshwater","introduced",1,1
"542","Catostomus commersonii","ID_0561","United States of America","Catostomidae",256,2965,"White sucker","Cypriniformes","Catostomus",-26.69,8.99,0.69,0.5,"SD",46,"Muscle","LR07","Lotic","United States","USA","North America",-105.123964,42.056708,11296,"brackish; freshwater","introduced",1,1
"544","Catostomus commersonii","ID_0562","United States of America","Catostomidae",256,2965,"White sucker","Cypriniformes","Catostomus",-27.6,10.71,0.99,1.55,"SD",36,"Muscle","LR08","Lotic","United States","USA","North America",-104.852362,42.123592,11296,"brackish; freshwater","introduced",1,1
"546","Catostomus commersonii","ID_0577","United States of America","Catostomidae",256,2965,"White sucker","Cypriniformes","Catostomus",-22.6,6.8,NA,NA,"SE",1,"Muscle","Pecos_River","Lotic","United States","USA","North America",-104.271247,33.041703,11296,"brackish; freshwater","introduced",1,1
"548","Catostomus commersonii","ID_0849","United States of America","Catostomidae",256,2965,"White sucker","Cypriniformes","Catostomus",-28.2,8.9,0.45,0.16,"SE",10,"Muscle","Lake_Elk_Minnesota","Lentic","United States","USA","North America",-95.803693,45.866885,11296,"brackish; freshwater","introduced",1,1
"550","Catostomus occidentalis","ID_0168","United States of America","Catostomidae",256,2974,"Sacramento sucker","Cypriniformes","Catostomus",-25.54,7.28,NA,NA,NA,1,"Muscle","Shasta_Lake_California","Lentic","United States","USA","North America",-122.371897,40.760067,11298,"freshwater","introduced",1,1
"552","Catostomus tahoensis","ID_0173","United States of America","Catostomidae",256,2980,"Tahoe sucker","Cypriniformes","Catostomus",-13.41,6.14,0.41,0.21,"SE",2,"Muscle","Lake_Tahoe_California-Nevada_1872-1894","Lentic","United States","USA","North America",-120.031692,39.109806,11302,"freshwater","introduced",1,1
"554","Catostomus tahoensis","ID_0174","United States of America","Catostomidae",256,2980,"Tahoe sucker","Cypriniformes","Catostomus",-13.65,6.21,2.06,0.21,"SE",2,"Muscle","Lake_Tahoe_California-Nevada_1904-1913","Lentic","United States","USA","North America",-120.031692,39.109806,11302,"freshwater","introduced",1,1
"556","Catostomus tahoensis","ID_0175","United States of America","Catostomidae",256,2980,"Tahoe sucker","Cypriniformes","Catostomus",-16.68,6.77,0.7,0.19,"SE",9,"Muscle","Lake_Tahoe_California-Nevada_1927-1942","Lentic","United States","USA","North America",-120.031692,39.109806,11302,"freshwater","introduced",1,1
"558","Catostomus tahoensis","ID_0176","United States of America","Catostomidae",256,2980,"Tahoe sucker","Cypriniformes","Catostomus",-11.96,6.13,0.67,0.29,"SE",3,"Muscle","Lake_Tahoe_California-Nevada_1959-1966","Lentic","United States","USA","North America",-120.031692,39.109806,11302,"freshwater","introduced",1,1
"560","Catostomus tahoensis","ID_0177","United States of America","Catostomidae",256,2980,"Tahoe sucker","Cypriniformes","Catostomus",-15.54,5.12,0.53,0.13,"SE",16,"Muscle","Lake_Tahoe_California-Nevada_1998-2000","Lentic","United States","USA","North America",-120.031692,39.109806,11302,"freshwater","introduced",1,1
"562","Catostomus tahoensis","ID_0178","United States of America","Catostomidae",256,2980,"Tahoe sucker","Cypriniformes","Catostomus",-25.59,6.52,1.36,0.21,"SE",16,"Muscle","Cascade_Lake_California_2000","Lentic","United States","USA","North America",-120.091075,38.939633,11302,"freshwater","introduced",1,1
"564","Channa micropeltes","ID_0579","Singapore","Channidae",214,344,"Indonesian snakehead","Anabantiformes","Channa",-24.36,16.34,0.7,0.78,"SD",37,"Muscle","Reservoir_6","Lentic","Singapore","SGP","Asia",103.800833,1.366944,11844,"freshwater","introduced",1,0
"565","Chitala ornata","ID_0579","Singapore","Notopteridae",214,27034,"Clown featherback ","Osteoglossiformes","Chitala",-24.21,15.48,1.76,0.96,"SD",6,"Muscle","Reservoir_6","Lentic","Singapore","SGP","Asia",103.800833,1.366944,11709,"freshwater","introduced",1,0
"566","Chrosomus eos","ID_0353","United States of America","Leuciscidae",256,2927,"Northern Redbelly dace","Cypriniformes","Chrosomus",-31.73,9.97,0.46,0.15,"SD",3,"Muscle","Sixmile_brook_Tributary_date_39652","Lotic","United States","USA","North America",-74.351194,43.991278,11306,"freshwater","introduced",1,1
"568","Chrosomus eos","ID_0354","United States of America","Leuciscidae",256,2927,"Northern Redbelly dace","Cypriniformes","Chrosomus",-30.33,10.5,1.28,0.08,"SD",5,"Muscle","Sixmile_brook_Tributary_date_39728","Lotic","United States","USA","North America",-74.351194,43.991278,11306,"freshwater","introduced",1,1
"570","Chrosomus eos","ID_0355","United States of America","Leuciscidae",256,2927,"Northern Redbelly dace","Cypriniformes","Chrosomus",-32.63,10.47,0.4,0.15,"SD",3,"Muscle","Sixmile_brook_below_SB_tributary_date_39954","Lotic","United States","USA","North America",-74.345556,43.987778,11306,"freshwater","introduced",1,1
"572","Chrosomus eos","ID_0356","United States of America","Leuciscidae",256,2927,"Northern Redbelly dace","Cypriniformes","Chrosomus",-32.57,9.9,0.67,0.17,"SD",3,"Muscle","Sixmile_brook_near_Long_Lake_date_39652","Lotic","United States","USA","North America",-74.341,43.988194,11306,"freshwater","introduced",1,1
"574","Chrosomus eos","ID_0357","United States of America","Leuciscidae",256,2927,"Northern Redbelly dace","Cypriniformes","Chrosomus",-32.9,10.83,0.6,0.1,"SD",4,"Muscle","Sixmile_brook_near_Long_Lake_date_39729","Lotic","United States","USA","North America",-74.341,43.988194,11306,"freshwater","introduced",1,1
"576","Chrosomus eos","ID_0358","United States of America","Leuciscidae",256,2927,"Northern Redbelly dace","Cypriniformes","Chrosomus",-33.52,10.26,0.67,0.32,"SD",6,"Muscle","Sixmile_brook_near_Long_Lake_date_39954","Lotic","United States","USA","North America",-74.341,43.988194,11306,"freshwater","introduced",1,1
"578","Chrosomus eos","ID_0359","United States of America","Leuciscidae",256,2927,"Northern Redbelly dace","Cypriniformes","Chrosomus",-33.2,10,0.71,0.29,"SD",4,"Muscle","Sixmile_brook_near_Long_Lake_date_40009","Lotic","United States","USA","North America",-74.341,43.988194,11306,"freshwater","introduced",1,1
"580","Chrosomus eos","ID_0360","United States of America","Leuciscidae",256,2927,"Northern Redbelly dace","Cypriniformes","Chrosomus",-30.5,9.55,0.14,0.35,"SD",2,"Muscle","Fishing_brook_near_newcomb_date_39590","Lotic","United States","USA","North America",-74.291333,43.987583,11306,"freshwater","introduced",1,1
"582","Chrosomus eos","ID_0361","United States of America","Leuciscidae",256,2927,"Northern Redbelly dace","Cypriniformes","Chrosomus",-31,9.7,0.14,0.57,"SD",2,"Muscle","Fishing_brook_near_newcomb_date_39651","Lotic","United States","USA","North America",-74.291333,43.987583,11306,"freshwater","introduced",1,1
"584","Chrosomus eos","ID_0363","United States of America","Leuciscidae",256,2927,"Northern Redbelly dace","Cypriniformes","Chrosomus",-32.1,9.93,0.62,0.35,"SD",3,"Muscle","Fishing_brook_near_newcomb_date_39947","Lotic","United States","USA","North America",-74.291333,43.987583,11306,"freshwater","introduced",1,1
"586","Cichla monoculus","ID_0377","Brazil","Cichlidae",41,13270,"Tunacare peacock bass","Cichliformes","Cichla",-29.86,9.76,1.58,0.82,"SD",7,"Muscle","Lago_Grande_de_Manacapuru","Lentic","Brazil","BRA","South America",-60.814934,-3.304365,11860,"freshwater","introduced",1,1
"588","Cichla monoculus","ID_0458","Brazil","Cichlidae",41,13270,"Tunacare peacock bass","Cichliformes","Cichla",-33.42,9.25,NA,NA,NA,8,"Muscle","Puruzinho_Lake","Lentic","Brazil","BRA","South America",-63.084722,-7.348056,11860,"freshwater","introduced",1,1
"590","Cichla monoculus","ID_0835","Brazil","Cichlidae",41,13270,"Tunacare peacock bass","Cichliformes","Cichla",-29.85,10.32,0.94,0.43,"SD",2,"Muscle","Solimões_River_Cabaliana","Lotic","Brazil","BRA","South America",-61,-3.5,11860,"freshwater","introduced",1,1
"592","Cichla monoculus","ID_0836","Brazil","Cichlidae",41,13270,"Tunacare peacock bass","Cichliformes","Cichla",-32.69,8.92,2.96,0.4,"SD",7,"Muscle","Solimões_River_Janauacá","Lotic","Brazil","BRA","South America",-61,-3.5,11860,"freshwater","introduced",1,1
"594","Clarias gariepinus","ID_0007","Kenya","Clariidae",134,1934,"Sharptooth catfish","Siluriformes","Clarias",-25.02,8.78,NA,NA,"SD",1,"Muscle","Lake_Victoria_Winam_Gulf","Lentic","Kenya","KEN","Africa",34.649039,-0.244106,12488,"freshwater","introduced",1,1
"596","Clarias gariepinus","ID_0099","Kenya","Clariidae",134,1934,"Sharptooth catfish","Siluriformes","Clarias",-23.42,10.1,1.71,1.43,"SD",NA,"Muscle","Lake_Baringo","Lentic","Kenya","KEN","Africa",36.068322,0.6237,12488,"freshwater","introduced",1,1
"598","Colossoma macropomum","ID_0823","Bolivia","Serrasalmidae",40,263,"Tambaqui","Characiformes","Colossoma",-30,6.7,1.4,0.9,"SD",12,"Muscle","Lake_Mentiroso","Lentic","Bolivia","BOL","South America",-66.574031,-10.978218,11147,"freshwater","introduced",1,1
"600","Coptodon rendalli","ID_0100","Malawi","Cichlidae",174,1397,"Redbreast tilapia","Cichliformes","Coptodon",-19.36,5.32,NA,NA,NA,NA,"Muscle","Lake_Malawi_91","Lentic","Malawi","MWI","Africa",35.066539,-14.147856,11873,"brackish; freshwater","introduced",1,1
"602","Coptodon rendalli","ID_0185","Malawi","Cichlidae",174,1397,"Redbreast tilapia","Cichliformes","Coptodon",-19.35,5.31,NA,NA,NA,1,"Muscle","Lake_Malawi_Littoral_area","Lentic","Malawi","MWI","Africa",34.423397,-11.942664,11873,"brackish; freshwater","introduced",1,1
"604","Coptodon rendalli","ID_0503","Brazil","Cichlidae",41,1397,"Redbreast tilapia","Cichliformes","Coptodon",-20.98,24.49,1.1,3.61,"SD",10,"Muscle","Rio_das_Velhas_Site2","Lotic","Brazil","BRA","South America",-44.157909,-18.780184,11873,"brackish; freshwater","introduced",1,0
"605","Coptodon rendalli","ID_0803","Brazil","Cichlidae",41,1397,"Redbreast tilapia","Cichliformes","Coptodon",-21.85,11.47,0.27,0.14,NA,5,"Muscle","Taquaraçu_river_TQ","Lotic","Brazil","BRA","South America",-43.752166,-19.598704,11873,"brackish; freshwater","introduced",1,0
"606","Coptodon zillii","ID_0023","Japan","Cichlidae",132,1390,"Redbelly tilapia","Cichliformes","Coptodon",-22.08,9.3,0.51,1.3,"SD",9,"Muscle","Haebaru_Reservoir","Lentic","Japan","JPN","Asia",127.740556,26.212778,11875,"brackish; freshwater","introduced",1,0
"607","Coptodon zillii","ID_0528","Kenya","Cichlidae",134,1390,"Redbelly tilapia","Cichliformes","Coptodon",-16.68,7.22,1.33,1.39,"SD",55,"Muscle","Lake_Turkana","Lentic","Kenya","KEN","Africa",36.061348,3.635314,11875,"brackish; freshwater","introduced",1,1
"609","Coregonus artedi","ID_0012","United States of America","Salmonidae",256,235,"Lake cisco","Salmoniformes","Coregonus",-24.13,8.82,NA,NA,NA,NA,"Muscle","Lake_Superior_1897-1929","Lentic","Canada","CAN","North America",-86.950556,47.726397,12385,"brackish; freshwater; marine","introduced",1,1
"611","Coregonus artedi","ID_0013","United States of America","Salmonidae",256,235,"Lake cisco","Salmoniformes","Coregonus",-25.14,8.56,NA,NA,NA,NA,"Muscle","Lake_Superior_1934-1966","Lentic","Canada","CAN","North America",-86.950565,47.726406,12385,"brackish; freshwater; marine","introduced",1,1
"613","Coregonus artedi","ID_0014","United States of America","Salmonidae",256,235,"Lake cisco","Salmoniformes","Coregonus",-24.82,7.93,NA,NA,NA,NA,"Muscle","Lake_Superior_1972-1998","Lentic","Canada","CAN","North America",-86.950576,47.726417,12385,"brackish; freshwater; marine","introduced",1,1
"615","Coregonus artedi","ID_0098","United States of America","Salmonidae",256,235,"Lake cisco","Salmoniformes","Coregonus",-25.04,7.23,0.11,0.12,"SE",5,"Muscle","Lake_Superior","Lentic","Canada","CAN","North America",-91.241889,47.047328,12385,"brackish; freshwater; marine","introduced",1,1
"617","Coregonus artedi","ID_0150","United States of America","Salmonidae",256,235,"Lake cisco","Salmoniformes","Coregonus",-26.2,7.8,NA,NA,NA,NA,"Muscle","Lake_Superior_Offshore_Wisconsin","Lentic","United States","USA","North America",-89.548415,47.53271,12385,"brackish; freshwater; marine","introduced",1,1
"619","Coregonus artedi","ID_0207","United States of America","Salmonidae",256,235,"Lake cisco","Salmoniformes","Coregonus",-24.84,7.07,NA,NA,NA,NA,"Muscle","Lake_Superior_Ecoregion_3_Michigan","Lentic","United States","USA","North America",-87.347133,46.632017,12385,"brackish; freshwater; marine","introduced",1,1
"621","Coregonus artedi","ID_0208","United States of America","Salmonidae",256,235,"Lake cisco","Salmoniformes","Coregonus",-25.22,7.09,NA,NA,NA,NA,"Muscle","Lake_Superior_Ecoregion_5_Wisconsin","Lentic","United States","USA","North America",-90.385222,46.801092,12385,"brackish; freshwater; marine","introduced",1,1
"623","Coregonus artedi","ID_0209","United States of America","Salmonidae",256,235,"Lake cisco","Salmoniformes","Coregonus",-24.47,6.62,NA,NA,NA,NA,"Muscle","Lake_Superior_Ecoregion_6_Wisconsin","Lentic","United States","USA","North America",-91.589453,46.875017,12385,"brackish; freshwater; marine","introduced",1,1
"625","Coregonus artedi","ID_0849","United States of America","Salmonidae",256,235,"Cisco","Salmoniformes","Coregonus",-31.1,11.6,0.19,0.09,"SE",9,"Muscle","Lake_Elk_Minnesota","Lentic","United States","USA","North America",-95.803693,45.866885,12385,"brackish; freshwater; marine","introduced",1,1
"627","Coregonus autumnalis","ID_0204","Russia","Salmonidae",208,2669,NA,"Salmoniformes","Coregonus",-25.5,10,0.8,0.6,"SD",21,NA,"Lake_Baikal__Pelagic_area","Lentic","Russia","RUS","Asia",107.847061,53.149241,12386,"brackish; freshwater; marine","introduced",1,1
"629","Coregonus autumnalis","ID_0290","Russia","Salmonidae",208,2669,NA,"Salmoniformes","Coregonus",-25.1,11.2,0.3,0.2,"SD",6,"Muscle","Lake_Baikal_Listvyanka_","Lentic","Russia","RUS","Asia",104.856834,51.818378,12386,"brackish; freshwater; marine","introduced",1,1
"631","Coregonus clupeaformis","ID_0001","Canada","Salmonidae",48,234,"Lake whitefish","Salmoniformes","Coregonus",-23,4.17,0.41,0.24,"SE",8,"Muscle","Nauyuk_West_Kitikmeot_region","Lentic","Canada","CAN","North America",-107.705072,68.370492,12388,"brackish; freshwater; marine","introduced",1,1
"633","Coregonus clupeaformis","ID_0002","Canada","Salmonidae",48,234,"Lake whitefish","Salmoniformes","Coregonus",-26.2,4.33,0.32,0.18,"SE",13,"Muscle","Doris_West_Kitikmeot_region","Lentic","Canada","CAN","North America",-106.587328,68.123011,12388,"brackish; freshwater; marine","introduced",1,1
"635","Coregonus clupeaformis","ID_0003","Canada","Salmonidae",48,234,"Lake whitefish","Salmoniformes","Coregonus",-24.3,5.58,0.34,0.18,"SE",12,"Muscle","Patch_West_Kitikmeot_region","Lentic","Canada","CAN","North America",-106.544722,68.028844,12388,"brackish; freshwater; marine","introduced",1,1
"637","Coregonus clupeaformis","ID_0004","Canada","Salmonidae",48,234,"Lake whitefish","Salmoniformes","Coregonus",-26,4.71,0.37,0.21,"SE",10,"Muscle","Roberts_West_Kitikmeot_region","Lentic","Canada","CAN","North America",-106.521933,68.165236,12388,"brackish; freshwater; marine","introduced",1,1
"639","Coregonus clupeaformis","ID_0012","United States of America","Salmonidae",256,234,"Lake whitefish","Salmoniformes","Coregonus",-24.45,8.89,NA,NA,NA,NA,"Muscle","Lake_Superior_1897-1929","Lentic","Canada","CAN","North America",-86.950556,47.726397,12388,"brackish; freshwater; marine","introduced",1,1
"641","Coregonus clupeaformis","ID_0013","United States of America","Salmonidae",256,234,"Lake whitefish","Salmoniformes","Coregonus",-23.49,7.6,NA,NA,NA,NA,"Muscle","Lake_Superior_1934-1966","Lentic","Canada","CAN","North America",-86.950565,47.726406,12388,"brackish; freshwater; marine","introduced",1,1
"643","Coregonus clupeaformis","ID_0014","United States of America","Salmonidae",256,234,"Lake whitefish","Salmoniformes","Coregonus",-24.53,8.26,NA,NA,NA,NA,"Muscle","Lake_Superior_1972-1998","Lentic","Canada","CAN","North America",-86.950576,47.726417,12388,"brackish; freshwater; marine","introduced",1,1
"645","Coregonus clupeaformis","ID_0079","United States of America","Salmonidae",256,234,"Lake whitefish","Salmoniformes","Coregonus",-29.68,10.13,0.77,0.46,"SD",18,"Muscle","Pend_Oreille_Lake_Idaho","Lentic","United States","USA","North America",-116.366667,48.16,12388,"brackish; freshwater; marine","introduced",1,1
"647","Coregonus clupeaformis","ID_0090","United States of America","Salmonidae",256,234,"Lake whitefish","Salmoniformes","Coregonus",-18.4,10.5,NA,NA,NA,NA,"Muscle","Lake_Huron_Middle_Island","Lentic","Canada","CAN","North America",-83.327295,45.198415,12388,"brackish; freshwater; marine","introduced",1,1
"649","Coregonus clupeaformis","ID_0165","United States of America","Salmonidae",256,234,"Lake whitefish","Salmoniformes","Coregonus",-25.92,7.38,0.48,0.78,"SE",4,"Muscle","Lake_McDonald_Montana","Lentic","United States","USA","North America",-113.925575,48.583292,12388,"brackish; freshwater; marine","introduced",1,1
"651","Coregonus clupeaformis","ID_0188","Canada","Salmonidae",48,234,"Lake whitefish","Salmoniformes","Coregonus",-27.19,7.62,2.66,0.7,"SD",6,"Muscle","Trout_Lake_Northwestern_Ontario","Lentic","Canada","CAN","North America",-93.350688,51.195059,12388,"brackish; freshwater; marine","introduced",1,1
"653","Coregonus clupeaformis","ID_0190","United States of America","Salmonidae",256,234,"Lake whitefish","Salmoniformes","Coregonus",-29.09,10.61,0.14,0.21,"SE",20,"Muscle","Lake_Roosevelt_Washington_summer","Lentic","United States","USA","North America",-118.341722,47.896478,12388,"brackish; freshwater; marine","introduced",1,1
"655","Coregonus clupeaformis","ID_0205","Canada","Salmonidae",48,234,"Lake whitefish","Salmoniformes","Coregonus",-18.4,6.12,NA,NA,NA,NA,"Muscle","Lake_Superior_Ecoregion_1_Ontario","Lentic","United States","USA","North America",-87.8544,48.778303,12388,"brackish; freshwater; marine","introduced",1,1
"657","Coregonus clupeaformis","ID_0206","Canada","Salmonidae",48,234,"Lake whitefish","Salmoniformes","Coregonus",-21.28,6.21,NA,NA,NA,NA,"Muscle","Lake_Superior_Ecoregion_2_Michigan-Ontario","Lentic","United States","USA","North America",-84.742714,46.675664,12388,"brackish; freshwater; marine","introduced",1,1
"659","Coregonus clupeaformis","ID_0207","United States of America","Salmonidae",256,234,"Lake whitefish","Salmoniformes","Coregonus",-24.01,6.38,NA,NA,NA,NA,"Muscle","Lake_Superior_Ecoregion_3_Michigan","Lentic","United States","USA","North America",-87.347133,46.632017,12388,"brackish; freshwater; marine","introduced",1,1
"661","Coregonus clupeaformis","ID_0208","United States of America","Salmonidae",256,234,"Lake whitefish","Salmoniformes","Coregonus",-24.96,7.03,NA,NA,NA,NA,"Muscle","Lake_Superior_Ecoregion_5_Wisconsin","Lentic","United States","USA","North America",-90.385222,46.801092,12388,"brackish; freshwater; marine","introduced",1,1
"663","Coregonus clupeaformis","ID_0209","United States of America","Salmonidae",256,234,"Lake whitefish","Salmoniformes","Coregonus",-25.05,7.32,NA,NA,NA,NA,"Muscle","Lake_Superior_Ecoregion_6_Wisconsin","Lentic","United States","USA","North America",-91.589453,46.875017,12388,"brackish; freshwater; marine","introduced",1,1
"665","Coregonus clupeaformis","ID_0210","Canada","Salmonidae",48,234,"Lake whitefish","Salmoniformes","Coregonus",-18.44,6.13,NA,NA,NA,NA,"Muscle","Lake_Superior_Black_Bay_Ontario","Lentic","United States","USA","North America",-88.42975,48.746664,12388,"brackish; freshwater; marine","introduced",1,1
"667","Coregonus clupeaformis","ID_0216","Canada","Salmonidae",48,234,"Lake whitefish","Salmoniformes","Coregonus",-24.54,9.54,3.07,1.26,"SD",19,"Muscle","Lake_Alexie","Lentic","Canada","CAN","North America",-114.080029,62.674774,12388,"brackish; freshwater; marine","introduced",1,1
"669","Coregonus clupeaformis","ID_0217","Canada","Salmonidae",48,234,"Lake whitefish","Salmoniformes","Coregonus",-23.18,8.46,3.25,1.37,"SD",20,"Muscle","Lake_Baptiste","Lentic","Canada","CAN","North America",-114.216667,62.7,12388,"brackish; freshwater; marine","introduced",1,1
"671","Coregonus clupeaformis","ID_0218","Canada","Salmonidae",48,234,"Lake whitefish","Salmoniformes","Coregonus",-23,8.98,1.87,0.57,"SD",18,"Muscle","Lake_Chitty","Lentic","Canada","CAN","North America",-114.116667,62.7,12388,"brackish; freshwater; marine","introduced",1,1
"673","Coregonus clupeaformis","ID_0219","Canada","Salmonidae",48,234,"Lake whitefish","Salmoniformes","Coregonus",-24.2,8.63,3.45,1.04,"SD",20,"Muscle","Lake_Drygeese","Lentic","Canada","CAN","North America",-114.166667,62.733333,12388,"brackish; freshwater; marine","introduced",1,1
"675","Coregonus clupeaformis","ID_0279","Canada","Salmonidae",48,234,"Lake whitefish","Salmoniformes","Coregonus",-20.4,8,1.6,1.6,"SD",36,"Muscle","Lake_Winnipeg_North_Basin","Lentic","Canada","CAN","North America",-98.753472,53.742603,12388,"brackish; freshwater; marine","introduced",1,1
"677","Coregonus clupeaformis","ID_0298","Canada","Salmonidae",48,234,"Lake whitefish","Salmoniformes","Coregonus",-24,13,0.8,0.7,"SD",12,"Muscle","Lake_Wabamun","Lentic","Canada","CAN","North America",-114.587222,53.529722,12388,"brackish; freshwater; marine","introduced",1,1
"679","Coregonus clupeaformis","ID_0304","Canada","Salmonidae",48,234,"Lake whitefish","Salmoniformes","Coregonus",-26.25,8.22,1.56,1.15,"SD",36,"Muscle","Lake_Laberge_1993","Lentic","Canada","CAN","North America",-135.086667,61.086389,12388,"brackish; freshwater; marine","introduced",1,1
"681","Coregonus clupeaformis","ID_0305","Canada","Salmonidae",48,234,"Lake whitefish","Salmoniformes","Coregonus",-25.01,9.27,1.37,0.45,"SD",15,"Muscle","Lake_Laberge_2000","Lentic","Canada","CAN","North America",-135.086667,61.086389,12388,"brackish; freshwater; marine","introduced",1,1
"683","Coregonus clupeaformis","ID_0306","Canada","Salmonidae",48,234,"Lake whitefish","Salmoniformes","Coregonus",-24.65,9.38,1.41,0.71,"SD",13,"Muscle","Lake_Laberge_2001","Lentic","Canada","CAN","North America",-135.086667,61.086389,12388,"brackish; freshwater; marine","introduced",1,1
"685","Coregonus clupeaformis","ID_0383","Canada","Salmonidae",48,234,"Lake whitefish","Salmoniformes","Coregonus",-25.95,7.75,NA,NA,NA,NA,"Muscle","Lake_Nipigon_1921-25","Lentic","Canada","CAN","North America",-88.563995,49.724479,12388,"brackish; freshwater; marine","introduced",1,1
"687","Coregonus clupeaformis","ID_0384","Canada","Salmonidae",48,234,"Lake whitefish","Salmoniformes","Coregonus",-25.82,8.23,NA,NA,NA,NA,"Muscle","Lake_Nipigon_2006","Lentic","Canada","CAN","North America",-88.563995,49.724479,12388,"brackish; freshwater; marine","introduced",1,1
"689","Coregonus clupeaformis","ID_0385","Canada","Salmonidae",48,234,"Lake whitefish","Salmoniformes","Coregonus",-26.31,13.79,NA,NA,NA,NA,"Muscle","Lake_Simcoe_1950-60","Lentic","Canada","CAN","North America",-79.346237,44.442605,12388,"brackish; freshwater; marine","introduced",1,1
"691","Coregonus clupeaformis","ID_0386","Canada","Salmonidae",48,234,"Lake whitefish","Salmoniformes","Coregonus",-26.41,14.92,NA,NA,NA,NA,"Muscle","Lake_Simcoe_2007","Lentic","Canada","CAN","North America",-79.346237,44.442605,12388,"brackish; freshwater; marine","introduced",1,1
"693","Coregonus clupeaformis","ID_0398","Canada","Salmonidae",48,234,"Lake whitefish","Salmoniformes","Coregonus",-22.61,11.31,1.3,1.28,"SD",16,"Muscle","Dore_Lake","Lentic","Canada","CAN","North America",-107.276058,54.773762,12388,"brackish; freshwater; marine","introduced",1,1
"695","Coregonus clupeaformis","ID_0478","Canada","Salmonidae",48,234,"Lake European whitefish","Salmoniformes","Coregonus",-25.4,8.8,NA,NA,"SE",1,"Muscle","Great_Slave_Lake","Lentic","Canada","CAN","North America",-114.776745,61.507421,12388,"brackish; freshwater; marine","introduced",1,1
"697","Coregonus clupeaformis","ID_0566","Canada","Salmonidae",48,234,"Lake whitefish","Salmoniformes","Coregonus",-17.7,7.7,4.3,1.5,"SD",37,"Muscle","Lake_Winnipeg","Lentic","Canada","CAN","North America",-97.720281,52.655531,12388,"brackish; freshwater; marine","introduced",1,1
"699","Coregonus clupeaformis","ID_0588","Canada","Salmonidae",48,234,"Lake whitefish","Salmoniformes","Coregonus",-28.83,10.07,1.65,1.03,"SD",10,"Muscle/Fin","Slave_River_Delta","Lotic","Canada","CAN","North America",-113.53,61.27,12388,"brackish; freshwater; marine","introduced",1,1
"701","Coregonus clupeaformis","ID_0589","Canada","Salmonidae",48,234,"Lake whitefish","Salmoniformes","Coregonus",-27.1,9.09,2.69,1.35,"SD",10,"Muscle/Fin","Slave_River_Smith","Lotic","Canada","CAN","North America",-113.53,61.27,12388,"brackish; freshwater; marine","introduced",1,1
"703","Coregonus clupeaformis","ID_0847","Canada","Salmonidae",48,234,"Lake whitefish","Salmoniformes","Coregonus",-23.29,12.73,0.21,0.28,"SE",5,"Scale","Lake_Simcoe_Ontario_pre-dreissenid-establisment","Lentic","Canada","CAN","North America",-79.383037,44.432724,12388,"brackish; freshwater; marine","introduced",1,1
"705","Coregonus clupeaformis","ID_0848","Canada","Salmonidae",48,234,"Lake whitefish","Salmoniformes","Coregonus",-21.84,13.87,0.38,0.28,"SE",5,"Scale","Lake_Simcoe_Ontario_post-deissenid-invasion","Lentic","Canada","CAN","North America",-79.383037,44.432724,12388,"brackish; freshwater; marine","introduced",1,1
"707","Coregonus lavaretus","ID_0759","Italy","Salmonidae",126,232,"European whitefish","Salmoniformes","Coregonus",-19.98,9.69,0.21,0.71,"SD",NA,"Muscle","Lake_Bracciano","Lentic","Italy","ITA","Europe",12.237551,42.154135,12391,"brackish; freshwater; marine","introduced",1,0
"708","Coregonus peled","ID_0680","Finland","Salmonidae",83,4687,"Peled","Salmoniformes","Coregonus",-28.2,9.1,0.2,0.2,"SD",5,NA,"Sarkilomp","Lentic","Finland","FIN","Europe",20.74,69.07,12400,"brackish; freshwater; marine","introduced",1,0
"709","Cottus asper","ID_0159","United States of America","Cottidae",256,4062,"Prickly sculpin","Perciformes/Cottoidei","Cottus",-23.28,12.7,2.58,0.62,"SD",57,"Muscle","Lake_Washington_Washington","Lentic","United States","USA","North America",-122.259383,47.6097,12449,"brackish; freshwater","introduced",1,1
"711","Ctenopharyngodon idella","ID_0422","United States of America","Xenocyprididae",256,79,"Grass Carp","Cypriniformes","Ctenopharyngodon",-27.18,12.73,NA,NA,NA,NA,"Muscle","Contemporary_Lower_Illinois_River_CL","Lotic","United States","USA","North America",-89.627716,40.631024,11318,"brackish; freshwater","introduced",1,0
"712","Ctenopharyngodon idella","ID_0432","United States of America","Xenocyprididae",256,79,"Grass carp","Cypriniformes","Ctenopharyngodon",-23.17,8.63,2.15,2.78,"SD",3,"Muscle","Red_and_Atchafalaya_rivers","Lotic","United States","USA","North America",-91.716333,31.076184,11318,"brackish; freshwater","introduced",1,0
"713","Ctenopharyngodon idella","ID_0534","Mexico","Xenocyprididae",159,79,"Grass carp","Cypriniformes","Ctenopharyngodon",-21.8,7.3,3,0.2,"SE",2,"Muscle","El_Espino_lagoon6","Lotic","Mexico","MEX","South America",-92.689944,18.480689,11318,"brackish; freshwater","introduced",1,0
"714","Ctenopharyngodon idella","ID_0538","Mexico","Xenocyprididae",159,79,"Grass carp","Cypriniformes","Ctenopharyngodon",-28.1,7.9,NA,NA,"SE",1,"Muscle","Lower_Río_Lacanjá10","Lotic","Mexico","MEX","South America",-90.522631,16.329759,11318,"brackish; freshwater","introduced",1,0
"715","Ctenopharyngodon idella","ID_0540","Mexico","Xenocyprididae",159,79,"Grass carp","Cypriniformes","Ctenopharyngodon",-15.1,8.9,1.4,1.1,"SE",2,"Muscle","Río_Usumacinta_Tenosique12","Lotic","Mexico","MEX","South America",-91.43587,17.292035,11318,"brackish; freshwater","introduced",1,0
"716","Ctenopharyngodon idella","ID_0793","Mexico","Xenocyprididae",159,79,"Grass carp","Cypriniformes","Ctenopharyngodon",-22.44,8.77,0.39,0.23,"SE",NA,"Muscle","Lake_Zacapu","Lentic","Mexico","MEX","South America",-101.787562,19.824769,11318,"brackish; freshwater","introduced",1,0
"717","Culaea inconstans","ID_0089","United States of America","Gasterosteidae",256,3271,"Five spine stickleback","Perciformes/Gasterosteoidei","Culaea",-26.7,6.6,NA,NA,NA,NA,"Muscle","Lake_Huron_Michigan","Lentic","Canada","CAN","North America",-83.324229,45.083948,11672,"freshwater","introduced",1,1
"719","Cyprinella lutrensis","ID_0027","United States of America","Leuciscidae",256,2876,"Red shiner","Cypriniformes","Cyprinella",-22.36,13.03,0.1,0.51,"SD",3,NA,"Reach_2_San_Juan_River_Texas","Lotic","United States","USA","North America",-109.860297,37.174328,11323,"freshwater","introduced",1,1
"721","Cyprinella lutrensis","ID_0028","United States of America","Leuciscidae",256,2876,"Red shiner","Cypriniformes","Cyprinella",-22.13,12.63,0.3,1.13,"SD",6,NA,"Reach_3_San_Juan_River_Oklahoma","Lotic","United States","USA","North America",-109.240933,37.239383,11323,"freshwater","introduced",1,1
"723","Cyprinella lutrensis","ID_0029","United States of America","Leuciscidae",256,2876,"Red shiner","Cypriniformes","Cyprinella",-22.61,12.7,0.36,1.17,"SD",6,NA,"Reach_4_San_Juan_River_Oklahoma","Lotic","United States","USA","North America",-108.939772,36.917928,11323,"freshwater","introduced",1,1
"725","Cyprinella lutrensis","ID_0030","United States of America","Leuciscidae",256,2876,"Red shiner","Cypriniformes","Cyprinella",-22.42,11.98,0.44,2.12,"SD",6,NA,"Reach_5_San_Juan_River_Kansas","Lotic","United States","USA","North America",-108.738572,36.825047,11323,"freshwater","introduced",1,1
"727","Cyprinella lutrensis","ID_0031","United States of America","Leuciscidae",256,2876,"Red shiner","Cypriniformes","Cyprinella",-23.45,10.1,NA,NA,"SD",1,NA,"Reach_6_San_Juan_River_Kansas","Lotic","United States","USA","North America",-108.359697,36.7334,11323,"freshwater","introduced",1,1
"729","Cyprinella lutrensis","ID_0046","United States of America","Leuciscidae",256,2876,"Red shiner","Cypriniformes","Cyprinella",-22.65,9.91,NA,NA,"SD",1,"Muscle","Heart_Bar_Gila_River_New_Mexico","Lotic","United States","USA","North America",-108.204153,33.195725,11323,"freshwater","introduced",1,1
"731","Cyprinella lutrensis","ID_0047","United States of America","Leuciscidae",256,2876,"Red shiner","Cypriniformes","Cyprinella",-25.6,9.58,0.38,0.26,"SD",3,"Muscle","Riverside_Gila_River_New_Mexico_","Lotic","United States","USA","North America",-108.606342,32.940211,11323,"freshwater","introduced",1,1
"733","Cyprinella lutrensis","ID_0051","United States of America","Leuciscidae",256,2876,"Red shiner","Cypriniformes","Cyprinella",-24.4,12.02,0.38,0.36,"SD",NA,"Muscle","Urban_reach_Kansas_River","Lotic","United States","USA","North America",-96.780025,39.054858,11323,"freshwater","introduced",1,1
"735","Cyprinella lutrensis","ID_0052","United States of America","Leuciscidae",256,2876,"Red shiner","Cypriniformes","Cyprinella",-23.73,12.68,0.38,0.39,"SD",NA,"Muscle","Intermediate_reach_Kansas_River","Lotic","United States","USA","North America",-95.967367,39.108244,11323,"freshwater","introduced",1,1
"737","Cyprinella lutrensis","ID_0053","United States of America","Leuciscidae",256,2876,"Red shiner","Cypriniformes","Cyprinella",-24.38,15.58,0.96,1.35,"SD",NA,"Muscle","Low_urban_reach_Kansas_River","Lotic","United States","USA","North America",-94.888158,39.037142,11323,"freshwater","introduced",1,1
"739","Cyprinella lutrensis","ID_0283","United States of America","Leuciscidae",256,2876,"Red shiner","Cypriniformes","Cyprinella",-19.78,13.01,2.16,2.65,"SD",4,"Muscle","Rio_Grande_Bernalillo_Summer","Lotic","United States","USA","North America",-106.556936,35.322669,11323,"freshwater","introduced",1,1
"741","Cyprinella lutrensis","ID_0284","United States of America","Leuciscidae",256,2876,"Red shiner","Cypriniformes","Cyprinella",-17.76,10.97,0.48,0.75,"SD",5,"Muscle","Rio_Grande_Bernardo_Autumn","Lotic","United States","USA","North America",-106.799697,34.4176,11323,"freshwater","introduced",1,1
"743","Cyprinella lutrensis","ID_0285","United States of America","Leuciscidae",256,2876,"Red shiner","Cypriniformes","Cyprinella",-17.24,15.29,0.4,0.3,"SD",5,"Muscle","Rio_Grande_Bernardo_Spring","Lotic","United States","USA","North America",-106.799697,34.4176,11323,"freshwater","introduced",1,1
"745","Cyprinella lutrensis","ID_0286","United States of America","Leuciscidae",256,2876,"Red shiner","Cypriniformes","Cyprinella",-16.78,14.44,0.83,0.51,"SD",6,"Muscle","Rio_Grande_Bernardo_Summer","Lotic","United States","USA","North America",-106.799697,34.4176,11323,"freshwater","introduced",1,1
"747","Cyprinella lutrensis","ID_0287","United States of America","Leuciscidae",256,2876,"Red shiner","Cypriniformes","Cyprinella",-20.51,15.75,1.35,0.53,"SD",11,"Muscle","Rio_Grande_Bosque_Spring","Lotic","United States","USA","North America",-106.866697,33.794908,11323,"freshwater","introduced",1,1
"749","Cyprinella lutrensis","ID_0327","United States of America","Leuciscidae",256,2876,"Red shiner","Cypriniformes","Cyprinella",-22.78,8.45,0.86,0.6,"SD",37,"Fin","Utah_San_Rafael_River_Lower","Lotic","United States","USA","North America",-110.3715,38.854,11323,"freshwater","introduced",1,1
"751","Cyprinella lutrensis","ID_0561","United States of America","Leuciscidae",256,2876,"Red Shinner ","Cypriniformes","Cyprinella",-25.55,11.43,0.2,0.27,"SD",3,"Muscle","LR07","Lotic","United States","USA","North America",-105.123964,42.056708,11323,"freshwater","introduced",1,1
"753","Cyprinella lutrensis","ID_0562","United States of America","Leuciscidae",256,2876,"Red Shinner ","Cypriniformes","Cyprinella",-27.55,11.95,0.94,0.47,"SD",18,"Muscle","LR08","Lotic","United States","USA","North America",-104.852362,42.123592,11323,"freshwater","introduced",1,1
"755","Cyprinella lutrensis","ID_0563","United States of America","Leuciscidae",256,2876,"Red shiner","Cypriniformes","Cyprinella",-22.3,10.9,1,1.4,"SD",134,"Muscle","San_Juan_River","Lotic","United States","USA","North America",-109.17008,37.180112,11323,"freshwater","introduced",1,1
"757","Cyprinella lutrensis","ID_0577","United States of America","Leuciscidae",256,2876,"Red shiner","Cypriniformes","Cyprinella",-19.9,13.4,2.5,2.8,"SE",22,"Muscle","Pecos_River","Lotic","United States","USA","North America",-104.271247,33.041703,11323,"freshwater","introduced",1,1
"759","Cyprinella lutrensis","ID_0631","United States of America","Leuciscidae",256,2876,"Red shiner","Cypriniformes","Cyprinella",-27.43,6.39,0.65,0.4,"SD",16,"Fin","Bill_Williams_River_Basin_Burro06&07","Lotic","United States","USA","North America",-113.35278,34.56183,11323,"freshwater","introduced",1,1
"761","Cyprinella lutrensis","ID_0632","United States of America","Leuciscidae",256,2876,"Red shiner","Cypriniformes","Cyprinella",-24.65,9.88,0.46,0.54,"SD",10,"Fin","Bill_Williams_River_Basin_Burro08&09","Lotic","United States","USA","North America",-113.44775,34.54052,11323,"freshwater","introduced",1,1
"763","Cyprinella venusta","ID_0577","United States of America","Leuciscidae",256,2912,"Blacktail shiner","Cypriniformes","Cyprinella",-21.8,12.5,0.9,0.6,"SE",6,"Muscle","Pecos_River","Lotic","United States","USA","North America",-104.271247,33.041703,11326,"freshwater","introduced",1,1
"765","Cyprinus carpio","ID_0005","Canada","Cyprinidae",48,1450,"Common carp","Cypriniformes","Cyprinus",-19.85,13.65,3.04,0.64,"SD",2,"Muscle","Lake_Erie_Eastern_basin","Lentic","Canada","CAN","North America",-79.982269,42.792617,11329,"brackish; freshwater","introduced",1,0
"766","Cyprinus carpio","ID_0010","United Kingdom","Cyprinidae",91,1450,"Common carp","Cypriniformes","Cyprinus",-27.5,11.5,1.9,1.27,"SD",32,"Muscle","Pond_1_ctrl","Lentic","United Kingdom","GBR","Europe",-2.344722,52.219167,11329,"brackish; freshwater","introduced",1,0
"767","Cyprinus carpio","ID_0011","United Kingdom","Cyprinidae",91,1450,"Common carp","Cypriniformes","Cyprinus",-23.8,8.8,1.9,1,"SD",36,"Muscle","Pond_2_exp","Lentic","United Kingdom","GBR","Europe",-2.344727,52.219172,11329,"brackish; freshwater","introduced",1,0
"768","Cyprinus carpio","ID_0025","Australia","Cyprinidae",20,1450,"Common carp","Cypriniformes","Cyprinus",-27.01,9.61,1.02,0.83,"SD",3,"Muscle","Lower_Gwydir_River_Gwydir_Wetlands_New_South_Wales","Lotic","Australia","AUS","Oceania",149.33334,-29.333333,11329,"brackish; freshwater","introduced",1,0
"769","Cyprinus carpio","ID_0026","Australia","Cyprinidae",20,1450,"Common carp","Cypriniformes","Cyprinus",-24.7,10.14,0.24,0.34,"SD",5,"Muscle","Mehi_River_Gwydir_Wetlands_New_South_Wales","Lotic","Australia","AUS","Oceania",149.5,-29.5833,11329,"brackish; freshwater","introduced",1,0
"770","Cyprinus carpio","ID_0028","United States of America","Cyprinidae",256,1450,"Common carp","Cypriniformes","Cyprinus",-21.91,12.4,NA,NA,"SD",1,NA,"Reach_3_San_Juan_River_Oklahoma","Lotic","United States","USA","North America",-109.240933,37.239383,11329,"brackish; freshwater","introduced",1,0
"771","Cyprinus carpio","ID_0030","United States of America","Cyprinidae",256,1450,"Common carp","Cypriniformes","Cyprinus",-21.52,12,0.56,1.17,"SD",3,NA,"Reach_5_San_Juan_River_Kansas","Lotic","United States","USA","North America",-108.738572,36.825047,11329,"brackish; freshwater","introduced",1,0
"772","Cyprinus carpio","ID_0034","Mexico","Cyprinidae",159,1450,"Common carp","Cypriniformes","Cyprinus",-20.67,11.54,NA,NA,"SE",1,"Muscle","Site_2_Laja_River_Guanajuato","Lotic","Mexico","MEX","South America",-101,21.75,11329,"brackish; freshwater","introduced",1,0
"773","Cyprinus carpio","ID_0035","Mexico","Cyprinidae",159,1450,"Common carp","Cypriniformes","Cyprinus",-20.74,9.84,NA,NA,"SE",1,"Muscle","Site_3_Laja_River_Guanajuato","Lotic","Mexico","MEX","South America",-101,21.75,11329,"brackish; freshwater","introduced",1,0
"774","Cyprinus carpio","ID_0038","Mexico","Cyprinidae",159,1450,"Common carp","Cypriniformes","Cyprinus",-21.98,13.87,0.11,0.06,"SE",2,"Muscle","Site_6_Laja_River_Guanajuato","Lotic","Mexico","MEX","South America",-101,21.75,11329,"brackish; freshwater","introduced",1,0
"775","Cyprinus carpio","ID_0039","Mexico","Cyprinidae",159,1450,"Common carp","Cypriniformes","Cyprinus",-25.25,13.39,0.81,0.21,"SE",2,"Muscle","Site_7_Laja_River_Guanajuato","Lentic","Mexico","MEX","South America",-101,21.75,11329,"brackish; freshwater","introduced",1,0
"776","Cyprinus carpio","ID_0040","Mexico","Cyprinidae",159,1450,"Common carp","Cypriniformes","Cyprinus",-23.82,12.64,1.62,0.68,"SE",3,"Muscle","Site_8_Laja_River_Guanajuato","Lentic","Mexico","MEX","South America",-101,21.75,11329,"brackish; freshwater","introduced",1,0
"777","Cyprinus carpio","ID_0101","China","Cyprinidae",52,1450,"Common carp","Cypriniformes","Cyprinus",-27.16,11.6,0.32,0.39,NA,9,"Muscle","Lake_Poyang_dry_season","Lentic","China","CHN","Asia",116.185416,29.71875,11329,"brackish; freshwater","introduced",1,1
"779","Cyprinus carpio","ID_0102","China","Cyprinidae",52,1450,"Common carp","Cypriniformes","Cyprinus",-26.15,12.2,2.69,1.38,"SD",13,"Muscle","Lake_Poyang_wet_season","Lentic","China","CHN","Asia",116.185416,29.71875,11329,"brackish; freshwater","introduced",1,1
"781","Cyprinus carpio","ID_0138","United States of America","Cyprinidae",256,1450,"Common carp","Cypriniformes","Cyprinus",-23.9,15.14,NA,NA,"SE",NA,"Muscle","Reach_26_Upper_Mississippi_River_Summer_1998","Lotic","United States","USA","North America",-90.500556,38.923889,11329,"brackish; freshwater","introduced",1,0
"782","Cyprinus carpio","ID_0146","South Africa","Cyprinidae",273,1450,"Common carp","Cypriniformes","Cyprinus",-24.4,15.7,1.6,1.5,"SD",4,"Muscle","Great_Fish_River","Lotic","South Africa","ZAF","Africa",26.781344,-33.088747,11329,"brackish; freshwater","introduced",1,0
"783","Cyprinus carpio","ID_0147","South Africa","Cyprinidae",273,1450,"Common carp","Cypriniformes","Cyprinus",-30,17.8,1.4,1.6,"SD",5,"Muscle","Sundays_River","Lotic","South Africa","ZAF","Africa",25.794625,-33.696319,11329,"brackish; freshwater","introduced",1,0
"784","Cyprinus carpio","ID_0148","South Africa","Cyprinidae",273,1450,"Common carp","Cypriniformes","Cyprinus",-24.6,16.7,0.8,0.5,"SD",NA,"Muscle","Glen_Melville_Dam","Lentic","South Africa","ZAF","Africa",26.645942,-33.193881,11329,"brackish; freshwater","introduced",1,0
"785","Cyprinus carpio","ID_0149","United States of America","Cyprinidae",256,1450,"Common carp","Cypriniformes","Cyprinus",-29.7,9.3,NA,NA,NA,NA,"Muscle","Lake_Superior_Allouez_Bay_Wisconsin","Lentic","United States","USA","North America",-92.006639,47.53271,11329,"brackish; freshwater","introduced",1,0
"786","Cyprinus carpio","ID_0153","China","Cyprinidae",52,1450,"Common carp","Cypriniformes","Cyprinus",-20.8,12.5,0.5,0.2,"SD",3,"Muscle/Whole","Lake_Taihu","Lentic","China","CHN","Asia",120.192,31.246,11329,"brackish; freshwater","introduced",1,1
"788","Cyprinus carpio","ID_0159","United States of America","Cyprinidae",256,1450,"Common carp","Cypriniformes","Cyprinus",-26.6,10.4,NA,NA,NA,1,"Muscle","Lake_Washington_Washington","Lentic","United States","USA","North America",-122.259383,47.6097,11329,"brackish; freshwater","introduced",1,0
"789","Cyprinus carpio","ID_0181","United States of America","Cyprinidae",256,1450,"Common carp","Cypriniformes","Cyprinus",-27.13,14.51,NA,NA,NA,NA,"Muscle","Savanna_Bay_Illinois_Summer_1998","Lentic","United States","USA","North America",-90.159131,42.117939,11329,"brackish; freshwater","introduced",1,0
"790","Cyprinus carpio","ID_0182","United States of America","Cyprinidae",256,1450,"Common carp","Cypriniformes","Cyprinus",-24.17,14.18,NA,NA,NA,NA,"Muscle","Long_Lake_Missouri_Summer_1998","Lentic","United States","USA","North America",-90.417889,38.954503,11329,"brackish; freshwater","introduced",1,0
"791","Cyprinus carpio","ID_0190","United States of America","Cyprinidae",256,1450,"Common carp","Cypriniformes","Cyprinus",-25.34,10.23,0.33,0.14,"SE",18,"Muscle","Lake_Roosevelt_Washington_summer","Lentic","United States","USA","North America",-118.341722,47.896478,11329,"brackish; freshwater","introduced",1,0
"792","Cyprinus carpio","ID_0227","Hungary","Cyprinidae",115,1450,"Common carp","Cypriniformes","Cyprinus",-28.26,11.53,0.14,0.09,"SD",7,"Muscle","KBWPS-2_Lake_Balaton","Lentic","Hungary","HUN","Europe",17.260633,46.688886,11329,"brackish; freshwater","introduced",1,1
"794","Cyprinus carpio","ID_0230","France","Cyprinidae",86,1450,"Common carp","Cypriniformes","Cyprinus",-26.79,13.65,0.85,0.25,"SD",2,"Muscle/Fin","Réservoir_de_l'Astarac_Gers","Lentic","France","FRA","Europe",0.6322,43.3831,11329,"brackish; freshwater","introduced",1,0
"795","Cyprinus carpio","ID_0239","France","Cyprinidae",86,1450,"Common carp","Cypriniformes","Cyprinus",-24,15.97,0.71,0.76,"SD",2,"Muscle/Fin","Lac_de_Gensac_Tarn-et-Garonne","Lentic","France","FRA","Europe",0.9556,43.9644,11329,"brackish; freshwater","introduced",1,0
"796","Cyprinus carpio","ID_0240","France","Cyprinidae",86,1450,"Common carp","Cypriniformes","Cyprinus",-24.23,14.53,NA,NA,NA,1,"Muscle/Fin","Lac_du_Gouyre_Tarn-et-Garonne","Lentic","France","FRA","Europe",1.6064,44.047222,11329,"brackish; freshwater","introduced",1,0
"797","Cyprinus carpio","ID_0244","France","Cyprinidae",86,1450,"Common carp","Cypriniformes","Cyprinus",-26.41,10.52,2.66,1.22,"SD",5,"Muscle/Fin","Lac_du_Tolerme_Lot","Lentic","France","FRA","Europe",2.0525,44.8233,11329,"brackish; freshwater","introduced",1,0
"798","Cyprinus carpio","ID_0251","United States of America","Cyprinidae",256,1450,"Common carp","Cypriniformes","Cyprinus",-26.75,14.48,NA,NA,NA,NA,"Muscle","Cutler_Reservoir_Utah","Lentic","United States","USA","North America",-111.954881,41.800117,11329,"brackish; freshwater","introduced",1,0
"799","Cyprinus carpio","ID_0277","South Africa","Cyprinidae",273,1450,"Common carp","Cypriniformes","Cyprinus",-22.45,13.33,0.89,0.58,"SD",22,"Muscle","Lake_Gariep","Lentic","South Africa","ZAF","Africa",25.766667,-30.633333,11329,"brackish; freshwater","introduced",1,0
"800","Cyprinus carpio","ID_0278","United States of America","Cyprinidae",256,1450,"Common carp","Cypriniformes","Cyprinus",-24.89,13.53,2.19,1.22,"SD",35,"Muscle","Utah_Lake","Lentic","United States","USA","North America",-111.786225,40.230214,11329,"brackish; freshwater","introduced",1,0
"801","Cyprinus carpio","ID_0284","United States of America","Cyprinidae",256,1450,"Common carp","Cypriniformes","Cyprinus",-15.42,11.05,NA,NA,"SD",1,"Muscle","Rio_Grande_Bernardo_Autumn","Lotic","United States","USA","North America",-106.799697,34.4176,11329,"brackish; freshwater","introduced",1,0
"802","Cyprinus carpio","ID_0285","United States of America","Cyprinidae",256,1450,"Common carp","Cypriniformes","Cyprinus",-16.35,15.35,0.79,0.06,"SD",2,"Muscle","Rio_Grande_Bernardo_Spring","Lotic","United States","USA","North America",-106.799697,34.4176,11329,"brackish; freshwater","introduced",1,0
"803","Cyprinus carpio","ID_0286","United States of America","Cyprinidae",256,1450,"Common carp","Cypriniformes","Cyprinus",-16.98,13.57,1.02,0.42,"SD",5,"Muscle","Rio_Grande_Bernardo_Summer","Lotic","United States","USA","North America",-106.799697,34.4176,11329,"brackish; freshwater","introduced",1,0
"804","Cyprinus carpio","ID_0287","United States of America","Cyprinidae",256,1450,"Common carp","Cypriniformes","Cyprinus",-18.74,14.77,0.71,0.01,"SD",2,"Muscle","Rio_Grande_Bosque_Spring","Lotic","United States","USA","North America",-106.866697,33.794908,11329,"brackish; freshwater","introduced",1,0
"805","Cyprinus carpio","ID_0291","China","Cyprinidae",52,1450,"Common carp","Cypriniformes","Cyprinus",-20.23,9.24,0.28,0.27,"SE",3,NA,"Hanfeng_lake_A_Impact","Lentic","China","CHN","Asia",108.678896,31.073116,11329,"brackish; freshwater","introduced",1,1
"807","Cyprinus carpio","ID_0292","China","Cyprinidae",52,1450,"Common carp","Cypriniformes","Cyprinus",-23.07,11.03,0.74,0.87,"SE",3,NA,"Hanfeng_lake_D_Control","Lentic","China","CHN","Asia",108.678896,31.073116,11329,"brackish; freshwater","introduced",1,1
"809","Cyprinus carpio","ID_0293","China","Cyprinidae",52,1450,"Common carp","Cypriniformes","Cyprinus",-20.23,9.24,0.28,0.27,"SE",3,NA,"Hanfeng_lake_of_Xiojiang_river_juillet_2010","Lentic","China","CHN","Asia",108.678896,31.073116,11329,"brackish; freshwater","introduced",1,1
"811","Cyprinus carpio","ID_0294","China","Cyprinidae",52,1450,"Common carp","Cypriniformes","Cyprinus",-22.72,10.17,0.32,0.15,"SE",3,NA,"Hanfeng_lake_of_Xiojiang_river_decembre_2010","Lentic","China","CHN","Asia",108.678896,31.073116,11329,"brackish; freshwater","introduced",1,1
"813","Cyprinus carpio","ID_0295","China","Cyprinidae",52,1450,"Common carp","Cypriniformes","Cyprinus",-22.41,10.06,1.11,0.59,"SE",6,NA,"Xiojiang_river_juillet_2010","Lentic","China","CHN","Asia",108.678896,31.073116,11329,"brackish; freshwater","introduced",1,1
"815","Cyprinus carpio","ID_0296","China","Cyprinidae",52,1450,"Common carp","Cypriniformes","Cyprinus",-21.02,13.97,1.71,0.58,"SE",4,NA,"Xiojiang_river_decembre_2010","Lentic","China","CHN","Asia",108.678896,31.073116,11329,"brackish; freshwater","introduced",1,1
"817","Cyprinus carpio","ID_0311","China","Cyprinidae",52,1450,"Common carp","Cypriniformes","Cyprinus",-22.9,14.2,2,1.2,"SD",5,NA,"Lake_Chaohu_sep_2003","Lentic","China","CHN","Asia",117.538376,31.538749,11329,"brackish; freshwater","introduced",1,1
"819","Cyprinus carpio","ID_0319","China","Cyprinidae",52,1450,"Common carp","Cypriniformes","Cyprinus",-26.7,10.6,1.4,0.1,"SD",2,NA,"Lake_Poyang_Xingzi","Lentic","China","CHN","Asia",116.276092,29.116175,11329,"brackish; freshwater","introduced",1,1
"821","Cyprinus carpio","ID_0320","China","Cyprinidae",52,1450,"Common carp","Cypriniformes","Cyprinus",-24.4,13.7,NA,NA,NA,1,NA,"Lake_Poyang_Duchang","Lentic","China","CHN","Asia",116.276092,29.116175,11329,"brackish; freshwater","introduced",1,1
"823","Cyprinus carpio","ID_0327","United States of America","Cyprinidae",256,1450,"Common carp","Cypriniformes","Cyprinus",-21.33,7.97,0.35,0.5,"SD",5,"Fin","Utah_San_Rafael_River_Lower","Lotic","United States","USA","North America",-110.3715,38.854,11329,"brackish; freshwater","introduced",1,0
"824","Cyprinus carpio","ID_0332","New Zealand","Cyprinidae",188,1450,"Common carp","Cypriniformes","Cyprinus",-24.28,11.83,NA,NA,NA,NA,"Muscle","Waikato_River_freshwater_tidal_zone_automn_2009","Lotic","New Zealand","NZL","Oceania",174.979906,-37.287302,11329,"brackish; freshwater","introduced",1,0
"825","Cyprinus carpio","ID_0333","China","Cyprinidae",52,1450,"Common carp","Cypriniformes","Cyprinus",-25.92,11.62,NA,NA,NA,NA,"Muscle","Lake_Poyang_March_2008","Lentic","China","CHN","Asia",116.276092,29.116175,11329,"brackish; freshwater","introduced",1,1
"827","Cyprinus carpio","ID_0334","China","Cyprinidae",52,1450,"Common carp","Cypriniformes","Cyprinus",-24.86,14.73,NA,NA,NA,NA,"Muscle","Lake_Poyang_July_2008","Lentic","China","CHN","Asia",116.276092,29.116175,11329,"brackish; freshwater","introduced",1,1
"829","Cyprinus carpio","ID_0399","Canada","Cyprinidae",48,1450,"Common carp","Cypriniformes","Cyprinus",-23.23,8.11,0.31,0.53,"SD",5,"Muscle","Last_Mountain_Lake","Lentic","Canada","CAN","North America",-105.263214,51.103522,11329,"brackish; freshwater","introduced",1,0
"830","Cyprinus carpio","ID_0416","France","Cyprinidae",86,1450,"Common carp","Cypriniformes","Cyprinus",-16.94,15.8,0.32,0.41,"SD",5,"Fin","Barbis_gravelpitlake_BAA","Lentic","France","FRA","Europe",1.202065,43.322349,11329,"brackish; freshwater","introduced",1,0
"831","Cyprinus carpio","ID_0417","France","Cyprinidae",86,1450,"Common carp","Cypriniformes","Cyprinus",-25.08,12.7,1.96,0.88,"SD",4,"Fin","Bidot_gravelpitlake_BID","Lentic","France","FRA","Europe",1.285494,43.525573,11329,"brackish; freshwater","introduced",1,0
"832","Cyprinus carpio","ID_0420","New Zealand","Cyprinidae",188,1450,"Common carp","Cypriniformes","Cyprinus",-25.93,9.14,1.67,1.92,"SD",6,"Muscle","Lake_Waahi","Lentic","New Zealand","NZL","Oceania",175.127128,-37.558413,11329,"brackish; freshwater","introduced",1,0
"833","Cyprinus carpio","ID_0421","Ethiopia","Cyprinidae",82,1450,"Common carp","Cypriniformes","Cyprinus",-21.35,14.53,2.16,1.44,"SD",20,"Muscle","Lake_Koka","Lentic","Ethiopia","ETH","Africa",39.089487,8.402494,11329,"brackish; freshwater","introduced",1,0
"834","Cyprinus carpio","ID_0422","United States of America","Cyprinidae",256,1450,"Common carp","Cypriniformes","Cyprinus",-25.65,14.67,NA,NA,NA,10,"Muscle","Contemporary_Lower_Illinois_River_CL","Lotic","United States","USA","North America",-89.627716,40.631024,11329,"brackish; freshwater","introduced",1,0
"835","Cyprinus carpio","ID_0423","United States of America","Cyprinidae",256,1450,"Common carp","Cypriniformes","Cyprinus",-25.95,16.83,NA,NA,NA,10,"Muscle","Contemporary_Upper_Illinois_River_CU","Lotic","United States","USA","North America",-88.359041,41.309955,11329,"brackish; freshwater","introduced",1,0
"836","Cyprinus carpio","ID_0424","United States of America","Cyprinidae",256,1450,"Common carp","Cypriniformes","Cyprinus",-26.5,17.25,NA,NA,NA,NA,"Muscle","Historical_Lower_Illinois_River_HL","Lotic","United States","USA","North America",-89.627716,40.631024,11329,"brackish; freshwater","introduced",1,0
"837","Cyprinus carpio","ID_0425","United States of America","Cyprinidae",256,1450,"Common carp","Cypriniformes","Cyprinus",-27.16,13,NA,NA,NA,5,"Muscle","Historical_Upper_Illinois_River_HU","Lotic","United States","USA","North America",-88.35904,40.309955,11329,"brackish; freshwater","introduced",1,0
"838","Cyprinus carpio","ID_0426","Romania","Cyprinidae",207,1450,"Common carp","Cypriniformes","Cyprinus",-26.09,11.94,1.42,1.69,"SD",2,"Muscle","Olt_river_Babeni_Reservoir","Lentic","Romania","ROU","Europe",24.693516,43.813436,11329,"brackish; freshwater","introduced",1,0
"839","Cyprinus carpio","ID_0427","United States of America","Cyprinidae",256,1450,"Common carp","Cypriniformes","Cyprinus",-25.9,11,0.49,1.35,"SD",11,"Muscle","Washoe_Lake","Lentic","United States","USA","North America",-119.8,39.266667,11329,"brackish; freshwater","introduced",1,0
"840","Cyprinus carpio","ID_0428","United States of America","Cyprinidae",256,1450,"Common carp","Cypriniformes","Cyprinus",-25.74,11.9,1.54,1.67,"SD",21,"Muscle","Frog_Pond_&_Rosewood_Lake","Lentic","United States","USA","North America",-119.8,39.266667,11329,"brackish; freshwater","introduced",1,0
"841","Cyprinus carpio","ID_0429","Canada","Cyprinidae",48,1450,"Common carp","Cypriniformes","Cyprinus",-24.51,14.32,1.31,2.71,"SD",17,"Muscle","Hamilton_Harbour_East","Lentic","Canada","CAN","North America",-79.888416,43.287682,11329,"brackish; freshwater","introduced",1,0
"842","Cyprinus carpio","ID_0430","Canada","Cyprinidae",48,1450,"Common carp","Cypriniformes","Cyprinus",-25.03,18.91,0.45,1.19,"SD",3,"Muscle","Hamilton_Harbour_West","Lentic","Canada","CAN","North America",-79.812182,43.311164,11329,"brackish; freshwater","introduced",1,0
"843","Cyprinus carpio","ID_0432","United States of America","Cyprinidae",256,1450,"Common carp","Cypriniformes","Cyprinus",-27.7,13.1,0.28,3.11,"SD",2,"Muscle","Red_and_Atchafalaya_rivers","Lotic","United States","USA","North America",-91.716333,31.076184,11329,"brackish; freshwater","introduced",1,0
"844","Cyprinus carpio","ID_0433","China","Cyprinidae",52,1450,"Common carp","Cypriniformes","Cyprinus",-23.2,11.2,1.9,1.2,"SD",9,"Muscle","Xin’anjiang_Reservoir","Lentic","China","CHN","Asia",119.333518,29.515466,11329,"brackish; freshwater","introduced",1,1
"846","Cyprinus carpio","ID_0434","Spain","Cyprinidae",80,1450,"Common carp","Cypriniformes","Cyprinus",-28.7,19.8,1.1,1.3,"SD",30,"Muscle","Flix_Reservoir","Lentic","Spain","ESP","Europe",0.527961,41.235859,11329,"brackish; freshwater","introduced",1,0
"847","Cyprinus carpio","ID_0435","Netherlands","Cyprinidae",184,1450,"Common carp","Cypriniformes","Cyprinus",-24.82,14.13,0.46,2.21,"SD",2,"Muscle","River_WaalRhin_1996-1998","Lotic","Netherlands","NLD","Europe",5.740579,51.766496,11329,"brackish; freshwater","introduced",1,0
"848","Cyprinus carpio","ID_0437","China","Cyprinidae",52,1450,"Common carp","Cypriniformes","Cyprinus",-22.02,18.1,0.6,NA,"SD",7,NA,"Taihu_Lake_","Lentic","China","CHN","Asia",120.192,31.246,11329,"brackish; freshwater","introduced",1,1
"850","Cyprinus carpio","ID_0438","China","Cyprinidae",52,1450,"Common carp","Cypriniformes","Cyprinus",-37.11,18.35,1.12,0.68,"SD",33,"Muscle","Lake_Taihu_clear_water_regime_Clear-G","Lentic","China","CHN","Asia",120.121626,31.251239,11329,"brackish; freshwater","introduced",1,1
"852","Cyprinus carpio","ID_0439","China","Cyprinidae",52,1450,"Common carp","Cypriniformes","Cyprinus",-38.52,17.72,0.95,0.93,"SD",49,"Muscle","Gonghu_Bay_turbid_regime_Turbid-G","Lentic","China","CHN","Asia",120.373303,31.451734,11329,"brackish; freshwater","introduced",1,1
"854","Cyprinus carpio","ID_0440","China","Cyprinidae",52,1450,"Common carp","Cypriniformes","Cyprinus",-38.81,18.48,2.12,1.28,"SD",51,"Muscle","Meiliang_Bay_Turbid-M","Lentic","China","CHN","Asia",120.181697,31.523389,11329,"brackish; freshwater","introduced",1,1
"856","Cyprinus carpio","ID_0441","South Africa","Cyprinidae",273,1450,"Common carp","Cypriniformes","Cyprinus",-21.18,21.04,1.36,1.71,"95%CI",6,"Muscle","Rietvlei_Dam","Lentic","South Africa","ZAF","Africa",28.274099,-25.879334,11329,"brackish; freshwater","introduced",1,0
"857","Cyprinus carpio","ID_0444","France","Cyprinidae",86,1450,"Common carp","Cypriniformes","Cyprinus",-19.76,11.58,1.83,1.61,"SD",5,"Fin","Birazel_BIR_gravelpitlake","Lentic","France","FRA","Europe",1.289764,43.530329,11329,"brackish; freshwater","introduced",1,0
"858","Cyprinus carpio","ID_0448","Mexico","Cyprinidae",159,1450,"Common carp","Cypriniformes","Cyprinus",-24.57,15.4,1.56,1.46,"SD",50,"Muscle","Lake_Patzcuaro","Lentic","Mexico","MEX","South America",-101.633333,19.633333,11329,"brackish; freshwater","introduced",1,0
"859","Cyprinus carpio","ID_0449","France","Cyprinidae",86,1450,"Common carp","Cypriniformes","Cyprinus",-19.06,14.76,0.51,0.69,"SD",2,"Fin","Four de Louge_gravelpitlake_FDL","Lentic","France","FRA","Europe",1.302606,43.43998,11329,"brackish; freshwater","introduced",1,0
"860","Cyprinus carpio","ID_0450","France","Cyprinidae",86,1450,"Common carp","Cypriniformes","Cyprinus",-21.42,11.05,0.8,0.64,"SD",8,"Fin","Lamartine1_gravelpitlake_LAM1","Lentic","France","FRA","Europe",1.337336,43.506265,11329,"brackish; freshwater","introduced",1,0
"861","Cyprinus carpio","ID_0451","France","Cyprinidae",86,1450,"Common carp","Cypriniformes","Cyprinus",-18.59,12.44,0.63,1.13,"SD",7,"Fin","Lavernose_gravelpitlake_LAV","Lentic","France","FRA","Europe",1.265891,43.386392,11329,"brackish; freshwater","introduced",1,0
"862","Cyprinus carpio","ID_0452","France","Cyprinidae",86,1450,"Common carp","Cypriniformes","Cyprinus",-22.59,18.21,1.23,0.89,"SD",5,"Fin","Pouvil_gravelpitlake_POU","Lentic","France","FRA","Europe",1.258473,43.371928,11329,"brackish; freshwater","introduced",1,0
"863","Cyprinus carpio","ID_0459","China","Cyprinidae",52,1450,"Common carp","Cypriniformes","Cyprinus",-21.88,8.45,1.52,2.32,"SD",26,"Muscle","Three_Gorges_Reservoir","Lentic","China","CHN","Asia",106.555183,29.543405,11329,"brackish; freshwater","introduced",1,1
"865","Cyprinus carpio","ID_0462","New Zealand","Cyprinidae",188,1450,"Common carp","Cypriniformes","Cyprinus",-25.4,12.8,0.31,0.16,"SE",7,"Muscle","Ngaroto","Lentic","New Zealand","NZL","Oceania",175.288889,-37.955556,11329,"brackish; freshwater","introduced",1,0
"866","Cyprinus carpio","ID_0463","New Zealand","Cyprinidae",188,1450,"Common carp","Cypriniformes","Cyprinus",-27.5,11.4,0.19,0.31,"SE",6,"Muscle","Ohinewai","Lentic","New Zealand","NZL","Oceania",175.172222,-37.494444,11329,"brackish; freshwater","introduced",1,0
"867","Cyprinus carpio","ID_0464","New Zealand","Cyprinidae",188,1450,"Common carp","Cypriniformes","Cyprinus",-28.8,8.2,1.09,0.41,"SE",4,"Muscle","Okowhao","Lentic","New Zealand","NZL","Oceania",175.935278,-38.063889,11329,"brackish; freshwater","introduced",1,0
"868","Cyprinus carpio","ID_0474","Belgium","Cyprinidae",25,1450,"Common carp","Cypriniformes","Cyprinus",-34.99,12.84,0.35,0.35,"SE",10,"Muscle","Belgium_Pond_2","Lentic","Belgium","BEL","Europe",4.181944,51.038233,11329,"brackish; freshwater","introduced",1,0
"869","Cyprinus carpio","ID_0480","China","Cyprinidae",52,1450,"Common carp","Cypriniformes","Cyprinus",-19.8,10,1,0.5,"SD",NA,"Muscle","Restored_basin_Huizhou_West_Lake(MDB)","Lentic","China","CHN","Asia",114.393889,23.0975,11329,"brackish; freshwater","introduced",1,1
"871","Cyprinus carpio","ID_0481","China","Cyprinidae",52,1450,"Common carp","Cypriniformes","Cyprinus",-25.4,16.9,0.2,0.1,"SD",NA,"Muscle","Unrestored_basin_Huizhou_West_Lake(PDB)","Lentic","China","CHN","Asia",114.393889,23.0975,11329,"brackish; freshwater","introduced",1,1
"873","Cyprinus carpio","ID_0482","China","Cyprinidae",52,1450,"Common carp","Cypriniformes","Cyprinus",-28.17,11.19,0.69,0.45,"SE",12,"Muscle","Chaohu_Lake_Basin","Both","China","CHN","Asia",117.518723,31.53078,11329,"brackish; freshwater","introduced",1,1
"875","Cyprinus carpio","ID_0483","China","Cyprinidae",52,1450,"Common carp","Cypriniformes","Cyprinus",-26.12,14.95,0.63,0.53,"SE",32,"Muscle","Taihu_Lake_Basin","Both","China","CHN","Asia",120.109388,31.193253,11329,"brackish; freshwater","introduced",1,1
"877","Cyprinus carpio","ID_0486","Italy","Cyprinidae",126,1450,"Common carp","Cypriniformes","Cyprinus",-25.2,14.1,0.4,1,"SE",3,"Muscle","Arno_river","Lotic","Italy","ITA","Europe",11.050653,43.116756,11329,"brackish; freshwater","introduced",1,0
"878","Cyprinus carpio","ID_0491","China","Cyprinidae",52,1450,"Common carp","Cypriniformes","Cyprinus",-26.9,11.2,5.6,1.9,"SD",9,"Muscle","Dongting_Lake","Lentic","China","CHN","Asia",112.212967,28.896485,11329,"brackish; freshwater","introduced",1,1
"880","Cyprinus carpio","ID_0498","China","Cyprinidae",52,1450,"Common carp","Cypriniformes","Cyprinus",-22.08,7.39,1.69,0.35,"SD",5,"Muscle","Huangshui_River_ZoneB&C","Lotic","China","CHN","Asia",111.035,29.645278,11329,"brackish; freshwater","introduced",1,1
"882","Cyprinus carpio","ID_0500","China","Cyprinidae",52,1450,"Common carp","Cypriniformes","Cyprinus",-26.92,6.66,2.85,1.66,"SD",8,"Muscle","Huangshui_River_ZoneG","Lotic","China","CHN","Asia",111.035,29.645278,11329,"brackish; freshwater","introduced",1,1
"884","Cyprinus carpio","ID_0504","China","Cyprinidae",52,1450,"Common carp","Cypriniformes","Cyprinus",-29.03,14.21,0.37,0.12,"SD",NA,"Bulk","Lake_Dianshnan","Lentic","China","CHN","Asia",120.965523,31.107033,11329,"brackish; freshwater","introduced",1,1
"886","Cyprinus carpio","ID_0516","Spain","Cyprinidae",80,1450,"Common carp","Cypriniformes","Cyprinus",-31.54,10.7,0.07,0.05,"SD",3,"Muscle","Site1_Brazo_del_Este","Lotic","Spain","ESP","Europe",-6.054532,37.198678,11329,"brackish; freshwater","introduced",1,0
"887","Cyprinus carpio","ID_0517","Spain","Cyprinidae",80,1450,"Common carp","Cypriniformes","Cyprinus",-24.5,15.7,0.3,0.1,"SD",3,"Muscle","Site2_Puente_de_los_Vaqueros","Lotic","Spain","ESP","Europe",-6.073749,37.226697,11329,"brackish; freshwater","introduced",1,0
"888","Cyprinus carpio","ID_0519","Iran","Cyprinidae",122,1450,"Common carp","Cypriniformes","Cyprinus",-24.97,8.29,0.11,0.54,"SD",3,"Muscle","Anzali_Wetland_complex","Both","Iran","IRN","Africa",49.336893,37.477576,11329,"brackish; freshwater","introduced",1,0
"889","Cyprinus carpio","ID_0538","Mexico","Cyprinidae",159,1450,"Common carp","Cypriniformes","Cyprinus",-29.3,8.1,NA,NA,"SE",1,"Muscle","Lower_Río_Lacanjá10","Lotic","Mexico","MEX","South America",-90.522631,16.329759,11329,"brackish; freshwater","introduced",1,0
"890","Cyprinus carpio","ID_0550","United States of America","Cyprinidae",256,1450,"Common carp ","Cypriniformes","Cyprinus",-28.34,8.28,0.96,0.76,"SD",14,"Muscle","SW04","Lotic","United States","USA","North America",-107.1476,42.488328,11329,"brackish; freshwater","introduced",1,0
"891","Cyprinus carpio","ID_0558","United States of America","Cyprinidae",256,1450,"Common carp ","Cypriniformes","Cyprinus",-26.61,10.26,0.44,0.94,"SD",8,"Muscle","LR04","Lotic","United States","USA","North America",-105.722747,41.227001,11329,"brackish; freshwater","introduced",1,0
"892","Cyprinus carpio","ID_0559","United States of America","Cyprinidae",256,1450,"Common carp ","Cypriniformes","Cyprinus",-27.43,10.08,0.73,1.37,"SD",5,"Muscle","LR05","Lotic","United States","USA","North America",-105.605355,41.309678,11329,"brackish; freshwater","introduced",1,0
"893","Cyprinus carpio","ID_0560","United States of America","Cyprinidae",256,1450,"Common carp ","Cypriniformes","Cyprinus",-27.61,9.98,1.23,1.02,"SD",4,"Muscle","LR06","Lotic","United States","USA","North America",-105.414398,41.927815,11329,"brackish; freshwater","introduced",1,0
"894","Cyprinus carpio","ID_0561","United States of America","Cyprinidae",256,1450,"Common carp ","Cypriniformes","Cyprinus",-26.41,9.5,0.85,0.42,"SD",23,"Muscle","LR07","Lotic","United States","USA","North America",-105.123964,42.056708,11329,"brackish; freshwater","introduced",1,0
"895","Cyprinus carpio","ID_0562","United States of America","Cyprinidae",256,1450,"Common carp ","Cypriniformes","Cyprinus",-29.24,11.44,1.23,0.58,"SD",15,"Muscle","LR08","Lotic","United States","USA","North America",-104.852362,42.123592,11329,"brackish; freshwater","introduced",1,0
"896","Cyprinus carpio","ID_0565","France","Cyprinidae",86,1450,"Common carp","Cypriniformes","Cyprinus",-21.95,17.71,0.44,0.5,"SD",2,"Fin","SAB","Lentic","France","FRA","Europe",1.251335,43.364617,11329,"brackish; freshwater","introduced",1,0
"897","Cyprinus carpio","ID_0567","China","Cyprinidae",52,1450,"Common carp","Cypriniformes","Cyprinus",-22.9,14.2,2,1.2,"SD",5,"Muscle","Lake_Chaohu","Lentic","China","CHN","Asia",117.557175,31.518489,11329,"brackish; freshwater","introduced",1,1
"899","Cyprinus carpio","ID_0569","Canada","Cyprinidae",48,1450,"Common carp","Cypriniformes","Cyprinus",-16.9,11.6,0.05,0.08,"SD",NA,"Muscle","Upper_Niagara_River","Lotic","United States","USA","North America",-78.943416,42.956704,11329,"brackish; freshwater","introduced",1,0
"900","Cyprinus carpio","ID_0577","United States of America","Cyprinidae",256,1450,"Common carp","Cypriniformes","Cyprinus",-17.4,11.9,0,0.3,"SE",3,"Muscle","Pecos_River","Lotic","United States","USA","North America",-104.271247,33.041703,11329,"brackish; freshwater","introduced",1,0
"901","Cyprinus carpio","ID_0578","Italy","Cyprinidae",126,1450,"Common carp","Cypriniformes","Cyprinus",-22.65,9.97,0.58,0.17,"SD",NA,"Muscle","Lake_Trasimeno","Lentic","Italy","ITA","Europe",12.100064,43.133283,11329,"brackish; freshwater","introduced",1,0
"902","Cyprinus carpio","ID_0613","Australia","Cyprinidae",20,1450,"Common carp","Cypriniformes","Cyprinus",-21.76,10.23,1.98,1.21,"SD",21,"Muscle/fin","Border_Rivers_Booligar","Lotic","Australia","AUS","Oceania",148.079656,-28.924847,11329,"brackish; freshwater","introduced",1,0
"903","Cyprinus carpio","ID_0614","Australia","Cyprinidae",20,1450,"Common carp","Cypriniformes","Cyprinus",-22.12,10.71,1.4,1.01,"SD",20,"Muscle/Fin","Border_Rivers_Gidi_gidi","Lotic","Australia","AUS","Oceania",150.047162,-28.403415,11329,"brackish; freshwater","introduced",1,0
"904","Cyprinus carpio","ID_0615","Australia","Cyprinidae",20,1450,"Common carp","Cypriniformes","Cyprinus",-21.53,10.32,1.38,1.98,"SD",21,"Muscle/Fin","Border_Rivers_St_George","Lotic","Australia","AUS","Oceania",148.572395,-28.071618,11329,"brackish; freshwater","introduced",1,0
"905","Cyprinus carpio","ID_0616","Australia","Cyprinidae",20,1450,"Common carp","Cypriniformes","Cyprinus",-23.19,10.37,0.88,0.86,"SD",21,"Muscle/Fin","Border_Rivers_Talwood","Lotic","Australia","AUS","Oceania",149.489341,-28.497575,11329,"brackish; freshwater","introduced",1,0
"906","Cyprinus carpio","ID_0617","Australia","Cyprinidae",20,1450,"Common carp","Cypriniformes","Cyprinus",-21.23,9.63,1.5,1.39,"SD",21,"Muscle/Fin","Border_Rivers_Wyenbah","Lotic","Australia","AUS","Oceania",148.321851,-28.383664,11329,"brackish; freshwater","introduced",1,0
"907","Cyprinus carpio","ID_0760","China","Cyprinidae",52,1450,"Common carp","Cypriniformes","Cyprinus",-22.06,16.47,0.58,0.56,NA,NA,"Muscle","Lake_Chaohu","Lentic","China","CHN","Asia",117.361077,31.663703,11329,"brackish; freshwater","introduced",1,1
"909","Cyprinus carpio","ID_0773","Turkey","Cyprinidae",246,1450,"Common carp","Cypriniformes","Cyprinus",-27.11,12.38,2.86,2.24,"SD",4,"Muscle","River_Karamenderes_Site_Kif","Lotic","Turkey","TUR","Asia",26.216387,39.941937,11329,"brackish; freshwater","introduced",1,1
"911","Cyprinus carpio","ID_0793","Mexico","Cyprinidae",159,1450,"Common carp","Cypriniformes","Cyprinus",-23.85,9.18,0.69,0.26,"SE",NA,"Muscle","Lake_Zacapu","Lentic","Mexico","MEX","South America",-101.787562,19.824769,11329,"brackish; freshwater","introduced",1,0
"912","Cyprinus carpio","ID_0837","China","Cyprinidae",52,1450,"Common carp","Cypriniformes","Cyprinus",-27.32,7.79,0.34,0.27,"SD",12,"Muscle","Wulungu_Lake","Lentic","China","CHN","Asia",87.18,46.76,11329,"brackish; freshwater","introduced",1,1
"914","Cyprinus carpio","ID_0840","China","Cyprinidae",52,1450,"Common carp","Cypriniformes","Cyprinus",-20.83,16.56,0.68,2.2,"SD",9,"Muscle","Lake_Dianshan_Shangai","Lentic","China","CHN","Asia",120.967583,31.111008,11329,"brackish; freshwater","introduced",1,1
"916","Cyprinus carpio","ID_0868","France","Cyprinidae",86,1450,"Common carp","Cypriniformes","Cyprinus",-26.91,17.15,0.67,2.73,"SD",2,"Fin","024_Mauldre_Beynes","Lotic","France","FRA","Europe",1.879623405,48.8434477,11329,"brackish; freshwater","introduced",1,0
"917","Cyprinus carpio","ID_0877","France","Cyprinidae",86,1450,"Common carp","Cypriniformes","Cyprinus",-25.07,15.32,NA,NA,"SD",1,"Fin","041_Rémarde, Val-St-Germain","Lotic","France","FRA","Europe",2.073518185,48.56872397,11329,"brackish; freshwater","introduced",1,0
"918","Cyprinus carpio","ID_0928","Australia","Cyprinidae",20,1450,"Common carp","Cypriniformes","Cyprinus",-24.88,13.07,1.19,1.03,"SD",3,"Fin","Brisbane River_04","Lotic","Australia","AUS","Oceania",152.640734,-27.430624,11329,"brackish; freshwater","introduced",1,0
"919","Esox americanus","ID_0371","United States of America","Esocidae",256,2709,"Redfin Pickerel","Esociformes","Esox",-29.4,12.2,NA,NA,"SD",1,"Muscle","McTier_Creek_near_NewHolland_date_39933","Lotic","United States","USA","North America",-81.6075,33.7175,11655,"brackish; freshwater","introduced",1,1
"921","Esox americanus","ID_0372","United States of America","Esocidae",256,2709,"Redfin Pickerel","Esociformes","Esox",-28.6,10.5,NA,NA,"SD",1,"Muscle","McTier_Creek_near_NewHolland_date_39995","Lotic","United States","USA","North America",-81.6075,33.7175,11655,"brackish; freshwater","introduced",1,1
"923","Esox americanus","ID_0376","United States of America","Esocidae",256,2709,"Redfin Pickerel","Esociformes","Esox",-30.85,12.05,1.91,0.07,"SD",2,"Muscle","McTier_Creek_near_NewHolland_date_39553","Lotic","United States","USA","North America",-81.6075,33.7175,11655,"brackish; freshwater","introduced",1,1
"925","Esox lucius","ID_0050","United Kingdom","Esocidae",91,258,"Northern pike","Esociformes","Esox",-29.24,14.52,0.39,0.91,"SD",48,"Fin","River_Frome","Lotic","United Kingdom","GBR","Europe",-2.178333,50.667778,11657,"brackish; freshwater","introduced",1,1
"927","Esox lucius","ID_0089","United States of America","Esocidae",256,258,"Northern pike","Esociformes","Esox",-22.7,10,NA,NA,NA,NA,"Muscle","Lake_Huron_Michigan","Lentic","Canada","CAN","North America",-83.324229,45.083948,11657,"brackish; freshwater","introduced",1,1
"929","Esox lucius","ID_0091","United States of America","Esocidae",256,258,"Northern pike","Esociformes","Esox",-19.3,10.5,NA,NA,NA,NA,"Muscle","Lake_Huron_Squaw_Bay","Lentic","Canada","CAN","North America",-83.455886,45.004585,11657,"brackish; freshwater","introduced",1,1
"931","Esox lucius","ID_0103","United Kingdom","Esocidae",91,258,"Northern pike","Esociformes","Esox",-28.35,16.6,0.31,0.29,"SD",NA,"Muscle","Bayfield_Hall_Lake","Lentic","United Kingdom","GBR","Europe",1.046226,52.921194,11657,"brackish; freshwater","introduced",1,1
"933","Esox lucius","ID_0111","Canada","Esocidae",48,258,"Northern pike","Esociformes","Esox",-16.25,11.43,0.45,3.04,"SD",5,"Muscle","Sewage-exposed_sites_St_Lawrence_River_","Lotic","Canada","CAN","North America",-73.457086,45.700725,11657,"brackish; freshwater","introduced",1,1
"935","Esox lucius","ID_0112","Canada","Esocidae",48,258,"Northern pike","Esociformes","Esox",-17.25,13.57,2.32,0.64,"SD",7,"Muscle","Reference_sites_St_Lawrence_River_","Lotic","Canada","CAN","North America",-73.343306,45.807328,11657,"brackish; freshwater","introduced",1,1
"937","Esox lucius","ID_0149","United States of America","Esocidae",256,258,"Northern pike","Esociformes","Esox",-29.2,11.7,NA,NA,NA,NA,"Muscle","Lake_Superior_Allouez_Bay_Wisconsin","Lentic","United States","USA","North America",-92.006639,47.53271,11657,"brackish; freshwater","introduced",1,1
"939","Esox lucius","ID_0186","Canada","Esocidae",48,258,"Northern pike","Esociformes","Esox",-27.27,9.91,0.4,0.52,"SD",4,"Muscle","Lake_240_Experimental_Lakes_Area=boundary_lake_Northwestern_Ontario","Lentic","Canada","CAN","North America",-93.726386,49.654894,11657,"brackish; freshwater","introduced",1,1
"941","Esox lucius","ID_0188","Canada","Esocidae",48,258,"Northern pike","Esociformes","Esox",-24.3,9.24,1.6,1.32,"SD",3,"Muscle","Trout_Lake_Northwestern_Ontario","Lentic","Canada","CAN","North America",-93.350688,51.195059,11657,"brackish; freshwater","introduced",1,1
"943","Esox lucius","ID_0200","United States of America","Esocidae",256,258,"Northern pike","Esociformes","Esox",-29.2,11.7,NA,NA,NA,NA,"Muscle","Lake_Superior_Allouez_Bay_Wisconsin","Lentic","United States","USA","North America",-91.997942,46.689258,11657,"brackish; freshwater","introduced",1,1
"945","Esox lucius","ID_0201","Canada","Esocidae",48,258,"Northern pike","Esociformes","Esox",-18.8,15.46,NA,NA,NA,NA,"Muscle","Lake_Ontario_Waupoos_site_Spring","Lentic","Canada","CAN","North America",-77.998,44.001,11657,"brackish; freshwater","introduced",1,1
"947","Esox lucius","ID_0202","Canada","Esocidae",48,258,"Northern pike","Esociformes","Esox",-19.33,15.32,NA,NA,NA,NA,"Muscle","Lake_Ontario_Waupoos_site_Summer","Lentic","Canada","CAN","North America",-77.998,44.001,11657,"brackish; freshwater","introduced",1,1
"949","Esox lucius","ID_0203","Canada","Esocidae",48,258,"Northern pike","Esociformes","Esox",-19.36,15.2,NA,NA,NA,NA,"Muscle","Lake_Ontario_Waupoos_site_Fall","Lentic","Canada","CAN","North America",-77.998,44.001,11657,"brackish; freshwater","introduced",1,1
"951","Esox lucius","ID_0216","Canada","Esocidae",48,258,"Northern pike","Esociformes","Esox",-22.87,10.3,1.33,1.15,"SD",19,"Muscle","Lake_Alexie","Lentic","Canada","CAN","North America",-114.080029,62.674774,11657,"brackish; freshwater","introduced",1,1
"953","Esox lucius","ID_0217","Canada","Esocidae",48,258,"Northern pike","Esociformes","Esox",-22.53,10,1.83,1.1,"SD",11,"Muscle","Lake_Baptiste","Lentic","Canada","CAN","North America",-114.216667,62.7,11657,"brackish; freshwater","introduced",1,1
"955","Esox lucius","ID_0218","Canada","Esocidae",48,258,"Northern pike","Esociformes","Esox",-23.42,12.07,0.99,1.43,"SD",18,"Muscle","Lake_Chitty","Lentic","Canada","CAN","North America",-114.116667,62.7,11657,"brackish; freshwater","introduced",1,1
"957","Esox lucius","ID_0219","Canada","Esocidae",48,258,"Northern pike","Esociformes","Esox",-21.87,9.36,1.52,1.02,"SD",11,"Muscle","Lake_Drygeese","Lentic","Canada","CAN","North America",-114.166667,62.733333,11657,"brackish; freshwater","introduced",1,1
"959","Esox lucius","ID_0228","United States of America","Esocidae",256,258,"Northern pike","Esociformes","Esox",-16.86,13.32,1.41,0.67,"SD",8,"Muscle","Thousand_Islands_region_St_Lawrence_River_","Lotic","United States","USA","North America",-76.04845,44.27028,11657,"brackish; freshwater","introduced",1,1
"961","Esox lucius","ID_0252","United Kingdom","Esocidae",91,258,"Northern pike","Esociformes","Esox",-24.7,11.48,0.16,0.25,"SD",NA,NA,"Loch_Ness","Lentic","United Kingdom","GBR","Europe",-4.449953,57.299975,11657,"brackish; freshwater","introduced",1,1
"963","Esox lucius","ID_0279","Canada","Esocidae",48,258,"Northern pike","Esociformes","Esox",-21.8,9.5,1.8,1.2,"SD",11,"Muscle","Lake_Winnipeg_North_Basin","Lentic","Canada","CAN","North America",-98.753472,53.742603,11657,"brackish; freshwater","introduced",1,1
"965","Esox lucius","ID_0280","Canada","Esocidae",48,258,"Northern pike","Esociformes","Esox",-18.8,6.8,0.7,1.3,"SD",20,"Muscle","Lake_Winnipeg_South_Basin","Lentic","Canada","CAN","North America",-98.753472,53.742603,11657,"brackish; freshwater","introduced",1,1
"967","Esox lucius","ID_0298","Canada","Esocidae",48,258,"Northern pike","Esociformes","Esox",-23,13.7,0.6,1.1,"SD",6,"Muscle","Lake_Wabamun","Lentic","Canada","CAN","North America",-114.587222,53.529722,11657,"brackish; freshwater","introduced",1,1
"969","Esox lucius","ID_0304","Canada","Esocidae",48,258,"Northern pike","Esociformes","Esox",-24.62,9.62,0.45,0.75,"SD",10,"Muscle","Lake_Laberge_1993","Lentic","Canada","CAN","North America",-135.086667,61.086389,11657,"brackish; freshwater","introduced",1,1
"971","Esox lucius","ID_0305","Canada","Esocidae",48,258,"Northern pike","Esociformes","Esox",-24.69,10.83,0.71,0.52,"SD",5,"Muscle","Lake_Laberge_2000","Lentic","Canada","CAN","North America",-135.086667,61.086389,11657,"brackish; freshwater","introduced",1,1
"973","Esox lucius","ID_0306","Canada","Esocidae",48,258,"Northern pike","Esociformes","Esox",-25.32,11.09,0.73,0.21,"SD",5,"Muscle","Lake_Laberge_2001","Lentic","Canada","CAN","North America",-135.086667,61.086389,11657,"brackish; freshwater","introduced",1,1
"975","Esox lucius","ID_0325","Canada","Esocidae",48,258,"Northern pike","Esociformes","Esox",-25.27,9.29,0.69,0.36,"SD",6,"Muscle","Eva_Lake","Lentic","Canada","CAN","North America",-91.170158,48.71679,11657,"brackish; freshwater","introduced",1,1
"977","Esox lucius","ID_0352","Norway","Esocidae",185,258,"Northern pike","Esociformes","Esox",-26.25,11.05,0.44,0.93,"SD",10,"Muscle","Lake_Norsjo","Lentic","Norway","NOR","Europe",9.3013,59.299552,11657,"brackish; freshwater","introduced",1,1
"979","Esox lucius","ID_0381","Canada","Esocidae",48,258,"Northern pike","Esociformes","Esox",-22.4,13.2,0.2,0.4,"SD",2,"Muscle","Armstrong_Lake_Alberta","Lentic","Canada","CAN","North America",-113.64795,54.389004,11657,"brackish; freshwater","introduced",1,1
"981","Esox lucius","ID_0382","Norway","Esocidae",185,258,"Northern pike","Esociformes","Esox",-24.14,13.9,NA,NA,NA,NA,"Muscle","Lake_Oyeren","Lentic","Norway","NOR","Europe",11.214867,59.81859,11657,"brackish; freshwater","introduced",1,1
"983","Esox lucius","ID_0390","United Kingdom","Esocidae",91,258,"Northern pike","Esociformes","Esox",-30.7,21.6,0.3,0.2,"SD",NA,"Muscle","Cromes_Broad","Lentic","United Kingdom","GBR","Europe",1.514329,52.722726,11657,"brackish; freshwater","introduced",1,1
"985","Esox lucius","ID_0391","United Kingdom","Esocidae",91,258,"Northern pike","Esociformes","Esox",-27.3,18.9,0.1,0.4,"SD",NA,"Muscle","Cockshoot_broad","Lentic","United Kingdom","GBR","Europe",1.467226,52.687465,11657,"brackish; freshwater","introduced",1,1
"987","Esox lucius","ID_0392","United Kingdom","Esocidae",91,258,"Northern pike","Esociformes","Esox",-29.8,18.6,0.2,0.1,"SD",NA,"Muscle","Wroxham_Broad","Lentic","United Kingdom","GBR","Europe",1.417379,52.699586,11657,"brackish; freshwater","introduced",1,1
"989","Esox lucius","ID_0393","United Kingdom","Esocidae",91,258,"Northern pike","Esociformes","Esox",-29.3,18.9,0.8,0.8,"SD",NA,"Muscle","Salhouse_Broad","Lentic","United Kingdom","GBR","Europe",1.429378,52.689559,11657,"brackish; freshwater","introduced",1,1
"991","Esox lucius","ID_0396","Canada","Esocidae",48,258,"Northern pike","Esociformes","Esox",-23.51,13.06,0.47,0.55,"SD",7,"Muscle","Canoe_Lake_2006","Lentic","Canada","CAN","North America",-108.250465,55.176515,11657,"brackish; freshwater","introduced",1,1
"993","Esox lucius","ID_0397","Canada","Esocidae",48,258,"Northern pike","Esociformes","Esox",-24.46,12.31,0.42,0.49,"SD",12,"Muscle","Canoe_Lake_2007","Lentic","Canada","CAN","North America",-108.250465,55.176515,11657,"brackish; freshwater","introduced",1,1
"995","Esox lucius","ID_0398","Canada","Esocidae",48,258,"Northern pike","Esociformes","Esox",-21.09,12.04,1.3,1.4,"SD",13,"Muscle","Dore_Lake","Lentic","Canada","CAN","North America",-107.276058,54.773762,11657,"brackish; freshwater","introduced",1,1
"997","Esox lucius","ID_0399","Canada","Esocidae",48,258,"Northern pike","Esociformes","Esox",-22.24,12.06,0.92,1.52,"SD",16,"Muscle","Last_Mountain_Lake","Lentic","Canada","CAN","North America",-105.263214,51.103522,11657,"brackish; freshwater","introduced",1,1
"999","Esox lucius","ID_0430","Canada","Esocidae",48,258,"Northern pike","Esociformes","Esox",-24.06,18.42,0.68,1.78,"SD",21,"Muscle","Hamilton_Harbour_West","Lentic","Canada","CAN","North America",-79.812182,43.311164,11657,"brackish; freshwater","introduced",1,1
"1001","Esox lucius","ID_0519","Iran","Esocidae",122,258,"Northern pike","Esociformes","Esox",-25.27,9.48,2.53,2.07,"SD",3,"Muscle","Anzali_Wetland_complex","Both","Iran","IRN","Africa",49.336893,37.477576,11657,"brackish; freshwater","introduced",1,1
"1003","Esox lucius","ID_0566","Canada","Esocidae",48,258,"Northern pike","Esociformes","Esox",-20.05,8.05,1.85,1.2,"SD",15,"Muscle","Lake_Winnipeg","Lentic","Canada","CAN","North America",-97.720281,52.655531,11657,"brackish; freshwater","introduced",1,1
"1005","Esox lucius","ID_0588","Canada","Esocidae",48,258,"Northern pike","Esociformes","Esox",-27.59,11.76,0.98,0.73,"SD",25,"Muscle/Fin","Slave_River_Delta","Lotic","Canada","CAN","North America",-113.53,61.27,11657,"brackish; freshwater","introduced",1,1
"1007","Esox lucius","ID_0589","Canada","Esocidae",48,258,"Northern pike","Esociformes","Esox",-27.29,11.68,1.11,1.02,"SD",11,"Muscle/Fin","Slave_River_Smith","Lotic","Canada","CAN","North America",-113.53,61.27,11657,"brackish; freshwater","introduced",1,1
"1009","Esox lucius","ID_0753","Norway","Esocidae",185,258,"Northern pike","Esociformes","Esox",-24.2,8.34,NA,NA,NA,1,"Muscle","Takvatn","Lentic","Norway","NOR","Europe",19.083333,69.116667,11657,"brackish; freshwater","introduced",1,1
"1011","Esox lucius","ID_0759","Italy","Esocidae",126,258,"Northern pike","Esociformes","Esox",-15.47,9.42,0.58,0.27,"SD",NA,"Muscle","Lake_Bracciano","Lentic","Italy","ITA","Europe",12.237551,42.154135,11657,"brackish; freshwater","introduced",1,1
"1013","Esox lucius","ID_0799","Norway","Esocidae",185,258,"Northern pike","Esociformes","Esox",-23.72,8.12,0,0,"SD",NA,"Muscle","Lake_Sølensjøen","Lentic","Norway","NOR","Europe",11.68,61.88,11657,"brackish; freshwater","introduced",1,1
"1015","Esox lucius","ID_0849","United States of America","Esocidae",256,258,"Northern pike","Esociformes","Esox",-26.7,12.1,0.23,0.14,"SE",25,"Muscle","Lake_Elk_Minnesota","Lentic","United States","USA","North America",-95.803693,45.866885,11657,"brackish; freshwater","introduced",1,1
"1017","Esox lucius","ID_0912","United Kingdom","Esocidae",91,258,"Northern pike","Esociformes","Esox",-28.01,19.61,1.27,0.56,"SD",2,"Fin","Bure River_UK31","Lotic","United Kingdom","GBR","Europe",1.432164723,52.6928819,11657,"brackish; freshwater","introduced",1,1
"1019","Esox lucius","ID_0922","United Kingdom","Esocidae",91,258,"Northern pike","Esociformes","Esox",-27.71,19.35,1.28,0.67,"SD",15,"Fin","Bure River_UK55","Lotic","United Kingdom","GBR","Europe",1.445194295,52.70250482,11657,"brackish; freshwater","introduced",1,1
"1021","Esox masquinongy","ID_0228","United States of America","Esocidae",256,2711,"Muskellunge","Esociformes","Esox",-16.15,12.34,1.7,0.53,"SD",4,"Muscle","Thousand_Islands_region_St_Lawrence_River_","Lotic","United States","USA","North America",-76.04845,44.27028,11658,"freshwater","introduced",1,1
"1023","Esox masquinongy","ID_0849","United States of America","Esocidae",256,2711,"Muskellunge","Esociformes","Esox",-29.2,13.9,0.14,0.08,"SE",12,"Muscle","Lake_Elk_Minnesota","Lentic","United States","USA","North America",-95.803693,45.866885,11658,"freshwater","introduced",1,1
"1025","Esox niger","ID_0220","United States of America","Esocidae",256,2712,"Chain pickerel","Esociformes","Esox",-28.1,10.5,1,0.8,"SD",6,"Muscle","Caddo_Lake_Forested_wetland_Texas-Louisiana","Lentic","United States","USA","North America",-94.018833,32.710739,11659,"freshwater","introduced",1,1
"1027","Esox niger","ID_0371","United States of America","Esocidae",256,2712,"Chain pickerel","Esociformes","Esox",-31.7,9.5,NA,NA,"SD",1,"Muscle","McTier_Creek_near_NewHolland_date_39933","Lotic","United States","USA","North America",-81.6075,33.7175,11659,"freshwater","introduced",1,1
"1029","Esox niger","ID_0479","Canada","Esocidae",48,2712,"Chain pickerel","Esociformes","Esox",-27.2,12.8,NA,NA,NA,8,"Muscle","Mactaquac_Lake_summarized","Lentic","Canada","CAN","North America",-66.876,45.95,11659,"freshwater","introduced",1,1
"1031","Etheostoma blennioides","ID_0323","United States of America","Percidae",256,3402,"Greenside darter","Perciformes/Percoidei","Etheostoma",-24.05,12.77,NA,NA,NA,NA,"Muscle","Pennsylvania_Allegheny_River_Undredged","Lotic","United States","USA","North America",-79.489,40.8874,11925,"freshwater","introduced",1,1
"1033","Etheostoma blennioides","ID_0324","United States of America","Percidae",256,3402,"Greenside darter","Perciformes/Percoidei","Etheostoma",-24.57,12.53,NA,NA,NA,NA,"Muscle","Pennsylvania_Allegheny_River_Dredged","Lotic","United States","USA","North America",-79.489,40.8874,11925,"freshwater","introduced",1,1
"1035","Etheostoma blennioides","ID_0337","United States of America","Percidae",256,3402,"Greenside darter","Perciformes/Percoidei","Etheostoma",-26.82,15.34,NA,NA,NA,NA,"Muscle","Urban_2002","Lotic","United States","USA","North America",-85.829515,38.082419,11925,"freshwater","introduced",1,1
"1037","Etheostoma caeruleum","ID_0323","United States of America","Percidae",256,3405,"Rainbow darter","Perciformes/Percoidei","Etheostoma",-24.55,14.26,NA,NA,NA,NA,"Muscle","Pennsylvania_Allegheny_River_Undredged","Lotic","United States","USA","North America",-79.489,40.8874,11926,"freshwater","introduced",1,1
"1039","Etheostoma caeruleum","ID_0324","United States of America","Percidae",256,3405,"Rainbow darter","Perciformes/Percoidei","Etheostoma",-25.87,11.92,NA,NA,NA,NA,"Muscle","Pennsylvania_Allegheny_River_Dredged","Lotic","United States","USA","North America",-79.489,40.8874,11926,"freshwater","introduced",1,1
"1041","Etheostoma caeruleum","ID_0335","United States of America","Percidae",256,3405,"Rainbow darter","Perciformes/Percoidei","Etheostoma",-27.9,12.56,NA,NA,NA,NA,"Muscle","Rural_2002","Lotic","United States","USA","North America",-85.660629,37.923618,11926,"freshwater","introduced",1,1
"1043","Etheostoma exile","ID_0550","United States of America","Percidae",256,3420,"Iowa Darter","Perciformes/Percoidei","Etheostoma",-27.21,8.85,0.15,0.98,"SD",2,"Muscle","SW04","Lotic","United States","USA","North America",-107.1476,42.488328,11929,"freshwater","introduced",1,1
"1045","Etheostoma exile","ID_0558","United States of America","Percidae",256,3420,"Iowa Darter","Perciformes/Percoidei","Etheostoma",-27.37,9.46,1.08,0.34,"SD",23,"Muscle","LR04","Lotic","United States","USA","North America",-105.722747,41.227001,11929,"freshwater","introduced",1,1
"1047","Etheostoma exile","ID_0559","United States of America","Percidae",256,3420,"Iowa Darter","Perciformes/Percoidei","Etheostoma",-26.33,13.03,0.52,0.83,"SD",11,"Muscle","LR05","Lotic","United States","USA","North America",-105.605355,41.309678,11929,"freshwater","introduced",1,1
"1049","Etheostoma exile","ID_0561","United States of America","Percidae",256,3420,"Iowa Darter","Perciformes/Percoidei","Etheostoma",-25.73,9.7,0.35,0.26,"SD",3,"Muscle","LR07","Lotic","United States","USA","North America",-105.123964,42.056708,11929,"freshwater","introduced",1,1
"1051","Etheostoma nigrum","ID_0149","United States of America","Percidae",256,3445,"Johnny darter","Perciformes/Percoidei","Etheostoma",-27.9,10.2,NA,NA,NA,NA,"Muscle","Lake_Superior_Allouez_Bay_Wisconsin","Lentic","United States","USA","North America",-92.006639,47.53271,11932,"freshwater","introduced",1,1
"1053","Etheostoma nigrum","ID_0323","United States of America","Percidae",256,3445,"Johnny darter","Perciformes/Percoidei","Etheostoma",-27.18,12.9,NA,NA,NA,NA,"Muscle","Pennsylvania_Allegheny_River_Undredged","Lotic","United States","USA","North America",-79.489,40.8874,11932,"freshwater","introduced",1,1
"1055","Etheostoma nigrum","ID_0324","United States of America","Percidae",256,3445,"Johnny darter","Perciformes/Percoidei","Etheostoma",-26.64,11.43,NA,NA,NA,NA,"Muscle","Pennsylvania_Allegheny_River_Dredged","Lotic","United States","USA","North America",-79.489,40.8874,11932,"freshwater","introduced",1,1
"1057","Etheostoma nigrum","ID_0550","United States of America","Percidae",256,3445,"Johnny darter","Perciformes/Percoidei","Etheostoma",-27.55,9.02,1.18,0.48,"SD",18,"Muscle","SW04","Lotic","United States","USA","North America",-107.1476,42.488328,11932,"freshwater","introduced",1,1
"1059","Etheostoma nigrum","ID_0553","United States of America","Percidae",256,3445,"Johnny darter","Perciformes/Percoidei","Etheostoma",-28.41,11.2,0.62,0.52,"SD",10,"Muscle","MB03","Lotic","United States","USA","North America",-106.31846,41.724793,11932,"freshwater","introduced",1,1
"1061","Etheostoma nigrum","ID_0554","United States of America","Percidae",256,3445,"Johnny darter","Perciformes/Percoidei","Etheostoma",-28,11.41,0.5,0.34,"SD",8,"Muscle","MB04","Lotic","United States","USA","North America",-106.512402,42.00988,11932,"freshwater","introduced",1,1
"1063","Etheostoma nigrum","ID_0558","United States of America","Percidae",256,3445,"Johnny darter","Perciformes/Percoidei","Etheostoma",-27.84,10.19,1.07,0.29,"SD",34,"Muscle","LR04","Lotic","United States","USA","North America",-105.722747,41.227001,11932,"freshwater","introduced",1,1
"1065","Etheostoma nigrum","ID_0560","United States of America","Percidae",256,3445,"Johnny darter","Perciformes/Percoidei","Etheostoma",-25.31,12.14,1.05,0.31,"SD",14,"Muscle","LR06","Lotic","United States","USA","North America",-105.414398,41.927815,11932,"freshwater","introduced",1,1
"1067","Etheostoma nigrum","ID_0849","United States of America","Percidae",256,3445,"Johnny darter","Perciformes/Percoidei","Etheostoma",-27.2,10.5,0.84,0.42,"SE",3,"Muscle","Lake_Elk_Minnesota","Lentic","United States","USA","North America",-95.803693,45.866885,11932,"freshwater","introduced",1,1
"1069","Etheostoma olmstedi","ID_0366","United States of America","Percidae",256,3450,"Tessellated darter","Perciformes/Percoidei","Etheostoma",-30.9,13.7,NA,NA,"SD",1,"Muscle","McTier_Creek_near_Monetta_date_39554","Lotic","United States","USA","North America",-81.601771,33.753477,11934,"freshwater","introduced",1,1
"1071","Etheostoma olmstedi","ID_0367","United States of America","Percidae",256,3450,"Tessellated darter","Perciformes/Percoidei","Etheostoma",-30.3,13.9,0.92,0.46,"SD",3,"Muscle","McTier_Creek_near_Monetta_date_39603","Lotic","United States","USA","North America",-81.601771,33.753477,11934,"freshwater","introduced",1,1
"1073","Etheostoma olmstedi","ID_0369","United States of America","Percidae",256,3450,"Tessellated darter","Perciformes/Percoidei","Etheostoma",-31.23,11.32,1.09,0.86,"SD",6,"Muscle","McTier_Creek_near_NewHolland_date_39412","Lotic","United States","USA","North America",-81.6075,33.7175,11934,"freshwater","introduced",1,1
"1075","Etheostoma olmstedi","ID_0372","United States of America","Percidae",256,3450,"Tessellated darter","Perciformes/Percoidei","Etheostoma",-29.2,11.2,NA,NA,"SD",1,"Muscle","McTier_Creek_near_NewHolland_date_39995","Lotic","United States","USA","North America",-81.6075,33.7175,11934,"freshwater","introduced",1,1
"1077","Etheostoma olmstedi","ID_0375","United States of America","Percidae",256,3450,"Tessellated darter","Perciformes/Percoidei","Etheostoma",-30.53,11.28,2.12,0.49,"SD",4,"Muscle","McTier_Creek_near_NewHolland_date_39602","Lotic","United States","USA","North America",-81.6075,33.7175,11934,"freshwater","introduced",1,1
"1079","Etheostoma olmstedi","ID_0376","United States of America","Percidae",256,3450,"Tessellated darter","Perciformes/Percoidei","Etheostoma",-31.3,11.2,NA,NA,"SD",1,"Muscle","McTier_Creek_near_NewHolland_date_39553","Lotic","United States","USA","North America",-81.6075,33.7175,11934,"freshwater","introduced",1,1
"1081","Etheostoma zonale","ID_0323","United States of America","Percidae",256,3483,"Banded darter","Perciformes/Percoidei","Etheostoma",-24.21,12.92,NA,NA,NA,NA,"Muscle","Pennsylvania_Allegheny_River_Undredged","Lotic","United States","USA","North America",-79.489,40.8874,11937,"freshwater","introduced",1,1
"1083","Etheostoma zonale","ID_0324","United States of America","Percidae",256,3483,"Banded darter","Perciformes/Percoidei","Etheostoma",-24.48,11.83,NA,NA,NA,NA,"Muscle","Pennsylvania_Allegheny_River_Dredged","Lotic","United States","USA","North America",-79.489,40.8874,11937,"freshwater","introduced",1,1
"1085","Exoglossum maxillingua","ID_0364","United States of America","Leuciscidae",256,2754,"Cutlips minnow","Cypriniformes","Exoglossum",-26.9,8.37,0.58,0.43,"SD",6,"Muscle","Hudson_River_near_Newcomb_date_39639","Lotic","United States","USA","North America",-74.130704,43.966174,11349,"freshwater","introduced",1,1
"1087","Exoglossum maxillingua","ID_0365","United States of America","Leuciscidae",256,2754,"Cutlips minnow","Cypriniformes","Exoglossum",-28.98,9.43,1.79,1.25,"SD",4,"Muscle","Hudson_River_near_Newcomb_date_39701","Lotic","United States","USA","North America",-74.130704,43.966174,11349,"freshwater","introduced",1,1
"1089","Fundulus diaphanus","ID_0228","United States of America","Fundulidae",256,3190,"Banded killifish","Cyprinodontiformes","Fundulus",-16.26,11.26,0.43,0.67,"SD",8,"Muscle","Thousand_Islands_region_St_Lawrence_River_","Lotic","United States","USA","North America",-76.04845,44.27028,11607,"brackish; freshwater","introduced",1,1
"1091","Fundulus diaphanus","ID_0849","United States of America","Fundulidae",256,3190,"Banded killifish","Cyprinodontiformes","Fundulus",-24.6,9.9,0.29,0.16,"SE",7,"Muscle","Lake_Elk_Minnesota","Lentic","United States","USA","North America",-95.803693,45.866885,11607,"brackish; freshwater","introduced",1,1
"1093","Fundulus grandis","ID_0577","United States of America","Fundulidae",256,3191,"Gulf killifish","Cyprinodontiformes","Fundulus",-16.8,12.6,2.3,2.3,"SE",25,"Muscle","Pecos_River","Lotic","United States","USA","North America",-104.271247,33.041703,11608,"brackish; freshwater","introduced",1,1
"1095","Fundulus seminolis","ID_0198","United States of America","Fundulidae",256,3204,"Seminole Killifish","Cyprinodontiformes","Fundulus",-27.88,12.97,1.63,0.69,"SD",12,"Muscle","Little_Wekiva_River_Florida","Lotic","United States","USA","North America",-81.392222,28.701944,11614,"freshwater","introduced",1,1
"1097","Fundulus zebrinus","ID_0550","United States of America","Fundulidae",256,3208,"Plains killifish","Cyprinodontiformes","Fundulus",-26.5,8.02,0.31,0.01,"SD",3,"Muscle","SW04","Lotic","United States","USA","North America",-107.1476,42.488328,11616,"brackish; freshwater","introduced",1,1
"1099","Fundulus zebrinus","ID_0577","United States of America","Fundulidae",256,3208,"Plains killifish","Cyprinodontiformes","Fundulus",-15.6,11,2.4,1.6,"SE",25,"Muscle","Pecos_River","Lotic","United States","USA","North America",-104.271247,33.041703,11616,"brackish; freshwater","introduced",1,1
"1101","Gambusia affinis","ID_0022","Japan","Poeciliidae",132,3215,"Mosquitofish","Cyprinodontiformes","Gambusia",-24.3,10.15,0.84,1.1,"SD",5,"Muscle","Hija_River_reservoir_area_of_the_Hija_River","Lotic","Japan","JPN","Asia",127.754444,26.367778,11617,"brackish; freshwater","introduced",1,0
"1102","Gambusia affinis","ID_0023","Japan","Poeciliidae",132,3215,"Mosquitofish","Cyprinodontiformes","Gambusia",-22.88,13.21,1.41,1.26,"SD",10,"Muscle","Haebaru_Reservoir","Lentic","Japan","JPN","Asia",127.740556,26.212778,11617,"brackish; freshwater","introduced",1,0
"1103","Gambusia affinis","ID_0044","United States of America","Poeciliidae",256,3215,"Mosquitofish","Cyprinodontiformes","Gambusia",-22.72,11,1.45,0.54,"SD",14,"Muscle","East_Fork_Gila_River_New_Mexico_","Lotic","United States","USA","North America",-108.128483,33.293817,11617,"brackish; freshwater","introduced",1,1
"1105","Gambusia affinis","ID_0045","United States of America","Poeciliidae",256,3215,"Mosquitofish","Cyprinodontiformes","Gambusia",-23.61,8.38,2.39,1.45,"SD",4,"Muscle","Middle_Fork_Gila_River_New_Mexico_","Lotic","United States","USA","North America",-108.231328,33.248692,11617,"brackish; freshwater","introduced",1,1
"1107","Gambusia affinis","ID_0047","United States of America","Poeciliidae",256,3215,"Mosquitofish","Cyprinodontiformes","Gambusia",-24.96,10.05,1.07,2.17,"SD",4,"Muscle","Riverside_Gila_River_New_Mexico_","Lotic","United States","USA","North America",-108.606342,32.940211,11617,"brackish; freshwater","introduced",1,1
"1109","Gambusia affinis","ID_0064","Australia","Poeciliidae",20,3215,"Mosquitofish","Cyprinodontiformes","Gambusia",-21.3,14.8,NA,NA,NA,1,"Muscle","ID49_Mayfield_1996","Lotic","Australia","AUS","Oceania",142.735,-25.42,11617,"brackish; freshwater","introduced",1,0
"1110","Gambusia affinis","ID_0070","Australia","Poeciliidae",20,3215,"Mosquitofish","Cyprinodontiformes","Gambusia",-24.2,10.05,0.28,0.07,"SD",2,"Muscle","ID52*_Tanbar_1997","Lotic","Australia","AUS","Oceania",141.91,-25.84,11617,"brackish; freshwater","introduced",1,0
"1111","Gambusia affinis","ID_0071","Australia","Poeciliidae",20,3215,"Mosquitofish","Cyprinodontiformes","Gambusia",-23.8,10.8,0.4,0.2,"SE",4,"Muscle","ID53_Tanbar_1997","Lotic","Australia","AUS","Oceania",141.88,-25.87,11617,"brackish; freshwater","introduced",1,0
"1112","Gambusia affinis","ID_0075","Australia","Poeciliidae",20,3215,"Mosquitofish","Cyprinodontiformes","Gambusia",-19.8,14.4,NA,NA,NA,1,"Muscle","ID56_Barcoo-Welford_1997","Lotic","Australia","AUS","Oceania",143.2,-25.19,11617,"brackish; freshwater","introduced",1,0
"1113","Gambusia affinis","ID_0076","Australia","Poeciliidae",20,3215,"Mosquitofish","Cyprinodontiformes","Gambusia",-21.6,13.6,NA,NA,NA,1,"Muscle","ID57_Barcoo-Welford_1997","Lotic","Australia","AUS","Oceania",143.34,-25.18,11617,"brackish; freshwater","introduced",1,0
"1114","Gambusia affinis","ID_0146","South Africa","Poeciliidae",273,3215,"Mosquitofish","Cyprinodontiformes","Gambusia",-23.3,15.2,0.2,1,"SD",5,"Muscle","Great_Fish_River","Lotic","South Africa","ZAF","Africa",26.781344,-33.088747,11617,"brackish; freshwater","introduced",1,0
"1115","Gambusia affinis","ID_0195","United States of America","Poeciliidae",256,3215,"Mosquitofish","Cyprinodontiformes","Gambusia",-28.14,10.63,2.04,0.68,"SD",18,"Muscle","Beaverton_Creek_Oregon","Lotic","United States","USA","North America",-122.898333,45.520833,11617,"brackish; freshwater","introduced",1,1
"1117","Gambusia affinis","ID_0262","New Zealand","Poeciliidae",188,3215,"Mosquitofish","Cyprinodontiformes","Gambusia",-28.32,12.12,NA,NA,NA,NA,NA,"Waipa_River_Waikato_River_basin","Lotic","New Zealand","NZL","Oceania",175.143925,-37.661208,11617,"brackish; freshwater","introduced",1,0
"1118","Gambusia affinis","ID_0263","New Zealand","Poeciliidae",188,3215,"Mosquitofish","Cyprinodontiformes","Gambusia",-29.1,14.33,NA,NA,NA,NA,NA,"Mangawara_River_Waikato_River_basin","Lotic","New Zealand","NZL","Oceania",175.189422,-37.610228,11617,"brackish; freshwater","introduced",1,0
"1119","Gambusia affinis","ID_0264","New Zealand","Poeciliidae",188,3215,"Mosquitofish","Cyprinodontiformes","Gambusia",-23.59,9.75,NA,NA,NA,NA,NA,"Waahi_Stream_Waikato_River_basin","Lotic","New Zealand","NZL","Oceania",175.156778,-37.526347,11617,"brackish; freshwater","introduced",1,0
"1120","Gambusia affinis","ID_0265","New Zealand","Poeciliidae",188,3215,"Mosquitofish","Cyprinodontiformes","Gambusia",-24.13,8.92,NA,NA,NA,NA,NA,"Whangape_Stream_Waikato_River_basin","Lotic","New Zealand","NZL","Oceania",175.0778,-37.426814,11617,"brackish; freshwater","introduced",1,0
"1121","Gambusia affinis","ID_0266","New Zealand","Poeciliidae",188,3215,"Mosquitofish","Cyprinodontiformes","Gambusia",-26.41,12.86,NA,NA,NA,NA,NA,"Opuatia_Stream_Waikato_River_basin","Lotic","New Zealand","NZL","Oceania",175.057522,-37.410075,11617,"brackish; freshwater","introduced",1,0
"1122","Gambusia affinis","ID_0267","New Zealand","Poeciliidae",188,3215,"Mosquitofish","Cyprinodontiformes","Gambusia",-30.46,12.07,NA,NA,NA,NA,NA,"Whangamarino_River_Waikato_River_basin","Lotic","New Zealand","NZL","Oceania",175.099947,-37.33055,11617,"brackish; freshwater","introduced",1,0
"1123","Gambusia affinis","ID_0268","New Zealand","Poeciliidae",188,3215,"Mosquitofish","Cyprinodontiformes","Gambusia",-27.08,13.21,NA,NA,NA,NA,NA,"Mangatawhiri_River_Waikato_River_basin","Lotic","New Zealand","NZL","Oceania",175.039289,-37.272,11617,"brackish; freshwater","introduced",1,0
"1124","Gambusia affinis","ID_0269","New Zealand","Poeciliidae",188,3215,"Mosquitofish","Cyprinodontiformes","Gambusia",-22.53,12.06,NA,NA,NA,NA,NA,"Waikato_River_lower_part","Lotic","New Zealand","NZL","Oceania",175.658347,-37.9693,11617,"brackish; freshwater","introduced",1,0
"1125","Gambusia affinis","ID_0283","United States of America","Poeciliidae",256,3215,"Mosquitofish","Cyprinodontiformes","Gambusia",-19.78,12.98,NA,NA,"SD",1,"Muscle","Rio_Grande_Bernalillo_Summer","Lotic","United States","USA","North America",-106.556936,35.322669,11617,"brackish; freshwater","introduced",1,1
"1127","Gambusia affinis","ID_0284","United States of America","Poeciliidae",256,3215,"Mosquitofish","Cyprinodontiformes","Gambusia",-17.54,12.41,0.91,0.37,"SD",3,"Muscle","Rio_Grande_Bernardo_Autumn","Lotic","United States","USA","North America",-106.799697,34.4176,11617,"brackish; freshwater","introduced",1,1
"1129","Gambusia affinis","ID_0285","United States of America","Poeciliidae",256,3215,"Mosquitofish","Cyprinodontiformes","Gambusia",-17.87,14.29,2.04,1.6,"SD",4,"Muscle","Rio_Grande_Bernardo_Spring","Lotic","United States","USA","North America",-106.799697,34.4176,11617,"brackish; freshwater","introduced",1,1
"1131","Gambusia affinis","ID_0286","United States of America","Poeciliidae",256,3215,"Mosquitofish","Cyprinodontiformes","Gambusia",-15.96,14.45,0.68,0.56,"SD",5,"Muscle","Rio_Grande_Bernardo_Summer","Lotic","United States","USA","North America",-106.799697,34.4176,11617,"brackish; freshwater","introduced",1,1
"1133","Gambusia affinis","ID_0328","New Zealand","Poeciliidae",188,3215,"Mosquitofish","Cyprinodontiformes","Gambusia",-21.13,12.56,NA,NA,NA,NA,"Muscle","Waikato_River_constrained_zone_automn_2009","Lotic","New Zealand","NZL","Oceania",175.397301,-37.880273,11617,"brackish; freshwater","introduced",1,0
"1134","Gambusia affinis","ID_0329","New Zealand","Poeciliidae",188,3215,"Mosquitofish","Cyprinodontiformes","Gambusia",-22.54,13.23,NA,NA,NA,NA,"Muscle","Waikato_River_constrained_zone_spring_2010","Lotic","New Zealand","NZL","Oceania",175.397301,-37.880273,11617,"brackish; freshwater","introduced",1,0
"1135","Gambusia affinis","ID_0330","New Zealand","Poeciliidae",188,3215,"Mosquitofish","Cyprinodontiformes","Gambusia",-23.31,11.56,NA,NA,NA,NA,"Muscle","Waikato_River_UNconstrained_zone_automn_2009","Lotic","New Zealand","NZL","Oceania",175.156202,-37.548524,11617,"brackish; freshwater","introduced",1,0
"1136","Gambusia affinis","ID_0331","New Zealand","Poeciliidae",188,3215,"Mosquitofish","Cyprinodontiformes","Gambusia",-25.9,13.31,NA,NA,NA,NA,"Muscle","Waikato_River_UNconstrained_zone_spring_2010","Lotic","New Zealand","NZL","Oceania",175.156202,-37.548524,11617,"brackish; freshwater","introduced",1,0
"1137","Gambusia affinis","ID_0374","United States of America","Poeciliidae",256,3215,"Mosquitofish","Cyprinodontiformes","Gambusia",-25.74,14.53,NA,NA,"SD",NA,"Muscle","Lake_Worth_Meandering_road_creek","Lotic","United States","USA","North America",-97.453798,32.777533,11617,"brackish; freshwater","introduced",1,1
"1139","Gambusia affinis","ID_0444","France","Poeciliidae",86,3215,"Mosquito fish","Cyprinodontiformes","Gambusia",-23.07,9.32,0.27,0.96,"SD",4,"Fin","Birazel_BIR_gravelpitlake","Lentic","France","FRA","Europe",1.289764,43.530329,11617,"brackish; freshwater","introduced",1,0
"1140","Gambusia affinis","ID_0449","France","Poeciliidae",86,3215,"Mosquito fish","Cyprinodontiformes","Gambusia",-25.32,14.68,0.6,1.36,"SD",4,"Fin","Four de Louge_gravelpitlake_FDL","Lentic","France","FRA","Europe",1.302606,43.43998,11617,"brackish; freshwater","introduced",1,0
"1141","Gambusia affinis","ID_0450","France","Poeciliidae",86,3215,"Mosquito fish","Cyprinodontiformes","Gambusia",-21.63,10.69,0.55,0.53,"SD",4,"Fin","Lamartine1_gravelpitlake_LAM1","Lentic","France","FRA","Europe",1.337336,43.506265,11617,"brackish; freshwater","introduced",1,0
"1142","Gambusia affinis","ID_0452","France","Poeciliidae",86,3215,"Mosquito fish","Cyprinodontiformes","Gambusia",-21.94,16.24,1.54,1.93,"SD",3,"Fin","Pouvil_gravelpitlake_POU","Lentic","France","FRA","Europe",1.258473,43.371928,11617,"brackish; freshwater","introduced",1,0
"1143","Gambusia affinis","ID_0461","New Zealand","Poeciliidae",188,3215,"Mosquitofish","Cyprinodontiformes","Gambusia",-32.8,13.2,0.19,0.27,"SE",11,"Muscle","Milicich","Lentic","New Zealand","NZL","Oceania",175.248611,-37.885278,11617,"brackish; freshwater","introduced",1,0
"1144","Gambusia affinis","ID_0462","New Zealand","Poeciliidae",188,3215,"Mosquitofish","Cyprinodontiformes","Gambusia",-23.4,14.1,0.15,0.2,"SE",17,"Muscle","Ngaroto","Lentic","New Zealand","NZL","Oceania",175.288889,-37.955556,11617,"brackish; freshwater","introduced",1,0
"1145","Gambusia affinis","ID_0463","New Zealand","Poeciliidae",188,3215,"Mosquitofish","Cyprinodontiformes","Gambusia",-26.7,12.3,0.18,0.13,"SE",47,"Muscle","Ohinewai","Lentic","New Zealand","NZL","Oceania",175.172222,-37.494444,11617,"brackish; freshwater","introduced",1,0
"1146","Gambusia affinis","ID_0464","New Zealand","Poeciliidae",188,3215,"Mosquitofish","Cyprinodontiformes","Gambusia",-29.4,11.1,0.14,0.12,"SE",36,"Muscle","Okowhao","Lentic","New Zealand","NZL","Oceania",175.935278,-38.063889,11617,"brackish; freshwater","introduced",1,0
"1147","Gambusia affinis","ID_0465","New Zealand","Poeciliidae",188,3215,"Mosquitofish","Cyprinodontiformes","Gambusia",-27.9,11.1,0.11,0.13,"SE",44,"Muscle","Rotopiko","Lentic","New Zealand","NZL","Oceania",175.318056,-37.95,11617,"brackish; freshwater","introduced",1,0
"1148","Gambusia affinis","ID_0466","New Zealand","Poeciliidae",188,3215,"Mosquitofish","Cyprinodontiformes","Gambusia",-27.5,11.6,0.4,0.17,"SE",42,"Muscle","Rotomanuka","Lentic","New Zealand","NZL","Oceania",175.315278,-37.925,11617,"brackish; freshwater","introduced",1,0
"1149","Gambusia affinis","ID_0512","South Africa","Poeciliidae",273,3215,"Mosquitofish_10-40mm","Cyprinodontiformes","Gambusia",-26.4,12.6,0.6,0.8,"SD",8,"Muscle","DB1","Lentic","South Africa","ZAF","Africa",25.68251,-33.442499,11617,"brackish; freshwater","introduced",1,0
"1150","Gambusia affinis","ID_0513","South Africa","Poeciliidae",273,3215,"Mosquitofish_41-80mm","Cyprinodontiformes","Gambusia",-24,14.4,0.8,0.6,"SD",7,"Muscle","DB2","Lentic","South Africa","ZAF","Africa",25.667781,-33.443604,11617,"brackish; freshwater","introduced",1,0
"1151","Gambusia affinis","ID_0514","South Africa","Poeciliidae",273,3215,"Mosquitofish_10-40mm","Cyprinodontiformes","Gambusia",-24.7,13.3,0.7,0.9,"SD",11,"Muscle","MLS","Lentic","South Africa","ZAF","Africa",25.484448,-33.409161,11617,"brackish; freshwater","introduced",1,0
"1152","Gambusia affinis","ID_0515","South Africa","Poeciliidae",273,3215,"Mosquitofish","Cyprinodontiformes","Gambusia",-23.65,11.85,1,1.35,"SD",10,"Muscle","RDB","Lentic","South Africa","ZAF","Africa",25.706928,-33.439723,11617,"brackish; freshwater","introduced",1,0
"1153","Gambusia affinis","ID_0577","United States of America","Poeciliidae",256,3215,"Mosquitofish","Cyprinodontiformes","Gambusia",-17.4,13.5,3.3,2.2,"SE",18,"Muscle","Pecos_River","Lotic","United States","USA","North America",-104.271247,33.041703,11617,"brackish; freshwater","introduced",1,1
"1155","Gambusia affinis","ID_0613","Australia","Poeciliidae",20,3215,"Mosquitofish","Cyprinodontiformes","Gambusia",-26.54,13.7,3.28,0.84,"SD",8,"Muscle/fin","Border_Rivers_Booligar","Lotic","Australia","AUS","Oceania",148.079656,-28.924847,11617,"brackish; freshwater","introduced",1,0
"1156","Gambusia affinis","ID_0614","Australia","Poeciliidae",20,3215,"Mosquitofish","Cyprinodontiformes","Gambusia",-25.56,12.19,0.73,1.32,"SD",7,"Muscle/Fin","Border_Rivers_Gidi_gidi","Lotic","Australia","AUS","Oceania",150.047162,-28.403415,11617,"brackish; freshwater","introduced",1,0
"1157","Gambusia affinis","ID_0615","Australia","Poeciliidae",20,3215,"Mosquitofish","Cyprinodontiformes","Gambusia",-23.48,15.14,0.14,0.63,"SD",2,"Muscle/Fin","Border_Rivers_St_George","Lotic","Australia","AUS","Oceania",148.572395,-28.071618,11617,"brackish; freshwater","introduced",1,0
"1158","Gambusia affinis","ID_0616","Australia","Poeciliidae",20,3215,"Mosquitofish","Cyprinodontiformes","Gambusia",-23.33,13.98,2.89,1.06,"SD",2,"Muscle/Fin","Border_Rivers_Talwood","Lotic","Australia","AUS","Oceania",149.489341,-28.497575,11617,"brackish; freshwater","introduced",1,0
"1159","Gambusia affinis","ID_0617","Australia","Poeciliidae",20,3215,"Mosquitofish","Cyprinodontiformes","Gambusia",-26.04,10.56,0.56,0.62,"SD",3,"Muscle/Fin","Border_Rivers_Wyenbah","Lotic","Australia","AUS","Oceania",148.321851,-28.383664,11617,"brackish; freshwater","introduced",1,0
"1160","Gambusia holbrooki","ID_0026","Australia","Poeciliidae",20,4521,"Eastern mosquitofish","Cyprinodontiformes","Gambusia",-23.08,10.95,0.1,0.19,"SD",3,"Muscle","Mehi_River_Gwydir_Wetlands_New_South_Wales","Lotic","Australia","AUS","Oceania",149.5,-29.5833,11621,"brackish; freshwater","introduced",1,0
"1161","Gambusia holbrooki","ID_0196","United States of America","Poeciliidae",256,4521,"Eastern mosquitofish","Cyprinodontiformes","Gambusia",-29.25,9.16,1.88,1.23,"SD",48,"Muscle","St._Marys_Florida","Lotic","United States","USA","North America",-82.081667,30.358611,11621,"brackish; freshwater","introduced",1,1
"1163","Gambusia holbrooki","ID_0197","United States of America","Poeciliidae",256,4521,"Eastern mosquitofish","Cyprinodontiformes","Gambusia",-28.07,8.69,1.88,1.04,"SD",24,"Muscle","Santa_Fe_River_Florida","Lotic","United States","USA","North America",-82.715278,29.848611,11621,"brackish; freshwater","introduced",1,1
"1165","Gambusia holbrooki","ID_0198","United States of America","Poeciliidae",256,4521,"Eastern mosquitofish","Cyprinodontiformes","Gambusia",-28.93,12.24,1.11,1.33,"SD",23,"Muscle","Little_Wekiva_River_Florida","Lotic","United States","USA","North America",-81.392222,28.701944,11621,"brackish; freshwater","introduced",1,1
"1167","Gambusia holbrooki","ID_0516","Spain","Poeciliidae",80,4521,"Eastern mosquitofish","Cyprinodontiformes","Gambusia",-29.84,11.59,0.34,0.47,"SD",6,"Muscle","Site1_Brazo_del_Este","Lotic","Spain","ESP","Europe",-6.054532,37.198678,11621,"brackish; freshwater","introduced",1,0
"1168","Gambusia holbrooki","ID_0517","Spain","Poeciliidae",80,4521,"Eastern mosquitofish","Cyprinodontiformes","Gambusia",-24.9,16.2,0.5,0.4,"SD",6,"Muscle","Site2_Puente_de_los_Vaqueros","Lotic","Spain","ESP","Europe",-6.073749,37.226697,11621,"brackish; freshwater","introduced",1,0
"1169","Gambusia holbrooki","ID_0518","Spain","Poeciliidae",80,4521,"Eastern mosquitofish","Cyprinodontiformes","Gambusia",-23.69,13.69,0.32,0.22,"SD",3,"Muscle","Site3_Charco_de_la_Boca","Lotic","Spain","ESP","Europe",-6.492431,37.126372,11621,"brackish; freshwater","introduced",1,0
"1170","Gambusia holbrooki","ID_0773","Turkey","Poeciliidae",246,4521,"Eastern mosquitofish","Cyprinodontiformes","Gambusia",-26.6,16.13,0.13,0.2,"SD",4,"Muscle","River_Karamenderes_Site_Kif","Lotic","Turkey","TUR","Asia",26.216387,39.941937,11621,"brackish; freshwater","introduced",1,0
"1171","Gambusia holbrooki","ID_0925","Australia","Poeciliidae",20,4521,"Eastern Gambusia","Cyprinodontiformes","Gambusia",-23.26,7.35,1.61,1,"SD",6,"Muscle","Brisbane River_01","Lotic","Australia","AUS","Oceania",152.237887,-26.758734,11621,"brackish; freshwater","introduced",1,0
"1172","Gambusia holbrooki","ID_0926","Australia","Poeciliidae",20,4521,"Eastern Gambusia","Cyprinodontiformes","Gambusia",-23.36,6.13,1.54,0.56,"SD",6,"Muscle","Brisbane River_02","Lotic","Australia","AUS","Oceania",152.270016,-26.787199,11621,"brackish; freshwater","introduced",1,0
"1173","Gambusia holbrooki","ID_0927","Australia","Poeciliidae",20,4521,"Eastern Gambusia","Cyprinodontiformes","Gambusia",-21.23,6.9,2.1,0.54,"SD",6,"Muscle","Brisbane River_03","Lotic","Australia","AUS","Oceania",152.403981,-27.041002,11621,"brackish; freshwater","introduced",1,0
"1174","Gambusia holbrooki","ID_0928","Australia","Poeciliidae",20,4521,"Eastern Gambusia","Cyprinodontiformes","Gambusia",-24.28,10.12,3.14,2.43,"SD",6,"Muscle","Brisbane River_04","Lotic","Australia","AUS","Oceania",152.640734,-27.430624,11621,"brackish; freshwater","introduced",1,0
"1175","Gambusia holbrooki","ID_0929","Australia","Poeciliidae",20,4521,"Eastern Gambusia","Cyprinodontiformes","Gambusia",-22.98,13.47,0.67,0.46,"SD",5,"Muscle","Brisbane River_05","Lotic","Australia","AUS","Oceania",152.670211,-27.443221,11621,"brackish; freshwater","introduced",1,0
"1176","Gambusia holbrooki","ID_0930","Australia","Poeciliidae",20,4521,"Eastern Gambusia","Cyprinodontiformes","Gambusia",-22.97,10.02,4.38,1.73,"SD",6,"Muscle","Brisbane River_06","Lotic","Australia","AUS","Oceania",152.746836,-27.566096,11621,"brackish; freshwater","introduced",1,0
"1177","Gambusia holbrooki","ID_0931","Australia","Poeciliidae",20,4521,"Eastern Gambusia","Cyprinodontiformes","Gambusia",-20.33,8.99,1.07,0.35,"SD",3,"Muscle","Mary River_07","Lotic","Australia","AUS","Oceania",152.71395,-26.727109,11621,"brackish; freshwater","introduced",1,0
"1178","Gambusia holbrooki","ID_0932","Australia","Poeciliidae",20,4521,"Eastern Gambusia","Cyprinodontiformes","Gambusia",-24.61,7.66,2.46,1.12,"SD",6,"Muscle","Mary River_08","Lotic","Australia","AUS","Oceania",152.691161,-26.623691,11621,"brackish; freshwater","introduced",1,0
"1179","Gambusia holbrooki","ID_0933","Australia","Poeciliidae",20,4521,"Eastern Gambusia","Cyprinodontiformes","Gambusia",-23.87,10.76,NA,NA,"SD",1,"Muscle","Mary River_09","Lotic","Australia","AUS","Oceania",152.75567,-26.546773,11621,"brackish; freshwater","introduced",1,0
"1180","Gambusia holbrooki","ID_0934","Australia","Poeciliidae",20,4521,"Eastern Gambusia","Cyprinodontiformes","Gambusia",-25.8,10.14,1.85,1.16,"SD",4,"Muscle","Mary River_10","Lotic","Australia","AUS","Oceania",152.621923,-26.19149,11621,"brackish; freshwater","introduced",1,0
"1181","Gasterosteus aculeatus","ID_0159","United States of America","Gasterosteidae",256,2420,"Three-spined stickleback","Perciformes/Gasterosteoidei","Gasterosteus",-31.21,16.72,0.9,0.66,"SD",18,"Muscle","Lake_Washington_Washington","Lentic","United States","USA","North America",-122.259383,47.6097,11673,"brackish; freshwater; marine","introduced",1,1
"1183","Gasterosteus aculeatus","ID_0215","United States of America","Gasterosteidae",256,2420,"Three-spined stickleback","Perciformes/Gasterosteoidei","Gasterosteus",-22.27,8.32,NA,NA,NA,NA,"Muscle","Lake_Chelan_Washington","Lentic","United States","USA","North America",-120.472183,48.078996,11673,"brackish; freshwater; marine","introduced",1,1
"1185","Geophagus altifrons","ID_0579","Singapore","Cichlidae",214,57713,"Viiritonkija","Cichliformes","Geophagus",-25.66,12.89,1.56,1.26,"SD",65,"Muscle","Reservoir_6","Lentic","Singapore","SGP","Asia",103.800833,1.366944,11949,"freshwater","introduced",1,0
"1186","Geophagus proximus","ID_0211","Brazil","Cichlidae",41,25780,"Acara","Cichliformes","Geophagus",-29.4,9.6,1.5,0.7,"SD",5,"Muscle","Lake_Bom_Intento_April_2000","Lentic","Brazil","BRA","South America",-55.589444,-3.978056,11951,"freshwater","introduced",1,1
"1188","Geophagus proximus","ID_0212","Brazil","Cichlidae",41,25780,"Acara","Cichliformes","Geophagus",-27.2,9,3,0.4,"SD",4,"Muscle","Lake_Bom_Intento_January_2001","Lentic","Brazil","BRA","South America",-55.589444,-3.978056,11951,"freshwater","introduced",1,1
"1190","Geophagus proximus","ID_0377","Brazil","Cichlidae",41,25780,"Acara","Cichliformes","Geophagus",-29.55,8.41,2.29,0.45,"SD",9,"Muscle","Lago_Grande_de_Manacapuru","Lentic","Brazil","BRA","South America",-60.814934,-3.304365,11951,"freshwater","introduced",1,1
"1192","Gila atraria","ID_0326","United States of America","Leuciscidae",256,2756,"Utah chub","Cypriniformes","Gila",-23.34,10.32,NA,NA,"SD",1,"Fin","Utah_San_Rafael_River_Upper","Lotic","United States","USA","North America",-110.851924,39.1153,11351,"freshwater","introduced",1,1
"1194","Gila robusta","ID_0326","United States of America","Leuciscidae",256,2769,"Roundtail chub","Cypriniformes","Gila",-24.93,9.57,0.91,0.91,"SD",9,"Fin","Utah_San_Rafael_River_Upper","Lotic","United States","USA","North America",-110.851924,39.1153,11355,"freshwater","introduced",1,1
"1196","Gila robusta","ID_0327","United States of America","Leuciscidae",256,2769,"Roundtail chub","Cypriniformes","Gila",-21.26,9.74,0.61,1.45,"SD",10,"Fin","Utah_San_Rafael_River_Lower","Lotic","United States","USA","North America",-110.3715,38.854,11355,"freshwater","introduced",1,1
"1198","Gila robusta","ID_0630","United States of America","Leuciscidae",256,2769,"Roundtail chub","Cypriniformes","Gila",-24.81,8.6,0.94,0.9,"SD",19,"Fin","Bill_Williams_River_Basin_Burro01&02","Lotic","United States","USA","North America",-113.24521,34.73491,11355,"freshwater","introduced",1,1
"1200","Gila robusta","ID_0633","United States of America","Leuciscidae",256,2769,"Roundtail chub","Cypriniformes","Gila",-25.58,9.78,1.2,0.68,"SD",20,"Fin","Bill_Williams_River_Basin_Conger01&02","Lotic","United States","USA","North America",-113.13209,34.7642,11355,"freshwater","introduced",1,1
"1202","Gila robusta","ID_0634","United States of America","Leuciscidae",256,2769,"Roundtail chub","Cypriniformes","Gila",-27.32,8.63,0.99,1.15,"SD",20,"Fin","Bill_Williams_River_Basin_Francis01&02","Lotic","United States","USA","North America",-113.35451,34.81197,11355,"freshwater","introduced",1,1
"1204","Gila robusta","ID_0635","United States of America","Leuciscidae",256,2769,"Roundtail chub","Cypriniformes","Gila",-23.37,9.25,1.32,0.73,"SD",20,"Fin","Bill_Williams_River_Basin_Francis03&04","Lotic","United States","USA","North America",-113.26434,34.76313,11355,"freshwater","introduced",1,1
"1206","Gnathopogon elongatus","ID_0307","Japan","Gobionidae",132,22909,NA,"Cypriniformes","Gnathopogon",-29.1,14.8,0.4,1.2,"SD",5,"Muscle","Lake_Izunuma_jul","Lentic","Japan","JPN","Asia",141.103113,38.719369,11358,"freshwater","introduced",1,1
"1208","Gnathopogon elongatus","ID_0308","Japan","Gobionidae",132,22909,NA,"Cypriniformes","Gnathopogon",-29,14.9,0.6,1.1,"SD",5,"Muscle","Lake_Izunuma_aug","Lentic","Japan","JPN","Asia",141.103113,38.719369,11358,"freshwater","introduced",1,1
"1210","Gnathopogon elongatus","ID_0309","Japan","Gobionidae",132,22909,NA,"Cypriniformes","Gnathopogon",-28.9,14.8,0.6,0.9,"SD",5,"Muscle","Lake_Izunuma_sep","Lentic","Japan","JPN","Asia",141.103113,38.719369,11358,"freshwater","introduced",1,1
"1212","Gnathopogon elongatus","ID_0310","Japan","Gobionidae",132,22909,NA,"Cypriniformes","Gnathopogon",-26.7,15,0.4,0.3,"SD",5,"Muscle","Lake_Izunuma_jun","Lentic","Japan","JPN","Asia",141.103113,38.719369,11358,"freshwater","introduced",1,1
"1214","Gymnocephalus cernua","ID_0200","United States of America","Percidae",256,4474,"Ruffe","Perciformes/Percoidei","Gymnocephalus",-30.4,9.2,NA,NA,NA,NA,"Muscle","Lake_Superior_Allouez_Bay_Wisconsin","Lentic","United States","USA","North America",-91.997942,46.689258,11967,"brackish; freshwater","introduced",1,0
"1215","Hemiculter leucisculus","ID_0101","China","Xenocyprididae",52,4755,"Sharpbelly","Cypriniformes","Hemiculter",-27.26,14.04,NA,NA,NA,NA,"Muscle","Lake_Poyang_dry_season","Lentic","China","CHN","Asia",116.185416,29.71875,11368,"brackish; freshwater","introduced",1,1
"1217","Hemiculter leucisculus","ID_0102","China","Xenocyprididae",52,4755,"Sharpbelly","Cypriniformes","Hemiculter",-29.36,12.16,2.19,1.32,"SD",3,"Muscle","Lake_Poyang_wet_season","Lentic","China","CHN","Asia",116.185416,29.71875,11368,"brackish; freshwater","introduced",1,1
"1219","Hemiculter leucisculus","ID_0153","China","Xenocyprididae",52,4755,"Sharpbelly","Cypriniformes","Hemiculter",-23.5,15,0.9,0.8,"SD",4,"Muscle/Whole","Lake_Taihu","Lentic","China","CHN","Asia",120.192,31.246,11368,"brackish; freshwater","introduced",1,1
"1221","Hemiculter leucisculus","ID_0311","China","Xenocyprididae",52,4755,"Sharpbelly","Cypriniformes","Hemiculter",-27,13.4,0.4,0.5,"SD",5,NA,"Lake_Chaohu_sep_2003","Lentic","China","CHN","Asia",117.538376,31.538749,11368,"brackish; freshwater","introduced",1,1
"1223","Hemiculter leucisculus","ID_0318","China","Xenocyprididae",52,4755,"Sharpbelly","Cypriniformes","Hemiculter",-28.1,9.2,NA,NA,NA,1,NA,"Lake_Poyang_Wucheng","Lentic","China","CHN","Asia",116.276092,29.116175,11368,"brackish; freshwater","introduced",1,1
"1225","Hemiculter leucisculus","ID_0319","China","Xenocyprididae",52,4755,"Sharpbelly","Cypriniformes","Hemiculter",-27.2,8.9,NA,NA,NA,1,NA,"Lake_Poyang_Xingzi","Lentic","China","CHN","Asia",116.276092,29.116175,11368,"brackish; freshwater","introduced",1,1
"1227","Hemiculter leucisculus","ID_0320","China","Xenocyprididae",52,4755,"Sharpbelly","Cypriniformes","Hemiculter",-25.7,11.8,1.4,0.5,"SD",3,NA,"Lake_Poyang_Duchang","Lentic","China","CHN","Asia",116.276092,29.116175,11368,"brackish; freshwater","introduced",1,1
"1229","Hemiculter leucisculus","ID_0333","China","Xenocyprididae",52,4755,"Sharpbelly","Cypriniformes","Hemiculter",-26.66,11.15,NA,NA,NA,NA,"Muscle","Lake_Poyang_March_2008","Lentic","China","CHN","Asia",116.276092,29.116175,11368,"brackish; freshwater","introduced",1,1
"1231","Hemiculter leucisculus","ID_0334","China","Xenocyprididae",52,4755,"Sharpbelly","Cypriniformes","Hemiculter",-24.7,12.94,NA,NA,NA,NA,"Muscle","Lake_Poyang_July_2008","Lentic","China","CHN","Asia",116.276092,29.116175,11368,"brackish; freshwater","introduced",1,1
"1233","Hemiculter leucisculus","ID_0433","China","Xenocyprididae",52,4755,"Sharpbelly","Cypriniformes","Hemiculter",-21.5,9.7,0.8,1.3,"SD",11,"Muscle","Xin’anjiang_Reservoir","Lentic","China","CHN","Asia",119.333518,29.515466,11368,"brackish; freshwater","introduced",1,1
"1235","Hemiculter leucisculus","ID_0437","China","Xenocyprididae",52,4755,"Sharpbelly","Cypriniformes","Hemiculter",-22.01,16.28,0.2,NA,"SD",7,NA,"Taihu_Lake_","Lentic","China","CHN","Asia",120.192,31.246,11368,"brackish; freshwater","introduced",1,1
"1237","Hemiculter leucisculus","ID_0459","China","Xenocyprididae",52,4755,"Sharpbelly","Cypriniformes","Hemiculter",-22.29,8.74,1.91,1.82,"SD",18,"Muscle","Three_Gorges_Reservoir","Lentic","China","CHN","Asia",106.555183,29.543405,11368,"brackish; freshwater","introduced",1,1
"1239","Hemiculter leucisculus","ID_0480","China","Xenocyprididae",52,4755,"Sharpbelly","Cypriniformes","Hemiculter",-18.6,10.9,0.2,0.8,"SD",NA,"Muscle","Restored_basin_Huizhou_West_Lake(MDB)","Lentic","China","CHN","Asia",114.393889,23.0975,11368,"brackish; freshwater","introduced",1,1
"1241","Hemiculter leucisculus","ID_0481","China","Xenocyprididae",52,4755,"Sharpbelly","Cypriniformes","Hemiculter",-24,13.8,0.3,1,"SD",NA,"Muscle","Unrestored_basin_Huizhou_West_Lake(PDB)","Lentic","China","CHN","Asia",114.393889,23.0975,11368,"brackish; freshwater","introduced",1,1
"1243","Hemiculter leucisculus","ID_0504","China","Xenocyprididae",52,4755,"Sharpbelly","Cypriniformes","Hemiculter",-26.23,19.71,0.09,0.12,"SD",NA,"Bulk","Lake_Dianshnan","Lentic","China","CHN","Asia",120.965523,31.107033,11368,"brackish; freshwater","introduced",1,1
"1245","Hemiculter leucisculus","ID_0519","Iran","Xenocyprididae",122,4755,"Sharpbelly","Cypriniformes","Hemiculter",-22.55,7.96,0.55,0.45,"SD",3,"Muscle","Anzali_Wetland_complex","Both","Iran","IRN","Africa",49.336893,37.477576,11368,"brackish; freshwater","introduced",1,0
"1246","Hemiculter leucisculus","ID_0839","China","Xenocyprididae",52,4755,"Sharpbelly_juvenile","Cypriniformes","Hemiculter",-26.34,11.51,0,0,"SD",NA,"Muscle","Lake_Wuli_restored_part_Lake_Taihu","Lentic","China","CHN","Asia",120.349668,31.428779,11368,"brackish; freshwater","introduced",1,1
"1248","Hemiculter leucisculus","ID_0839","China","Xenocyprididae",52,4755,"Sharpbelly_adult","Cypriniformes","Hemiculter",-20.62,11.64,0.72,0.18,"SD",NA,"Muscle","Lake_Wuli_restored_part_Lake_Taihu","Lentic","China","CHN","Asia",120.349668,31.428779,11368,"brackish; freshwater","introduced",1,1
"1250","Herichthys cyanoguttatus","ID_0577","United States of America","Cichlidae",256,3614,"Rio Grande cichlid","Cichliformes","Herichthys",-19.7,12.1,NA,NA,"SE",1,"Muscle","Pecos_River","Lotic","United States","USA","North America",-104.271247,33.041703,11986,"freshwater","introduced",1,1
"1252","Heterandria formosa","ID_0183","United States of America","Poeciliidae",256,3224,"Least killifish","Cyprinodontiformes","Heterandria",-9.88,9.93,NA,NA,NA,1,"Muscle","Lake_Apopka","Lentic","United States","USA","North America",-81.624881,28.623547,11623,"brackish; freshwater","introduced",1,1
"1254","Hiodon tergisus","ID_0137","United States of America","Hiodontidae",256,2667,"Mooneye","Hiodontiformes","Hiodon",-26.1,14.51,NA,NA,"SE",NA,"Muscle","Reach_13_Upper_Mississippi_River_Summer_1999","Lotic","United States","USA","North America",-90.205278,42.146111,11713,"freshwater","introduced",1,1
"1256","Hybognathus hankinsoni","ID_0558","United States of America","Leuciscidae",256,2773,"Brassy Minnow","Cypriniformes","Hybognathus",-30.7,7.83,0.75,0.59,"SD",15,"Muscle","LR04","Lotic","United States","USA","North America",-105.722747,41.227001,11371,"freshwater","introduced",1,1
"1258","Hybognathus hankinsoni","ID_0559","United States of America","Leuciscidae",256,2773,"Brassy Minnow","Cypriniformes","Hybognathus",-28.94,11.58,1.97,0.83,"SD",15,"Muscle","LR05","Lotic","United States","USA","North America",-105.605355,41.309678,11371,"freshwater","introduced",1,1
"1260","Hybognathus hankinsoni","ID_0561","United States of America","Leuciscidae",256,2773,"Brassy Minnow","Cypriniformes","Hybognathus",-29.03,9.34,0.92,0.27,"SD",8,"Muscle","LR07","Lotic","United States","USA","North America",-105.123964,42.056708,11371,"freshwater","introduced",1,1
"1262","Hybognathus placitus","ID_0577","United States of America","Leuciscidae",256,2776,"Plains minnow","Cypriniformes","Hybognathus",-17.7,10.3,1.4,1.7,"SE",3,"Muscle","Pecos_River","Lotic","United States","USA","North America",-104.271247,33.041703,11373,"brackish; freshwater","introduced",1,1
"1264","Hybognathus regius","ID_0019","United States of America","Leuciscidae",256,2777,"Eastern silvery minnow","Cypriniformes","Hybognathus",-23,12.4,2.1,3.4,"SD",6,"Muscle","Rappahanock_River_and_tributaries_Virginia","Lotic","United States","USA","North America",-77.034575,38.100519,11374,"freshwater","introduced",1,1
"1266","Hypophthalmichthys molitrix","ID_0422","United States of America","Xenocyprididae",256,274,"Silver carp","Cypriniformes","Hypophthalmichthys",-28.51,13.44,NA,NA,NA,NA,"Muscle","Contemporary_Lower_Illinois_River_CL","Lotic","United States","USA","North America",-89.627716,40.631024,11383,"brackish; freshwater","introduced",1,0
"1267","Hypophthalmichthys molitrix","ID_0432","United States of America","Xenocyprididae",256,274,"Silver carp","Cypriniformes","Hypophthalmichthys",-30.57,11,2.18,1.73,"SD",3,"Muscle","Red_and_Atchafalaya_rivers","Lotic","United States","USA","North America",-91.716333,31.076184,11383,"brackish; freshwater","introduced",1,0
"1268","Hypophthalmichthys nobilis","ID_0422","United States of America","Xenocyprididae",256,275,"Bighead Carp","Cypriniformes","Hypophthalmichthys",-28.05,15.03,NA,NA,NA,NA,"Muscle","Contemporary_Lower_Illinois_River_CL","Lotic","United States","USA","North America",-89.627716,40.631024,11384,"brackish; freshwater","introduced",1,0
"1269","Hypophthalmichthys nobilis","ID_0423","United States of America","Xenocyprididae",256,275,"Bighead Carp","Cypriniformes","Hypophthalmichthys",-26.79,16.99,NA,NA,NA,NA,"Muscle","Contemporary_Upper_Illinois_River_CU","Lotic","United States","USA","North America",-88.359041,41.309955,11384,"brackish; freshwater","introduced",1,0
"1270","Hypophthalmichthys nobilis","ID_0424","United States of America","Xenocyprididae",256,275,"Bighead Carp","Cypriniformes","Hypophthalmichthys",-25.85,17.24,NA,NA,NA,NA,"Muscle","Historical_Lower_Illinois_River_HL","Lotic","United States","USA","North America",-89.627716,40.631024,11384,"brackish; freshwater","introduced",1,0
"1271","Hypophthalmichthys nobilis","ID_0432","United States of America","Xenocyprididae",256,275,"Bighead carp","Cypriniformes","Hypophthalmichthys",-27.93,15.23,2.25,0.6,"SD",3,"Muscle","Red_and_Atchafalaya_rivers","Lotic","United States","USA","North America",-91.716333,31.076184,11384,"brackish; freshwater","introduced",1,0
"1272","Ictalurus furcatus","ID_0019","United States of America","Ictaluridae",256,3019,"Blue catfish","Siluriformes","Ictalurus",-21.6,15.4,1.9,2,"SD",43,"Muscle","Rappahanock_River_and_tributaries_Virginia","Lotic","United States","USA","North America",-77.034575,38.100519,12513,"brackish; freshwater","introduced",1,1
"1274","Ictalurus furcatus","ID_0432","United States of America","Ictaluridae",256,3019,"Blue catfish","Siluriformes","Ictalurus",-28.7,17,0.57,2.26,"SD",2,"Muscle","Red_and_Atchafalaya_rivers","Lotic","United States","USA","North America",-91.716333,31.076184,12513,"brackish; freshwater","introduced",1,1
"1276","Ictalurus punctatus","ID_0019","United States of America","Ictaluridae",256,290,"Channel catfish","Siluriformes","Ictalurus",-20.5,13.4,2,1.2,"SD",3,"Muscle","Rappahanock_River_and_tributaries_Virginia","Lotic","United States","USA","North America",-77.034575,38.100519,12515,"freshwater","introduced",1,1
"1278","Ictalurus punctatus","ID_0027","United States of America","Ictaluridae",256,290,"Channel catfish","Siluriformes","Ictalurus",-22.5,12.41,0.22,0.01,"SD",2,NA,"Reach_2_San_Juan_River_Texas","Lotic","United States","USA","North America",-109.860297,37.174328,12515,"freshwater","introduced",1,1
"1280","Ictalurus punctatus","ID_0028","United States of America","Ictaluridae",256,290,"Channel catfish","Siluriformes","Ictalurus",-22.45,13.3,0.34,0.41,"SD",4,NA,"Reach_3_San_Juan_River_Oklahoma","Lotic","United States","USA","North America",-109.240933,37.239383,12515,"freshwater","introduced",1,1
"1282","Ictalurus punctatus","ID_0029","United States of America","Ictaluridae",256,290,"Channel catfish","Siluriformes","Ictalurus",-23.41,14.73,0.55,0.01,"SD",2,NA,"Reach_4_San_Juan_River_Oklahoma","Lotic","United States","USA","North America",-108.939772,36.917928,12515,"freshwater","introduced",1,1
"1284","Ictalurus punctatus","ID_0030","United States of America","Ictaluridae",256,290,"Channel catfish","Siluriformes","Ictalurus",-22.4,14.3,1.26,0.55,"SD",2,NA,"Reach_5_San_Juan_River_Kansas","Lotic","United States","USA","North America",-108.738572,36.825047,12515,"freshwater","introduced",1,1
"1286","Ictalurus punctatus","ID_0047","United States of America","Ictaluridae",256,290,"Channel catfish","Siluriformes","Ictalurus",-26.6,11,1,0.6,"SD",3,"Muscle","Riverside_Gila_River_New_Mexico_","Lotic","United States","USA","North America",-108.606342,32.940211,12515,"freshwater","introduced",1,1
"1288","Ictalurus punctatus","ID_0051","United States of America","Ictaluridae",256,290,"Channel catfish","Siluriformes","Ictalurus",-23.35,12.52,0.46,0.4,"SD",NA,"Muscle","Urban_reach_Kansas_River","Lotic","United States","USA","North America",-96.780025,39.054858,12515,"freshwater","introduced",1,1
"1290","Ictalurus punctatus","ID_0052","United States of America","Ictaluridae",256,290,"Channel catfish","Siluriformes","Ictalurus",-23.78,12.78,1.23,1.85,"SD",NA,"Muscle","Intermediate_reach_Kansas_River","Lotic","United States","USA","North America",-95.967367,39.108244,12515,"freshwater","introduced",1,1
"1292","Ictalurus punctatus","ID_0053","United States of America","Ictaluridae",256,290,"Channel catfish","Siluriformes","Ictalurus",-22.63,13.95,0.48,0.59,"SD",NA,"Muscle","Low_urban_reach_Kansas_River","Lotic","United States","USA","North America",-94.888158,39.037142,12515,"freshwater","introduced",1,1
"1294","Ictalurus punctatus","ID_0127","United States of America","Ictaluridae",256,290,"Channel catfish","Siluriformes","Ictalurus",-26.67,13.94,NA,NA,NA,NA,"Muscle","Upper_Mississippi_River_1993","Lotic","United States","USA","North America",-89.467583,37.216472,12515,"freshwater","introduced",1,1
"1296","Ictalurus punctatus","ID_0128","United States of America","Ictaluridae",256,290,"Channel catfish","Siluriformes","Ictalurus",-25.3,15.49,NA,NA,NA,NA,"Muscle","Upper_Mississippi_River_1994","Lotic","United States","USA","North America",-89.467583,37.216472,12515,"freshwater","introduced",1,1
"1298","Ictalurus punctatus","ID_0129","United States of America","Ictaluridae",256,290,"Channel catfish","Siluriformes","Ictalurus",-20.91,12,NA,NA,NA,NA,"Muscle","Missouri_River_1993","Lotic","United States","USA","North America",-91.4385,38.709806,12515,"freshwater","introduced",1,1
"1300","Ictalurus punctatus","ID_0130","United States of America","Ictaluridae",256,290,"Channel catfish","Siluriformes","Ictalurus",-23.79,11.31,NA,NA,NA,NA,"Muscle","Missouri_River_1994","Lotic","United States","USA","North America",-91.4385,38.709806,12515,"freshwater","introduced",1,1
"1302","Ictalurus punctatus","ID_0136","United States of America","Ictaluridae",256,290,"Channel catfish","Siluriformes","Ictalurus",-25.35,15.1,NA,NA,"SE",NA,"Muscle","Reach_13_Upper_Mississippi_River_Summer_1998","Lotic","United States","USA","North America",-90.205278,42.146111,12515,"freshwater","introduced",1,1
"1304","Ictalurus punctatus","ID_0137","United States of America","Ictaluridae",256,290,"Channel catfish","Siluriformes","Ictalurus",-25.1,14.92,NA,NA,"SE",NA,"Muscle","Reach_13_Upper_Mississippi_River_Summer_1999","Lotic","United States","USA","North America",-90.205278,42.146111,12515,"freshwater","introduced",1,1
"1306","Ictalurus punctatus","ID_0138","United States of America","Ictaluridae",256,290,"Channel catfish","Siluriformes","Ictalurus",-23.6,15.34,NA,NA,"SE",NA,"Muscle","Reach_26_Upper_Mississippi_River_Summer_1998","Lotic","United States","USA","North America",-90.500556,38.923889,12515,"freshwater","introduced",1,1
"1308","Ictalurus punctatus","ID_0139","United States of America","Ictaluridae",256,290,"Channel catfish","Siluriformes","Ictalurus",-24.6,15.51,NA,NA,"SE",NA,"Muscle","Reach_26_Upper_Mississippi_River_Summer_1999","Lotic","United States","USA","North America",-90.500556,38.923889,12515,"freshwater","introduced",1,1
"1310","Ictalurus punctatus","ID_0168","United States of America","Ictaluridae",256,290,"Channel catfish","Siluriformes","Ictalurus",-26.38,9.26,1.03,1.11,"SD",6,"Muscle","Shasta_Lake_California","Lentic","United States","USA","North America",-122.371897,40.760067,12515,"freshwater","introduced",1,1
"1312","Ictalurus punctatus","ID_0182","United States of America","Ictaluridae",256,290,"Channel catfish","Siluriformes","Ictalurus",-25.8,14.85,NA,NA,NA,NA,"Muscle","Long_Lake_Missouri_Summer_1998","Lentic","United States","USA","North America",-90.417889,38.954503,12515,"freshwater","introduced",1,1
"1314","Ictalurus punctatus","ID_0220","United States of America","Ictaluridae",256,290,"Channel catfish","Siluriformes","Ictalurus",-28,8,1.33,1.5,"SD",3,"Muscle","Caddo_Lake_Forested_wetland_Texas-Louisiana","Lentic","United States","USA","North America",-94.018833,32.710739,12515,"freshwater","introduced",1,1
"1316","Ictalurus punctatus","ID_0221","United States of America","Ictaluridae",256,290,"Channel catfish","Siluriformes","Ictalurus",-28.5,8.5,0.8,0.8,"SD",27,"Muscle","Caddo_Lake_Open_Water_Texas-Louisiana","Lentic","United States","USA","North America",-94.018833,32.710739,12515,"freshwater","introduced",1,1
"1318","Ictalurus punctatus","ID_0251","United States of America","Ictaluridae",256,290,"Channel catfish","Siluriformes","Ictalurus",-23.43,14.62,NA,NA,NA,NA,"Muscle","Cutler_Reservoir_Utah","Lentic","United States","USA","North America",-111.954881,41.800117,12515,"freshwater","introduced",1,1
"1320","Ictalurus punctatus","ID_0261","United States of America","Ictaluridae",256,290,"Channel catfish","Siluriformes","Ictalurus",-23.3,12.7,NA,NA,"SD",1,NA,"Arizona_streams_Verde_River_Arizona","Lotic","United States","USA","North America",-111.882947,34.590633,12515,"freshwater","introduced",1,1
"1322","Ictalurus punctatus","ID_0278","United States of America","Ictaluridae",256,290,"Channel catfish","Siluriformes","Ictalurus",-23.15,16.06,1.12,0.71,"SD",54,"Muscle","Utah_Lake","Lentic","United States","USA","North America",-111.786225,40.230214,12515,"freshwater","introduced",1,1
"1324","Ictalurus punctatus","ID_0282","United States of America","Ictaluridae",256,290,"Channel catfish","Siluriformes","Ictalurus",-23.12,7.7,NA,NA,"SD",1,"Muscle","Rio_Grande_Bernalillo_Autumn","Lotic","United States","USA","North America",-106.556936,35.322669,12515,"freshwater","introduced",1,1
"1326","Ictalurus punctatus","ID_0283","United States of America","Ictaluridae",256,290,"Channel catfish","Siluriformes","Ictalurus",-21.28,12.87,0.38,1.22,"SD",3,"Muscle","Rio_Grande_Bernalillo_Summer","Lotic","United States","USA","North America",-106.556936,35.322669,12515,"freshwater","introduced",1,1
"1328","Ictalurus punctatus","ID_0284","United States of America","Ictaluridae",256,290,"Channel catfish","Siluriformes","Ictalurus",-16.96,14.4,NA,NA,"SD",1,"Muscle","Rio_Grande_Bernardo_Autumn","Lotic","United States","USA","North America",-106.799697,34.4176,12515,"freshwater","introduced",1,1
"1330","Ictalurus punctatus","ID_0285","United States of America","Ictaluridae",256,290,"Channel catfish","Siluriformes","Ictalurus",-18.06,15.2,1.01,2.65,"SD",2,"Muscle","Rio_Grande_Bernardo_Spring","Lotic","United States","USA","North America",-106.799697,34.4176,12515,"freshwater","introduced",1,1
"1332","Ictalurus punctatus","ID_0327","United States of America","Ictaluridae",256,290,"Channel catfish","Siluriformes","Ictalurus",-21.1,11.31,0.96,1.12,"SD",10,"Fin","Utah_San_Rafael_River_Lower","Lotic","United States","USA","North America",-110.3715,38.854,12515,"freshwater","introduced",1,1
"1334","Ictalurus punctatus","ID_0427","United States of America","Ictaluridae",256,290,"Channel catfish","Siluriformes","Ictalurus",-25.07,13.71,1.1,0.34,"SD",2,"Muscle","Washoe_Lake","Lentic","United States","USA","North America",-119.8,39.266667,12515,"freshwater","introduced",1,1
"1336","Ictalurus punctatus","ID_0428","United States of America","Ictaluridae",256,290,"Channel catfish","Siluriformes","Ictalurus",-29.63,12.04,0.67,0.35,"SD",8,"Muscle","Frog_Pond_&_Rosewood_Lake","Lentic","United States","USA","North America",-119.8,39.266667,12515,"freshwater","introduced",1,1
"1338","Ictalurus punctatus","ID_0433","China","Ictaluridae",52,290,"Channel catfish","Siluriformes","Ictalurus",-22.6,11.4,1.2,2.6,"SD",10,"Muscle","Xin’anjiang_Reservoir","Lentic","China","CHN","Asia",119.333518,29.515466,12515,"freshwater","introduced",1,0
"1339","Ictalurus punctatus","ID_0486","Italy","Ictaluridae",126,290,"Channel catfish","Siluriformes","Ictalurus",-26.6,15.9,0.1,0.2,"SE",29,"Muscle","Arno_river","Lotic","Italy","ITA","Europe",11.050653,43.116756,12515,"freshwater","introduced",1,0
"1340","Ictalurus punctatus","ID_0522","Italy","Ictaluridae",126,290,"Channel catfish","Siluriformes","Ictalurus",-24.5,10.1,0.6,0.2,"SD",4,"Muscle","Lake_San_Michele","Lentic","Italy","ITA","Europe",7.888345,45.477254,12515,"freshwater","introduced",1,0
"1341","Ictalurus punctatus","ID_0563","United States of America","Ictaluridae",256,290,"Channel catfish","Siluriformes","Ictalurus",-21.9,11.7,0.9,0.9,"SD",282,"Muscle","San_Juan_River","Lotic","United States","USA","North America",-109.17008,37.180112,12515,"freshwater","introduced",1,1
"1343","Ictalurus punctatus","ID_0577","United States of America","Ictaluridae",256,290,"Channel catfish","Siluriformes","Ictalurus",-21.6,11,1.4,2.5,"SE",4,"Muscle","Pecos_River","Lotic","United States","USA","North America",-104.271247,33.041703,12515,"freshwater","introduced",1,1
"1345","Ictiobus bubalus","ID_0051","United States of America","Catostomidae",256,2992,"Smallmouth buffalo","Cypriniformes","Ictiobus",-24.22,14.02,0.91,0.3,"SD",NA,"Muscle","Urban_reach_Kansas_River","Lotic","United States","USA","North America",-96.780025,39.054858,11386,"freshwater","introduced",1,1
"1347","Ictiobus bubalus","ID_0052","United States of America","Catostomidae",256,2992,"Smallmouth buffalo","Cypriniformes","Ictiobus",-24.12,13.64,1.24,0.76,"SD",NA,"Muscle","Intermediate_reach_Kansas_River","Lotic","United States","USA","North America",-95.967367,39.108244,11386,"freshwater","introduced",1,1
"1349","Ictiobus bubalus","ID_0053","United States of America","Catostomidae",256,2992,"Smallmouth buffalo","Cypriniformes","Ictiobus",-21.93,14.78,1.02,1.02,"SD",NA,"Muscle","Low_urban_reach_Kansas_River","Lotic","United States","USA","North America",-94.888158,39.037142,11386,"freshwater","introduced",1,1
"1351","Ictiobus bubalus","ID_0136","United States of America","Catostomidae",256,2992,"Smallmouth buffalo","Cypriniformes","Ictiobus",-25.16,15.14,NA,NA,"SE",NA,"Muscle","Reach_13_Upper_Mississippi_River_Summer_1998","Lotic","United States","USA","North America",-90.205278,42.146111,11386,"freshwater","introduced",1,1
"1353","Ictiobus bubalus","ID_0138","United States of America","Catostomidae",256,2992,"Smallmouth buffalo","Cypriniformes","Ictiobus",-24.32,15.5,NA,NA,"SE",NA,"Muscle","Reach_26_Upper_Mississippi_River_Summer_1998","Lotic","United States","USA","North America",-90.500556,38.923889,11386,"freshwater","introduced",1,1
"1355","Ictiobus bubalus","ID_0139","United States of America","Catostomidae",256,2992,"Smallmouth buffalo","Cypriniformes","Ictiobus",-26.28,15.24,NA,NA,"SE",NA,"Muscle","Reach_26_Upper_Mississippi_River_Summer_1999","Lotic","United States","USA","North America",-90.500556,38.923889,11386,"freshwater","introduced",1,1
"1357","Ictiobus bubalus","ID_0181","United States of America","Catostomidae",256,2992,"Smallmouth buffalo","Cypriniformes","Ictiobus",-28.32,17.03,NA,NA,NA,NA,"Muscle","Savanna_Bay_Illinois_Summer_1998","Lentic","United States","USA","North America",-90.159131,42.117939,11386,"freshwater","introduced",1,1
"1359","Ictiobus bubalus","ID_0182","United States of America","Catostomidae",256,2992,"Smallmouth buffalo","Cypriniformes","Ictiobus",-27.67,14.33,NA,NA,NA,NA,"Muscle","Long_Lake_Missouri_Summer_1998","Lentic","United States","USA","North America",-90.417889,38.954503,11386,"freshwater","introduced",1,1
"1361","Ictiobus bubalus","ID_0432","United States of America","Catostomidae",256,2992,"Smallmouth buffalo","Cypriniformes","Ictiobus",-27.83,13.43,4.44,1.46,"SD",3,"Muscle","Red_and_Atchafalaya_rivers","Lotic","United States","USA","North America",-91.716333,31.076184,11386,"freshwater","introduced",1,1
"1363","Ictiobus cyprinellus","ID_0182","United States of America","Catostomidae",256,2993,"Bigmouth Buffalo","Cypriniformes","Ictiobus",-28.27,13.45,NA,NA,NA,NA,"Muscle","Long_Lake_Missouri_Summer_1998","Lentic","United States","USA","North America",-90.417889,38.954503,11387,"freshwater","introduced",1,1
"1365","Ictiobus cyprinellus","ID_0422","United States of America","Catostomidae",256,2993,"Bigmouth Buffalo","Cypriniformes","Ictiobus",-26,15.14,NA,NA,NA,NA,"Muscle","Contemporary_Lower_Illinois_River_CL","Lotic","United States","USA","North America",-89.627716,40.631024,11387,"freshwater","introduced",1,1
"1367","Ictiobus cyprinellus","ID_0423","United States of America","Catostomidae",256,2993,"Bigmouth Buffalo","Cypriniformes","Ictiobus",-25.33,17.54,NA,NA,NA,NA,"Muscle","Contemporary_Upper_Illinois_River_CU","Lotic","United States","USA","North America",-88.359041,41.309955,11387,"freshwater","introduced",1,1
"1369","Ictiobus cyprinellus","ID_0424","United States of America","Catostomidae",256,2993,"Bigmouth Buffalo","Cypriniformes","Ictiobus",-26.62,19.98,NA,NA,NA,NA,"Muscle","Historical_Lower_Illinois_River_HL","Lotic","United States","USA","North America",-89.627716,40.631024,11387,"freshwater","introduced",1,1
"1371","Ictiobus cyprinellus","ID_0425","United States of America","Catostomidae",256,2993,"Bigmouth Buffalo","Cypriniformes","Ictiobus",-26.3,16.39,NA,NA,NA,NA,"Muscle","Historical_Upper_Illinois_River_HU","Lotic","United States","USA","North America",-88.35904,40.309955,11387,"freshwater","introduced",1,1
"1373","Ictiobus cyprinellus","ID_0432","United States of America","Catostomidae",256,2993,"Bigmouth Buffalo","Cypriniformes","Ictiobus",-29.83,15.07,0.93,0.86,"SD",3,"Muscle","Red_and_Atchafalaya_rivers","Lotic","United States","USA","North America",-91.716333,31.076184,11387,"freshwater","introduced",1,1
"1375","Lates niloticus","ID_0007","Kenya","Latidae",134,347,"Nile perch","Carangaria/misc","Lates",-22.2,11.8,1.2,1.4,"SD",17,"Muscle","Lake_Victoria_Winam_Gulf","Lentic","Kenya","KEN","Africa",34.649039,-0.244106,12027,"brackish; freshwater","introduced",1,1
"1377","Lates niloticus","ID_0008","Uganda","Latidae",250,347,"Nile perch","Carangaria/misc","Lates",-18.9,8,0.5,1.1,"SD",12,"Muscle","Lake_Victoria_Napoleon_Gulf","Lentic","Uganda","UGA","Africa",33.285731,0.342631,12027,"brackish; freshwater","introduced",1,1
"1379","Lates niloticus","ID_0092","Uganda","Latidae",250,347,"Nile perch","Carangaria/misc","Lates",-19.36,7.24,1.24,0.96,"SD",3,"Muscle","Lake_Kyoga_Iyingo","Lentic","Uganda","UGA","Africa",32.948317,1.501347,12027,"brackish; freshwater","introduced",1,1
"1381","Lates niloticus","ID_0093","Uganda","Latidae",250,347,"Nile perch","Carangaria/misc","Lates",-14.16,7.56,2.25,0.83,"SD",16,"Muscle","Lake_Kyoga_Bukungu","Lentic","Uganda","UGA","Africa",32.948317,1.501347,12027,"brackish; freshwater","introduced",1,1
"1383","Lates niloticus","ID_0184","Uganda","Latidae",250,347,"Nile perch","Carangaria/misc","Lates",-14.53,7.06,2.65,2.65,"SD",16,"Muscle","Lake_Kyoga","Lentic","Uganda","UGA","Africa",32.945225,1.503975,12027,"brackish; freshwater","introduced",1,1
"1385","Lates niloticus","ID_0192","Uganda","Latidae",250,347,"Nile perch","Carangaria/misc","Lates",-18.24,6.41,0.22,0.2,"SD",9,NA,"Lake_Saka_2000","Lentic","Uganda","UGA","Africa",30.242908,0.692594,12027,"brackish; freshwater","introduced",1,1
"1387","Lates niloticus","ID_0222","Uganda","Latidae",250,347,"Nile perch","Carangaria/misc","Lates",-19,8.9,0.9,1.3,"SD",9,"Muscle","Lake_Victoria_Thruston_Bay","Lentic","Uganda","UGA","Africa",33.37725,0.46406,12027,"brackish; freshwater","introduced",1,1
"1389","Lates niloticus","ID_0299","Uganda","Latidae",250,347,"Nile perch","Carangaria/misc","Lates",-16.2,9.4,1.6,1.2,"SD",18,"Muscle","Lake_Victoria_Murchison_bay","Lentic","Uganda","UGA","Africa",32.094167,0.0875,12027,"brackish; freshwater","introduced",1,1
"1391","Lates niloticus","ID_0300","Uganda","Latidae",250,347,"Nile perch","Carangaria/misc","Lates",-15.3,7.9,1.2,1,"SD",23,"Muscle","Lake_Victoria_Napoleon_Gulf_2008","Lentic","Uganda","UGA","Africa",33.087222,0.09,12027,"brackish; freshwater","introduced",1,1
"1393","Lates niloticus","ID_0313","Uganda","Latidae",250,347,"Nile perch","Carangaria/misc","Lates",-19.1,3.1,0.6,0.9,"SD",6,"Muscle","Lake_Albert_2007","Lentic","Uganda","UGA","Africa",31.099091,1.741065,12027,"brackish; freshwater","introduced",1,1
"1395","Lates niloticus","ID_0317","Uganda","Latidae",250,347,"Nile perch","Carangaria/misc","Lates",-19.7,7.3,0.3,0.4,"SD",4,"Muscle","Lake_Saka_2008","Lentic","Uganda","UGA","Africa",30.242908,0.692594,12027,"brackish; freshwater","introduced",1,1
"1397","Lates niloticus","ID_0528","Kenya","Latidae",134,347,"Nile perch","Carangaria/misc","Lates",-18.46,10.93,2.86,2.86,"SD",111,"Muscle","Lake_Turkana","Lentic","Kenya","KEN","Africa",36.061348,3.635314,12027,"brackish; freshwater","introduced",1,1
"1399","Lates niloticus","ID_0776","Egypt","Latidae",75,347,"Nile perch","Carangaria/misc","Lates",-16.91,8.58,0.12,0.07,"SE",516,"Muscle","Lake_Victoria_Mwanza_Gulf","Lentic","Tanzania","TZA","Africa",32.84964,22.618355,12027,"brackish; freshwater","introduced",1,1
"1401","Lepisosteus platostomus","ID_0138","United States of America","Lepisosteidae",256,2597,"Florida gar","Lepisosteiformes","Lepisosteus",-25.39,18.69,NA,NA,"SE",NA,"Muscle","Reach_26_Upper_Mississippi_River_Summer_1998","Lotic","United States","USA","North America",-90.500556,38.923889,11683,"freshwater","introduced",1,1
"1403","Lepisosteus platostomus","ID_0182","United States of America","Lepisosteidae",256,2597,"Florida gar","Lepisosteiformes","Lepisosteus",-28.77,16.32,NA,NA,NA,NA,"Muscle","Long_Lake_Missouri_Summer_1998","Lentic","United States","USA","North America",-90.417889,38.954503,11683,"freshwater","introduced",1,1
"1405","Lepisosteus platyrhincus","ID_0183","United States of America","Lepisosteidae",256,2598,"Florida gar","Lepisosteiformes","Lepisosteus",-8.06,13.87,0.62,0.5,"SD",NA,"Muscle","Lake_Apopka","Lentic","United States","USA","North America",-81.624881,28.623547,11684,"freshwater","introduced",1,1
"1407","Lepomis auritus","ID_0183","United States of America","Centrarchidae",256,3370,"Redbreast sunfish","Centrarchiformes","Lepomis",-8.14,9.14,0.23,0.35,"SD",NA,"Muscle","Lake_Apopka","Lentic","United States","USA","North America",-81.624881,28.623547,12030,"freshwater","introduced",1,1
"1409","Lepomis auritus","ID_0196","United States of America","Centrarchidae",256,3370,"Redbreast sunfish","Centrarchiformes","Lepomis",-28.12,11.9,0.15,0.12,"SD",2,"Muscle","St._Marys_Florida","Lotic","United States","USA","North America",-82.081667,30.358611,12030,"freshwater","introduced",1,1
"1411","Lepomis auritus","ID_0197","United States of America","Centrarchidae",256,3370,"Redbreast sunfish","Centrarchiformes","Lepomis",-25.95,9.17,1.24,0.66,"SD",10,"Muscle","Santa_Fe_River_Florida","Lotic","United States","USA","North America",-82.715278,29.848611,12030,"freshwater","introduced",1,1
"1413","Lepomis auritus","ID_0198","United States of America","Centrarchidae",256,3370,"Redbreast sunfish","Centrarchiformes","Lepomis",-28.75,13.43,1.25,1.04,"SD",6,"Muscle","Little_Wekiva_River_Florida","Lotic","United States","USA","North America",-81.392222,28.701944,12030,"freshwater","introduced",1,1
"1415","Lepomis auritus","ID_0364","United States of America","Centrarchidae",256,3370,"Redbreast sunfish","Centrarchiformes","Lepomis",-26.78,9.15,0.66,0.36,"SD",6,"Muscle","Hudson_River_near_Newcomb_date_39639","Lotic","United States","USA","North America",-74.130704,43.966174,12030,"freshwater","introduced",1,1
"1417","Lepomis auritus","ID_0365","United States of America","Centrarchidae",256,3370,"Redbreast sunfish","Centrarchiformes","Lepomis",-27.76,9.74,0.73,0.3,"SD",5,"Muscle","Hudson_River_near_Newcomb_date_39701","Lotic","United States","USA","North America",-74.130704,43.966174,12030,"freshwater","introduced",1,1
"1419","Lepomis auritus","ID_0367","United States of America","Centrarchidae",256,3370,"Redbreast sunfish","Centrarchiformes","Lepomis",-33.4,12.05,0.28,0.64,"SD",2,"Muscle","McTier_Creek_near_Monetta_date_39603","Lotic","United States","USA","North America",-81.601771,33.753477,12030,"freshwater","introduced",1,1
"1421","Lepomis auritus","ID_0369","United States of America","Centrarchidae",256,3370,"Redbreast sunfish","Centrarchiformes","Lepomis",-27.6,11.9,0.85,0.71,"SD",2,"Muscle","McTier_Creek_near_NewHolland_date_39412","Lotic","United States","USA","North America",-81.6075,33.7175,12030,"freshwater","introduced",1,1
"1423","Lepomis auritus","ID_0370","United States of America","Centrarchidae",256,3370,"Redbreast sunfish","Centrarchiformes","Lepomis",-28.2,11.6,NA,NA,"SD",1,"Muscle","McTier_Creek_near_NewHolland_date_39728","Lotic","United States","USA","North America",-81.6075,33.7175,12030,"freshwater","introduced",1,1
"1425","Lepomis auritus","ID_0371","United States of America","Centrarchidae",256,3370,"Redbreast sunfish","Centrarchiformes","Lepomis",-27.3,12.1,NA,NA,"SD",1,"Muscle","McTier_Creek_near_NewHolland_date_39933","Lotic","United States","USA","North America",-81.6075,33.7175,12030,"freshwater","introduced",1,1
"1427","Lepomis auritus","ID_0577","United States of America","Centrarchidae",256,3370,"Redbreast sunfish","Centrarchiformes","Lepomis",-25.2,14.5,0.5,0.2,"SE",2,"Muscle","Pecos_River","Lotic","United States","USA","North America",-104.271247,33.041703,12030,"freshwater","introduced",1,1
"1429","Lepomis cyanellus","ID_0032","United States of America","Centrarchidae",256,3371,"Green sunfish","Centrarchiformes","Lepomis",-20.14,8.53,NA,NA,NA,NA,"Fin","Verde_River_Arizona_diverted_flows_Non_Natives_present","Lotic","United States","USA","North America",-111.848211,34.572178,12031,"freshwater","introduced",1,1
"1431","Lepomis cyanellus","ID_0044","United States of America","Centrarchidae",256,3371,"Green sunfish","Centrarchiformes","Lepomis",-21.62,12.58,0.29,0.33,"SD",5,"Muscle","East_Fork_Gila_River_New_Mexico_","Lotic","United States","USA","North America",-108.128483,33.293817,12031,"freshwater","introduced",1,1
"1433","Lepomis cyanellus","ID_0045","United States of America","Centrarchidae",256,3371,"Green sunfish","Centrarchiformes","Lepomis",-21.88,9.88,NA,NA,"SD",1,"Muscle","Middle_Fork_Gila_River_New_Mexico_","Lotic","United States","USA","North America",-108.231328,33.248692,12031,"freshwater","introduced",1,1
"1435","Lepomis cyanellus","ID_0168","United States of America","Centrarchidae",256,3371,"Green sunfish","Centrarchiformes","Lepomis",-26,7.74,0.41,1.09,"SD",4,"Muscle","Shasta_Lake_California","Lentic","United States","USA","North America",-122.371897,40.760067,12031,"freshwater","introduced",1,1
"1437","Lepomis cyanellus","ID_0261","United States of America","Centrarchidae",256,3371,"Green sunfish","Centrarchiformes","Lepomis",-22.6,9.5,0.5,0.9,"SD",15,NA,"Arizona_streams_Verde_River_Arizona","Lotic","United States","USA","North America",-111.882947,34.590633,12031,"freshwater","introduced",1,1
"1439","Lepomis cyanellus","ID_0278","United States of America","Centrarchidae",256,3371,"Green sunfish","Centrarchiformes","Lepomis",-26.25,14.76,2.25,1.76,"SD",13,"Muscle","Utah_Lake","Lentic","United States","USA","North America",-111.786225,40.230214,12031,"freshwater","introduced",1,1
"1441","Lepomis cyanellus","ID_0326","United States of America","Centrarchidae",256,3371,"Green sunfish","Centrarchiformes","Lepomis",-24.32,8.52,NA,NA,"SD",2,"Fin","Utah_San_Rafael_River_Upper","Lotic","United States","USA","North America",-110.851924,39.1153,12031,"freshwater","introduced",1,1
"1443","Lepomis cyanellus","ID_0327","United States of America","Centrarchidae",256,3371,"Green sunfish","Centrarchiformes","Lepomis",-21.22,10.41,0.42,0.63,"SD",7,"Fin","Utah_San_Rafael_River_Lower","Lotic","United States","USA","North America",-110.3715,38.854,12031,"freshwater","introduced",1,1
"1445","Lepomis cyanellus","ID_0374","United States of America","Centrarchidae",256,3371,"Green sunfish","Centrarchiformes","Lepomis",-24.65,14.32,NA,NA,"SD",NA,"Muscle","Lake_Worth_Meandering_road_creek","Lotic","United States","USA","North America",-97.453798,32.777533,12031,"freshwater","introduced",1,1
"1447","Lepomis cyanellus","ID_0428","United States of America","Centrarchidae",256,3371,"Sunfish","Centrarchiformes","Lepomis",-25.21,14.59,1.46,0.94,"SD",24,"Muscle","Frog_Pond_&_Rosewood_Lake","Lentic","United States","USA","North America",-119.8,39.266667,12031,"freshwater","introduced",1,1
"1449","Lepomis cyanellus","ID_0561","United States of America","Centrarchidae",256,3371,"Green Sunfish ","Centrarchiformes","Lepomis",-25.86,10.54,0.45,0.61,"SD",7,"Muscle","LR07","Lotic","United States","USA","North America",-105.123964,42.056708,12031,"freshwater","introduced",1,1
"1451","Lepomis cyanellus","ID_0577","United States of America","Centrarchidae",256,3371,"Green sunfish","Centrarchiformes","Lepomis",-22.2,9.1,NA,NA,"SE",1,"Muscle","Pecos_River","Lotic","United States","USA","North America",-104.271247,33.041703,12031,"freshwater","introduced",1,1
"1453","Lepomis cyanellus","ID_0630","United States of America","Centrarchidae",256,3371,"Green sunfish","Centrarchiformes","Lepomis",-25.43,8.13,0.61,0.4,"SD",18,"Fin","Bill_Williams_River_Basin_Burro01&02","Lotic","United States","USA","North America",-113.24521,34.73491,12031,"freshwater","introduced",1,1
"1455","Lepomis cyanellus","ID_0631","United States of America","Centrarchidae",256,3371,"Green sunfish","Centrarchiformes","Lepomis",-27.17,6.24,0.78,0.99,"SD",14,"Fin","Bill_Williams_River_Basin_Burro06&07","Lotic","United States","USA","North America",-113.35278,34.56183,12031,"freshwater","introduced",1,1
"1457","Lepomis cyanellus","ID_0632","United States of America","Centrarchidae",256,3371,"Green sunfish","Centrarchiformes","Lepomis",-24.56,9.32,1.37,0.65,"SD",20,"Fin","Bill_Williams_River_Basin_Burro08&09","Lotic","United States","USA","North America",-113.44775,34.54052,12031,"freshwater","introduced",1,1
"1459","Lepomis cyanellus","ID_0635","United States of America","Centrarchidae",256,3371,"Green sunfish","Centrarchiformes","Lepomis",-22.41,10.42,1.28,0.86,"SD",20,"Fin","Bill_Williams_River_Basin_Francis03&04","Lotic","United States","USA","North America",-113.26434,34.76313,12031,"freshwater","introduced",1,1
"1461","Lepomis cyanellus","ID_0655","United States of America","Centrarchidae",256,3371,"Green sunfish","Centrarchiformes","Lepomis",-27.5,12.86,2.5,0.63,"SD",5,"Muscle","Wilderness","Lentic","United States","USA","North America",-122.0344,47.3726,12031,"freshwater","introduced",1,1
"1463","Lepomis gibbosus","ID_0005","Canada","Centrarchidae",48,3372,"Pumpkinseed sunfish","Centrarchiformes","Lepomis",-22.1,12.5,NA,NA,"SD",1,"Muscle","Lake_Erie_Eastern_basin","Lentic","Canada","CAN","North America",-79.982269,42.792617,12032,"brackish; freshwater","introduced",1,1
"1465","Lepomis gibbosus","ID_0019","United States of America","Centrarchidae",256,3372,"Pumpkinseed sunfish","Centrarchiformes","Lepomis",-25.4,13.1,1.1,1.3,"SD",9,"Muscle","Rappahanock_River_and_tributaries_Virginia","Lotic","United States","USA","North America",-77.034575,38.100519,12032,"brackish; freshwater","introduced",1,1
"1467","Lepomis gibbosus","ID_0080","United States of America","Centrarchidae",256,3372,"Pumpkinseed sunfish","Centrarchiformes","Lepomis",-22.86,8.71,1.24,0.4,"SD",10,"Muscle","Pend_Oreille_Lake_Idaho","Lentic","United States","USA","North America",-116.366667,48.16,12032,"brackish; freshwater","introduced",1,1
"1469","Lepomis gibbosus","ID_0159","United States of America","Centrarchidae",256,3372,"Pumpkinseed sunfish","Centrarchiformes","Lepomis",-25,14.3,2.6,0.9,"SD",4,"Muscle","Lake_Washington_Washington","Lentic","United States","USA","North America",-122.259383,47.6097,12032,"brackish; freshwater","introduced",1,1
"1471","Lepomis gibbosus","ID_0196","United States of America","Centrarchidae",256,3372,"Pumpkinseed sunfish","Centrarchiformes","Lepomis",-28.6,10.35,0.23,1.61,"SD",2,"Muscle","St._Marys_Florida","Lotic","United States","USA","North America",-82.081667,30.358611,12032,"brackish; freshwater","introduced",1,1
"1473","Lepomis gibbosus","ID_0228","United States of America","Centrarchidae",256,3372,"Pumpkinseed sunfish","Centrarchiformes","Lepomis",-16.73,11.21,0.91,0.52,"SD",6,"Muscle","Thousand_Islands_region_St_Lawrence_River_","Lotic","United States","USA","North America",-76.04845,44.27028,12032,"brackish; freshwater","introduced",1,1
"1475","Lepomis gibbosus","ID_0231","France","Centrarchidae",86,3372,"Pumpkinseed sunfish","Centrarchiformes","Lepomis",-24.23,9.18,0.84,0.7,"SD",3,"Muscle/Fin","Lac_des_Bariousses_Corrèze","Lentic","France","FRA","Europe",1.8239,45.5656,12032,"brackish; freshwater","introduced",1,0
"1476","Lepomis gibbosus","ID_0239","France","Centrarchidae",86,3372,"Pumpkinseed sunfish","Centrarchiformes","Lepomis",-22,19.02,0.38,0.47,"SD",2,"Muscle/Fin","Lac_de_Gensac_Tarn-et-Garonne","Lentic","France","FRA","Europe",0.9556,43.9644,12032,"brackish; freshwater","introduced",1,0
"1477","Lepomis gibbosus","ID_0240","France","Centrarchidae",86,3372,"Pumpkinseed sunfish","Centrarchiformes","Lepomis",-24.74,17.23,0.67,0.67,"SD",6,"Muscle/Fin","Lac_du_Gouyre_Tarn-et-Garonne","Lentic","France","FRA","Europe",1.6064,44.047222,12032,"brackish; freshwater","introduced",1,0
"1478","Lepomis gibbosus","ID_0243","France","Centrarchidae",86,3372,"Pumpkinseed sunfish","Centrarchiformes","Lepomis",-21.3,9.45,0.39,0.47,"SD",3,"Muscle/Fin","Lac_du_Salagou_Hérault","Lentic","France","FRA","Europe",3.3717,43.6528,12032,"brackish; freshwater","introduced",1,0
"1479","Lepomis gibbosus","ID_0244","France","Centrarchidae",86,3372,"Pumpkinseed sunfish","Centrarchiformes","Lepomis",-25.17,11.33,1.89,0.57,"SD",9,"Muscle/Fin","Lac_du_Tolerme_Lot","Lentic","France","FRA","Europe",2.0525,44.8233,12032,"brackish; freshwater","introduced",1,0
"1480","Lepomis gibbosus","ID_0246","United States of America","Centrarchidae",256,3372,"Pumpkinseed sunfish","Centrarchiformes","Lepomis",-22,1.3,1.3,0.8,"SD",3,"Muscle","Lake_Sammamish_Washington","Lentic","United States","USA","North America",-122.095158,47.584106,12032,"brackish; freshwater","introduced",1,1
"1482","Lepomis gibbosus","ID_0347","Canada","Centrarchidae",48,3372,"Pumpkinseed sunfish","Centrarchiformes","Lepomis",-31.39,23.15,0.55,0.59,"SD",5,"Muscle","Trout_Lake","Lentic","Canada","CAN","North America",-66.763773,45.179375,12032,"brackish; freshwater","introduced",1,1
"1484","Lepomis gibbosus","ID_0360","United States of America","Centrarchidae",256,3372,"Pumpkinseed sunfish","Centrarchiformes","Lepomis",-31.45,10.28,0.62,0.36,"SD",4,"Muscle","Fishing_brook_near_newcomb_date_39590","Lotic","United States","USA","North America",-74.291333,43.987583,12032,"brackish; freshwater","introduced",1,1
"1486","Lepomis gibbosus","ID_0361","United States of America","Centrarchidae",256,3372,"Pumpkinseed sunfish","Centrarchiformes","Lepomis",-32.18,9.95,0.22,0.1,"SD",4,"Muscle","Fishing_brook_near_newcomb_date_39651","Lotic","United States","USA","North America",-74.291333,43.987583,12032,"brackish; freshwater","introduced",1,1
"1488","Lepomis gibbosus","ID_0362","United States of America","Centrarchidae",256,3372,"Pumpkinseed sunfish","Centrarchiformes","Lepomis",-33,9.87,0.66,0.35,"SD",3,"Muscle","Fishing_brook_near_newcomb_date_39700","Lotic","United States","USA","North America",-74.291333,43.987583,12032,"brackish; freshwater","introduced",1,1
"1490","Lepomis gibbosus","ID_0375","United States of America","Centrarchidae",256,3372,"Pumpkinseed sunfish","Centrarchiformes","Lepomis",-30.8,10.8,NA,NA,"SD",1,"Muscle","McTier_Creek_near_NewHolland_date_39602","Lotic","United States","USA","North America",-81.6075,33.7175,12032,"brackish; freshwater","introduced",1,1
"1492","Lepomis gibbosus","ID_0376","United States of America","Centrarchidae",256,3372,"Pumpkinseed sunfish","Centrarchiformes","Lepomis",-29.1,11.5,NA,NA,"SD",1,"Muscle","McTier_Creek_near_NewHolland_date_39553","Lotic","United States","USA","North America",-81.6075,33.7175,12032,"brackish; freshwater","introduced",1,1
"1494","Lepomis gibbosus","ID_0401","United Kingdom","Centrarchidae",91,3372,"Pumpkinseed sunfish","Centrarchiformes","Lepomis",-30.97,10.9,NA,NA,NA,NA,NA,"Batts_Bridge_Stream_A","Lotic","United Kingdom","GBR","Europe",0.075315,51.017973,12032,"brackish; freshwater","introduced",1,0
"1495","Lepomis gibbosus","ID_0402","United Kingdom","Centrarchidae",91,3372,"Pumpkinseed sunfish","Centrarchiformes","Lepomis",-29.6,11.25,NA,NA,NA,NA,NA,"Batts_Bridge_Stream_B","Lotic","United Kingdom","GBR","Europe",0.078995,51.012398,12032,"brackish; freshwater","introduced",1,0
"1496","Lepomis gibbosus","ID_0429","Canada","Centrarchidae",48,3372,"Pumpkinseed","Centrarchiformes","Lepomis",-23.8,17.17,1.83,2.01,"SD",11,"Muscle","Hamilton_Harbour_East","Lentic","Canada","CAN","North America",-79.888416,43.287682,12032,"brackish; freshwater","introduced",1,1
"1498","Lepomis gibbosus","ID_0430","Canada","Centrarchidae",48,3372,"Pumpkinseed","Centrarchiformes","Lepomis",-24.66,19.79,1.29,1.24,"SD",12,"Muscle","Hamilton_Harbour_West","Lentic","Canada","CAN","North America",-79.812182,43.311164,12032,"brackish; freshwater","introduced",1,1
"1500","Lepomis gibbosus","ID_0431","Canada","Centrarchidae",48,3372,"Pumpkinseed","Centrarchiformes","Lepomis",-24.04,19.89,1.97,3.02,"SD",7,"Muscle","Hamilton_Harbour_North","Lentic","Canada","CAN","North America",-79.812182,43.311164,12032,"brackish; freshwater","introduced",1,1
"1502","Lepomis gibbosus","ID_0479","Canada","Centrarchidae",48,3372,"Pumpkinseed sunfish","Centrarchiformes","Lepomis",-26.2,12.2,NA,NA,NA,36,"Muscle","Mactaquac_Lake_summarized","Lentic","Canada","CAN","North America",-66.876,45.95,12032,"brackish; freshwater","introduced",1,1
"1504","Lepomis gibbosus","ID_0486","Italy","Centrarchidae",126,3372,"Pumpkinseed sunfish","Centrarchiformes","Lepomis",-25.8,15.7,0.1,0.4,"SE",16,"Muscle","Arno_river","Lotic","Italy","ITA","Europe",11.050653,43.116756,12032,"brackish; freshwater","introduced",1,0
"1505","Lepomis gibbosus","ID_0522","Italy","Centrarchidae",126,3372,"Pumpkinseed sunfish","Centrarchiformes","Lepomis",-27.2,11.25,0.9,0.7,"SD",20,"Muscle","Lake_San_Michele","Lentic","Italy","ITA","Europe",7.888345,45.477254,12032,"brackish; freshwater","introduced",1,0
"1506","Lepomis gibbosus","ID_0523","Italy","Centrarchidae",126,3372,"Pumpkinseed sunfish","Centrarchiformes","Lepomis",-26.9,10.9,0.6,0.9,"SD",6,"Muscle","Lake_Campagna","Lentic","Italy","ITA","Europe",7.899031,45.484286,12032,"brackish; freshwater","introduced",1,0
"1507","Lepomis gibbosus","ID_0569","Canada","Centrarchidae",48,3372,"Pumpkinseed sunfish","Centrarchiformes","Lepomis",-15.7,12.7,0.33,0.35,"SD",NA,"Muscle","Upper_Niagara_River","Lotic","United States","USA","North America",-78.943416,42.956704,12032,"brackish; freshwater","introduced",1,1
"1509","Lepomis gibbosus","ID_0578","Italy","Centrarchidae",126,3372,"Pumpkinseed sunfish","Centrarchiformes","Lepomis",-15.3,9.93,1.54,0.89,"SD",NA,"Muscle","Lake_Trasimeno","Lentic","Italy","ITA","Europe",12.100064,43.133283,12032,"brackish; freshwater","introduced",1,0
"1510","Lepomis gibbosus","ID_0636","United States of America","Centrarchidae",256,3372,"Pumpkinseed sunfish","Centrarchiformes","Lepomis",-22.75,10.09,0.81,0.38,"SD",6,"Muscle","Angle","Lentic","United States","USA","North America",-122.2883,47.4261,12032,"brackish; freshwater","introduced",1,1
"1512","Lepomis gibbosus","ID_0637","United States of America","Centrarchidae",256,3372,"Pumpkinseed sunfish","Centrarchiformes","Lepomis",-27.41,12.25,1.67,0.65,"SD",7,"Muscle","Cottage","Lentic","United States","USA","North America",-122.0866,47.7539,12032,"brackish; freshwater","introduced",1,1
"1514","Lepomis gibbosus","ID_0638","United States of America","Centrarchidae",256,3372,"Pumpkinseed sunfish","Centrarchiformes","Lepomis",-30.49,8.49,NA,NA,"SD",1,"Muscle","Killarney","Lentic","United States","USA","North America",-122.2909,47.2867,12032,"brackish; freshwater","introduced",1,1
"1516","Lepomis gibbosus","ID_0640","United States of America","Centrarchidae",256,3372,"Pumpkinseed sunfish","Centrarchiformes","Lepomis",-27.1,8.03,0.99,0.97,"SD",16,"Muscle","North","Lentic","United States","USA","North America",-122.2896,47.3051,12032,"brackish; freshwater","introduced",1,1
"1518","Lepomis gibbosus","ID_0641","United States of America","Centrarchidae",256,3372,"Pumpkinseed sunfish","Centrarchiformes","Lepomis",-24.87,10.87,1.19,0.47,"SD",12,"Muscle","Pine","Lentic","United States","USA","North America",-122.0448,47.5866,12032,"brackish; freshwater","introduced",1,1
"1520","Lepomis gibbosus","ID_0643","United States of America","Centrarchidae",256,3372,"Pumpkinseed sunfish","Centrarchiformes","Lepomis",-24.76,10.04,0.6,0.29,"SD",3,"Muscle","Star","Lentic","United States","USA","North America",-122.2889,47.3547,12032,"brackish; freshwater","introduced",1,1
"1522","Lepomis gibbosus","ID_0644","United States of America","Centrarchidae",256,3372,"Pumpkinseed sunfish","Centrarchiformes","Lepomis",-24.92,9.42,NA,NA,"SD",1,"Muscle","Steel","Lentic","United States","USA","North America",-122.3029,47.3269,12032,"brackish; freshwater","introduced",1,1
"1524","Lepomis gibbosus","ID_0645","United States of America","Centrarchidae",256,3372,"Pumpkinseed sunfish","Centrarchiformes","Lepomis",-25.94,12.37,1.97,0.54,"SD",12,"Muscle","Wilderness","Lentic","United States","USA","North America",-122.0344,47.3726,12032,"brackish; freshwater","introduced",1,1
"1526","Lepomis gibbosus","ID_0646","United States of America","Centrarchidae",256,3372,"Pumpkinseed sunfish","Centrarchiformes","Lepomis",-21.16,10.95,2.53,0.67,"SD",8,"Muscle","Angle","Lentic","United States","USA","North America",-122.2883,47.4261,12032,"brackish; freshwater","introduced",1,1
"1528","Lepomis gibbosus","ID_0647","United States of America","Centrarchidae",256,3372,"Pumpkinseed sunfish","Centrarchiformes","Lepomis",-24.49,8.39,0.67,0.51,"SD",5,"Muscle","Cascade","Lentic","United States","USA","North America",-122.852,48.6513,12032,"brackish; freshwater","introduced",1,1
"1530","Lepomis gibbosus","ID_0649","United States of America","Centrarchidae",256,3372,"Pumpkinseed sunfish","Centrarchiformes","Lepomis",-25.94,14.91,0.97,0.52,"SD",10,"Muscle","Martha1","Lentic","United States","USA","North America",-122.244583,47.851167,12032,"brackish; freshwater","introduced",1,1
"1532","Lepomis gibbosus","ID_0650","United States of America","Centrarchidae",256,3372,"Pumpkinseed sunfish","Centrarchiformes","Lepomis",-25.08,10.94,0.8,0.27,"SD",6,"Muscle","Padden","Lentic","United States","USA","North America",-122.4529,48.7027,12032,"brackish; freshwater","introduced",1,1
"1534","Lepomis gibbosus","ID_0651","United States of America","Centrarchidae",256,3372,"Pumpkinseed sunfish","Centrarchiformes","Lepomis",-22.25,11.35,1.49,0.42,"SD",5,"Muscle","Pine","Lentic","United States","USA","North America",-122.0448,47.5866,12032,"brackish; freshwater","introduced",1,1
"1536","Lepomis gibbosus","ID_0652","United States of America","Centrarchidae",256,3372,"Pumpkinseed sunfish","Centrarchiformes","Lepomis",-24.91,10.74,0.74,1.17,"SD",6,"Muscle","Shoecraft","Lentic","United States","USA","North America",-122.307073,48.125977,12032,"brackish; freshwater","introduced",1,1
"1538","Lepomis gibbosus","ID_0653","United States of America","Centrarchidae",256,3372,"Pumpkinseed sunfish","Centrarchiformes","Lepomis",-29.74,9.44,0.64,0.61,"SD",4,"Muscle","Sunday","Lentic","United States","USA","North America",-122.2576,48.2292,12032,"brackish; freshwater","introduced",1,1
"1540","Lepomis gibbosus","ID_0655","United States of America","Centrarchidae",256,3372,"Pumpkinseed sunfish","Centrarchiformes","Lepomis",-30.06,12.96,2.41,0.85,"SD",5,"Muscle","Wilderness","Lentic","United States","USA","North America",-122.0344,47.3726,12032,"brackish; freshwater","introduced",1,1
"1542","Lepomis gibbosus","ID_0759","Italy","Centrarchidae",126,3372,"Pumpkinseed sunfish","Centrarchiformes","Lepomis",-14.35,9.24,0.96,0.71,"SD",NA,"Muscle","Lake_Bracciano","Lentic","Italy","ITA","Europe",12.237551,42.154135,12032,"brackish; freshwater","introduced",1,0
"1543","Lepomis gibbosus","ID_0847","Canada","Centrarchidae",48,3372,"Pumpkinseed sunfish","Centrarchiformes","Lepomis",-21.45,10.81,0.52,0.37,"SE",5,"Scale","Lake_Simcoe_Ontario_pre-dreissenid-establisment","Lentic","Canada","CAN","North America",-79.383037,44.432724,12032,"brackish; freshwater","introduced",1,1
"1545","Lepomis gibbosus","ID_0848","Canada","Centrarchidae",48,3372,"Pumpkinseed sunfish","Centrarchiformes","Lepomis",-16.42,9.92,0.38,0.25,"SE",5,"Scale","Lake_Simcoe_Ontario_post-deissenid-invasion","Lentic","Canada","CAN","North America",-79.383037,44.432724,12032,"brackish; freshwater","introduced",1,1
"1547","Lepomis gibbosus","ID_0849","United States of America","Centrarchidae",256,3372,"Pumpkinseed sunfish","Centrarchiformes","Lepomis",-26.3,9.6,0.49,0.26,"SE",10,"Muscle","Lake_Elk_Minnesota","Lentic","United States","USA","North America",-95.803693,45.866885,12032,"brackish; freshwater","introduced",1,1
"1549","Lepomis gibbosus","ID_0877","France","Centrarchidae",86,3372,"Pumpkinseed sunfish","Centrarchiformes","Lepomis",-30.17,15.18,NA,NA,"SD",1,"Fin","041_Rémarde, Val-St-Germain","Lotic","France","FRA","Europe",2.073518185,48.56872397,12032,"brackish; freshwater","introduced",1,0
"1550","Lepomis gibbosus","ID_0880","France","Centrarchidae",86,3372,"Pumpkinseed sunfish","Centrarchiformes","Lepomis",-25.78,15.74,0.42,0.63,"SD",5,"Fin","045_Prédecelle_St-Maurice-Montcouronne","Lotic","France","FRA","Europe",2.105927223,48.57652819,12032,"brackish; freshwater","introduced",1,0
"1551","Lepomis gulosus","ID_0090","United States of America","Centrarchidae",256,3373,"Warmouth","Centrarchiformes","Lepomis",-15.5,8.2,NA,NA,NA,NA,"Muscle","Lake_Huron_Middle_Island","Lentic","Canada","CAN","North America",-83.327295,45.198415,12033,"freshwater","introduced",1,1
"1553","Lepomis gulosus","ID_0198","United States of America","Centrarchidae",256,3373,"Warmouth","Centrarchiformes","Lepomis",-28.63,11.86,NA,NA,"SD",1,"Muscle","Little_Wekiva_River_Florida","Lotic","United States","USA","North America",-81.392222,28.701944,12033,"freshwater","introduced",1,1
"1555","Lepomis gulosus","ID_0366","United States of America","Centrarchidae",256,3373,"Warmouth","Centrarchiformes","Lepomis",-27.3,14.2,NA,NA,"SD",1,"Muscle","McTier_Creek_near_Monetta_date_39554","Lotic","United States","USA","North America",-81.601771,33.753477,12033,"freshwater","introduced",1,1
"1557","Lepomis gulosus","ID_0369","United States of America","Centrarchidae",256,3373,"Warmouth","Centrarchiformes","Lepomis",-29.3,13.6,NA,NA,"SD",1,"Muscle","McTier_Creek_near_NewHolland_date_39412","Lotic","United States","USA","North America",-81.6075,33.7175,12033,"freshwater","introduced",1,1
"1559","Lepomis gulosus","ID_0375","United States of America","Centrarchidae",256,3373,"Warmouth","Centrarchiformes","Lepomis",-29.6,11.4,NA,NA,"SD",1,"Muscle","McTier_Creek_near_NewHolland_date_39602","Lotic","United States","USA","North America",-81.6075,33.7175,12033,"freshwater","introduced",1,1
"1561","Lepomis gulosus","ID_0376","United States of America","Centrarchidae",256,3373,"Warmouth","Centrarchiformes","Lepomis",-28.8,13.1,NA,NA,"SD",1,"Muscle","McTier_Creek_near_NewHolland_date_39553","Lotic","United States","USA","North America",-81.6075,33.7175,12033,"freshwater","introduced",1,1
"1563","Lepomis humilis","ID_0131","United States of America","Centrarchidae",256,3374,"Orangespotted sunfish","Centrarchiformes","Lepomis",-26.79,14.68,NA,NA,NA,NA,"Muscle","Ohio_River_1993","Lotic","United States","USA","North America",-88.740833,37.1475,12034,"freshwater","introduced",1,1
"1565","Lepomis humilis","ID_0132","United States of America","Centrarchidae",256,3374,"Orangespotted sunfish","Centrarchiformes","Lepomis",-28.86,15.01,NA,NA,NA,NA,"Muscle","Ohio_River_1994","Lotic","United States","USA","North America",-88.740833,37.1475,12034,"freshwater","introduced",1,1
"1567","Lepomis macrochirus","ID_0019","United States of America","Centrarchidae",256,3375,"Bluegill","Centrarchiformes","Lepomis",-23.7,14.7,2.2,1.8,"SD",5,"Muscle","Rappahanock_River_and_tributaries_Virginia","Lotic","United States","USA","North America",-77.034575,38.100519,12035,"freshwater","introduced",1,1
"1569","Lepomis macrochirus","ID_0089","United States of America","Centrarchidae",256,3375,"Bluegill","Centrarchiformes","Lepomis",-22.2,7.19,NA,NA,NA,NA,"Muscle","Lake_Huron_Michigan","Lentic","Canada","CAN","North America",-83.324229,45.083948,12035,"freshwater","introduced",1,1
"1571","Lepomis macrochirus","ID_0136","United States of America","Centrarchidae",256,3375,"Bluegill","Centrarchiformes","Lepomis",-27.82,16.36,NA,NA,"SE",NA,"Muscle","Reach_13_Upper_Mississippi_River_Summer_1998","Lotic","United States","USA","North America",-90.205278,42.146111,12035,"freshwater","introduced",1,1
"1573","Lepomis macrochirus","ID_0137","United States of America","Centrarchidae",256,3375,"Bluegill","Centrarchiformes","Lepomis",-25.27,15.8,NA,NA,"SE",NA,"Muscle","Reach_13_Upper_Mississippi_River_Summer_1999","Lotic","United States","USA","North America",-90.205278,42.146111,12035,"freshwater","introduced",1,1
"1575","Lepomis macrochirus","ID_0138","United States of America","Centrarchidae",256,3375,"Bluegill","Centrarchiformes","Lepomis",-27.92,14.99,NA,NA,"SE",NA,"Muscle","Reach_26_Upper_Mississippi_River_Summer_1998","Lotic","United States","USA","North America",-90.500556,38.923889,12035,"freshwater","introduced",1,1
"1577","Lepomis macrochirus","ID_0168","United States of America","Centrarchidae",256,3375,"Bluegill","Centrarchiformes","Lepomis",-29.14,7.25,1.68,0.9,"SD",18,"Muscle","Shasta_Lake_California","Lentic","United States","USA","North America",-122.371897,40.760067,12035,"freshwater","introduced",1,1
"1579","Lepomis macrochirus","ID_0181","United States of America","Centrarchidae",256,3375,"Bluegill","Centrarchiformes","Lepomis",-26.56,16.63,NA,NA,NA,NA,"Muscle","Savanna_Bay_Illinois_Summer_1998","Lentic","United States","USA","North America",-90.159131,42.117939,12035,"freshwater","introduced",1,1
"1581","Lepomis macrochirus","ID_0182","United States of America","Centrarchidae",256,3375,"Bluegill","Centrarchiformes","Lepomis",-28.51,15.07,NA,NA,NA,NA,"Muscle","Long_Lake_Missouri_Summer_1998","Lentic","United States","USA","North America",-90.417889,38.954503,12035,"freshwater","introduced",1,1
"1583","Lepomis macrochirus","ID_0183","United States of America","Centrarchidae",256,3375,"Bluegill","Centrarchiformes","Lepomis",-8.91,10.06,0.12,0.54,"SD",NA,"Muscle","Lake_Apopka","Lentic","United States","USA","North America",-81.624881,28.623547,12035,"freshwater","introduced",1,1
"1585","Lepomis macrochirus","ID_0198","United States of America","Centrarchidae",256,3375,"Bluegill","Centrarchiformes","Lepomis",-27.19,11.13,1.16,0.48,"SD",5,"Muscle","Little_Wekiva_River_Florida","Lotic","United States","USA","North America",-81.392222,28.701944,12035,"freshwater","introduced",1,1
"1587","Lepomis macrochirus","ID_0220","United States of America","Centrarchidae",256,3375,"Bluegill","Centrarchiformes","Lepomis",-29.4,10.9,0.75,0.6,"SD",6,"Muscle","Caddo_Lake_Forested_wetland_Texas-Louisiana","Lentic","United States","USA","North America",-94.018833,32.710739,12035,"freshwater","introduced",1,1
"1589","Lepomis macrochirus","ID_0221","United States of America","Centrarchidae",256,3375,"Bluegill","Centrarchiformes","Lepomis",-28.1,8.6,0.57,0.95,"SD",14,"Muscle","Caddo_Lake_Open_Water_Texas-Louisiana","Lentic","United States","USA","North America",-94.018833,32.710739,12035,"freshwater","introduced",1,1
"1591","Lepomis macrochirus","ID_0223","United States of America","Centrarchidae",256,3375,"Bluegill","Centrarchiformes","Lepomis",-21.67,17.34,1.72,0.26,"SD",5,"Muscle","Pelican_Bay_Sacramento-San_Joaquin_delta_California","Lotic","United States","USA","North America",-121.646469,38.052248,12035,"freshwater","introduced",1,1
"1593","Lepomis macrochirus","ID_0224","United States of America","Centrarchidae",256,3375,"Bluegill","Centrarchiformes","Lepomis",-22.3,17.89,1.1,0.97,"SD",2,"Muscle","Old_River_Sacramento-San_Joaquin_delta_California","Lotic","United States","USA","North America",-121.57927,38.067757,12035,"freshwater","introduced",1,1
"1595","Lepomis macrochirus","ID_0261","United States of America","Centrarchidae",256,3375,"Bluegill","Centrarchiformes","Lepomis",-23,9.9,10.3,5.2,"SD",18,NA,"Arizona_streams_Verde_River_Arizona","Lotic","United States","USA","North America",-111.882947,34.590633,12035,"freshwater","introduced",1,1
"1597","Lepomis macrochirus","ID_0278","United States of America","Centrarchidae",256,3375,"Bluegill","Centrarchiformes","Lepomis",-23.96,15.27,1.47,0.84,"SD",26,"Muscle","Utah_Lake","Lentic","United States","USA","North America",-111.786225,40.230214,12035,"freshwater","introduced",1,1
"1599","Lepomis macrochirus","ID_0367","United States of America","Centrarchidae",256,3375,"Bluegill","Centrarchiformes","Lepomis",-32.2,13,NA,NA,"SD",1,"Muscle","McTier_Creek_near_Monetta_date_39603","Lotic","United States","USA","North America",-81.601771,33.753477,12035,"freshwater","introduced",1,1
"1601","Lepomis macrochirus","ID_0370","United States of America","Centrarchidae",256,3375,"Bluegill","Centrarchiformes","Lepomis",-27,9.8,NA,NA,"SD",1,"Muscle","McTier_Creek_near_NewHolland_date_39728","Lotic","United States","USA","North America",-81.6075,33.7175,12035,"freshwater","introduced",1,1
"1603","Lepomis macrochirus","ID_0422","United States of America","Centrarchidae",256,3375,"Bluegill","Centrarchiformes","Lepomis",-28.69,15.4,NA,NA,NA,NA,"Muscle","Contemporary_Lower_Illinois_River_CL","Lotic","United States","USA","North America",-89.627716,40.631024,12035,"freshwater","introduced",1,1
"1605","Lepomis macrochirus","ID_0423","United States of America","Centrarchidae",256,3375,"Bluegill","Centrarchiformes","Lepomis",-26.38,17.8,NA,NA,NA,NA,"Muscle","Contemporary_Upper_Illinois_River_CU","Lotic","United States","USA","North America",-88.359041,41.309955,12035,"freshwater","introduced",1,1
"1607","Lepomis macrochirus","ID_0424","United States of America","Centrarchidae",256,3375,"Bluegill","Centrarchiformes","Lepomis",-27.16,18.45,NA,NA,NA,NA,"Muscle","Historical_Lower_Illinois_River_HL","Lotic","United States","USA","North America",-89.627716,40.631024,12035,"freshwater","introduced",1,1
"1609","Lepomis macrochirus","ID_0425","United States of America","Centrarchidae",256,3375,"Bluegill","Centrarchiformes","Lepomis",-27.65,13.86,NA,NA,NA,NA,"Muscle","Historical_Upper_Illinois_River_HU","Lotic","United States","USA","North America",-88.35904,40.309955,12035,"freshwater","introduced",1,1
"1611","Lepomis macrochirus","ID_0433","China","Centrarchidae",52,3375,"Bluegill","Centrarchiformes","Lepomis",-19.5,10.7,1.6,1.4,"SD",6,"Muscle","Xin’anjiang_Reservoir","Lentic","China","CHN","Asia",119.333518,29.515466,12035,"freshwater","introduced",1,0
"1612","Lepomis macrochirus","ID_0638","United States of America","Centrarchidae",256,3375,"Bluegill","Centrarchiformes","Lepomis",-29.04,7.33,1.6,2.46,"SD",12,"Muscle","Killarney","Lentic","United States","USA","North America",-122.2909,47.2867,12035,"freshwater","introduced",1,1
"1614","Lepomis macrochirus","ID_0841","United States of America","Centrarchidae",256,3375,"Bluegill","Centrarchiformes","Lepomis",-22.33,12.22,0.45,0.32,"SE",NA,"Muscle","Lake_Pierson_Minnesota_siteinvadedwatermilfoil","Lentic","United States","USA","North America",-93.697972,44.83389,12035,"freshwater","introduced",1,1
"1616","Lepomis macrochirus","ID_0842","United States of America","Centrarchidae",256,3375,"Bluegill","Centrarchiformes","Lepomis",-22.94,11.81,0.68,0.38,"SE",NA,"Muscle","Lake_Pierson_Minnesota_sitenativemacrophytes","Lentic","United States","USA","North America",-93.697972,44.83389,12035,"freshwater","introduced",1,1
"1618","Lepomis macrochirus","ID_0843","United States of America","Centrarchidae",256,3375,"Bluegill","Centrarchiformes","Lepomis",-23.97,9.04,0.37,0.08,"SE",NA,"Muscle","Lake_Auburn_Minnesota_siteinvadedwatermilfoil","Lentic","United States","USA","North America",-93.679719,44.864884,12035,"freshwater","introduced",1,1
"1620","Lepomis macrochirus","ID_0844","United States of America","Centrarchidae",256,3375,"Bluegill","Centrarchiformes","Lepomis",-24.42,8.8,0.14,0.15,"SE",NA,"Muscle","Lake_Auburn_Minnesota_sitenativemacrophytes","Lentic","United States","USA","North America",-93.679719,44.864884,12035,"freshwater","introduced",1,1
"1622","Lepomis macrochirus","ID_0845","United States of America","Centrarchidae",256,3375,"Bluegill","Centrarchiformes","Lepomis",-22.45,7.24,0.23,0.07,"SE",NA,"Muscle","Lake_Bush_Minnesota","Lentic","United States","USA","North America",-93.384045,44.838634,12035,"freshwater","introduced",1,1
"1624","Lepomis macrochirus","ID_0846","United States of America","Centrarchidae",256,3375,"Bluegill","Centrarchiformes","Lepomis",-23.69,8.52,0.21,0.07,"SE",NA,"Muscle","Lake_Zumbra_Minnesota","Lentic","United States","USA","North America",-93.66605,44.882935,12035,"freshwater","introduced",1,1
"1626","Lepomis macrochirus","ID_0849","United States of America","Centrarchidae",256,3375,"Bluegill","Centrarchiformes","Lepomis",-26.3,9.9,0.26,0.18,"SE",14,"Muscle","Lake_Elk_Minnesota","Lentic","United States","USA","North America",-95.803693,45.866885,12035,"freshwater","introduced",1,1
"1628","Lepomis megalotis","ID_0113","United States of America","Centrarchidae",256,3377,"Longear sunfish","Centrarchiformes","Lepomis",-25.15,6.69,NA,NA,NA,NA,NA,"Upstream_site_Little_Mulberry_Creek_March_2006","Lotic","United States","USA","North America",-93.594444,35.761111,12037,"freshwater","introduced",1,1
"1630","Lepomis megalotis","ID_0114","United States of America","Centrarchidae",256,3377,"Longear sunfish","Centrarchiformes","Lepomis",-23.95,6.03,NA,NA,NA,NA,NA,"Upstream_site_Little_Mulberry_Creek_July_2006","Lotic","United States","USA","North America",-93.594444,35.761111,12037,"freshwater","introduced",1,1
"1632","Lepomis megalotis","ID_0115","United States of America","Centrarchidae",256,3377,"Longear sunfish","Centrarchiformes","Lepomis",-23.69,6.11,NA,NA,NA,NA,"Whole","Upstream_site_Little_Mulberry_Creek_March_2007","Lotic","United States","USA","North America",-93.594444,35.761111,12037,"freshwater","introduced",1,1
"1634","Lepomis megalotis","ID_0116","United States of America","Centrarchidae",256,3377,"Longear sunfish","Centrarchiformes","Lepomis",-23.71,5.64,NA,NA,NA,NA,"Whole","Upstream_site_Little_Mulberry_Creek_July_2007","Lotic","United States","USA","North America",-93.594444,35.761111,12037,"freshwater","introduced",1,1
"1636","Lepomis megalotis","ID_0117","United States of America","Centrarchidae",256,3377,"Longear sunfish","Centrarchiformes","Lepomis",-23.91,5.67,NA,NA,NA,NA,"Whole","Upstream_site_Little_Mulberry_Creek_December_2007","Lotic","United States","USA","North America",-93.594444,35.761111,12037,"freshwater","introduced",1,1
"1638","Lepomis megalotis","ID_0118","United States of America","Centrarchidae",256,3377,"Longear sunfish","Centrarchiformes","Lepomis",-29.08,7.87,NA,NA,NA,NA,"Whole","Mouth_site_Little_Mulberry_Creek_March_2006","Lotic","United States","USA","North America",-93.664444,35.6725,12037,"freshwater","introduced",1,1
"1640","Lepomis megalotis","ID_0119","United States of America","Centrarchidae",256,3377,"Longear sunfish","Centrarchiformes","Lepomis",-26.9,7.32,NA,NA,NA,NA,"Whole","Mouth_site_Little_Mulberry_Creek_July_2006","Lotic","United States","USA","North America",-93.664444,35.6725,12037,"freshwater","introduced",1,1
"1642","Lepomis megalotis","ID_0120","United States of America","Centrarchidae",256,3377,"Longear sunfish","Centrarchiformes","Lepomis",-26.56,6.72,NA,NA,NA,NA,"Whole","Mouth_site_Little_Mulberry_Creek_March_2007","Lotic","United States","USA","North America",-93.664444,35.6725,12037,"freshwater","introduced",1,1
"1644","Lepomis megalotis","ID_0121","United States of America","Centrarchidae",256,3377,"Longear sunfish","Centrarchiformes","Lepomis",-25.68,6.44,NA,NA,NA,NA,"Whole","Mouth_site_Little_Mulberry_Creek_July_2007","Lotic","United States","USA","North America",-93.664444,35.6725,12037,"freshwater","introduced",1,1
"1646","Lepomis megalotis","ID_0122","United States of America","Centrarchidae",256,3377,"Longear sunfish","Centrarchiformes","Lepomis",-23.75,6.93,NA,NA,NA,NA,"Whole","Mulberry_River_March_2006","Lotic","United States","USA","North America",-93.632778,35.673611,12037,"freshwater","introduced",1,1
"1648","Lepomis megalotis","ID_0123","United States of America","Centrarchidae",256,3377,"Longear sunfish","Centrarchiformes","Lepomis",-23.96,7.54,NA,NA,NA,NA,"Whole","Mulberry_River_July_2006","Lotic","United States","USA","North America",-93.632778,35.673611,12037,"freshwater","introduced",1,1
"1650","Lepomis megalotis","ID_0124","United States of America","Centrarchidae",256,3377,"Longear sunfish","Centrarchiformes","Lepomis",-23.98,7.41,NA,NA,NA,NA,"Whole","Mulberry_River_March_2007","Lotic","United States","USA","North America",-93.632778,35.673611,12037,"freshwater","introduced",1,1
"1652","Lepomis megalotis","ID_0125","United States of America","Centrarchidae",256,3377,"Longear sunfish","Centrarchiformes","Lepomis",-25.91,7.1,NA,NA,NA,NA,"Whole","Mulberry_River_July_2007","Lotic","United States","USA","North America",-93.632778,35.673611,12037,"freshwater","introduced",1,1
"1654","Lepomis megalotis","ID_0126","United States of America","Centrarchidae",256,3377,"Longear sunfish","Centrarchiformes","Lepomis",-23.71,4.41,NA,NA,NA,NA,"Whole","Mulberry_River_December_2007","Lotic","United States","USA","North America",-93.632778,35.673611,12037,"freshwater","introduced",1,1
"1656","Lepomis megalotis","ID_0335","United States of America","Centrarchidae",256,3377,"Longear sunfish","Centrarchiformes","Lepomis",-25.58,11.27,NA,NA,NA,NA,"Muscle","Rural_2002","Lotic","United States","USA","North America",-85.660629,37.923618,12037,"freshwater","introduced",1,1
"1658","Lepomis megalotis","ID_0336","United States of America","Centrarchidae",256,3377,"Longear sunfish","Centrarchiformes","Lepomis",-24.87,14.03,NA,NA,NA,NA,"Muscle","Suburban_2002","Lotic","United States","USA","North America",-85.898595,38.082014,12037,"freshwater","introduced",1,1
"1660","Lepomis megalotis","ID_0374","United States of America","Centrarchidae",256,3377,"Longear sunfish","Centrarchiformes","Lepomis",-24.65,13.93,NA,NA,"SD",NA,"Muscle","Lake_Worth_Meandering_road_creek","Lotic","United States","USA","North America",-97.453798,32.777533,12037,"freshwater","introduced",1,1
"1662","Lepomis microlophus","ID_0220","United States of America","Centrarchidae",256,3378,"Redear sunfish","Centrarchiformes","Lepomis",-29.5,9,1.47,0.8,"SD",13,"Muscle","Caddo_Lake_Forested_wetland_Texas-Louisiana","Lentic","United States","USA","North America",-94.018833,32.710739,12038,"freshwater","introduced",1,1
"1664","Lepomis microlophus","ID_0221","United States of America","Centrarchidae",256,3378,"Redear sunfish","Centrarchiformes","Lepomis",-29.1,8.6,0.34,0.8,"SD",5,"Muscle","Caddo_Lake_Open_Water_Texas-Louisiana","Lentic","United States","USA","North America",-94.018833,32.710739,12038,"freshwater","introduced",1,1
"1666","Lepomis microlophus","ID_0223","United States of America","Centrarchidae",256,3378,"Redear sunfish","Centrarchiformes","Lepomis",-19.94,16.42,2.45,0.63,"SD",38,"Muscle","Pelican_Bay_Sacramento-San_Joaquin_delta_California","Lotic","United States","USA","North America",-121.646469,38.052248,12038,"freshwater","introduced",1,1
"1668","Lepomis microlophus","ID_0224","United States of America","Centrarchidae",256,3378,"Redear sunfish","Centrarchiformes","Lepomis",-20.09,16.08,3.4,0.92,"SD",6,"Muscle","Old_River_Sacramento-San_Joaquin_delta_California","Lotic","United States","USA","North America",-121.57927,38.067757,12038,"freshwater","introduced",1,1
"1670","Leucaspius delineatus","ID_0474","Belgium","Leuciscidae",25,4782,"Sunbleak","Cypriniformes","Leucaspius",-37.46,14.92,0.17,0.14,"SE",10,"Muscle","Belgium_Pond_2","Lentic","Belgium","BEL","Europe",4.181944,51.038233,11405,"brackish; freshwater","introduced",1,0
"1671","Leuciscus aspius","ID_0435","Netherlands","Leuciscidae",184,4783,"Asp","Cypriniformes","Leuciscus",-26.99,16.57,1.39,1.16,"SD",7,"Muscle","River_WaalRhin_1996-1998","Lotic","Netherlands","NLD","Europe",5.740579,51.766496,11406,"brackish; freshwater","introduced",1,0
"1672","Lota lota","ID_0090","United States of America","Lotidae",256,310,"Burbot","Gadiformes","Lota",-19,13.2,NA,NA,NA,NA,"Muscle","Lake_Huron_Middle_Island","Lentic","Canada","CAN","North America",-83.327295,45.198415,11669,"brackish; freshwater","introduced",1,1
"1674","Lota lota","ID_0098","United States of America","Lotidae",256,310,"Burbot","Gadiformes","Lota",-24.12,10.34,0.15,0.2,"SE",8,"Muscle","Lake_Superior","Lentic","Canada","CAN","North America",-91.241889,47.047328,11669,"brackish; freshwater","introduced",1,1
"1676","Lota lota","ID_0180","United States of America","Lotidae",256,310,"Burbot","Gadiformes","Lota",-22.09,16.23,NA,NA,NA,1,"Muscle","Lake_Michigan_Grand_Traverse_Bay_Michigan","Lentic","United States","USA","North America",-85.5,44.900833,11669,"brackish; freshwater","introduced",1,1
"1678","Lota lota","ID_0190","United States of America","Lotidae",256,310,"Burbot","Gadiformes","Lota",-27.92,12.24,0.08,0.14,"SE",17,"Muscle","Lake_Roosevelt_Washington_summer","Lentic","United States","USA","North America",-118.341722,47.896478,11669,"brackish; freshwater","introduced",1,1
"1680","Lota lota","ID_0207","United States of America","Lotidae",256,310,"Burbot","Gadiformes","Lota",-23.83,8.34,NA,NA,NA,NA,"Muscle","Lake_Superior_Ecoregion_3_Michigan","Lentic","United States","USA","North America",-87.347133,46.632017,11669,"brackish; freshwater","introduced",1,1
"1682","Lota lota","ID_0208","United States of America","Lotidae",256,310,"Burbot","Gadiformes","Lota",-23.33,8.95,NA,NA,NA,NA,"Muscle","Lake_Superior_Ecoregion_5_Wisconsin","Lentic","United States","USA","North America",-90.385222,46.801092,11669,"brackish; freshwater","introduced",1,1
"1684","Lota lota","ID_0209","United States of America","Lotidae",256,310,"Burbot","Gadiformes","Lota",-24.14,9.7,NA,NA,NA,NA,"Muscle","Lake_Superior_Ecoregion_6_Wisconsin","Lentic","United States","USA","North America",-91.589453,46.875017,11669,"brackish; freshwater","introduced",1,1
"1686","Lota lota","ID_0215","United States of America","Lotidae",256,310,"Burbot","Gadiformes","Lota",-22.62,10.3,NA,NA,NA,NA,"Muscle","Lake_Chelan_Washington","Lentic","United States","USA","North America",-120.472183,48.078996,11669,"brackish; freshwater","introduced",1,1
"1688","Lucania parva","ID_0223","United States of America","Fundulidae",256,3212,"Rainwater killifish","Cyprinodontiformes","Lucania",-19.25,16.49,1.66,0.42,"SD",8,"Muscle","Pelican_Bay_Sacramento-San_Joaquin_delta_California","Lotic","United States","USA","North America",-121.646469,38.052248,11628,"freshwater","introduced",1,1
"1690","Lucania parva","ID_0224","United States of America","Fundulidae",256,3212,"Rainwater killifish","Cyprinodontiformes","Lucania",-19.66,15.87,1.89,0.65,"SD",12,"Muscle","Old_River_Sacramento-San_Joaquin_delta_California","Lotic","United States","USA","North America",-121.57927,38.067757,11628,"freshwater","introduced",1,1
"1692","Lucania parva","ID_0577","United States of America","Fundulidae",256,3212,"Rainwater killifish","Cyprinodontiformes","Lucania",-16.1,11.6,2.2,1.2,"SE",17,"Muscle","Pecos_River","Lotic","United States","USA","North America",-104.271247,33.041703,11628,"freshwater","introduced",1,1
"1694","Luxilus chrysocephalus","ID_0337","United States of America","Leuciscidae",256,2849,"Sriped shiner","Cypriniformes","Luxilus",-24.83,15.84,NA,NA,NA,NA,"Muscle","Urban_2002","Lotic","United States","USA","North America",-85.829515,38.082419,11414,"freshwater","introduced",1,1
"1696","Luxilus cornutus","ID_0353","United States of America","Leuciscidae",256,2851,"Common shiner","Cypriniformes","Luxilus",-29.6,9.14,0.81,0.21,"SD",5,"Muscle","Sixmile_brook_Tributary_date_39652","Lotic","United States","USA","North America",-74.351194,43.991278,11416,"freshwater","introduced",1,1
"1698","Luxilus cornutus","ID_0354","United States of America","Leuciscidae",256,2851,"Common shiner","Cypriniformes","Luxilus",-28.84,9.92,0.43,0.16,"SD",5,"Muscle","Sixmile_brook_Tributary_date_39728","Lotic","United States","USA","North America",-74.351194,43.991278,11416,"freshwater","introduced",1,1
"1700","Luxilus cornutus","ID_0355","United States of America","Leuciscidae",256,2851,"Common shiner","Cypriniformes","Luxilus",-32.03,9.78,0.9,0.54,"SD",6,"Muscle","Sixmile_brook_below_SB_tributary_date_39954","Lotic","United States","USA","North America",-74.345556,43.987778,11416,"freshwater","introduced",1,1
"1702","Luxilus cornutus","ID_0356","United States of America","Leuciscidae",256,2851,"Common shiner","Cypriniformes","Luxilus",-31.5,9.55,1.7,0.35,"SD",2,"Muscle","Sixmile_brook_near_Long_Lake_date_39652","Lotic","United States","USA","North America",-74.341,43.988194,11416,"freshwater","introduced",1,1
"1704","Luxilus cornutus","ID_0357","United States of America","Leuciscidae",256,2851,"Common shiner","Cypriniformes","Luxilus",-31.77,11.03,0.46,0.4,"SD",3,"Muscle","Sixmile_brook_near_Long_Lake_date_39729","Lotic","United States","USA","North America",-74.341,43.988194,11416,"freshwater","introduced",1,1
"1706","Luxilus cornutus","ID_0358","United States of America","Leuciscidae",256,2851,"Common shiner","Cypriniformes","Luxilus",-32.82,10.04,0.81,0.34,"SD",5,"Muscle","Sixmile_brook_near_Long_Lake_date_39954","Lotic","United States","USA","North America",-74.341,43.988194,11416,"freshwater","introduced",1,1
"1708","Luxilus cornutus","ID_0359","United States of America","Leuciscidae",256,2851,"Common shiner","Cypriniformes","Luxilus",-33.13,9.7,0.69,0.26,"SD",9,"Muscle","Sixmile_brook_near_Long_Lake_date_40009","Lotic","United States","USA","North America",-74.341,43.988194,11416,"freshwater","introduced",1,1
"1710","Luxilus cornutus","ID_0360","United States of America","Leuciscidae",256,2851,"Common shiner","Cypriniformes","Luxilus",-31,8.7,NA,NA,"SD",1,"Muscle","Fishing_brook_near_newcomb_date_39590","Lotic","United States","USA","North America",-74.291333,43.987583,11416,"freshwater","introduced",1,1
"1712","Luxilus cornutus","ID_0361","United States of America","Leuciscidae",256,2851,"Common shiner","Cypriniformes","Luxilus",-31.4,9.03,0.95,0.25,"SD",3,"Muscle","Fishing_brook_near_newcomb_date_39651","Lotic","United States","USA","North America",-74.291333,43.987583,11416,"freshwater","introduced",1,1
"1714","Luxilus cornutus","ID_0362","United States of America","Leuciscidae",256,2851,"Common shiner","Cypriniformes","Luxilus",-31.46,9.04,0.92,0.21,"SD",8,"Muscle","Fishing_brook_near_newcomb_date_39700","Lotic","United States","USA","North America",-74.291333,43.987583,11416,"freshwater","introduced",1,1
"1716","Luxilus cornutus","ID_0363","United States of America","Leuciscidae",256,2851,"Common shiner","Cypriniformes","Luxilus",-31.91,9.66,1.25,0.23,"SD",9,"Muscle","Fishing_brook_near_newcomb_date_39947","Lotic","United States","USA","North America",-74.291333,43.987583,11416,"freshwater","introduced",1,1
"1718","Luxilus cornutus","ID_0364","United States of America","Leuciscidae",256,2851,"Common shiner","Cypriniformes","Luxilus",-27.85,8.35,0.21,0.07,"SD",2,"Muscle","Hudson_River_near_Newcomb_date_39639","Lotic","United States","USA","North America",-74.130704,43.966174,11416,"freshwater","introduced",1,1
"1720","Luxilus cornutus","ID_0557","United States of America","Leuciscidae",256,2851,"Common Shiner ","Cypriniformes","Luxilus",-25.47,8.41,0.28,0.25,"SD",5,"Muscle","LR03","Lotic","United States","USA","North America",-105.980393,41.138216,11416,"freshwater","introduced",1,1
"1722","Luxilus cornutus","ID_0558","United States of America","Leuciscidae",256,2851,"Common Shiner ","Cypriniformes","Luxilus",-27.45,9.2,0.5,0.42,"SD",41,"Muscle","LR04","Lotic","United States","USA","North America",-105.722747,41.227001,11416,"freshwater","introduced",1,1
"1724","Luxilus cornutus","ID_0559","United States of America","Leuciscidae",256,2851,"Common Shiner ","Cypriniformes","Luxilus",-27.66,11.6,0.58,1,"SD",22,"Muscle","LR05","Lotic","United States","USA","North America",-105.605355,41.309678,11416,"freshwater","introduced",1,1
"1726","Luxilus cornutus","ID_0560","United States of America","Leuciscidae",256,2851,"Common Shiner ","Cypriniformes","Luxilus",-25.59,12.06,0.85,0.58,"SD",11,"Muscle","LR06","Lotic","United States","USA","North America",-105.414398,41.927815,11416,"freshwater","introduced",1,1
"1728","Luxilus cornutus","ID_0561","United States of America","Leuciscidae",256,2851,"Common Shiner ","Cypriniformes","Luxilus",-25.46,9.87,0.31,0.62,"SD",28,"Muscle","LR07","Lotic","United States","USA","North America",-105.123964,42.056708,11416,"freshwater","introduced",1,1
"1730","Meda fulgida","ID_0045","United States of America","Leuciscidae",256,2802,"Spikedace","Cypriniformes","Meda",-22.71,9.67,0.12,0.29,"SD",3,"Muscle","Middle_Fork_Gila_River_New_Mexico_","Lotic","United States","USA","North America",-108.231328,33.248692,11424,"freshwater","introduced",1,1
"1732","Meda fulgida","ID_0046","United States of America","Leuciscidae",256,2802,"Spikedace","Cypriniformes","Meda",-23.51,9.5,1.47,0.45,"SD",4,"Muscle","Heart_Bar_Gila_River_New_Mexico","Lotic","United States","USA","North America",-108.204153,33.195725,11424,"freshwater","introduced",1,1
"1734","Meda fulgida","ID_0047","United States of America","Leuciscidae",256,2802,"Spikedace","Cypriniformes","Meda",-26.39,11.79,0.33,0.35,"SD",4,"Muscle","Riverside_Gila_River_New_Mexico_","Lotic","United States","USA","North America",-108.606342,32.940211,11424,"freshwater","introduced",1,1
"1736","Meda fulgida","ID_0049","United States of America","Leuciscidae",256,2802,"Spikedace","Cypriniformes","Meda",-26.19,8.18,0.46,0.12,"SD",4,"Muscle","West_Fork_Gila_River_New_Mexico","Lotic","United States","USA","North America",-108.320981,33.252486,11424,"freshwater","introduced",1,1
"1738","Menidia beryllina","ID_0019","United States of America","Atherinopsidae",256,3241,"Mississippi silverside","Atheriniformes","Menidia",-23.8,15.5,0.9,0.2,"SD",3,"Muscle","Rappahanock_River_and_tributaries_Virginia","Lotic","United States","USA","North America",-77.034575,38.100519,11100,"freshwater; marine","introduced",1,1
"1740","Menidia beryllina","ID_0224","United States of America","Atherinopsidae",256,3241,"Mississippi silverside","Atheriniformes","Menidia",-25.67,16.96,2.4,0.61,"SD",73,"Muscle","Old_River_Sacramento-San_Joaquin_delta_California","Lotic","United States","USA","North America",-121.57927,38.067757,11100,"freshwater; marine","introduced",1,1
"1742","Menidia beryllina","ID_0577","United States of America","Atherinopsidae",256,3241,"Mississippi silverside","Atheriniformes","Menidia",-17.4,12.8,3.6,2.6,"SE",23,"Muscle","Pecos_River","Lotic","United States","USA","North America",-104.271247,33.041703,11100,"freshwater; marine","introduced",1,1
"1744","Micropterus dolomieu","ID_0005","Canada","Centrarchidae",48,3382,"Smallmouth bass","Centrarchiformes","Micropterus",-19.3,15.9,0.9,0.4,"SD",30,"Muscle","Lake_Erie_Eastern_basin","Lentic","Canada","CAN","North America",-79.982269,42.792617,12079,"freshwater","introduced",1,1
"1746","Micropterus dolomieu","ID_0032","United States of America","Centrarchidae",256,3382,"Smallmouth bass","Centrarchiformes","Micropterus",-21.98,9.19,NA,NA,NA,NA,"Fin","Verde_River_Arizona_diverted_flows_Non_Natives_present","Lotic","United States","USA","North America",-111.848211,34.572178,12079,"freshwater","introduced",1,1
"1748","Micropterus dolomieu","ID_0090","United States of America","Centrarchidae",256,3382,"Smallmouth bass","Centrarchiformes","Micropterus",-16.6,11,NA,NA,NA,NA,"Muscle","Lake_Huron_Middle_Island","Lentic","Canada","CAN","North America",-83.327295,45.198415,12079,"freshwater","introduced",1,1
"1750","Micropterus dolomieu","ID_0091","United States of America","Centrarchidae",256,3382,"Smallmouth bass","Centrarchiformes","Micropterus",-17.9,10.8,NA,NA,NA,NA,"Muscle","Lake_Huron_Squaw_Bay","Lentic","Canada","CAN","North America",-83.455886,45.004585,12079,"freshwater","introduced",1,1
"1752","Micropterus dolomieu","ID_0159","United States of America","Centrarchidae",256,3382,"Smallmouth bass","Centrarchiformes","Micropterus",-22.9,15.8,1.8,0.5,"SD",8,"Muscle","Lake_Washington_Washington","Lentic","United States","USA","North America",-122.259383,47.6097,12079,"freshwater","introduced",1,1
"1754","Micropterus dolomieu","ID_0168","United States of America","Centrarchidae",256,3382,"Smallmouth bass","Centrarchiformes","Micropterus",-28.7,8.66,1.67,1.47,"SD",4,"Muscle","Shasta_Lake_California","Lentic","United States","USA","North America",-122.371897,40.760067,12079,"freshwater","introduced",1,1
"1756","Micropterus dolomieu","ID_0190","United States of America","Centrarchidae",256,3382,"Smallmouth bass","Centrarchiformes","Micropterus",-25.79,10.85,0.16,0.16,"SE",22,"Muscle","Lake_Roosevelt_Washington_summer","Lentic","United States","USA","North America",-118.341722,47.896478,12079,"freshwater","introduced",1,1
"1758","Micropterus dolomieu","ID_0201","Canada","Centrarchidae",48,3382,"Smallmouth bass","Centrarchiformes","Micropterus",-18.42,15.65,NA,NA,NA,NA,"Muscle","Lake_Ontario_Waupoos_site_Spring","Lentic","Canada","CAN","North America",-77.998,44.001,12079,"freshwater","introduced",1,1
"1760","Micropterus dolomieu","ID_0202","Canada","Centrarchidae",48,3382,"Smallmouth bass","Centrarchiformes","Micropterus",-19.34,15.54,NA,NA,NA,NA,"Muscle","Lake_Ontario_Waupoos_site_Summer","Lentic","Canada","CAN","North America",-77.998,44.001,12079,"freshwater","introduced",1,1
"1762","Micropterus dolomieu","ID_0215","United States of America","Centrarchidae",256,3382,"Smallmouth bass","Centrarchiformes","Micropterus",-16.91,9.91,NA,NA,NA,NA,"Muscle","Lake_Chelan_Washington","Lentic","United States","USA","North America",-120.472183,48.078996,12079,"freshwater","introduced",1,1
"1764","Micropterus dolomieu","ID_0246","United States of America","Centrarchidae",256,3382,"Smallmouth bass","Centrarchiformes","Micropterus",-24.4,5.3,0.7,0.4,"SD",5,"Muscle","Lake_Sammamish_Washington","Lentic","United States","USA","North America",-122.095158,47.584106,12079,"freshwater","introduced",1,1
"1766","Micropterus dolomieu","ID_0261","United States of America","Centrarchidae",256,3382,"Smallmouth bass","Centrarchiformes","Micropterus",-23.4,11,1.6,2.3,"SD",67,NA,"Arizona_streams_Verde_River_Arizona","Lotic","United States","USA","North America",-111.882947,34.590633,12079,"freshwater","introduced",1,1
"1768","Micropterus dolomieu","ID_0335","United States of America","Centrarchidae",256,3382,"Smallmouth bass","Centrarchiformes","Micropterus",-26.5,11.73,NA,NA,NA,NA,"Muscle","Rural_2002","Lotic","United States","USA","North America",-85.660629,37.923618,12079,"freshwater","introduced",1,1
"1770","Micropterus dolomieu","ID_0347","Canada","Centrarchidae",48,3382,"Smallmouth bass","Centrarchiformes","Micropterus",-30.67,11.58,0.83,0.29,"SD",5,"Muscle","Trout_Lake","Lentic","Canada","CAN","North America",-66.763773,45.179375,12079,"freshwater","introduced",1,1
"1772","Micropterus dolomieu","ID_0365","United States of America","Centrarchidae",256,3382,"Smallmouth bass","Centrarchiformes","Micropterus",-28.73,9.25,1.66,0.45,"SD",4,"Muscle","Hudson_River_near_Newcomb_date_39701","Lotic","United States","USA","North America",-74.130704,43.966174,12079,"freshwater","introduced",1,1
"1774","Micropterus dolomieu","ID_0460","United States of America","Centrarchidae",256,3382,"Smallmouth bass","Centrarchiformes","Micropterus",-21.6,6.6,NA,NA,NA,1,"Muscle","Priest_Lake","Lentic","United States","USA","North America",-116.855631,48.565973,12079,"freshwater","introduced",1,1
"1776","Micropterus dolomieu","ID_0479","Canada","Centrarchidae",48,3382,"Smallmouth bass","Centrarchiformes","Micropterus",-27.2,13.2,NA,NA,NA,10,"Muscle","Mactaquac_Lake_summarized","Lentic","Canada","CAN","North America",-66.876,45.95,12079,"freshwater","introduced",1,1
"1778","Micropterus dolomieu","ID_0561","United States of America","Centrarchidae",256,3382,"Smallmouth bass ","Centrarchiformes","Micropterus",-25.3,10.5,0.69,1.72,"SD",126,"Muscle","LR07","Lotic","United States","USA","North America",-105.123964,42.056708,12079,"freshwater","introduced",1,1
"1780","Micropterus dolomieu","ID_0562","United States of America","Centrarchidae",256,3382,"Smallmouth bass ","Centrarchiformes","Micropterus",-27.29,13.03,0.81,1.67,"SD",51,"Muscle","LR08","Lotic","United States","USA","North America",-104.852362,42.123592,12079,"freshwater","introduced",1,1
"1782","Micropterus dolomieu","ID_0847","Canada","Centrarchidae",48,3382,"Smallmouth bass","Centrarchiformes","Micropterus",-21.11,13.34,2.49,0.12,"SE",5,"Scale","Lake_Simcoe_Ontario_pre-dreissenid-establisment","Lentic","Canada","CAN","North America",-79.383037,44.432724,12079,"freshwater","introduced",1,1
"1784","Micropterus dolomieu","ID_0848","Canada","Centrarchidae",48,3382,"Smallmouth bass","Centrarchiformes","Micropterus",-17.85,12.29,0.31,0.15,"SE",5,"Scale","Lake_Simcoe_Ontario_post-deissenid-invasion","Lentic","Canada","CAN","North America",-79.383037,44.432724,12079,"freshwater","introduced",1,1
"1786","Micropterus punctulatus","ID_0168","United States of America","Centrarchidae",256,3384,"Alabama spotted bass","Centrarchiformes","Micropterus",-28.03,9.55,1.61,1.16,"SD",53,"Muscle","Shasta_Lake_California","Lentic","United States","USA","North America",-122.371897,40.760067,12082,"freshwater","introduced",1,1
"1788","Micropterus punctulatus","ID_0336","United States of America","Centrarchidae",256,3384,"Spotted bass","Centrarchiformes","Micropterus",-25.96,14.28,NA,NA,NA,NA,"Muscle","Suburban_2002","Lotic","United States","USA","North America",-85.898595,38.082014,12082,"freshwater","introduced",1,1
"1790","Micropterus salmoides","ID_0019","United States of America","Centrarchidae",256,3385,"Largemouth bass","Centrarchiformes","Micropterus",-23,14.5,1.9,1.3,"SD",5,"Muscle","Rappahanock_River_and_tributaries_Virginia","Lotic","United States","USA","North America",-77.034575,38.100519,12083,"freshwater; terrestrial","introduced",1,1
"1792","Micropterus salmoides","ID_0024","France","Centrarchidae",86,3385,"Largemouth bass","Centrarchiformes","Micropterus",-24.97,15.69,0.23,0.21,"SD",3,"Muscle","Tarn_River","Lotic","France","FRA","Europe",1.5,43.866667,12083,"freshwater; terrestrial","introduced",1,0
"1793","Micropterus salmoides","ID_0028","United States of America","Centrarchidae",256,3385,"Largemouth bass","Centrarchiformes","Micropterus",-22.02,13.29,NA,NA,"SD",1,NA,"Reach_3_San_Juan_River_Oklahoma","Lotic","United States","USA","North America",-109.240933,37.239383,12083,"freshwater; terrestrial","introduced",1,1
"1795","Micropterus salmoides","ID_0029","United States of America","Centrarchidae",256,3385,"Largemouth bass","Centrarchiformes","Micropterus",-22.63,14.48,0.61,0.66,"SD",6,NA,"Reach_4_San_Juan_River_Oklahoma","Lotic","United States","USA","North America",-108.939772,36.917928,12083,"freshwater; terrestrial","introduced",1,1
"1797","Micropterus salmoides","ID_0030","United States of America","Centrarchidae",256,3385,"Largemouth bass","Centrarchiformes","Micropterus",-23.59,11.42,1.41,1.38,"SD",3,NA,"Reach_5_San_Juan_River_Kansas","Lotic","United States","USA","North America",-108.738572,36.825047,12083,"freshwater; terrestrial","introduced",1,1
"1799","Micropterus salmoides","ID_0033","Mexico","Centrarchidae",159,3385,"Largemouth bass","Centrarchiformes","Micropterus",-21.19,14.05,0.71,0.52,"SE",13,"Muscle","Site_1_Laja_River_Guanajuato","Lentic","Mexico","MEX","South America",-101,21.75,12083,"freshwater; terrestrial","introduced",1,1
"1801","Micropterus salmoides","ID_0034","Mexico","Centrarchidae",159,3385,"Largemouth bass","Centrarchiformes","Micropterus",-21.81,17.07,0.39,0.38,"SE",6,"Muscle","Site_2_Laja_River_Guanajuato","Lotic","Mexico","MEX","South America",-101,21.75,12083,"freshwater; terrestrial","introduced",1,1
"1803","Micropterus salmoides","ID_0035","Mexico","Centrarchidae",159,3385,"Largemouth bass","Centrarchiformes","Micropterus",-19.64,15.2,1.1,1.02,"SE",7,"Muscle","Site_3_Laja_River_Guanajuato","Lotic","Mexico","MEX","South America",-101,21.75,12083,"freshwater; terrestrial","introduced",1,1
"1805","Micropterus salmoides","ID_0037","Mexico","Centrarchidae",159,3385,"Largemouth bass","Centrarchiformes","Micropterus",-19.93,14.75,0.17,0.31,"SE",6,"Muscle","Site_5_Laja_River_Guanajuato","Lotic","Mexico","MEX","South America",-101,21.75,12083,"freshwater; terrestrial","introduced",1,1
"1807","Micropterus salmoides","ID_0040","Mexico","Centrarchidae",159,3385,"Largemouth bass","Centrarchiformes","Micropterus",-21.09,15.99,NA,NA,"SE",1,"Muscle","Site_8_Laja_River_Guanajuato","Lentic","Mexico","MEX","South America",-101,21.75,12083,"freshwater; terrestrial","introduced",1,1
"1809","Micropterus salmoides","ID_0044","United States of America","Centrarchidae",256,3385,"Largemouth bass","Centrarchiformes","Micropterus",-22.32,13.01,0.64,0.32,"SD",9,"Muscle","East_Fork_Gila_River_New_Mexico_","Lotic","United States","USA","North America",-108.128483,33.293817,12083,"freshwater; terrestrial","introduced",1,1
"1811","Micropterus salmoides","ID_0045","United States of America","Centrarchidae",256,3385,"Largemouth bass","Centrarchiformes","Micropterus",-23.68,10.47,1.27,1.05,"SD",12,"Muscle","Middle_Fork_Gila_River_New_Mexico_","Lotic","United States","USA","North America",-108.231328,33.248692,12083,"freshwater; terrestrial","introduced",1,1
"1813","Micropterus salmoides","ID_0046","United States of America","Centrarchidae",256,3385,"Largemouth bass","Centrarchiformes","Micropterus",-24.51,9.83,0.8,0.9,"SD",16,"Muscle","Heart_Bar_Gila_River_New_Mexico","Lotic","United States","USA","North America",-108.204153,33.195725,12083,"freshwater; terrestrial","introduced",1,1
"1815","Micropterus salmoides","ID_0047","United States of America","Centrarchidae",256,3385,"Largemouth bass","Centrarchiformes","Micropterus",-25.12,12.24,0.64,0.32,"SD",9,"Muscle","Riverside_Gila_River_New_Mexico_","Lotic","United States","USA","North America",-108.606342,32.940211,12083,"freshwater; terrestrial","introduced",1,1
"1817","Micropterus salmoides","ID_0049","United States of America","Centrarchidae",256,3385,"Largemouth bass","Centrarchiformes","Micropterus",-23.18,9.81,NA,NA,"SD",1,"Muscle","West_Fork_Gila_River_New_Mexico","Lotic","United States","USA","North America",-108.320981,33.252486,12083,"freshwater; terrestrial","introduced",1,1
"1819","Micropterus salmoides","ID_0127","United States of America","Centrarchidae",256,3385,"Largemouth bass","Centrarchiformes","Micropterus",-25.85,16.16,NA,NA,NA,NA,"Muscle","Upper_Mississippi_River_1993","Lotic","United States","USA","North America",-89.467583,37.216472,12083,"freshwater; terrestrial","introduced",1,1
"1821","Micropterus salmoides","ID_0128","United States of America","Centrarchidae",256,3385,"Largemouth bass","Centrarchiformes","Micropterus",-25.51,16.16,NA,NA,NA,NA,"Muscle","Upper_Mississippi_River_1994","Lotic","United States","USA","North America",-89.467583,37.216472,12083,"freshwater; terrestrial","introduced",1,1
"1823","Micropterus salmoides","ID_0129","United States of America","Centrarchidae",256,3385,"Largemouth bass","Centrarchiformes","Micropterus",-24.92,14,NA,NA,NA,NA,"Muscle","Missouri_River_1993","Lotic","United States","USA","North America",-91.4385,38.709806,12083,"freshwater; terrestrial","introduced",1,1
"1825","Micropterus salmoides","ID_0130","United States of America","Centrarchidae",256,3385,"Largemouth bass","Centrarchiformes","Micropterus",-26.66,15.24,NA,NA,NA,NA,"Muscle","Missouri_River_1994","Lotic","United States","USA","North America",-91.4385,38.709806,12083,"freshwater; terrestrial","introduced",1,1
"1827","Micropterus salmoides","ID_0131","United States of America","Centrarchidae",256,3385,"Largemouth bass","Centrarchiformes","Micropterus",-26.95,17.66,NA,NA,NA,NA,"Muscle","Ohio_River_1993","Lotic","United States","USA","North America",-88.740833,37.1475,12083,"freshwater; terrestrial","introduced",1,1
"1829","Micropterus salmoides","ID_0132","United States of America","Centrarchidae",256,3385,"Largemouth bass","Centrarchiformes","Micropterus",-26.59,16.67,NA,NA,NA,NA,"Muscle","Ohio_River_1994","Lotic","United States","USA","North America",-88.740833,37.1475,12083,"freshwater; terrestrial","introduced",1,1
"1831","Micropterus salmoides","ID_0168","United States of America","Centrarchidae",256,3385,"Largemouth bass","Centrarchiformes","Micropterus",-29.02,9.93,2.2,1.35,"SD",3,"Muscle","Shasta_Lake_California","Lentic","United States","USA","North America",-122.371897,40.760067,12083,"freshwater; terrestrial","introduced",1,1
"1833","Micropterus salmoides","ID_0183","United States of America","Centrarchidae",256,3385,"Largemouth bass","Centrarchiformes","Micropterus",-9.18,12.64,1.74,0.57,"SD",NA,"Muscle","Lake_Apopka","Lentic","United States","USA","North America",-81.624881,28.623547,12083,"freshwater; terrestrial","introduced",1,1
"1835","Micropterus salmoides","ID_0196","United States of America","Centrarchidae",256,3385,"Largemouth bass","Centrarchiformes","Micropterus",-26.18,12.15,1.05,1.48,"SD",10,"Muscle","St._Marys_Florida","Lotic","United States","USA","North America",-82.081667,30.358611,12083,"freshwater; terrestrial","introduced",1,1
"1837","Micropterus salmoides","ID_0197","United States of America","Centrarchidae",256,3385,"Largemouth bass","Centrarchiformes","Micropterus",-29.3,13.14,1.11,0.98,"SD",15,"Muscle","Santa_Fe_River_Florida","Lotic","United States","USA","North America",-82.715278,29.848611,12083,"freshwater; terrestrial","introduced",1,1
"1839","Micropterus salmoides","ID_0198","United States of America","Centrarchidae",256,3385,"Largemouth bass","Centrarchiformes","Micropterus",-27.97,14.47,0.45,0.2,"SD",8,"Muscle","Little_Wekiva_River_Florida","Lotic","United States","USA","North America",-81.392222,28.701944,12083,"freshwater; terrestrial","introduced",1,1
"1841","Micropterus salmoides","ID_0220","United States of America","Centrarchidae",256,3385,"Largemouth bass","Centrarchiformes","Micropterus",-28.1,10.7,1.35,0.4,"SD",44,"Muscle","Caddo_Lake_Forested_wetland_Texas-Louisiana","Lentic","United States","USA","North America",-94.018833,32.710739,12083,"freshwater; terrestrial","introduced",1,1
"1843","Micropterus salmoides","ID_0221","United States of America","Centrarchidae",256,3385,"Largemouth bass","Centrarchiformes","Micropterus",-28.4,10.8,1.05,0.7,"SD",47,"Muscle","Caddo_Lake_Open_Water_Texas-Louisiana","Lentic","United States","USA","North America",-94.018833,32.710739,12083,"freshwater; terrestrial","introduced",1,1
"1845","Micropterus salmoides","ID_0223","United States of America","Centrarchidae",256,3385,"Largemouth bass","Centrarchiformes","Micropterus",-17.62,17.3,1.79,0.72,"SD",6,"Muscle","Pelican_Bay_Sacramento-San_Joaquin_delta_California","Lotic","United States","USA","North America",-121.646469,38.052248,12083,"freshwater; terrestrial","introduced",1,1
"1847","Micropterus salmoides","ID_0224","United States of America","Centrarchidae",256,3385,"Largemouth bass","Centrarchiformes","Micropterus",-15.75,17.06,NA,NA,"SD",1,"Muscle","Old_River_Sacramento-San_Joaquin_delta_California","Lotic","United States","USA","North America",-121.57927,38.067757,12083,"freshwater; terrestrial","introduced",1,1
"1849","Micropterus salmoides","ID_0251","United States of America","Centrarchidae",256,3385,"Largemouth bass","Centrarchiformes","Micropterus",-24.78,15.45,NA,NA,NA,NA,"Muscle","Cutler_Reservoir_Utah","Lentic","United States","USA","North America",-111.954881,41.800117,12083,"freshwater; terrestrial","introduced",1,1
"1851","Micropterus salmoides","ID_0261","United States of America","Centrarchidae",256,3385,"Largemouth bass","Centrarchiformes","Micropterus",-23.6,13,1.1,1.2,"SD",5,NA,"Arizona_streams_Verde_River_Arizona","Lotic","United States","USA","North America",-111.882947,34.590633,12083,"freshwater; terrestrial","introduced",1,1
"1853","Micropterus salmoides","ID_0307","Japan","Centrarchidae",132,3385,"Largemouth bass","Centrarchiformes","Micropterus",-29.1,16.5,1.2,0.4,"SD",28,"Muscle","Lake_Izunuma_jul","Lentic","Japan","JPN","Asia",141.103113,38.719369,12083,"freshwater; terrestrial","introduced",1,0
"1854","Micropterus salmoides","ID_0308","Japan","Centrarchidae",132,3385,"Largemouth bass","Centrarchiformes","Micropterus",-29.8,16.1,1.2,0.7,"SD",27,"Muscle","Lake_Izunuma_aug","Lentic","Japan","JPN","Asia",141.103113,38.719369,12083,"freshwater; terrestrial","introduced",1,0
"1855","Micropterus salmoides","ID_0309","Japan","Centrarchidae",132,3385,"Largemouth bass","Centrarchiformes","Micropterus",-29.3,16,1.3,0.8,"SD",26,"Muscle","Lake_Izunuma_sep","Lentic","Japan","JPN","Asia",141.103113,38.719369,12083,"freshwater; terrestrial","introduced",1,0
"1856","Micropterus salmoides","ID_0310","Japan","Centrarchidae",132,3385,"Largemouth bass","Centrarchiformes","Micropterus",-28.5,15,0.8,0.6,"SD",36,"Muscle","Lake_Izunuma_jun","Lentic","Japan","JPN","Asia",141.103113,38.719369,12083,"freshwater; terrestrial","introduced",1,0
"1857","Micropterus salmoides","ID_0336","United States of America","Centrarchidae",256,3385,"Largemouth bass","Centrarchiformes","Micropterus",-25.83,13.73,NA,NA,NA,NA,"Muscle","Suburban_2002","Lotic","United States","USA","North America",-85.898595,38.082014,12083,"freshwater; terrestrial","introduced",1,1
"1859","Micropterus salmoides","ID_0367","United States of America","Centrarchidae",256,3385,"Largemouth bass","Centrarchiformes","Micropterus",-28.5,15.7,NA,NA,"SD",1,"Muscle","McTier_Creek_near_Monetta_date_39603","Lotic","United States","USA","North America",-81.601771,33.753477,12083,"freshwater; terrestrial","introduced",1,1
"1861","Micropterus salmoides","ID_0370","United States of America","Centrarchidae",256,3385,"Largemouth bass","Centrarchiformes","Micropterus",-29.3,14,NA,NA,"SD",1,"Muscle","McTier_Creek_near_NewHolland_date_39728","Lotic","United States","USA","North America",-81.6075,33.7175,12083,"freshwater; terrestrial","introduced",1,1
"1863","Micropterus salmoides","ID_0371","United States of America","Centrarchidae",256,3385,"Largemouth bass","Centrarchiformes","Micropterus",-29.6,13.6,NA,NA,"SD",1,"Muscle","McTier_Creek_near_NewHolland_date_39933","Lotic","United States","USA","North America",-81.6075,33.7175,12083,"freshwater; terrestrial","introduced",1,1
"1865","Micropterus salmoides","ID_0372","United States of America","Centrarchidae",256,3385,"Largemouth bass","Centrarchiformes","Micropterus",-28.1,12.4,NA,NA,"SD",1,"Muscle","McTier_Creek_near_NewHolland_date_39995","Lotic","United States","USA","North America",-81.6075,33.7175,12083,"freshwater; terrestrial","introduced",1,1
"1867","Micropterus salmoides","ID_0374","United States of America","Centrarchidae",256,3385,"Largemouth bass","Centrarchiformes","Micropterus",-24.83,15.51,NA,NA,"SD",NA,"Muscle","Lake_Worth_Meandering_road_creek","Lotic","United States","USA","North America",-97.453798,32.777533,12083,"freshwater; terrestrial","introduced",1,1
"1869","Micropterus salmoides","ID_0417","France","Centrarchidae",86,3385,"Largemouth bass","Centrarchiformes","Micropterus",-23.85,11.07,0.41,2.86,"SD",7,"Fin","Bidot_gravelpitlake_BID","Lentic","France","FRA","Europe",1.285494,43.525573,12083,"freshwater; terrestrial","introduced",1,0
"1870","Micropterus salmoides","ID_0422","United States of America","Centrarchidae",256,3385,"Largemouth bass","Centrarchiformes","Micropterus",-28.43,17.44,NA,NA,NA,NA,"Muscle","Contemporary_Lower_Illinois_River_CL","Lotic","United States","USA","North America",-89.627716,40.631024,12083,"freshwater; terrestrial","introduced",1,1
"1872","Micropterus salmoides","ID_0423","United States of America","Centrarchidae",256,3385,"Largemouth bass","Centrarchiformes","Micropterus",-26.29,17.66,NA,NA,NA,NA,"Muscle","Contemporary_Upper_Illinois_River_CU","Lotic","United States","USA","North America",-88.359041,41.309955,12083,"freshwater; terrestrial","introduced",1,1
"1874","Micropterus salmoides","ID_0427","United States of America","Centrarchidae",256,3385,"Largemouth bass","Centrarchiformes","Micropterus",-25.64,13.62,0.75,0.87,"SD",14,"Muscle","Washoe_Lake","Lentic","United States","USA","North America",-119.8,39.266667,12083,"freshwater; terrestrial","introduced",1,1
"1876","Micropterus salmoides","ID_0428","United States of America","Centrarchidae",256,3385,"Largemouth bass","Centrarchiformes","Micropterus",-26.15,14.83,1.06,1.12,"SD",3,"Muscle","Frog_Pond_&_Rosewood_Lake","Lentic","United States","USA","North America",-119.8,39.266667,12083,"freshwater; terrestrial","introduced",1,1
"1878","Micropterus salmoides","ID_0429","Canada","Centrarchidae",48,3385,"Largemouth bass","Centrarchiformes","Micropterus",-22.29,21.08,0.46,1.23,"SD",2,"Muscle","Hamilton_Harbour_East","Lentic","Canada","CAN","North America",-79.888416,43.287682,12083,"freshwater; terrestrial","introduced",1,1
"1880","Micropterus salmoides","ID_0430","Canada","Centrarchidae",48,3385,"Largemouth bass","Centrarchiformes","Micropterus",-24.31,21.59,0.93,0.88,"SD",14,"Muscle","Hamilton_Harbour_West","Lentic","Canada","CAN","North America",-79.812182,43.311164,12083,"freshwater; terrestrial","introduced",1,1
"1882","Micropterus salmoides","ID_0433","China","Centrarchidae",52,3385,"Largemouth bass","Centrarchiformes","Micropterus",-16.8,12.9,0.2,0.5,"SD",6,"Muscle","Xin’anjiang_Reservoir","Lentic","China","CHN","Asia",119.333518,29.515466,12083,"freshwater; terrestrial","introduced",1,0
"1883","Micropterus salmoides","ID_0441","South Africa","Centrarchidae",273,3385,"Largemouth bass","Centrarchiformes","Micropterus",-23.38,21.59,NA,NA,NA,1,"Muscle","Rietvlei_Dam","Lentic","South Africa","ZAF","Africa",28.274099,-25.879334,12083,"freshwater; terrestrial","introduced",1,0
"1884","Micropterus salmoides","ID_0450","France","Centrarchidae",86,3385,"Largemouth bass","Centrarchiformes","Micropterus",-18.48,13.32,0.76,0.75,"SD",9,"Fin","Lamartine1_gravelpitlake_LAM1","Lentic","France","FRA","Europe",1.337336,43.506265,12083,"freshwater; terrestrial","introduced",1,0
"1885","Micropterus salmoides","ID_0451","France","Centrarchidae",86,3385,"Largemouth bass","Centrarchiformes","Micropterus",-21.22,15.58,1.07,0.88,"SD",9,"Fin","Lavernose_gravelpitlake_LAV","Lentic","France","FRA","Europe",1.265891,43.386392,12083,"freshwater; terrestrial","introduced",1,0
"1886","Micropterus salmoides","ID_0452","France","Centrarchidae",86,3385,"Largemouth bass","Centrarchiformes","Micropterus",-24.29,21.3,0.29,0.18,"SD",3,"Fin","Pouvil_gravelpitlake_POU","Lentic","France","FRA","Europe",1.258473,43.371928,12083,"freshwater; terrestrial","introduced",1,0
"1887","Micropterus salmoides","ID_0459","China","Centrarchidae",52,3385,"Largemouth bass","Centrarchiformes","Micropterus",-21.23,11.56,0.42,0.37,"SD",14,"Muscle","Three_Gorges_Reservoir","Lentic","China","CHN","Asia",106.555183,29.543405,12083,"freshwater; terrestrial","introduced",1,0
"1888","Micropterus salmoides","ID_0522","Italy","Centrarchidae",126,3385,"Largemouth bass","Centrarchiformes","Micropterus",-25.9,12.6,0.7,0.9,"SD",13,"Muscle","Lake_San_Michele","Lentic","Italy","ITA","Europe",7.888345,45.477254,12083,"freshwater; terrestrial","introduced",1,0
"1889","Micropterus salmoides","ID_0562","United States of America","Centrarchidae",256,3385,"Largemouth bass ","Centrarchiformes","Micropterus",-27.14,13.4,0.44,0.98,"SD",22,"Muscle","LR08","Lotic","United States","USA","North America",-104.852362,42.123592,12083,"freshwater; terrestrial","introduced",1,1
"1891","Micropterus salmoides","ID_0569","Canada","Centrarchidae",48,3385,"Largemouth bass","Centrarchiformes","Micropterus",-18.8,15.9,0.23,0.28,"SD",NA,"Muscle","Upper_Niagara_River","Lotic","United States","USA","North America",-78.943416,42.956704,12083,"freshwater; terrestrial","introduced",1,1
"1893","Micropterus salmoides","ID_0577","United States of America","Centrarchidae",256,3385,"Largemouth bass","Centrarchiformes","Micropterus",-21.5,15.5,1.1,0.5,"SE",5,"Muscle","Pecos_River","Lotic","United States","USA","North America",-104.271247,33.041703,12083,"freshwater; terrestrial","introduced",1,1
"1895","Micropterus salmoides","ID_0578","Italy","Centrarchidae",126,3385,"Largemouth bass","Centrarchiformes","Micropterus",-21.71,13.21,0.58,0.66,"SD",NA,"Muscle","Lake_Trasimeno","Lentic","Italy","ITA","Europe",12.100064,43.133283,12083,"freshwater; terrestrial","introduced",1,0
"1896","Micropterus salmoides","ID_0636","United States of America","Centrarchidae",256,3385,"Largemouth bass","Centrarchiformes","Micropterus",-22.26,10.91,1.04,0.38,"SD",6,"Muscle","Angle","Lentic","United States","USA","North America",-122.2883,47.4261,12083,"freshwater; terrestrial","introduced",1,1
"1898","Micropterus salmoides","ID_0637","United States of America","Centrarchidae",256,3385,"Largemouth bass","Centrarchiformes","Micropterus",-26.38,14.64,1.13,0.71,"SD",11,"Muscle","Cottage","Lentic","United States","USA","North America",-122.0866,47.7539,12083,"freshwater; terrestrial","introduced",1,1
"1900","Micropterus salmoides","ID_0638","United States of America","Centrarchidae",256,3385,"Largemouth bass","Centrarchiformes","Micropterus",-29.14,9.8,0.78,0.79,"SD",8,"Muscle","Killarney","Lentic","United States","USA","North America",-122.2909,47.2867,12083,"freshwater; terrestrial","introduced",1,1
"1902","Micropterus salmoides","ID_0639","United States of America","Centrarchidae",256,3385,"Largemouth bass","Centrarchiformes","Micropterus",-26.7,14.54,1.38,0.48,"SD",10,"Muscle","Martha2","Lentic","United States","USA","North America",-122.2446,47.8512,12083,"freshwater; terrestrial","introduced",1,1
"1904","Micropterus salmoides","ID_0640","United States of America","Centrarchidae",256,3385,"Largemouth bass","Centrarchiformes","Micropterus",-27.26,8.28,0.86,0.89,"SD",12,"Muscle","North","Lentic","United States","USA","North America",-122.2896,47.3051,12083,"freshwater; terrestrial","introduced",1,1
"1906","Micropterus salmoides","ID_0641","United States of America","Centrarchidae",256,3385,"Largemouth bass","Centrarchiformes","Micropterus",-25.72,10.94,1.76,0.64,"SD",12,"Muscle","Pine","Lentic","United States","USA","North America",-122.0448,47.5866,12083,"freshwater; terrestrial","introduced",1,1
"1908","Micropterus salmoides","ID_0642","United States of America","Centrarchidae",256,3385,"Largemouth bass","Centrarchiformes","Micropterus",-25.9,12.68,1.67,0.43,"SD",6,"Muscle","Silver","Lentic","United States","USA","North America",-122.212,47.8904,12083,"freshwater; terrestrial","introduced",1,1
"1910","Micropterus salmoides","ID_0643","United States of America","Centrarchidae",256,3385,"Largemouth bass","Centrarchiformes","Micropterus",-26.04,10.95,0.72,2.22,"SD",6,"Muscle","Star","Lentic","United States","USA","North America",-122.2889,47.3547,12083,"freshwater; terrestrial","introduced",1,1
"1912","Micropterus salmoides","ID_0644","United States of America","Centrarchidae",256,3385,"Largemouth bass","Centrarchiformes","Micropterus",-25.27,9.21,NA,NA,"SD",1,"Muscle","Steel","Lentic","United States","USA","North America",-122.3029,47.3269,12083,"freshwater; terrestrial","introduced",1,1
"1914","Micropterus salmoides","ID_0647","United States of America","Centrarchidae",256,3385,"Largemouth bass","Centrarchiformes","Micropterus",-24.43,9.74,0.47,1.14,"SD",4,"Muscle","Cascade","Lentic","United States","USA","North America",-122.852,48.6513,12083,"freshwater; terrestrial","introduced",1,1
"1916","Micropterus salmoides","ID_0648","United States of America","Centrarchidae",256,3385,"Largemouth bass","Centrarchiformes","Micropterus",-27.97,7.09,1.67,0.71,"SD",9,"Muscle","Fern","Lentic","United States","USA","North America",-122.764515,47.402912,12083,"freshwater; terrestrial","introduced",1,1
"1918","Micropterus salmoides","ID_0649","United States of America","Centrarchidae",256,3385,"Largemouth bass","Centrarchiformes","Micropterus",-26.87,16.08,0.86,0.7,"SD",7,"Muscle","Martha1","Lentic","United States","USA","North America",-122.244583,47.851167,12083,"freshwater; terrestrial","introduced",1,1
"1920","Micropterus salmoides","ID_0650","United States of America","Centrarchidae",256,3385,"Largemouth bass","Centrarchiformes","Micropterus",-24.77,12.38,1.1,0.91,"SD",10,"Muscle","Padden","Lentic","United States","USA","North America",-122.4529,48.7027,12083,"freshwater; terrestrial","introduced",1,1
"1922","Micropterus salmoides","ID_0651","United States of America","Centrarchidae",256,3385,"Largemouth bass","Centrarchiformes","Micropterus",-24.61,11.12,1.06,1.32,"SD",9,"Muscle","Pine","Lentic","United States","USA","North America",-122.0448,47.5866,12083,"freshwater; terrestrial","introduced",1,1
"1924","Micropterus salmoides","ID_0652","United States of America","Centrarchidae",256,3385,"Largemouth bass","Centrarchiformes","Micropterus",-26.72,11.62,2.27,1.36,"SD",5,"Muscle","Shoecraft","Lentic","United States","USA","North America",-122.307073,48.125977,12083,"freshwater; terrestrial","introduced",1,1
"1926","Micropterus salmoides","ID_0653","United States of America","Centrarchidae",256,3385,"Largemouth bass","Centrarchiformes","Micropterus",-32.07,10.38,0.29,0.27,"SD",5,"Muscle","Sunday","Lentic","United States","USA","North America",-122.2576,48.2292,12083,"freshwater; terrestrial","introduced",1,1
"1928","Micropterus salmoides","ID_0654","United States of America","Centrarchidae",256,3385,"Largemouth bass","Centrarchiformes","Micropterus",-26.95,7.62,1.11,1.13,"SD",10,"Muscle","Walsh","Lentic","United States","USA","North America",-121.9284,47.41,12083,"freshwater; terrestrial","introduced",1,1
"1930","Micropterus salmoides","ID_0655","United States of America","Centrarchidae",256,3385,"Largemouth bass","Centrarchiformes","Micropterus",-29.01,13.57,2.09,0.73,"SD",11,"Muscle","Wilderness","Lentic","United States","USA","North America",-122.0344,47.3726,12083,"freshwater; terrestrial","introduced",1,1
"1932","Micropterus salmoides","ID_0698","South Korea","Centrarchidae",139,3385,"Largemouth bass","Centrarchiformes","Micropterus",-20.7,13.7,0.1,0.3,"SD",3,"Muscle","LP1_post-monsoon","Lotic","South Korea","KOR","Asia",127.282733,37.524183,12083,"freshwater; terrestrial","introduced",1,0
"1933","Micropterus salmoides","ID_0699","South Korea","Centrarchidae",139,3385,"Largemouth bass","Centrarchiformes","Micropterus",-24.9,15.6,0.2,0,"SD",3,"Muscle","LP2_pre-monsoon","Lotic","South Korea","KOR","Asia",127.338727,37.534851,12083,"freshwater; terrestrial","introduced",1,0
"1934","Micropterus salmoides","ID_0700","South Korea","Centrarchidae",139,3385,"Largemouth bass","Centrarchiformes","Micropterus",-21.6,13.9,0.3,0.1,"SD",3,"Muscle","LP2_post-monsoon","Lotic","South Korea","KOR","Asia",127.338727,37.534851,12083,"freshwater; terrestrial","introduced",1,0
"1935","Micropterus salmoides","ID_0758","Finland","Centrarchidae",83,3385,"Largemouth bass","Centrarchiformes","Micropterus",-14.91,9.98,0.56,0.54,"SD",NA,"Muscle","Inarijärvi","Lentic","Finland","FIN","Europe",27.666667,68.966667,12083,"freshwater; terrestrial","introduced",1,0
"1936","Micropterus salmoides","ID_0759","Italy","Centrarchidae",126,3385,"Largemouth bass","Centrarchiformes","Micropterus",-13.77,9.51,1.06,0.89,"SD",NA,"Muscle","Lake_Bracciano","Lentic","Italy","ITA","Europe",12.237551,42.154135,12083,"freshwater; terrestrial","introduced",1,0
"1937","Micropterus salmoides","ID_0841","United States of America","Centrarchidae",256,3385,"Largemouth bass","Centrarchiformes","Micropterus",-21.58,14.22,0.43,0.24,"SE",NA,"Muscle","Lake_Pierson_Minnesota_siteinvadedwatermilfoil","Lentic","United States","USA","North America",-93.697972,44.83389,12083,"freshwater; terrestrial","introduced",1,1
"1939","Micropterus salmoides","ID_0842","United States of America","Centrarchidae",256,3385,"Largemouth bass","Centrarchiformes","Micropterus",-21.16,14.08,0.48,0.26,"SE",NA,"Muscle","Lake_Pierson_Minnesota_sitenativemacrophytes","Lentic","United States","USA","North America",-93.697972,44.83389,12083,"freshwater; terrestrial","introduced",1,1
"1941","Micropterus salmoides","ID_0843","United States of America","Centrarchidae",256,3385,"Largemouth bass","Centrarchiformes","Micropterus",-23.66,10.95,0.43,0.3,"SE",NA,"Muscle","Lake_Auburn_Minnesota_siteinvadedwatermilfoil","Lentic","United States","USA","North America",-93.679719,44.864884,12083,"freshwater; terrestrial","introduced",1,1
"1943","Micropterus salmoides","ID_0844","United States of America","Centrarchidae",256,3385,"Largemouth bass","Centrarchiformes","Micropterus",-22.63,10.37,0.64,0.18,"SE",NA,"Muscle","Lake_Auburn_Minnesota_sitenativemacrophytes","Lentic","United States","USA","North America",-93.679719,44.864884,12083,"freshwater; terrestrial","introduced",1,1
"1945","Micropterus salmoides","ID_0845","United States of America","Centrarchidae",256,3385,"Largemouth bass","Centrarchiformes","Micropterus",-21.33,7.75,0.68,0.19,"SE",NA,"Muscle","Lake_Bush_Minnesota","Lentic","United States","USA","North America",-93.384045,44.838634,12083,"freshwater; terrestrial","introduced",1,1
"1947","Micropterus salmoides","ID_0846","United States of America","Centrarchidae",256,3385,"Largemouth bass","Centrarchiformes","Micropterus",-22.84,10.21,0.37,0.22,"SE",NA,"Muscle","Lake_Zumbra_Minnesota","Lentic","United States","USA","North America",-93.66605,44.882935,12083,"freshwater; terrestrial","introduced",1,1
"1949","Morone americana","ID_0005","Canada","Moronidae",48,355,"White perch","Eupercaria/misc","Morone",-20.8,14.7,1.1,0.6,"SD",10,"Muscle","Lake_Erie_Eastern_basin","Lentic","Canada","CAN","North America",-79.982269,42.792617,12091,"brackish; freshwater; marine","introduced",1,1
"1951","Morone americana","ID_0019","United States of America","Moronidae",256,355,"White perch","Eupercaria/misc","Morone",-20.7,16.7,1.2,1.4,"SD",5,"Muscle","Rappahanock_River_and_tributaries_Virginia","Lotic","United States","USA","North America",-77.034575,38.100519,12091,"brackish; freshwater; marine","introduced",1,1
"1953","Morone americana","ID_0200","United States of America","Moronidae",256,355,"White perch","Eupercaria/misc","Morone",-29.25,10.45,NA,NA,NA,NA,"Muscle","Lake_Superior_Allouez_Bay_Wisconsin","Lentic","United States","USA","North America",-91.997942,46.689258,12091,"brackish; freshwater; marine","introduced",1,1
"1955","Morone americana","ID_0429","Canada","Moronidae",48,355,"White perch","Eupercaria/misc","Morone",-24.98,19.89,1.16,1.41,"SD",13,"Muscle","Hamilton_Harbour_East","Lentic","Canada","CAN","North America",-79.888416,43.287682,12091,"brackish; freshwater; marine","introduced",1,1
"1957","Morone americana","ID_0430","Canada","Moronidae",48,355,"White perch","Eupercaria/misc","Morone",-25.03,20.24,1.07,1.73,"SD",14,"Muscle","Hamilton_Harbour_West","Lentic","Canada","CAN","North America",-79.812182,43.311164,12091,"brackish; freshwater; marine","introduced",1,1
"1959","Morone americana","ID_0431","Canada","Moronidae",48,355,"White perch","Eupercaria/misc","Morone",-24.26,21.08,1.34,1.31,"SD",11,"Muscle","Hamilton_Harbour_North","Lentic","Canada","CAN","North America",-79.812182,43.311164,12091,"brackish; freshwater; marine","introduced",1,1
"1961","Morone americana","ID_0479","Canada","Moronidae",48,355,"White perch","Eupercaria/misc","Morone",-30.1,11,NA,NA,NA,30,"Muscle","Mactaquac_Lake_summarized","Lentic","Canada","CAN","North America",-66.876,45.95,12091,"brackish; freshwater; marine","introduced",1,1
"1963","Morone chrysops","ID_0127","United States of America","Moronidae",256,3308,"White bass","Eupercaria/misc","Morone",-27.18,15.57,NA,NA,NA,NA,"Muscle","Upper_Mississippi_River_1993","Lotic","United States","USA","North America",-89.467583,37.216472,12092,"freshwater","introduced",1,1
"1965","Morone chrysops","ID_0128","United States of America","Moronidae",256,3308,"White bass","Eupercaria/misc","Morone",-26.22,15.84,NA,NA,NA,NA,"Muscle","Upper_Mississippi_River_1994","Lotic","United States","USA","North America",-89.467583,37.216472,12092,"freshwater","introduced",1,1
"1967","Morone chrysops","ID_0129","United States of America","Moronidae",256,3308,"White bass","Eupercaria/misc","Morone",-28.21,16.72,NA,NA,NA,NA,"Muscle","Missouri_River_1993","Lotic","United States","USA","North America",-91.4385,38.709806,12092,"freshwater","introduced",1,1
"1969","Morone chrysops","ID_0130","United States of America","Moronidae",256,3308,"White bass","Eupercaria/misc","Morone",-28.59,16.79,NA,NA,NA,NA,"Muscle","Missouri_River_1994","Lotic","United States","USA","North America",-91.4385,38.709806,12092,"freshwater","introduced",1,1
"1971","Morone chrysops","ID_0136","United States of America","Moronidae",256,3308,"White bass","Eupercaria/misc","Morone",-25.92,16.22,NA,NA,"SE",NA,"Muscle","Reach_13_Upper_Mississippi_River_Summer_1998","Lotic","United States","USA","North America",-90.205278,42.146111,12092,"freshwater","introduced",1,1
"1973","Morone chrysops","ID_0137","United States of America","Moronidae",256,3308,"White bass","Eupercaria/misc","Morone",-24.95,16.61,NA,NA,"SE",NA,"Muscle","Reach_13_Upper_Mississippi_River_Summer_1999","Lotic","United States","USA","North America",-90.205278,42.146111,12092,"freshwater","introduced",1,1
"1975","Morone chrysops","ID_0138","United States of America","Moronidae",256,3308,"White bass","Eupercaria/misc","Morone",-25.83,16.7,NA,NA,"SE",NA,"Muscle","Reach_26_Upper_Mississippi_River_Summer_1998","Lotic","United States","USA","North America",-90.500556,38.923889,12092,"freshwater","introduced",1,1
"1977","Morone chrysops","ID_0139","United States of America","Moronidae",256,3308,"White bass","Eupercaria/misc","Morone",-26.87,16.6,NA,NA,"SE",NA,"Muscle","Reach_26_Upper_Mississippi_River_Summer_1999","Lotic","United States","USA","North America",-90.500556,38.923889,12092,"freshwater","introduced",1,1
"1979","Morone chrysops","ID_0149","United States of America","Moronidae",256,3308,"White bass","Eupercaria/misc","Morone",-30.3,9.7,NA,NA,NA,NA,"Muscle","Lake_Superior_Allouez_Bay_Wisconsin","Lentic","United States","USA","North America",-92.006639,47.53271,12092,"freshwater","introduced",1,1
"1981","Morone chrysops","ID_0181","United States of America","Moronidae",256,3308,"White bass","Eupercaria/misc","Morone",-28.63,17.35,NA,NA,NA,NA,"Muscle","Savanna_Bay_Illinois_Summer_1998","Lentic","United States","USA","North America",-90.159131,42.117939,12092,"freshwater","introduced",1,1
"1983","Morone chrysops","ID_0182","United States of America","Moronidae",256,3308,"White bass","Eupercaria/misc","Morone",-28.44,15.83,NA,NA,NA,NA,"Muscle","Long_Lake_Missouri_Summer_1998","Lentic","United States","USA","North America",-90.417889,38.954503,12092,"freshwater","introduced",1,1
"1985","Morone chrysops","ID_0221","United States of America","Moronidae",256,3308,"White bass","Eupercaria/misc","Morone",-27.2,9.7,0.7,0.23,"SD",21,"Muscle","Caddo_Lake_Open_Water_Texas-Louisiana","Lentic","United States","USA","North America",-94.018833,32.710739,12092,"freshwater","introduced",1,1
"1987","Morone chrysops","ID_0278","United States of America","Moronidae",256,3308,"White bass","Eupercaria/misc","Morone",-24.63,17.95,0.75,0.91,"SD",62,"Muscle","Utah_Lake","Lentic","United States","USA","North America",-111.786225,40.230214,12092,"freshwater","introduced",1,1
"1989","Morone mississippiensis","ID_0220","United States of America","Moronidae",256,3309,"Yellow bass","Eupercaria/misc","Morone",-29.3,9,0.68,0.6,"SD",5,"Muscle","Caddo_Lake_Forested_wetland_Texas-Louisiana","Lentic","United States","USA","North America",-94.018833,32.710739,12093,"freshwater","introduced",1,1
"1991","Morone mississippiensis","ID_0221","United States of America","Moronidae",256,3309,"Yellow bass","Eupercaria/misc","Morone",-28.4,9.1,2.23,0.32,"SD",39,"Muscle","Caddo_Lake_Open_Water_Texas-Louisiana","Lentic","United States","USA","North America",-94.018833,32.710739,12093,"freshwater","introduced",1,1
"1993","Morone saxatilis","ID_0019","United States of America","Moronidae",256,353,"Striped bass","Eupercaria/misc","Morone",-25,13.3,2.3,2.4,"SD",2,"Muscle","Rappahanock_River_and_tributaries_Virginia","Lotic","United States","USA","North America",-77.034575,38.100519,12094,"brackish; freshwater; marine","introduced",1,1
"1995","Moxostoma congestum","ID_0577","United States of America","Catostomidae",256,3002,"Gray redhorse","Cypriniformes","Moxostoma",-22.2,12.2,2.2,0.1,"SE",2,"Muscle","Pecos_River","Lotic","United States","USA","North America",-104.271247,33.041703,11439,"freshwater","introduced",1,1
"1997","Moxostoma macrolepidotum","ID_0561","United States of America","Catostomidae",256,3008,"Shorthead Redhorse ","Cypriniformes","Moxostoma",-25.64,8.76,0.7,0.51,"SD",22,"Muscle","LR07","Lotic","United States","USA","North America",-105.123964,42.056708,11442,"brackish; freshwater","introduced",1,1
"1999","Moxostoma macrolepidotum","ID_0562","United States of America","Catostomidae",256,3008,"Shorthead Redhorse ","Cypriniformes","Moxostoma",-28.04,12.42,0.41,0.36,"SD",22,"Muscle","LR08","Lotic","United States","USA","North America",-104.852362,42.123592,11442,"brackish; freshwater","introduced",1,1
"2001","Mylocheilus caurinus","ID_0080","United States of America","Leuciscidae",256,2804,"Peamouth chub","Cypriniformes","Mylocheilus",-24.77,8.12,2.27,0.52,"SD",12,"Muscle","Pend_Oreille_Lake_Idaho","Lentic","United States","USA","North America",-116.366667,48.16,11445,"freshwater","introduced",1,1
"2003","Mylocheilus caurinus","ID_0159","United States of America","Leuciscidae",256,2804,"Peamouth chub","Cypriniformes","Mylocheilus",-28.4,14.5,0.7,0.3,"SD",5,"Muscle","Lake_Washington_Washington","Lentic","United States","USA","North America",-122.259383,47.6097,11445,"freshwater","introduced",1,1
"2005","Mylocheilus caurinus","ID_0160","United States of America","Leuciscidae",256,2804,"Peamouth chub","Cypriniformes","Mylocheilus",-26.88,7.79,0.35,0.26,"SE",5,"Muscle","Kintla_Lake_Montana","Lentic","United States","USA","North America",-114.319669,48.953836,11445,"freshwater","introduced",1,1
"2007","Mylocheilus caurinus","ID_0165","United States of America","Leuciscidae",256,2804,"Peamouth chub","Cypriniformes","Mylocheilus",-21.38,7.74,0.75,0.37,"SE",5,"Muscle","Lake_McDonald_Montana","Lentic","United States","USA","North America",-113.925575,48.583292,11445,"freshwater","introduced",1,1
"2009","Mylocheilus caurinus","ID_0215","United States of America","Leuciscidae",256,2804,"Peamouth chub","Cypriniformes","Mylocheilus",-21.59,6.41,NA,NA,NA,NA,"Muscle","Lake_Chelan_Washington","Lentic","United States","USA","North America",-120.472183,48.078996,11445,"freshwater","introduced",1,1
"2011","Mylocheilus caurinus","ID_0246","United States of America","Leuciscidae",256,2804,"Peamouth chub","Cypriniformes","Mylocheilus",-26.2,2.4,1.2,0.6,"SD",5,"Muscle","Lake_Sammamish_Washington","Lentic","United States","USA","North America",-122.095158,47.584106,11445,"freshwater","introduced",1,1
"2013","Mylocheilus caurinus","ID_0460","United States of America","Leuciscidae",256,2804,"Peamouth","Cypriniformes","Mylocheilus",-25.3,6,0.7,0.2,"SD",10,"Muscle","Priest_Lake","Lentic","United States","USA","North America",-116.855631,48.565973,11445,"freshwater","introduced",1,1
"2015","Mylopharyngodon piceus","ID_0432","United States of America","Xenocyprididae",256,4602,"Black carp","Cypriniformes","Mylopharyngodon",-27.33,13.17,2.73,0.57,"SD",3,"Muscle","Red_and_Atchafalaya_rivers","Lotic","United States","USA","North America",-91.716333,31.076184,11446,"brackish; freshwater","introduced",1,0
"2016","Neogobius melanostomus","ID_0005","Canada","Gobiidae",48,12019,"Round goby","Gobiiformes","Neogobius",-19.85,13.85,1.47,0.56,"SD",94,"Muscle","Lake_Erie_Eastern_basin","Lentic","Canada","CAN","North America",-79.982269,42.792617,12106,"brackish; freshwater; marine","introduced",1,0
"2017","Neogobius melanostomus","ID_0090","United States of America","Gobiidae",256,12019,"Round goby","Gobiiformes","Neogobius",-20.6,9.7,NA,NA,NA,NA,"Muscle","Lake_Huron_Middle_Island","Lentic","Canada","CAN","North America",-83.327295,45.198415,12106,"brackish; freshwater; marine","introduced",1,0
"2018","Neogobius melanostomus","ID_0091","United States of America","Gobiidae",256,12019,"Round goby","Gobiiformes","Neogobius",-18.1,7.06,NA,NA,NA,NA,"Muscle","Lake_Huron_Squaw_Bay","Lentic","Canada","CAN","North America",-83.455886,45.004585,12106,"brackish; freshwater; marine","introduced",1,0
"2019","Neogobius melanostomus","ID_0201","Canada","Gobiidae",48,12019,"Round goby","Gobiiformes","Neogobius",-18.37,12.31,NA,NA,NA,NA,"Muscle","Lake_Ontario_Waupoos_site_Spring","Lentic","Canada","CAN","North America",-77.998,44.001,12106,"brackish; freshwater; marine","introduced",1,0
"2020","Neogobius melanostomus","ID_0202","Canada","Gobiidae",48,12019,"Round goby","Gobiiformes","Neogobius",-18.99,11.98,NA,NA,NA,NA,"Muscle","Lake_Ontario_Waupoos_site_Summer","Lentic","Canada","CAN","North America",-77.998,44.001,12106,"brackish; freshwater; marine","introduced",1,0
"2021","Neogobius melanostomus","ID_0203","Canada","Gobiidae",48,12019,"Round goby","Gobiiformes","Neogobius",-17.81,12.34,NA,NA,NA,NA,"Muscle","Lake_Ontario_Waupoos_site_Fall","Lentic","Canada","CAN","North America",-77.998,44.001,12106,"brackish; freshwater; marine","introduced",1,0
"2022","Neogobius melanostomus","ID_0302","United States of America","Gobiidae",256,12019,"Round goby","Gobiiformes","Neogobius",-20.9,13.5,0.94,0.39,"SE",5,"Muscle","Lake_Ontario_1999-2003","Lentic","United States","USA","North America",-77.608142,43.256139,12106,"brackish; freshwater; marine","introduced",1,0
"2023","Neogobius melanostomus","ID_0303","United States of America","Gobiidae",256,12019,"Round goby","Gobiiformes","Neogobius",-21.4,12.8,1.66,1.3,"SD",25,"Muscle","Lake_Ontario_2008_pooled","Lentic","United States","USA","North America",-77.608142,43.256139,12106,"brackish; freshwater; marine","introduced",1,0
"2024","Neogobius melanostomus","ID_0429","Canada","Gobiidae",48,12019,"Round goby","Gobiiformes","Neogobius",-23.3,17.66,1.38,1.64,"SD",37,"Muscle","Hamilton_Harbour_East","Lentic","Canada","CAN","North America",-79.888416,43.287682,12106,"brackish; freshwater; marine","introduced",1,0
"2025","Neogobius melanostomus","ID_0430","Canada","Gobiidae",48,12019,"Round goby","Gobiiformes","Neogobius",-24.33,19.16,1.62,1.61,"SD",25,"Muscle","Hamilton_Harbour_West","Lentic","Canada","CAN","North America",-79.812182,43.311164,12106,"brackish; freshwater; marine","introduced",1,0
"2026","Neogobius melanostomus","ID_0431","Canada","Gobiidae",48,12019,"Round goby","Gobiiformes","Neogobius",-23.96,18.95,1.23,1.31,"SD",30,"Muscle","Hamilton_Harbour_North","Lentic","Canada","CAN","North America",-79.812182,43.311164,12106,"brackish; freshwater; marine","introduced",1,0
"2027","Neogobius melanostomus","ID_0467","Lithuania","Gobiidae",149,12019,"Round goby","Gobiiformes","Neogobius",-27.1,13,0.6,0.3,"SD",7,"Muscle","Curonian_Lagoon","Lentic","Lithuania","LTU","Europe",21.132262,55.3387,12106,"brackish; freshwater; marine","introduced",1,0
"2028","Neogobius melanostomus","ID_0569","Canada","Gobiidae",48,12019,"Round goby","Gobiiformes","Neogobius",-17,13.3,0.2,0.08,"SD",NA,"Muscle","Upper_Niagara_River","Lotic","United States","USA","North America",-78.943416,42.956704,12106,"brackish; freshwater; marine","introduced",1,0
"2029","Neogobius melanostomus","ID_0848","Canada","Gobiidae",48,12019,"Round goby","Gobiiformes","Neogobius",-18.19,10.29,0.21,0.15,"SE",5,"Scale","Lake_Simcoe_Ontario_post-deissenid-invasion","Lentic","Canada","CAN","North America",-79.383037,44.432724,12106,"brackish; freshwater; marine","introduced",1,0
"2030","Nocomis biguttatus","ID_0560","United States of America","Leuciscidae",256,2807,"Hornyhead Chub","Cypriniformes","Nocomis",-25.87,11.42,1.05,0.63,"SD",12,"Muscle","LR06","Lotic","United States","USA","North America",-105.414398,41.927815,11450,"freshwater","introduced",1,1
"2032","Nocomis leptocephalus","ID_0367","United States of America","Leuciscidae",256,2809,"Bluehead chub","Cypriniformes","Nocomis",-28.27,11.73,0.45,0.35,"SD",3,"Muscle","McTier_Creek_near_Monetta_date_39603","Lotic","United States","USA","North America",-81.601771,33.753477,11451,"freshwater","introduced",1,1
"2034","Nocomis leptocephalus","ID_0372","United States of America","Leuciscidae",256,2809,"Bluehead chub","Cypriniformes","Nocomis",-27.9,8.63,0.1,0.21,"SD",3,"Muscle","McTier_Creek_near_NewHolland_date_39995","Lotic","United States","USA","North America",-81.6075,33.7175,11451,"freshwater","introduced",1,1
"2036","Notemigonus crysoleucas","ID_0019","United States of America","Leuciscidae",256,276,"Golden shiner","Cypriniformes","Notemigonus",-24.8,13.1,1.1,1.6,"SD",5,"Muscle","Rappahanock_River_and_tributaries_Virginia","Lotic","United States","USA","North America",-77.034575,38.100519,11454,"brackish; freshwater","introduced",1,1
"2038","Notemigonus crysoleucas","ID_0168","United States of America","Leuciscidae",256,276,"Golden shiner","Cypriniformes","Notemigonus",-21.13,8.01,2.65,1.3,"SD",6,"Muscle","Shasta_Lake_California","Lentic","United States","USA","North America",-122.371897,40.760067,11454,"brackish; freshwater","introduced",1,1
"2040","Notemigonus crysoleucas","ID_0175","United States of America","Leuciscidae",256,276,"Golden shiner","Cypriniformes","Notemigonus",-21.57,8.03,0.21,0.29,"SE",20,"Muscle","Lake_Tahoe_California-Nevada_1927-1942","Lentic","United States","USA","North America",-120.031692,39.109806,11454,"brackish; freshwater","introduced",1,1
"2042","Notemigonus crysoleucas","ID_0176","United States of America","Leuciscidae",256,276,"Golden shiner","Cypriniformes","Notemigonus",-21.7,6.9,0.2,0.07,"SE",36,"Muscle","Lake_Tahoe_California-Nevada_1959-1966","Lentic","United States","USA","North America",-120.031692,39.109806,11454,"brackish; freshwater","introduced",1,1
"2044","Notemigonus crysoleucas","ID_0177","United States of America","Leuciscidae",256,276,"Golden shiner","Cypriniformes","Notemigonus",-23.93,5.39,0.16,0.13,"SE",2,"Muscle","Lake_Tahoe_California-Nevada_1998-2000","Lentic","United States","USA","North America",-120.031692,39.109806,11454,"brackish; freshwater","introduced",1,1
"2046","Notemigonus crysoleucas","ID_0178","United States of America","Leuciscidae",256,276,"Golden shiner","Cypriniformes","Notemigonus",-27.53,6.67,0.21,0.1,"SE",10,"Muscle","Cascade_Lake_California_2000","Lentic","United States","USA","North America",-120.091075,38.939633,11454,"brackish; freshwater","introduced",1,1
"2048","Notemigonus crysoleucas","ID_0360","United States of America","Leuciscidae",256,276,"Golden shiner","Cypriniformes","Notemigonus",-30.1,10.3,NA,NA,"SD",1,"Muscle","Fishing_brook_near_newcomb_date_39590","Lotic","United States","USA","North America",-74.291333,43.987583,11454,"brackish; freshwater","introduced",1,1
"2050","Notemigonus crysoleucas","ID_0361","United States of America","Leuciscidae",256,276,"Golden shiner","Cypriniformes","Notemigonus",-30.1,10.4,NA,NA,"SD",1,"Muscle","Fishing_brook_near_newcomb_date_39651","Lotic","United States","USA","North America",-74.291333,43.987583,11454,"brackish; freshwater","introduced",1,1
"2052","Notemigonus crysoleucas","ID_0363","United States of America","Leuciscidae",256,276,"Golden shiner","Cypriniformes","Notemigonus",-30.73,10.53,0.31,0.15,"SD",3,"Muscle","Fishing_brook_near_newcomb_date_39947","Lotic","United States","USA","North America",-74.291333,43.987583,11454,"brackish; freshwater","introduced",1,1
"2054","Notropis atherinoides","ID_0051","United States of America","Leuciscidae",256,2824,"Emerald shiner","Cypriniformes","Notropis",-23.7,13.4,NA,NA,"SD",1,"Muscle","Urban_reach_Kansas_River","Lotic","United States","USA","North America",-96.780025,39.054858,11459,"freshwater","introduced",1,1
"2056","Notropis atherinoides","ID_0052","United States of America","Leuciscidae",256,2824,"Emerald shiner","Cypriniformes","Notropis",-24.35,13.68,0.31,1.91,"SD",NA,"Muscle","Intermediate_reach_Kansas_River","Lotic","United States","USA","North America",-95.967367,39.108244,11459,"freshwater","introduced",1,1
"2058","Notropis atherinoides","ID_0053","United States of America","Leuciscidae",256,2824,"Emerald shiner","Cypriniformes","Notropis",-23,14,0.28,0.42,"SD",NA,"Muscle","Low_urban_reach_Kansas_River","Lotic","United States","USA","North America",-94.888158,39.037142,11459,"freshwater","introduced",1,1
"2060","Notropis atherinoides","ID_0131","United States of America","Leuciscidae",256,2824,"Emerald shiner","Cypriniformes","Notropis",-26.18,14.36,NA,NA,NA,NA,"Muscle","Ohio_River_1993","Lotic","United States","USA","North America",-88.740833,37.1475,11459,"freshwater","introduced",1,1
"2062","Notropis atherinoides","ID_0132","United States of America","Leuciscidae",256,2824,"Emerald shiner","Cypriniformes","Notropis",-26.27,15.04,NA,NA,NA,NA,"Muscle","Ohio_River_1994","Lotic","United States","USA","North America",-88.740833,37.1475,11459,"freshwater","introduced",1,1
"2064","Notropis atherinoides","ID_0149","United States of America","Leuciscidae",256,2824,"Emerald shiner","Cypriniformes","Notropis",-29.1,10.2,NA,NA,NA,NA,"Muscle","Lake_Superior_Allouez_Bay_Wisconsin","Lentic","United States","USA","North America",-92.006639,47.53271,11459,"freshwater","introduced",1,1
"2066","Notropis atherinoides","ID_0422","United States of America","Leuciscidae",256,2824,"Emerald Shiner","Cypriniformes","Notropis",-28.12,15.55,NA,NA,NA,NA,"Muscle","Contemporary_Lower_Illinois_River_CL","Lotic","United States","USA","North America",-89.627716,40.631024,11459,"freshwater","introduced",1,1
"2068","Notropis atherinoides","ID_0423","United States of America","Leuciscidae",256,2824,"Emerald Shiner","Cypriniformes","Notropis",-26.1,15.88,NA,NA,NA,NA,"Muscle","Contemporary_Upper_Illinois_River_CU","Lotic","United States","USA","North America",-88.359041,41.309955,11459,"freshwater","introduced",1,1
"2070","Notropis atherinoides","ID_0424","United States of America","Leuciscidae",256,2824,"Emerald Shiner","Cypriniformes","Notropis",-27.09,20.65,NA,NA,NA,NA,"Muscle","Historical_Lower_Illinois_River_HL","Lotic","United States","USA","North America",-89.627716,40.631024,11459,"freshwater","introduced",1,1
"2072","Notropis atherinoides","ID_0425","United States of America","Leuciscidae",256,2824,"Emerald Shiner","Cypriniformes","Notropis",-26.82,15.12,NA,NA,NA,NA,"Muscle","Historical_Upper_Illinois_River_HU","Lotic","United States","USA","North America",-88.35904,40.309955,11459,"freshwater","introduced",1,1
"2074","Notropis dorsalis","ID_0562","United States of America","Leuciscidae",256,2853,"Bigmouth Shiner","Cypriniformes","Notropis",-27.72,12.05,0.75,0.54,"SD",9,"Muscle","LR08","Lotic","United States","USA","North America",-104.852362,42.123592,11469,"freshwater","introduced",1,1
"2076","Notropis heterolepis","ID_0361","United States of America","Leuciscidae",256,2865,"Blacknose shiner","Cypriniformes","Notropis",-30.37,9.87,0.5,0.55,"SD",3,"Muscle","Fishing_brook_near_newcomb_date_39651","Lotic","United States","USA","North America",-74.291333,43.987583,11472,"freshwater","introduced",1,1
"2078","Notropis heterolepis","ID_0849","United States of America","Leuciscidae",256,2865,"Blacknose shiner","Cypriniformes","Notropis",-28,11,0.27,0.34,"SE",6,"Muscle","Lake_Elk_Minnesota","Lentic","United States","USA","North America",-95.803693,45.866885,11472,"freshwater","introduced",1,1
"2080","Notropis hudsonius","ID_0091","United States of America","Leuciscidae",256,2867,"Spottail shiner","Cypriniformes","Notropis",-18.6,6.4,NA,NA,NA,NA,"Muscle","Lake_Huron_Squaw_Bay","Lentic","Canada","CAN","North America",-83.455886,45.004585,11473,"brackish; freshwater","introduced",1,1
"2082","Notropis hudsonius","ID_0149","United States of America","Leuciscidae",256,2867,"Spottail shiner","Cypriniformes","Notropis",-29.3,9.9,NA,NA,NA,NA,"Muscle","Lake_Superior_Allouez_Bay_Wisconsin","Lentic","United States","USA","North America",-92.006639,47.53271,11473,"brackish; freshwater","introduced",1,1
"2084","Notropis lutipinnis","ID_0366","United States of America","Leuciscidae",256,2875,"Yellowfin shiner","Cypriniformes","Notropis",-27.14,10.2,0.29,0.31,"SD",5,"Muscle","McTier_Creek_near_Monetta_date_39554","Lotic","United States","USA","North America",-81.601771,33.753477,11477,"freshwater","introduced",1,1
"2086","Notropis lutipinnis","ID_0368","United States of America","Leuciscidae",256,2875,"Yellowfin shiner","Cypriniformes","Notropis",-26.68,8.78,0.19,0.22,"SD",5,"Muscle","McTier_Creek_above_Hunt_Shed_date_39932","Lotic","United States","USA","North America",-81.597049,33.745978,11477,"freshwater","introduced",1,1
"2088","Notropis lutipinnis","ID_0369","United States of America","Leuciscidae",256,2875,"Yellowfin shiner","Cypriniformes","Notropis",-27.67,8.98,1.13,0.76,"SD",12,"Muscle","McTier_Creek_near_NewHolland_date_39412","Lotic","United States","USA","North America",-81.6075,33.7175,11477,"freshwater","introduced",1,1
"2090","Notropis lutipinnis","ID_0370","United States of America","Leuciscidae",256,2875,"Yellowfin shiner","Cypriniformes","Notropis",-27.77,8.63,0.76,0.31,"SD",3,"Muscle","McTier_Creek_near_NewHolland_date_39728","Lotic","United States","USA","North America",-81.6075,33.7175,11477,"freshwater","introduced",1,1
"2092","Notropis lutipinnis","ID_0371","United States of America","Leuciscidae",256,2875,"Yellowfin shiner","Cypriniformes","Notropis",-27.95,9.15,0.55,0.14,"SD",6,"Muscle","McTier_Creek_near_NewHolland_date_39933","Lotic","United States","USA","North America",-81.6075,33.7175,11477,"freshwater","introduced",1,1
"2094","Notropis lutipinnis","ID_0376","United States of America","Leuciscidae",256,2875,"Yellowfin shiner","Cypriniformes","Notropis",-28.14,10.06,1.02,0.94,"SD",5,"Muscle","McTier_Creek_near_NewHolland_date_39553","Lotic","United States","USA","North America",-81.6075,33.7175,11477,"freshwater","introduced",1,1
"2096","Notropis stramineus","ID_0051","United States of America","Leuciscidae",256,2905,"Sand shiner","Cypriniformes","Notropis",-23,12.45,1.04,0.61,"SD",NA,"Muscle","Urban_reach_Kansas_River","Lotic","United States","USA","North America",-96.780025,39.054858,11487,"freshwater","introduced",1,1
"2098","Notropis stramineus","ID_0052","United States of America","Leuciscidae",256,2905,"Sand shiner","Cypriniformes","Notropis",-22.13,14.08,0.46,0.28,"SD",NA,"Muscle","Intermediate_reach_Kansas_River","Lotic","United States","USA","North America",-95.967367,39.108244,11487,"freshwater","introduced",1,1
"2100","Notropis stramineus","ID_0053","United States of America","Leuciscidae",256,2905,"Sand shiner","Cypriniformes","Notropis",-21.9,15.85,0.37,0.57,"SD",NA,"Muscle","Low_urban_reach_Kansas_River","Lotic","United States","USA","North America",-94.888158,39.037142,11487,"freshwater","introduced",1,1
"2102","Notropis stramineus","ID_0549","United States of America","Leuciscidae",256,2905,"Sand Shiner ","Cypriniformes","Notropis",-27.28,7.64,0.81,0.11,"SD",6,"Muscle","SW03","Lotic","United States","USA","North America",-107.966105,42.571843,11487,"freshwater","introduced",1,1
"2104","Notropis stramineus","ID_0550","United States of America","Leuciscidae",256,2905,"Sand Shiner ","Cypriniformes","Notropis",-26.26,8.13,1.14,0.38,"SD",17,"Muscle","SW04","Lotic","United States","USA","North America",-107.1476,42.488328,11487,"freshwater","introduced",1,1
"2106","Notropis stramineus","ID_0554","United States of America","Leuciscidae",256,2905,"Sand Shiner ","Cypriniformes","Notropis",-27.67,11.07,0.65,0.32,"SD",11,"Muscle","MB04","Lotic","United States","USA","North America",-106.512402,42.00988,11487,"freshwater","introduced",1,1
"2108","Notropis stramineus","ID_0561","United States of America","Leuciscidae",256,2905,"Sand Shiner ","Cypriniformes","Notropis",-26.84,9.14,1.21,0.51,"SD",17,"Muscle","LR07","Lotic","United States","USA","North America",-105.123964,42.056708,11487,"freshwater","introduced",1,1
"2110","Notropis stramineus","ID_0562","United States of America","Leuciscidae",256,2905,"Sand Shiner ","Cypriniformes","Notropis",-27.6,12.31,0.78,0.41,"SD",10,"Muscle","LR08","Lotic","United States","USA","North America",-104.852362,42.123592,11487,"freshwater","introduced",1,1
"2112","Notropis stramineus","ID_0577","United States of America","Leuciscidae",256,2905,"Sand shiner","Cypriniformes","Notropis",-22.3,10.1,2.5,1.8,"SE",4,"Muscle","Pecos_River","Lotic","United States","USA","North America",-104.271247,33.041703,11487,"freshwater","introduced",1,1
"2114","Noturus exilis","ID_0113","United States of America","Ictaluridae",256,3030,"Slender madtom","Siluriformes","Noturus",-24.79,7.59,NA,NA,NA,NA,NA,"Upstream_site_Little_Mulberry_Creek_March_2006","Lotic","United States","USA","North America",-93.594444,35.761111,12524,"freshwater","introduced",1,1
"2116","Noturus exilis","ID_0114","United States of America","Ictaluridae",256,3030,"Slender madtom","Siluriformes","Noturus",-24.28,7.1,NA,NA,NA,NA,NA,"Upstream_site_Little_Mulberry_Creek_July_2006","Lotic","United States","USA","North America",-93.594444,35.761111,12524,"freshwater","introduced",1,1
"2118","Noturus exilis","ID_0115","United States of America","Ictaluridae",256,3030,"Slender madtom","Siluriformes","Noturus",-25.28,8.43,NA,NA,NA,NA,"Whole","Upstream_site_Little_Mulberry_Creek_March_2007","Lotic","United States","USA","North America",-93.594444,35.761111,12524,"freshwater","introduced",1,1
"2120","Noturus exilis","ID_0116","United States of America","Ictaluridae",256,3030,"Slender madtom","Siluriformes","Noturus",-24.78,5.52,NA,NA,NA,NA,"Whole","Upstream_site_Little_Mulberry_Creek_July_2007","Lotic","United States","USA","North America",-93.594444,35.761111,12524,"freshwater","introduced",1,1
"2122","Noturus exilis","ID_0117","United States of America","Ictaluridae",256,3030,"Slender madtom","Siluriformes","Noturus",-24.28,6.61,NA,NA,NA,NA,"Whole","Upstream_site_Little_Mulberry_Creek_December_2007","Lotic","United States","USA","North America",-93.594444,35.761111,12524,"freshwater","introduced",1,1
"2124","Noturus exilis","ID_0118","United States of America","Ictaluridae",256,3030,"Slender madtom","Siluriformes","Noturus",-25.74,7.62,NA,NA,NA,NA,"Whole","Mouth_site_Little_Mulberry_Creek_March_2006","Lotic","United States","USA","North America",-93.664444,35.6725,12524,"freshwater","introduced",1,1
"2126","Noturus exilis","ID_0119","United States of America","Ictaluridae",256,3030,"Slender madtom","Siluriformes","Noturus",-26.17,7.65,NA,NA,NA,NA,"Whole","Mouth_site_Little_Mulberry_Creek_July_2006","Lotic","United States","USA","North America",-93.664444,35.6725,12524,"freshwater","introduced",1,1
"2128","Noturus exilis","ID_0120","United States of America","Ictaluridae",256,3030,"Slender madtom","Siluriformes","Noturus",-26.8,7.74,NA,NA,NA,NA,"Whole","Mouth_site_Little_Mulberry_Creek_March_2007","Lotic","United States","USA","North America",-93.664444,35.6725,12524,"freshwater","introduced",1,1
"2130","Noturus exilis","ID_0121","United States of America","Ictaluridae",256,3030,"Slender madtom","Siluriformes","Noturus",-26.27,7.37,NA,NA,NA,NA,"Whole","Mouth_site_Little_Mulberry_Creek_July_2007","Lotic","United States","USA","North America",-93.664444,35.6725,12524,"freshwater","introduced",1,1
"2132","Noturus exilis","ID_0122","United States of America","Ictaluridae",256,3030,"Slender madtom","Siluriformes","Noturus",-24.11,8.32,NA,NA,NA,NA,"Whole","Mulberry_River_March_2006","Lotic","United States","USA","North America",-93.632778,35.673611,12524,"freshwater","introduced",1,1
"2134","Noturus exilis","ID_0123","United States of America","Ictaluridae",256,3030,"Slender madtom","Siluriformes","Noturus",-24.43,8.2,NA,NA,NA,NA,"Whole","Mulberry_River_July_2006","Lotic","United States","USA","North America",-93.632778,35.673611,12524,"freshwater","introduced",1,1
"2136","Noturus exilis","ID_0124","United States of America","Ictaluridae",256,3030,"Slender madtom","Siluriformes","Noturus",-25.58,9.46,NA,NA,NA,NA,"Whole","Mulberry_River_March_2007","Lotic","United States","USA","North America",-93.632778,35.673611,12524,"freshwater","introduced",1,1
"2138","Noturus exilis","ID_0125","United States of America","Ictaluridae",256,3030,"Slender madtom","Siluriformes","Noturus",-25.89,8.21,NA,NA,NA,NA,"Whole","Mulberry_River_July_2007","Lotic","United States","USA","North America",-93.632778,35.673611,12524,"freshwater","introduced",1,1
"2140","Noturus exilis","ID_0126","United States of America","Ictaluridae",256,3030,"Slender madtom","Siluriformes","Noturus",-25.03,8.51,NA,NA,NA,NA,"Whole","Mulberry_River_December_2007","Lotic","United States","USA","North America",-93.632778,35.673611,12524,"freshwater","introduced",1,1
"2142","Noturus flavus","ID_0560","United States of America","Ictaluridae",256,3033,"Stonecat ","Siluriformes","Noturus",-26.53,11.7,0.46,0.91,"SD",10,"Muscle","LR06","Lotic","United States","USA","North America",-105.414398,41.927815,12525,"freshwater","introduced",1,1
"2144","Noturus flavus","ID_0561","United States of America","Ictaluridae",256,3033,"Stonecat ","Siluriformes","Noturus",-25.29,11.24,0.92,0.24,"SD",15,"Muscle","LR07","Lotic","United States","USA","North America",-105.123964,42.056708,12525,"freshwater","introduced",1,1
"2146","Noturus flavus","ID_0562","United States of America","Ictaluridae",256,3033,"Stonecat ","Siluriformes","Noturus",-28.9,12.75,1.85,0.74,"SD",3,"Muscle","LR08","Lotic","United States","USA","North America",-104.852362,42.123592,12525,"freshwater","introduced",1,1
"2148","Noturus insignis","ID_0368","United States of America","Ictaluridae",256,3039,"Margined madtom","Siluriformes","Noturus",-29.6,11.6,1.23,0.41,"SD",4,"Muscle","McTier_Creek_above_Hunt_Shed_date_39932","Lotic","United States","USA","North America",-81.597049,33.745978,12528,"freshwater","introduced",1,1
"2150","Noturus insignis","ID_0371","United States of America","Ictaluridae",256,3039,"Margined madtom","Siluriformes","Noturus",-31.3,11.9,NA,NA,"SD",1,"Muscle","McTier_Creek_near_NewHolland_date_39933","Lotic","United States","USA","North America",-81.6075,33.7175,12528,"freshwater","introduced",1,1
"2152","Odontesthes bonariensis","ID_0442","Peru","Atherinopsidae",193,4678,"Argentinian silverside","Atheriniformes","Odontesthes",-17.33,10.76,1.51,0.86,"SD",26,"Muscle","Lake_Titicaca","Lentic","Peru","PER","South America",-69.807278,-15.314038,11101,"brackish; freshwater; marine","introduced",1,0
"2153","Oncorhynchus clarkii","ID_0058","United States of America","Salmonidae",256,2688,"Cutthroat trout","Salmoniformes","Oncorhynchus",-24.8,10.4,1.75,1.96,"SD",10,"Muscle","Grizzly_Washington","Lotic","United States","USA","North America",-120.844897,48.516772,12408,"brackish; freshwater; marine","introduced",1,1
"2155","Oncorhynchus clarkii","ID_0080","United States of America","Salmonidae",256,2688,"Cutthroat trout","Salmoniformes","Oncorhynchus",-26.19,8.45,1.75,0.96,"SD",9,"Muscle","Pend_Oreille_Lake_Idaho","Lentic","United States","USA","North America",-116.366667,48.16,12408,"brackish; freshwater; marine","introduced",1,1
"2157","Oncorhynchus clarkii","ID_0159","United States of America","Salmonidae",256,2688,"Cutthroat trout","Salmoniformes","Oncorhynchus",-27.14,16.06,1.57,0.75,"SD",23,"Muscle","Lake_Washington_Washington","Lentic","United States","USA","North America",-122.259383,47.6097,12408,"brackish; freshwater; marine","introduced",1,1
"2159","Oncorhynchus clarkii","ID_0160","United States of America","Salmonidae",256,2688,"Cutthroat trout","Salmoniformes","Oncorhynchus",-23.05,7.69,0.7,0.25,"SE",5,"Muscle","Kintla_Lake_Montana","Lentic","United States","USA","North America",-114.319669,48.953836,12408,"brackish; freshwater; marine","introduced",1,1
"2161","Oncorhynchus clarkii","ID_0161","United States of America","Salmonidae",256,2688,"Cutthroat trout","Salmoniformes","Oncorhynchus",-25.18,7.44,1.15,0.3,"SE",5,"Muscle","Bowman_Lake_Montana","Lentic","United States","USA","North America",-114.1535,48.872619,12408,"brackish; freshwater; marine","introduced",1,1
"2163","Oncorhynchus clarkii","ID_0162","United States of America","Salmonidae",256,2688,"Cutthroat trout","Salmoniformes","Oncorhynchus",-24.37,8.21,0.32,0.17,"SE",10,"Muscle","Quartz_Lake_Montana","Lentic","United States","USA","North America",-114.116014,48.822856,12408,"brackish; freshwater; marine","introduced",1,1
"2165","Oncorhynchus clarkii","ID_0163","United States of America","Salmonidae",256,2688,"Cutthroat trout","Salmoniformes","Oncorhynchus",-24.3,8.1,1,0.35,"SE",5,"Muscle","Lower_Quartz_Lake_Montana","Lentic","United States","USA","North America",-114.173097,48.807133,12408,"brackish; freshwater; marine","introduced",1,1
"2167","Oncorhynchus clarkii","ID_0164","United States of America","Salmonidae",256,2688,"Cutthroat trout","Salmoniformes","Oncorhynchus",-24.59,8.56,0.81,0.54,"SE",5,"Muscle","Logging_Lake_Montana","Lentic","United States","USA","North America",-114.072981,48.758958,12408,"brackish; freshwater; marine","introduced",1,1
"2169","Oncorhynchus clarkii","ID_0165","United States of America","Salmonidae",256,2688,"Cutthroat trout","Salmoniformes","Oncorhynchus",-26.26,7.38,1.21,0.39,"SE",2,"Muscle","Lake_McDonald_Montana","Lentic","United States","USA","North America",-113.925575,48.583292,12408,"brackish; freshwater; marine","introduced",1,1
"2171","Oncorhynchus clarkii","ID_0166","United States of America","Salmonidae",256,2688,"Cutthroat trout","Salmoniformes","Oncorhynchus",-25.1,9.11,0.47,0.34,"SE",5,"Muscle","Harrison_Lake_Montana","Lentic","United States","USA","North America",-113.761967,48.522458,12408,"brackish; freshwater; marine","introduced",1,1
"2173","Oncorhynchus clarkii","ID_0173","United States of America","Salmonidae",256,2688,"Cutthroat trout","Salmoniformes","Oncorhynchus",-23.82,8.35,0.22,0.87,"SE",5,"Muscle","Lake_Tahoe_California-Nevada_1872-1894","Lentic","United States","USA","North America",-120.031692,39.109806,12408,"brackish; freshwater; marine","introduced",1,1
"2175","Oncorhynchus clarkii","ID_0174","United States of America","Salmonidae",256,2688,"Cutthroat trout","Salmoniformes","Oncorhynchus",-23.98,7.98,0.53,0.35,"SE",6,"Muscle","Lake_Tahoe_California-Nevada_1904-1913","Lentic","United States","USA","North America",-120.031692,39.109806,12408,"brackish; freshwater; marine","introduced",1,1
"2177","Oncorhynchus clarkii","ID_0178","United States of America","Salmonidae",256,2688,"Cutthroat trout","Salmoniformes","Oncorhynchus",-31.29,7.16,0.51,0.17,"SE",10,"Muscle","Cascade_Lake_California_2000","Lentic","United States","USA","North America",-120.091075,38.939633,12408,"brackish; freshwater; marine","introduced",1,1
"2179","Oncorhynchus clarkii","ID_0194","United States of America","Salmonidae",256,2688,"Cutthroat trout","Salmoniformes","Oncorhynchus",-23.84,6.24,0.29,0.19,"SD",9,"Muscle","Lookout_Creek_Oregon","Lotic","United States","USA","North America",-122.255556,44.209722,12408,"brackish; freshwater; marine","introduced",1,1
"2181","Oncorhynchus clarkii","ID_0195","United States of America","Salmonidae",256,2688,"Cutthroat trout","Salmoniformes","Oncorhynchus",-25.03,11.18,1.95,1.12,"SD",7,"Muscle","Beaverton_Creek_Oregon","Lotic","United States","USA","North America",-122.898333,45.520833,12408,"brackish; freshwater; marine","introduced",1,1
"2183","Oncorhynchus clarkii","ID_0215","United States of America","Salmonidae",256,2688,"Cutthroat trout","Salmoniformes","Oncorhynchus",-22.68,7.58,NA,NA,NA,NA,"Muscle","Lake_Chelan_Washington","Lentic","United States","USA","North America",-120.472183,48.078996,12408,"brackish; freshwater; marine","introduced",1,1
"2185","Oncorhynchus clarkii","ID_0246","United States of America","Salmonidae",256,2688,"Cutthroat trout","Salmoniformes","Oncorhynchus",-27.43,4.23,1.03,0.8,"SD",24,"Muscle","Lake_Sammamish_Washington","Lentic","United States","USA","North America",-122.095158,47.584106,12408,"brackish; freshwater; marine","introduced",1,1
"2187","Oncorhynchus clarkii","ID_0460","United States of America","Salmonidae",256,2688,"Cutthroat trout","Salmoniformes","Oncorhynchus",-25.5,6.4,0.4,0.1,"SD",16,"Muscle","Priest_Lake","Lentic","United States","USA","North America",-116.855631,48.565973,12408,"brackish; freshwater; marine","introduced",1,1
"2189","Oncorhynchus clarkii","ID_0648","United States of America","Salmonidae",256,2688,"Cutthroat trout","Salmoniformes","Oncorhynchus",-29.46,7.49,1.61,0.66,"SD",4,"Muscle","Fern","Lentic","United States","USA","North America",-122.764515,47.402912,12408,"brackish; freshwater; marine","introduced",1,1
"2191","Oncorhynchus clarkii","ID_0649","United States of America","Salmonidae",256,2688,"Cutthroat trout","Salmoniformes","Oncorhynchus",-27.19,13.85,0.43,0.47,"SD",2,"Muscle","Martha1","Lentic","United States","USA","North America",-122.244583,47.851167,12408,"brackish; freshwater; marine","introduced",1,1
"2193","Oncorhynchus clarkii","ID_0653","United States of America","Salmonidae",256,2688,"Cutthroat trout","Salmoniformes","Oncorhynchus",-33.37,11.66,0.19,0.1,"SD",5,"Muscle","Sunday","Lentic","United States","USA","North America",-122.2576,48.2292,12408,"brackish; freshwater; marine","introduced",1,1
"2195","Oncorhynchus kisutch","ID_0014","United States of America","Salmonidae",256,245,"Coho Salmon","Salmoniformes","Oncorhynchus",-22.83,9.3,NA,NA,NA,NA,"Muscle","Lake_Superior_1972-1998","Lentic","Canada","CAN","North America",-86.950576,47.726417,12416,"brackish; freshwater; marine","introduced",1,1
"2197","Oncorhynchus kisutch","ID_0058","United States of America","Salmonidae",256,245,"Coho Salmon","Salmoniformes","Oncorhynchus",-23.6,11.5,1.3,1.6,"SD",NA,"Muscle","Grizzly_Washington","Lotic","United States","USA","North America",-120.844897,48.516772,12416,"brackish; freshwater; marine","introduced",1,1
"2199","Oncorhynchus kisutch","ID_0098","United States of America","Salmonidae",256,245,"Coho Salmon","Salmoniformes","Oncorhynchus",-24.86,6.89,0.09,0.06,"SE",3,"Muscle","Lake_Superior","Lentic","Canada","CAN","North America",-91.241889,47.047328,12416,"brackish; freshwater; marine","introduced",1,1
"2201","Oncorhynchus kisutch","ID_0206","Canada","Salmonidae",48,245,"Coho Salmon","Salmoniformes","Oncorhynchus",-23.35,6.43,NA,NA,NA,NA,"Muscle","Lake_Superior_Ecoregion_2_Michigan-Ontario","Lentic","United States","USA","North America",-84.742714,46.675664,12416,"brackish; freshwater; marine","introduced",1,1
"2203","Oncorhynchus masou","ID_0657","Japan","Salmonidae",132,242,"Cherry salmon","Salmoniformes","Oncorhynchus",-21.6,6.2,0.4,1.1,"SD",5,"Muscle","Rusha_River_Before","Lotic","Japan","JPN","Asia",145.223787,44.178028,12417,"brackish; freshwater; marine","introduced",1,1
"2205","Oncorhynchus masou","ID_0658","Japan","Salmonidae",132,242,"Cherry salmon","Salmoniformes","Oncorhynchus",-21.4,7.2,0.5,1.1,"SD",11,"Muscle","Rusha_River_After","Lotic","Japan","JPN","Asia",145.223787,44.178028,12417,"brackish; freshwater; marine","introduced",1,1
"2207","Oncorhynchus masou","ID_0658","Japan","Salmonidae",132,242,"Anadromous form","Salmoniformes","Oncorhynchus",-18.5,14,NA,NA,"SD",1,"Muscle","Rusha_River_After","Lotic","Japan","JPN","Asia",145.223787,44.178028,12417,"brackish; freshwater; marine","introduced",1,1
"2209","Oncorhynchus masou","ID_0660","Japan","Salmonidae",132,242,"Cherry salmon","Salmoniformes","Oncorhynchus",-24.3,4.2,0.6,5,"SD",5,"Muscle","Akai_River_After","Lotic","Japan","JPN","Asia",145.052947,44.09616,12417,"brackish; freshwater; marine","introduced",1,1
"2211","Oncorhynchus mykiss","ID_0005","Canada","Salmonidae",48,239,"Rainbow trout","Salmoniformes","Oncorhynchus",-21.6,13.8,0.5,0.1,"SD",3,"Muscle","Lake_Erie_Eastern_basin","Lentic","Canada","CAN","North America",-79.982269,42.792617,12418,"brackish; freshwater; marine","introduced",1,1
"2213","Oncorhynchus mykiss","ID_0045","United States of America","Salmonidae",256,239,"Rainbow trout","Salmoniformes","Oncorhynchus",-22.02,9.23,NA,NA,"SD",1,"Muscle","Middle_Fork_Gila_River_New_Mexico_","Lotic","United States","USA","North America",-108.231328,33.248692,12418,"brackish; freshwater; marine","introduced",1,1
"2215","Oncorhynchus mykiss","ID_0046","United States of America","Salmonidae",256,239,"Rainbow trout","Salmoniformes","Oncorhynchus",-22.62,9.59,1.97,0.57,"SD",14,"Muscle","Heart_Bar_Gila_River_New_Mexico","Lotic","United States","USA","North America",-108.204153,33.195725,12418,"brackish; freshwater; marine","introduced",1,1
"2217","Oncorhynchus mykiss","ID_0049","United States of America","Salmonidae",256,239,"Rainbow trout","Salmoniformes","Oncorhynchus",-23.24,8.83,2.66,0.36,"SD",8,"Muscle","West_Fork_Gila_River_New_Mexico","Lotic","United States","USA","North America",-108.320981,33.252486,12418,"brackish; freshwater; marine","introduced",1,1
"2219","Oncorhynchus mykiss","ID_0079","United States of America","Salmonidae",256,239,"Rainbow trout","Salmoniformes","Oncorhynchus",-27.59,9.84,2.14,1.6,"SD",42,"Muscle","Pend_Oreille_Lake_Idaho","Lentic","United States","USA","North America",-116.366667,48.16,12418,"brackish; freshwater; marine","introduced",1,1
"2221","Oncorhynchus mykiss","ID_0094","United States of America","Salmonidae",256,239,"Rainbow trout","Salmoniformes","Oncorhynchus",-26,10.9,NA,NA,NA,NA,"Muscle","Blue_Mesa_Colorado_Summer","Lentic","United States","USA","North America",-107.328291,38.455017,12418,"brackish; freshwater; marine","introduced",1,1
"2223","Oncorhynchus mykiss","ID_0095","United States of America","Salmonidae",256,239,"Rainbow trout","Salmoniformes","Oncorhynchus",-25.6,10.4,NA,NA,NA,NA,"Muscle","Blue_Mesa_Reservoir_Colorado_Fall","Lentic","United States","USA","North America",-107.328291,38.455017,12418,"brackish; freshwater; marine","introduced",1,1
"2225","Oncorhynchus mykiss","ID_0097","United States of America","Salmonidae",256,239,"Rainbow trout","Salmoniformes","Oncorhynchus",-25.5,8.94,NA,NA,NA,NA,"Muscle","Lake_Granby_Colorado_Fall","Lentic","United States","USA","North America",-105.866883,40.149251,12418,"brackish; freshwater; marine","introduced",1,1
"2227","Oncorhynchus mykiss","ID_0150","United States of America","Salmonidae",256,239,"Rainbow trout","Salmoniformes","Oncorhynchus",-24.4,8.3,NA,NA,NA,NA,"Muscle","Lake_Superior_Offshore_Wisconsin","Lentic","United States","USA","North America",-89.548415,47.53271,12418,"brackish; freshwater; marine","introduced",1,1
"2229","Oncorhynchus mykiss","ID_0159","United States of America","Salmonidae",256,239,"Rainbow trout","Salmoniformes","Oncorhynchus",-22.5,13.1,NA,NA,NA,1,"Muscle","Lake_Washington_Washington","Lentic","United States","USA","North America",-122.259383,47.6097,12418,"brackish; freshwater; marine","introduced",1,1
"2231","Oncorhynchus mykiss","ID_0168","United States of America","Salmonidae",256,239,"Rainbow trout","Salmoniformes","Oncorhynchus",-24.29,9.44,1.97,0.48,"SD",6,"Muscle","Shasta_Lake_California","Lentic","United States","USA","North America",-122.371897,40.760067,12418,"brackish; freshwater; marine","introduced",1,1
"2233","Oncorhynchus mykiss","ID_0190","United States of America","Salmonidae",256,239,"Rainbow trout","Salmoniformes","Oncorhynchus",-26.35,10.43,0.41,0.19,"SE",32,"Muscle","Lake_Roosevelt_Washington_summer","Lentic","United States","USA","North America",-118.341722,47.896478,12418,"brackish; freshwater; marine","introduced",1,1
"2235","Oncorhynchus mykiss","ID_0194","United States of America","Salmonidae",256,239,"Rainbow trout","Salmoniformes","Oncorhynchus",-23.67,5.93,0.52,0.33,"SD",4,"Muscle","Lookout_Creek_Oregon","Lotic","United States","USA","North America",-122.255556,44.209722,12418,"brackish; freshwater; marine","introduced",1,1
"2237","Oncorhynchus mykiss","ID_0215","United States of America","Salmonidae",256,239,"Rainbow trout","Salmoniformes","Oncorhynchus",-21.43,9.1,NA,NA,NA,NA,"Muscle","Lake_Chelan_Washington","Lentic","United States","USA","North America",-120.472183,48.078996,12418,"brackish; freshwater; marine","introduced",1,1
"2239","Oncorhynchus mykiss","ID_0261","United States of America","Salmonidae",256,239,"Rainbow trout","Salmoniformes","Oncorhynchus",-17.9,11.1,1.2,0.4,"SD",10,NA,"Arizona_streams_Verde_River_Arizona","Lotic","United States","USA","North America",-111.882947,34.590633,12418,"brackish; freshwater; marine","introduced",1,1
"2241","Oncorhynchus mykiss","ID_0288","Argentina","Salmonidae",11,239,"Rainbow trout","Salmoniformes","Oncorhynchus",-24.3,12,1.2,0.5,"SD",7,"Muscle","Lake_Moreno_East_Nahuel_Huapi_National_Park","Lentic","Argentina","ARG","South America",-71.312485,-41.099017,12418,"brackish; freshwater; marine","introduced",1,0
"2242","Oncorhynchus mykiss","ID_0289","Argentina","Salmonidae",11,239,"Rainbow trout","Salmoniformes","Oncorhynchus",-23.35,9.35,1.92,0.84,"SD",16,"Muscle","Lake_Moreno_West_Nahuel_Huapi_National_Park","Lentic","Argentina","ARG","South America",-71.588516,-40.848099,12418,"brackish; freshwater; marine","introduced",1,0
"2243","Oncorhynchus mykiss","ID_0379","United States of America","Salmonidae",256,239,"Rainbow trout","Salmoniformes","Oncorhynchus",-26.6,10.8,NA,NA,NA,NA,"Muscle","Blue_Mesa_Reservoir_Colorado_2000","Lentic","United States","USA","North America",-107.22147,38.469181,12418,"brackish; freshwater; marine","introduced",1,1
"2245","Oncorhynchus mykiss","ID_0380","United States of America","Salmonidae",256,239,"Rainbow trout","Salmoniformes","Oncorhynchus",-24.1,10.5,NA,NA,NA,NA,"Muscle","Blue_Mesa_Reservoir_Colorado_2010","Lentic","United States","USA","North America",-107.22147,38.469181,12418,"brackish; freshwater; marine","introduced",1,1
"2247","Oncorhynchus mykiss","ID_0389","United States of America","Salmonidae",256,239,"Rainbow trout","Salmoniformes","Oncorhynchus",-22.95,8.72,1,0.93,"SD",113,"Fin","Shinumo_Creek_june_2010_2011","Lotic","United States","USA","North America",-112.287877,36.145638,12418,"brackish; freshwater; marine","introduced",1,1
"2249","Oncorhynchus mykiss","ID_0442","Peru","Salmonidae",193,239,"Rainbow trout","Salmoniformes","Oncorhynchus",-18.98,10.4,0.48,0.61,"SD",8,"Muscle","Lake_Titicaca","Lentic","Peru","PER","South America",-69.807278,-15.314038,12418,"brackish; freshwater; marine","introduced",1,0
"2250","Oncorhynchus mykiss","ID_0547","United States of America","Salmonidae",256,239,"Rainbow trout ","Salmoniformes","Oncorhynchus",-20.27,7.55,0.77,0.81,"SD",16,"Muscle","SW01","Lotic","United States","USA","North America",-109.062622,42.565194,12418,"brackish; freshwater; marine","introduced",1,1
"2252","Oncorhynchus mykiss","ID_0549","United States of America","Salmonidae",256,239,"Rainbow trout ","Salmoniformes","Oncorhynchus",-27.57,8.62,0.39,0.14,"SD",3,"Muscle","SW03","Lotic","United States","USA","North America",-107.966105,42.571843,12418,"brackish; freshwater; marine","introduced",1,1
"2254","Oncorhynchus mykiss","ID_0550","United States of America","Salmonidae",256,239,"Rainbow trout ","Salmoniformes","Oncorhynchus",-26.6,10.46,1.42,0.11,"SD",2,"Muscle","SW04","Lotic","United States","USA","North America",-107.1476,42.488328,12418,"brackish; freshwater; marine","introduced",1,1
"2256","Oncorhynchus mykiss","ID_0551","United States of America","Salmonidae",256,239,"Rainbow trout ","Salmoniformes","Oncorhynchus",-23.26,6.84,0.55,0.64,"SD",7,"Muscle","MB01","Lotic","United States","USA","North America",-106.371396,41.515046,12418,"brackish; freshwater; marine","introduced",1,1
"2258","Oncorhynchus mykiss","ID_0552","United States of America","Salmonidae",256,239,"Rainbow trout ","Salmoniformes","Oncorhynchus",-24.69,10.7,0.7,0.62,"SD",3,"Muscle","MB02","Lotic","United States","USA","North America",-106.416902,41.605678,12418,"brackish; freshwater; marine","introduced",1,1
"2260","Oncorhynchus mykiss","ID_0560","United States of America","Salmonidae",256,239,"Rainbow trout ","Salmoniformes","Oncorhynchus",-26.29,11.73,1.55,0.4,"SD",11,"Muscle","LR06","Lotic","United States","USA","North America",-105.414398,41.927815,12418,"brackish; freshwater; marine","introduced",1,1
"2262","Oncorhynchus mykiss","ID_0568","Argentina","Salmonidae",11,239,"Rainbow trout_juvenile","Salmoniformes","Oncorhynchus",-22.7,8.1,2.4,1.1,"SD",9,"Muscle","Lake_Moreno_East_Patagonia","Lentic","Argentina","ARG","South America",-71.503625,-41.076773,12418,"brackish; freshwater; marine","introduced",1,0
"2263","Oncorhynchus mykiss","ID_0568","Argentina","Salmonidae",11,239,"Rainbow trout","Salmoniformes","Oncorhynchus",-23.47,11.31,1.22,0.39,"SD",67,"Muscle","Lake_Moreno_East_Patagonia","Lentic","Argentina","ARG","South America",-71.503625,-41.076773,12418,"brackish; freshwater; marine","introduced",1,0
"2264","Oncorhynchus mykiss","ID_0636","United States of America","Salmonidae",256,239,"Rainbow trout","Salmoniformes","Oncorhynchus",-26.04,10.1,NA,NA,"SD",1,"Muscle","Angle","Lentic","United States","USA","North America",-122.2883,47.4261,12418,"brackish; freshwater; marine","introduced",1,1
"2266","Oncorhynchus mykiss","ID_0637","United States of America","Salmonidae",256,239,"Rainbow trout","Salmoniformes","Oncorhynchus",-31.02,13.55,3.53,0.53,"SD",6,"Muscle","Cottage","Lentic","United States","USA","North America",-122.0866,47.7539,12418,"brackish; freshwater; marine","introduced",1,1
"2268","Oncorhynchus mykiss","ID_0639","United States of America","Salmonidae",256,239,"Rainbow trout","Salmoniformes","Oncorhynchus",-27.17,13.25,0.12,0.25,"SD",2,"Muscle","Martha2","Lentic","United States","USA","North America",-122.2446,47.8512,12418,"brackish; freshwater; marine","introduced",1,1
"2270","Oncorhynchus mykiss","ID_0641","United States of America","Salmonidae",256,239,"Rainbow trout","Salmoniformes","Oncorhynchus",-29.89,11.54,0.82,0.41,"SD",2,"Muscle","Pine","Lentic","United States","USA","North America",-122.0448,47.5866,12418,"brackish; freshwater; marine","introduced",1,1
"2272","Oncorhynchus mykiss","ID_0642","United States of America","Salmonidae",256,239,"Rainbow trout","Salmoniformes","Oncorhynchus",-27.53,12.43,1.49,0.51,"SD",6,"Muscle","Silver","Lentic","United States","USA","North America",-122.212,47.8904,12418,"brackish; freshwater; marine","introduced",1,1
"2274","Oncorhynchus mykiss","ID_0645","United States of America","Salmonidae",256,239,"Rainbow trout","Salmoniformes","Oncorhynchus",-35.07,13.18,4.68,0.61,"SD",7,"Muscle","Wilderness","Lentic","United States","USA","North America",-122.0344,47.3726,12418,"brackish; freshwater; marine","introduced",1,1
"2276","Oncorhynchus mykiss","ID_0646","United States of America","Salmonidae",256,239,"Rainbow trout","Salmoniformes","Oncorhynchus",-25.3,10.8,4.32,0.31,"SD",5,"Muscle","Angle","Lentic","United States","USA","North America",-122.2883,47.4261,12418,"brackish; freshwater; marine","introduced",1,1
"2278","Oncorhynchus mykiss","ID_0647","United States of America","Salmonidae",256,239,"Rainbow trout","Salmoniformes","Oncorhynchus",-26.73,9.78,NA,NA,"SD",1,"Muscle","Cascade","Lentic","United States","USA","North America",-122.852,48.6513,12418,"brackish; freshwater; marine","introduced",1,1
"2280","Oncorhynchus mykiss","ID_0648","United States of America","Salmonidae",256,239,"Rainbow trout","Salmoniformes","Oncorhynchus",-28,8.94,6.25,0.65,"SD",6,"Muscle","Fern","Lentic","United States","USA","North America",-122.764515,47.402912,12418,"brackish; freshwater; marine","introduced",1,1
"2282","Oncorhynchus mykiss","ID_0649","United States of America","Salmonidae",256,239,"Rainbow trout","Salmoniformes","Oncorhynchus",-22.64,11.14,1.54,0.74,"SD",8,"Muscle","Martha1","Lentic","United States","USA","North America",-122.244583,47.851167,12418,"brackish; freshwater; marine","introduced",1,1
"2284","Oncorhynchus mykiss","ID_0650","United States of America","Salmonidae",256,239,"Rainbow trout","Salmoniformes","Oncorhynchus",-26.15,10.39,1.55,1.32,"SD",5,"Muscle","Padden","Lentic","United States","USA","North America",-122.4529,48.7027,12418,"brackish; freshwater; marine","introduced",1,1
"2286","Oncorhynchus mykiss","ID_0651","United States of America","Salmonidae",256,239,"Rainbow trout","Salmoniformes","Oncorhynchus",-26.41,10.59,5.41,0.54,"SD",5,"Muscle","Pine","Lentic","United States","USA","North America",-122.0448,47.5866,12418,"brackish; freshwater; marine","introduced",1,1
"2288","Oncorhynchus mykiss","ID_0652","United States of America","Salmonidae",256,239,"Rainbow trout","Salmoniformes","Oncorhynchus",-23.61,11.22,2.41,1.36,"SD",5,"Muscle","Shoecraft","Lentic","United States","USA","North America",-122.307073,48.125977,12418,"brackish; freshwater; marine","introduced",1,1
"2290","Oncorhynchus mykiss","ID_0655","United States of America","Salmonidae",256,239,"Rainbow trout","Salmoniformes","Oncorhynchus",-30.72,12.17,7.27,1.48,"SD",5,"Muscle","Wilderness","Lentic","United States","USA","North America",-122.0344,47.3726,12418,"brackish; freshwater; marine","introduced",1,1
"2292","Oncorhynchus mykiss","ID_0824","New Zealand","Salmonidae",188,239,"Rainbow Trout_adult_littoral_pelagic_March15","Salmoniformes","Oncorhynchus",-23.2,9.9,0.5,0.1,"95%CI",34,"Muscle","Lake_Taupo","Lentic","New Zealand","NZL","Oceania",175.914469,-38.790524,12418,"brackish; freshwater; marine","introduced",1,0
"2293","Oncorhynchus mykiss","ID_0824","New Zealand","Salmonidae",188,239,"Rainbow trout_all sampling","Salmoniformes","Oncorhynchus",-26.25,8.05,0.7,0.6,"95%CI",1,"Muscle","Lake_Taupo","Lentic","New Zealand","NZL","Oceania",175.914469,-38.790524,12418,"brackish; freshwater; marine","introduced",1,0
"2294","Oncorhynchus mykiss","ID_0851","Argentina","Salmonidae",11,239,"Rainbow trout","Salmoniformes","Oncorhynchus",-24.7,12.7,1,1.5,"SD",5,"Muscle","Lake_Nahuel-Huapi_site-Brazo-Rincon","Lentic","Chile","CHL","South America",-71.416667,-41.05,12418,"brackish; freshwater; marine","introduced",1,0
"2295","Oncorhynchus mykiss","ID_0852","Argentina","Salmonidae",11,239,"Rainbow trout_juvenile","Salmoniformes","Oncorhynchus",-25.2,7.2,2.7,1.6,"SD",8,"Muscle","Lake_Nahuel-Huapi_site-Bahia-Lopez","Lentic","Chile","CHL","South America",-71.416667,-41.05,12418,"brackish; freshwater; marine","introduced",1,0
"2296","Oncorhynchus mykiss","ID_0852","Argentina","Salmonidae",11,239,"Rainbow trout_adult","Salmoniformes","Oncorhynchus",-24.9,12.1,1.3,0.2,"SD",4,"Muscle","Lake_Nahuel-Huapi_site-Bahia-Lopez","Lentic","Chile","CHL","South America",-71.416667,-41.05,12418,"brackish; freshwater; marine","introduced",1,0
"2297","Oncorhynchus mykiss","ID_0853","Argentina","Salmonidae",11,239,"Rainbow trout_adult","Salmoniformes","Oncorhynchus",-20.2,11.9,2.5,0.9,"SD",10,"Muscle","Lake_Nahuel-Huapi_site-Dino-Huapi","Lentic","Chile","CHL","South America",-71.416667,-41.05,12418,"brackish; freshwater; marine","introduced",1,0
"2298","Oncorhynchus mykiss","ID_0853","Argentina","Salmonidae",11,239,"Rainbow trout_juvenile","Salmoniformes","Oncorhynchus",-19.3,8.1,2.5,2.1,"SD",3,"Whole","Lake_Nahuel-Huapi_site-Dino-Huapi","Lentic","Chile","CHL","South America",-71.416667,-41.05,12418,"brackish; freshwater; marine","introduced",1,0
"2299","Oncorhynchus mykiss","ID_0866","Chile","Salmonidae",51,239,"Rainbow trout ","Salmoniformes","Oncorhynchus",-30.3,4.6,1.5,0.3,"SD",2,"Muscle","Marchant_River","Lotic","Chile","CHL","South America",-73.076336,-44.107193,12418,"brackish; freshwater; marine","introduced",1,0
"2300","Oncorhynchus mykiss","ID_0867","Chile","Salmonidae",51,239,"Rainbow trout ","Salmoniformes","Oncorhynchus",-18,11.7,NA,NA,"SD",1,"Muscle","Marchant_Mouth","Lotic","Chile","CHL","South America",-73.086722,-44.090365,12418,"brackish; freshwater; marine","introduced",1,0
"2301","Oncorhynchus mykiss","ID_0939","New Zealand","Salmonidae",188,239,"Rainbow trout","Salmoniformes","Oncorhynchus",-23.85,4.9,1.11,0.44,"SD",3,"Muscle","BRO","Lotic","New Zealand","NZL","Oceania",171.728859,-43.193423,12418,"brackish; freshwater; marine","introduced",1,0
"2302","Oncorhynchus mykiss","ID_0970","New Zealand","Salmonidae",188,239,"Rainbow trout","Salmoniformes","Oncorhynchus",-27.11,5.68,2.05,0.14,"SD",2,"Muscle","POR","Lotic","New Zealand","NZL","Oceania",171.726992,-43.244847,12418,"brackish; freshwater; marine","introduced",1,0
"2303","Oncorhynchus mykiss","ID_0984","New Zealand","Salmonidae",188,239,"Rainbow trout","Salmoniformes","Oncorhynchus",-25.28,4.59,NA,NA,"SD",1,"Muscle","WRRR","Lotic","New Zealand","NZL","Oceania",171.709076,-43.015345,12418,"brackish; freshwater; marine","introduced",1,0
"2304","Oncorhynchus mykiss","ID_0985","New Zealand","Salmonidae",188,239,"Rainbow trout","Salmoniformes","Oncorhynchus",-25.95,7.9,NA,NA,"SD",1,"Muscle","WS","Lotic","New Zealand","NZL","Oceania",171.812152,-43.016229,12418,"brackish; freshwater; marine","introduced",1,0
"2305","Oncorhynchus nerka","ID_0079","United States of America","Salmonidae",256,243,"Kokanee","Salmoniformes","Oncorhynchus",-29.93,10.09,1.4,0.56,"SD",41,"Muscle","Pend_Oreille_Lake_Idaho","Lentic","United States","USA","North America",-116.366667,48.16,12420,"brackish; freshwater; marine","introduced",1,1
"2307","Oncorhynchus nerka","ID_0094","United States of America","Salmonidae",256,243,"Kokanee","Salmoniformes","Oncorhynchus",-32.2,11.8,NA,NA,NA,NA,"Muscle","Blue_Mesa_Colorado_Summer","Lentic","United States","USA","North America",-107.328291,38.455017,12420,"brackish; freshwater; marine","introduced",1,1
"2309","Oncorhynchus nerka","ID_0095","United States of America","Salmonidae",256,243,"Kokanee","Salmoniformes","Oncorhynchus",-32.8,10.6,NA,NA,NA,NA,"Muscle","Blue_Mesa_Reservoir_Colorado_Fall","Lentic","United States","USA","North America",-107.328291,38.455017,12420,"brackish; freshwater; marine","introduced",1,1
"2311","Oncorhynchus nerka","ID_0096","United States of America","Salmonidae",256,243,"Kokanee","Salmoniformes","Oncorhynchus",-25.8,9.72,NA,NA,NA,NA,"Muscle","Lake_Granby_Colorado_Spring","Lentic","United States","USA","North America",-105.866883,40.149251,12420,"brackish; freshwater; marine","introduced",1,1
"2313","Oncorhynchus nerka","ID_0097","United States of America","Salmonidae",256,243,"Kokanee","Salmoniformes","Oncorhynchus",-26.4,9.52,NA,NA,NA,NA,"Muscle","Lake_Granby_Colorado_Fall","Lentic","United States","USA","North America",-105.866883,40.149251,12420,"brackish; freshwater; marine","introduced",1,1
"2315","Oncorhynchus nerka","ID_0159","United States of America","Salmonidae",256,243,"Kokanee","Salmoniformes","Oncorhynchus",-29.8,15.9,0.1,0.3,"SD",3,"Muscle","Lake_Washington_Washington","Lentic","United States","USA","North America",-122.259383,47.6097,12420,"brackish; freshwater; marine","introduced",1,1
"2317","Oncorhynchus nerka","ID_0165","United States of America","Salmonidae",256,243,"Kokanee","Salmoniformes","Oncorhynchus",-29.26,6.16,0.69,0.7,"SE",5,"Muscle","Lake_McDonald_Montana","Lentic","United States","USA","North America",-113.925575,48.583292,12420,"brackish; freshwater; marine","introduced",1,1
"2319","Oncorhynchus nerka","ID_0166","United States of America","Salmonidae",256,243,"Kokanee","Salmoniformes","Oncorhynchus",-31.05,9.93,0.22,0.87,"SE",4,"Muscle","Harrison_Lake_Montana","Lentic","United States","USA","North America",-113.761967,48.522458,12420,"brackish; freshwater; marine","introduced",1,1
"2321","Oncorhynchus nerka","ID_0177","United States of America","Salmonidae",256,243,"Kokanee","Salmoniformes","Oncorhynchus",-25.15,6.34,0.3,0.13,"SE",9,"Muscle","Lake_Tahoe_California-Nevada_1998-2000","Lentic","United States","USA","North America",-120.031692,39.109806,12420,"brackish; freshwater; marine","introduced",1,1
"2323","Oncorhynchus nerka","ID_0190","United States of America","Salmonidae",256,243,"Kokanee","Salmoniformes","Oncorhynchus",-28.73,10.42,0.23,0.23,"SE",6,"Muscle","Lake_Roosevelt_Washington_summer","Lentic","United States","USA","North America",-118.341722,47.896478,12420,"brackish; freshwater; marine","introduced",1,1
"2325","Oncorhynchus nerka","ID_0215","United States of America","Salmonidae",256,243,"Kokanee","Salmoniformes","Oncorhynchus",-25.01,7.04,NA,NA,NA,NA,"Muscle","Lake_Chelan_Washington","Lentic","United States","USA","North America",-120.472183,48.078996,12420,"brackish; freshwater; marine","introduced",1,1
"2327","Oncorhynchus nerka","ID_0246","United States of America","Salmonidae",256,243,"Kokanee","Salmoniformes","Oncorhynchus",-30.28,4.15,1.52,0.61,"SD",17,"Muscle","Lake_Sammamish_Washington","Lentic","United States","USA","North America",-122.095158,47.584106,12420,"brackish; freshwater; marine","introduced",1,1
"2329","Oncorhynchus nerka","ID_0349","Canada","Salmonidae",48,243,"Kokanee","Salmoniformes","Oncorhynchus",-26.78,6.69,0.31,0.19,"SD",5,"Muscle","Middle_Bridge_River","Lentic","Canada","CAN","North America",-122.621466,50.8962,12420,"brackish; freshwater; marine","introduced",1,1
"2331","Oncorhynchus nerka","ID_0379","United States of America","Salmonidae",256,243,"Kokanee","Salmoniformes","Oncorhynchus",-32.4,11.7,NA,NA,NA,NA,"Muscle","Blue_Mesa_Reservoir_Colorado_2000","Lentic","United States","USA","North America",-107.22147,38.469181,12420,"brackish; freshwater; marine","introduced",1,1
"2333","Oncorhynchus nerka","ID_0380","United States of America","Salmonidae",256,243,"Kokanee","Salmoniformes","Oncorhynchus",-33.9,12,NA,NA,NA,NA,"Muscle","Blue_Mesa_Reservoir_Colorado_2010","Lentic","United States","USA","North America",-107.22147,38.469181,12420,"brackish; freshwater; marine","introduced",1,1
"2335","Oncorhynchus nerka","ID_0460","United States of America","Salmonidae",256,243,"Kokanee","Salmoniformes","Oncorhynchus",-28.2,6,0.2,0.2,"SD",20,"Muscle","Priest_Lake","Lentic","United States","USA","North America",-116.855631,48.565973,12420,"brackish; freshwater; marine","introduced",1,1
"2337","Oncorhynchus nerka","ID_0642","United States of America","Salmonidae",256,243,"Kokanee","Salmoniformes","Oncorhynchus",-29.59,12.46,0.37,0.26,"SD",11,"Muscle","Silver","Lentic","United States","USA","North America",-122.212,47.8904,12420,"brackish; freshwater; marine","introduced",1,1
"2339","Oncorhynchus nerka","ID_0647","United States of America","Salmonidae",256,243,"Kokanee","Salmoniformes","Oncorhynchus",-29.07,10.48,NA,NA,"SD",1,"Muscle","Cascade","Lentic","United States","USA","North America",-122.852,48.6513,12420,"brackish; freshwater; marine","introduced",1,1
"2341","Oncorhynchus nerka","ID_0655","United States of America","Salmonidae",256,243,"Kokanee","Salmoniformes","Oncorhynchus",-39.3,13.83,NA,NA,"SD",1,"Muscle","Wilderness","Lentic","United States","USA","North America",-122.0344,47.3726,12420,"brackish; freshwater; marine","introduced",1,1
"2343","Oncorhynchus tshawytscha","ID_0014","United States of America","Salmonidae",256,244,"Chinook Salmon","Salmoniformes","Oncorhynchus",-24.22,11.63,NA,NA,NA,NA,"Muscle","Lake_Superior_1972-1998","Lentic","Canada","CAN","North America",-86.950576,47.726417,12422,"brackish; freshwater; marine","introduced",1,1
"2345","Oncorhynchus tshawytscha","ID_0098","United States of America","Salmonidae",256,244,"Chinook Salmon","Salmoniformes","Oncorhynchus",-24.73,8.04,0.35,0.4,"SE",3,"Muscle","Lake_Superior","Lentic","Canada","CAN","North America",-91.241889,47.047328,12422,"brackish; freshwater; marine","introduced",1,1
"2347","Oncorhynchus tshawytscha","ID_0159","United States of America","Salmonidae",256,244,"Chinook Salmon","Salmoniformes","Oncorhynchus",-24.47,14.47,1.57,0.6,"SD",15,"Muscle","Lake_Washington_Washington","Lentic","United States","USA","North America",-122.259383,47.6097,12422,"brackish; freshwater; marine","introduced",1,1
"2349","Oncorhynchus tshawytscha","ID_0168","United States of America","Salmonidae",256,244,"Chinook Salmon","Salmoniformes","Oncorhynchus",-28.06,11.44,0.86,0.52,"SD",9,"Muscle","Shasta_Lake_California","Lentic","United States","USA","North America",-122.371897,40.760067,12422,"brackish; freshwater; marine","introduced",1,1
"2351","Oncorhynchus tshawytscha","ID_0215","United States of America","Salmonidae",256,244,"Chinook Salmon","Salmoniformes","Oncorhynchus",-24.29,9.24,NA,NA,NA,NA,"Muscle","Lake_Chelan_Washington","Lentic","United States","USA","North America",-120.472183,48.078996,12422,"brackish; freshwater; marine","introduced",1,1
"2353","Oncorhynchus tshawytscha","ID_0246","United States of America","Salmonidae",256,244,"Chinook Salmon","Salmoniformes","Oncorhynchus",-31.4,3.9,1.2,0.2,"SD",2,"Muscle","Lake_Sammamish_Washington","Lentic","United States","USA","North America",-122.095158,47.584106,12422,"brackish; freshwater; marine","introduced",1,1
"2355","Oncorhynchus tshawytscha","ID_0714","New Zealand","Salmonidae",188,244,"Chinook Salmon","Salmoniformes","Oncorhynchus",-27.22,14.22,NA,NA,"SD",1,"Muscle","Scri1","Lotic","New Zealand","NZL","Oceania",172.548897,-43.469219,12422,"brackish; freshwater; marine","introduced",1,0
"2356","Oncorhynchus tshawytscha","ID_0941","New Zealand","Salmonidae",188,244,"Chinook salmon","Salmoniformes","Oncorhynchus",-30.32,5.9,2.16,0.94,"SD",13,"Muscle","CHI","Lotic","New Zealand","NZL","Oceania",171.733203,-42.999777,12422,"brackish; freshwater; marine","introduced",1,0
"2357","Oncorhynchus tshawytscha","ID_0951","New Zealand","Salmonidae",188,244,"Chinook salmon","Salmoniformes","Oncorhynchus",-29.89,9.84,NA,NA,"SD",1,"Muscle","GS","Lotic","New Zealand","NZL","Oceania",171.758002,-43.032752,12422,"brackish; freshwater; marine","introduced",1,0
"2358","Oncorhynchus tshawytscha","ID_0980","New Zealand","Salmonidae",188,244,"Chinook salmon","Salmoniformes","Oncorhynchus",-24.14,7.31,0.64,0.24,"SD",2,"Muscle","UHR","Lotic","New Zealand","NZL","Oceania",171.746472,-42.985167,12422,"brackish; freshwater; marine","introduced",1,0
"2359","Oncorhynchus tshawytscha","ID_0984","New Zealand","Salmonidae",188,244,"Chinook salmon","Salmoniformes","Oncorhynchus",-25.51,5.48,0.3,0.93,"SD",2,"Muscle","WRRR","Lotic","New Zealand","NZL","Oceania",171.709076,-43.015345,12422,"brackish; freshwater; marine","introduced",1,0
"2360","Oreochromis aureus","ID_0183","United States of America","Cichlidae",256,1387,"Blue tilapia","Cichliformes","Oreochromis",-15.66,10.47,4.75,2.08,"SD",NA,"Muscle","Lake_Apopka","Lentic","United States","USA","North America",-81.624881,28.623547,12123,"brackish; freshwater","introduced",1,0
"2361","Oreochromis aureus","ID_0448","Mexico","Cichlidae",159,1387,"Blue tilapia","Cichliformes","Oreochromis",-22.92,13.29,2.21,1.46,"SD",17,"Muscle","Lake_Patzcuaro","Lentic","Mexico","MEX","South America",-101.633333,19.633333,12123,"brackish; freshwater","introduced",1,0
"2362","Oreochromis karongae","ID_0009","Malawi","Cichlidae",174,2042,"Karonga tilapia","Cichliformes","Oreochromis",-14.4,3.6,2,0.4,"SD",7,"Muscle","Lake_Malawi_96","Lentic","Malawi","MWI","Africa",34.629906,-13.733392,12125,"freshwater","introduced",1,1
"2364","Oreochromis karongae","ID_0100","Malawi","Cichlidae",174,2042,"Karonga tilapia","Cichliformes","Oreochromis",-17.97,2.77,NA,NA,NA,NA,"Muscle","Lake_Malawi_91","Lentic","Malawi","MWI","Africa",35.066539,-14.147856,12125,"freshwater","introduced",1,1
"2366","Oreochromis karongae","ID_0185","Malawi","Cichlidae",174,2042,"Karonga tilapia","Cichliformes","Oreochromis",-17.96,2.79,1.48,0.53,"SD",2,"Muscle","Lake_Malawi_Littoral_area","Lentic","Malawi","MWI","Africa",34.423397,-11.942664,12125,"freshwater","introduced",1,1
"2368","Oreochromis karongae","ID_0297","Malawi","Cichlidae",174,2042,"Karonga tilapia","Cichliformes","Oreochromis",-18.56,3.82,0.94,0.5,"SE",5,"Muscle","Lake_Malawi_South_East_Arm_Maldeco_aquaculture","Lentic","Malawi","MWI","Africa",35.160685,-14.291167,12125,"freshwater","introduced",1,1
"2370","Oreochromis leucostictus","ID_0092","Uganda","Cichlidae",250,1413,"Blue spotted tilapia","Cichliformes","Oreochromis",-23.21,5.73,NA,NA,"SD",1,"Muscle","Lake_Kyoga_Iyingo","Lentic","Uganda","UGA","Africa",32.948317,1.501347,12126,"freshwater","introduced",1,1
"2372","Oreochromis leucostictus","ID_0093","Uganda","Cichlidae",250,1413,"Blue spotted tilapia","Cichliformes","Oreochromis",-16.49,4.06,NA,NA,"SD",2,"Muscle","Lake_Kyoga_Bukungu","Lentic","Uganda","UGA","Africa",32.948317,1.501347,12126,"freshwater","introduced",1,1
"2374","Oreochromis leucostictus","ID_0222","Uganda","Cichlidae",250,1413,"Blue spotted tilapia","Cichliformes","Oreochromis",-21.7,5.4,1.1,0.3,"SD",4,"Muscle","Lake_Victoria_Thruston_Bay","Lentic","Uganda","UGA","Africa",33.37725,0.46406,12126,"freshwater","introduced",1,1
"2376","Oreochromis leucostictus","ID_0299","Uganda","Cichlidae",250,1413,"Blue spotted tilapia","Cichliformes","Oreochromis",-17.1,8.5,1.1,0.8,"SD",5,"Muscle","Lake_Victoria_Murchison_bay","Lentic","Uganda","UGA","Africa",32.094167,0.0875,12126,"freshwater","introduced",1,1
"2378","Oreochromis leucostictus","ID_0300","Uganda","Cichlidae",250,1413,"Blue spotted tilapia","Cichliformes","Oreochromis",-15.4,4.3,1.77,0.21,"SD",2,"Muscle","Lake_Victoria_Napoleon_Gulf_2008","Lentic","Uganda","UGA","Africa",33.087222,0.09,12126,"freshwater","introduced",1,1
"2380","Oreochromis leucostictus","ID_0313","Uganda","Cichlidae",250,1413,"Blue spotted tilapia","Cichliformes","Oreochromis",-17.6,2.65,2.05,0.85,"SD",2,"Muscle","Lake_Albert_2007","Lentic","Uganda","UGA","Africa",31.099091,1.741065,12126,"freshwater","introduced",1,1
"2382","Oreochromis leucostictus","ID_0314","Uganda","Cichlidae",250,1413,"Blue spotted tilapia","Cichliformes","Oreochromis",-16.6,6.5,0.9,0.4,"SD",4,"Muscle","Lake_Edward","Lentic","Uganda","UGA","Africa",29.783707,-0.300749,12126,"freshwater","introduced",1,1
"2384","Oreochromis leucostictus","ID_0315","Uganda","Cichlidae",250,1413,"Blue spotted tilapia","Cichliformes","Oreochromis",-10.1,3.6,2.1,0.7,"SD",6,"Muscle","Lake_George","Lentic","Uganda","UGA","Africa",30.208168,0.006866,12126,"freshwater","introduced",1,1
"2386","Oreochromis leucostictus","ID_0316","Uganda","Cichlidae",250,1413,"Blue spotted tilapia","Cichliformes","Oreochromis",-13.5,4.1,1.1,0.6,"SD",10,"Muscle","Lake_Mburo","Lentic","Uganda","UGA","Africa",30.93504,-0.660195,12126,"freshwater","introduced",1,1
"2388","Oreochromis mossambicus","ID_0037","Mexico","Cichlidae",159,3,"Mozambique tilapia","Cichliformes","Oreochromis",-20.53,10.47,0.24,0.21,"SE",4,"Muscle","Site_5_Laja_River_Guanajuato","Lotic","Mexico","MEX","South America",-101,21.75,12129,"brackish; freshwater","introduced",1,0
"2389","Oreochromis mossambicus","ID_0038","Mexico","Cichlidae",159,3,"Mozambique tilapia","Cichliformes","Oreochromis",-19.94,12.97,0.51,2.79,"SE",2,"Muscle","Site_6_Laja_River_Guanajuato","Lotic","Mexico","MEX","South America",-101,21.75,12129,"brackish; freshwater","introduced",1,0
"2390","Oreochromis mossambicus","ID_0040","Mexico","Cichlidae",159,3,"Mozambique tilapia","Cichliformes","Oreochromis",-20.16,12.38,1.4,0.86,"SE",5,"Muscle","Site_8_Laja_River_Guanajuato","Lentic","Mexico","MEX","South America",-101,21.75,12129,"brackish; freshwater","introduced",1,0
"2391","Oreochromis mossambicus","ID_0041","Mexico","Cichlidae",159,3,"Mozambique tilapia","Cichliformes","Oreochromis",-22.24,15.44,0.24,1.19,"SE",3,"Muscle","Site_9_Laja_River_Guanajuato","Lotic","Mexico","MEX","South America",-101,21.75,12129,"brackish; freshwater","introduced",1,0
"2392","Oreochromis mossambicus","ID_0146","South Africa","Cichlidae",273,3,"Mozambique tilapia","Cichliformes","Oreochromis",-28.5,16.8,NA,NA,"SD",1,"Muscle","Great_Fish_River","Lotic","South Africa","ZAF","Africa",26.781344,-33.088747,12129,"brackish; freshwater","introduced",1,1
"2394","Oreochromis mossambicus","ID_0147","South Africa","Cichlidae",273,3,"Mozambique tilapia","Cichliformes","Oreochromis",-28.3,16.1,2.6,1.2,"SD",11,"Muscle","Sundays_River","Lotic","South Africa","ZAF","Africa",25.794625,-33.696319,12129,"brackish; freshwater","introduced",1,1
"2396","Oreochromis mossambicus","ID_0484","South Africa","Cichlidae",273,3,"Mozambique tilapia","Cichliformes","Oreochromis",-23.87,10.65,1.23,0.79,"SD",10,"Muscle","Lake Nyamithi_2010","Lentic","South Africa","ZAF","Africa",32.296903,-26.89111,12129,"brackish; freshwater","introduced",1,1
"2398","Oreochromis mossambicus","ID_0485","South Africa","Cichlidae",273,3,"Mozambique tilapia","Cichliformes","Oreochromis",-17.15,11.19,0.54,0.46,"SD",21,"Muscle","Lake Nyamithi_2017","Lentic","South Africa","ZAF","Africa",32.296903,-26.89111,12129,"brackish; freshwater","introduced",1,1
"2400","Oreochromis mossambicus","ID_0512","South Africa","Cichlidae",273,3,"Mozambique tilapia_10-400mm","Cichliformes","Oreochromis",-26.5,11.2,0.9,1.65,"SD",8,"Muscle","DB1","Lentic","South Africa","ZAF","Africa",25.68251,-33.442499,12129,"brackish; freshwater","introduced",1,1
"2402","Oreochromis mossambicus","ID_0513","South Africa","Cichlidae",273,3,"Mozambique tilapia_80-400mm","Cichliformes","Oreochromis",-25.4,14.7,0,0,"SD",2,"Muscle","DB2","Lentic","South Africa","ZAF","Africa",25.667781,-33.443604,12129,"brackish; freshwater","introduced",1,1
"2404","Oreochromis mossambicus","ID_0514","South Africa","Cichlidae",273,3,"Mozambique tilapia_10-400mm","Cichliformes","Oreochromis",-25.25,10.55,1.15,0.55,"SD",7,"Muscle","MLS","Lentic","South Africa","ZAF","Africa",25.484448,-33.409161,12129,"brackish; freshwater","introduced",1,1
"2406","Oreochromis mossambicus","ID_0515","South Africa","Cichlidae",273,3,"Mozambique tilapia","Cichliformes","Oreochromis",-25.75,9.95,1.2,1.15,"SD",9,"Muscle","RDB","Lentic","South Africa","ZAF","Africa",25.706928,-33.439723,12129,"brackish; freshwater","introduced",1,1
"2408","Oreochromis mossambicus","ID_0810","South Africa","Cichlidae",273,3,"Mozambique tilapia","Cichliformes","Oreochromis",-28.83,14.62,1.16,1.04,"SD",24,"Muscle","Nseleni_river_system","Lotic","South Africa","ZAF","Africa",32.0131,-28.696996,12129,"brackish; freshwater","introduced",1,1
"2410","Oreochromis mossambicus","ID_0827","Brazil","Cichlidae",41,3,"Mozambique tilapia","Cichliformes","Oreochromis",-30.06,9.59,1.39,0.47,"SD",NA,"Muscle","Lake_Paraguay_River_floodplain","Lentic","Brazil","BRA","South America",-56.966667,-19.033333,12129,"brackish; freshwater","introduced",1,0
"2411","Oreochromis mossambicus","ID_0828","Australia","Cichlidae",20,3,"Mozambique tilapia","Cichliformes","Oreochromis",-30.93,8.33,0,0,"SD",NA,"Muscle","Upper_Walsh_River_Bruce_Weir","Lotic","Australia","AUS","Oceania",145.120786,-17.11426,12129,"brackish; freshwater","introduced",1,0
"2412","Oreochromis mossambicus","ID_0829","Australia","Cichlidae",20,3,"Mozambique tilapia","Cichliformes","Oreochromis",-30.89,8.22,3.23,0,"SD",NA,"Muscle","Upper_Walsh_River_Leafgold_Weir","Lotic","Australia","AUS","Oceania",145.053444,-17.14858,12129,"brackish; freshwater","introduced",1,0
"2413","Oreochromis mossambicus","ID_0854","South Africa","Cichlidae",273,3,"Mozambique tilapia","Cichliformes","Oreochromis",-19.17,11.15,0.59,0.35,"SE",NA,"Muscle","Luvuvhu_river","Lotic","South Africa","ZAF","Africa",31.134454,-22.445359,12129,"brackish; freshwater","introduced",1,1
"2415","Oreochromis mossambicus","ID_0855","South Africa","Cichlidae",273,3,"Mozambique tilapia","Cichliformes","Oreochromis",-23.72,13.12,0.64,0.29,"SE",NA,"Muscle","Olifants_river","Lotic","South Africa","ZAF","Africa",30.567748,-24.446475,12129,"brackish; freshwater","introduced",1,1
"2417","Oreochromis mossambicus","ID_0856","South Africa","Cichlidae",273,3,"Mozambique tilapia","Cichliformes","Oreochromis",-20.05,11.25,0.54,0.29,"SE",NA,"Muscle","Lake_Jozini","Lentic","South Africa","ZAF","Africa",31.961477,-27.421542,12129,"brackish; freshwater","introduced",1,1
"2419","Oreochromis mossambicus","ID_0857","South Africa","Cichlidae",273,3,"Mozambique tilapia","Cichliformes","Oreochromis",-23.82,10.65,0.21,0.28,"SE",NA,"Muscle","Lake_Nyamithi","Lentic","South Africa","ZAF","Africa",32.298576,-26.891246,12129,"brackish; freshwater","introduced",1,1
"2421","Oreochromis mossambicus","ID_0925","Australia","Cichlidae",20,3,"Tilapia","Cichliformes","Oreochromis",-23.8,7.17,NA,NA,"SD",1,"Fin","Brisbane River_01","Lotic","Australia","AUS","Oceania",152.237887,-26.758734,12129,"brackish; freshwater","introduced",1,0
"2422","Oreochromis mossambicus","ID_0926","Australia","Cichlidae",20,3,"Tilapia","Cichliformes","Oreochromis",-26.46,4.17,0.24,0.63,"SD",3,"Fin","Brisbane River_02","Lotic","Australia","AUS","Oceania",152.270016,-26.787199,12129,"brackish; freshwater","introduced",1,0
"2423","Oreochromis mossambicus","ID_0927","Australia","Cichlidae",20,3,"Tilapia","Cichliformes","Oreochromis",-24.21,5.64,2.04,1.36,"SD",6,"Fin","Brisbane River_03","Lotic","Australia","AUS","Oceania",152.403981,-27.041002,12129,"brackish; freshwater","introduced",1,0
"2424","Oreochromis mossambicus","ID_0928","Australia","Cichlidae",20,3,"Tilapia","Cichliformes","Oreochromis",-23.3,11.58,2.68,2.03,"SD",12,"Fin","Brisbane River_04","Lotic","Australia","AUS","Oceania",152.640734,-27.430624,12129,"brackish; freshwater","introduced",1,0
"2425","Oreochromis mossambicus","ID_0929","Australia","Cichlidae",20,3,"Tilapia","Cichliformes","Oreochromis",-20.36,12.33,0.9,0.6,"SD",3,"Fin","Brisbane River_05","Lotic","Australia","AUS","Oceania",152.670211,-27.443221,12129,"brackish; freshwater","introduced",1,0
"2426","Oreochromis mossambicus","ID_0930","Australia","Cichlidae",20,3,"Tilapia","Cichliformes","Oreochromis",-24.78,9.36,4.59,1.83,"SD",3,"Fin","Brisbane River_06","Lotic","Australia","AUS","Oceania",152.746836,-27.566096,12129,"brackish; freshwater","introduced",1,0
"2427","Oreochromis mossambicus","ID_0936","Australia","Cichlidae",20,3,"Tilapia","Cichliformes","Oreochromis",-22.49,10.03,NA,NA,"SD",1,"Fin","Mary River_12","Lotic","Australia","AUS","Oceania",152.524866,-25.732803,12129,"brackish; freshwater","introduced",1,0
"2428","Oreochromis niloticus","ID_0007","Kenya","Cichlidae",134,2,"Nile tilapia","Cichliformes","Oreochromis",-20.45,7.95,1.9,1.1,"SD",13,"Muscle","Lake_Victoria_Winam_Gulf","Lentic","Kenya","KEN","Africa",34.649039,-0.244106,12131,"brackish; freshwater","introduced",1,1
"2430","Oreochromis niloticus","ID_0008","Uganda","Cichlidae",250,2,"Nile tilapia","Cichliformes","Oreochromis",-17.6,6.45,0.8,0.8,"SD",11,"Muscle","Lake_Victoria_Napoleon_Gulf","Lentic","Uganda","UGA","Africa",33.285731,0.342631,12131,"brackish; freshwater","introduced",1,1
"2432","Oreochromis niloticus","ID_0022","Japan","Cichlidae",132,2,"Nile tilapia","Cichliformes","Oreochromis",-25.39,11.38,1.46,0.62,"SD",8,"Muscle","Hija_River_reservoir_area_of_the_Hija_River","Lotic","Japan","JPN","Asia",127.754444,26.367778,12131,"brackish; freshwater","introduced",1,0
"2433","Oreochromis niloticus","ID_0023","Japan","Cichlidae",132,2,"Nile tilapia","Cichliformes","Oreochromis",-25.21,12.07,0.53,2.06,"SD",11,"Muscle","Haebaru_Reservoir","Lentic","Japan","JPN","Asia",127.740556,26.212778,12131,"brackish; freshwater","introduced",1,0
"2434","Oreochromis niloticus","ID_0092","Uganda","Cichlidae",250,2,"Nile tilapia","Cichliformes","Oreochromis",-21.43,6.84,3.51,0.7,"SD",3,"Muscle","Lake_Kyoga_Iyingo","Lentic","Uganda","UGA","Africa",32.948317,1.501347,12131,"brackish; freshwater","introduced",1,1
"2436","Oreochromis niloticus","ID_0093","Uganda","Cichlidae",250,2,"Nile tilapia","Cichliformes","Oreochromis",-15.26,5.16,1.3,0.57,"SD",11,"Muscle","Lake_Kyoga_Bukungu","Lentic","Uganda","UGA","Africa",32.948317,1.501347,12131,"brackish; freshwater","introduced",1,1
"2438","Oreochromis niloticus","ID_0099","Kenya","Cichlidae",134,2,"Nile tilapia","Cichliformes","Oreochromis",-25.66,7.84,0.8,1.15,"SD",43,"Muscle","Lake_Baringo","Lentic","Kenya","KEN","Africa",36.068322,0.6237,12131,"brackish; freshwater","introduced",1,1
"2440","Oreochromis niloticus","ID_0184","Uganda","Cichlidae",250,2,"Nile tilapia","Cichliformes","Oreochromis",-16.84,5.65,1.89,1.89,"SD",19,"Muscle","Lake_Kyoga","Lentic","Uganda","UGA","Africa",32.945225,1.503975,12131,"brackish; freshwater","introduced",1,1
"2442","Oreochromis niloticus","ID_0192","Uganda","Cichlidae",250,2,"Nile tilapia","Cichliformes","Oreochromis",-17.38,2.78,NA,NA,NA,1,NA,"Lake_Saka_2000","Lentic","Uganda","UGA","Africa",30.242908,0.692594,12131,"brackish; freshwater","introduced",1,1
"2444","Oreochromis niloticus","ID_0222","Uganda","Cichlidae",250,2,"Nile tilapia","Cichliformes","Oreochromis",-19.5,5.7,1,0.6,"SD",8,"Muscle","Lake_Victoria_Thruston_Bay","Lentic","Uganda","UGA","Africa",33.37725,0.46406,12131,"brackish; freshwater","introduced",1,1
"2446","Oreochromis niloticus","ID_0299","Uganda","Cichlidae",250,2,"Nile tilapia","Cichliformes","Oreochromis",-16.3,7.7,1.5,1.5,"SD",24,"Muscle","Lake_Victoria_Murchison_bay","Lentic","Uganda","UGA","Africa",32.094167,0.0875,12131,"brackish; freshwater","introduced",1,1
"2448","Oreochromis niloticus","ID_0300","Uganda","Cichlidae",250,2,"Nile tilapia","Cichliformes","Oreochromis",-13.8,4.6,1,0.7,"SD",24,"Muscle","Lake_Victoria_Napoleon_Gulf_2008","Lentic","Uganda","UGA","Africa",33.087222,0.09,12131,"brackish; freshwater","introduced",1,1
"2450","Oreochromis niloticus","ID_0313","Uganda","Cichlidae",250,2,"Nile tilapia","Cichliformes","Oreochromis",-18.5,2.2,NA,NA,NA,1,"Muscle","Lake_Albert_2007","Lentic","Uganda","UGA","Africa",31.099091,1.741065,12131,"brackish; freshwater","introduced",1,1
"2452","Oreochromis niloticus","ID_0314","Uganda","Cichlidae",250,2,"Nile tilapia","Cichliformes","Oreochromis",-17.1,6.9,1.2,1,"SD",15,"Muscle","Lake_Edward","Lentic","Uganda","UGA","Africa",29.783707,-0.300749,12131,"brackish; freshwater","introduced",1,1
"2454","Oreochromis niloticus","ID_0315","Uganda","Cichlidae",250,2,"Nile tilapia","Cichliformes","Oreochromis",-5.9,2.7,2.6,0.7,"SD",18,"Muscle","Lake_George","Lentic","Uganda","UGA","Africa",30.208168,0.006866,12131,"brackish; freshwater","introduced",1,1
"2456","Oreochromis niloticus","ID_0316","Uganda","Cichlidae",250,2,"Nile tilapia","Cichliformes","Oreochromis",-11,4.8,1.2,1.5,"SD",15,"Muscle","Lake_Mburo","Lentic","Uganda","UGA","Africa",30.93504,-0.660195,12131,"brackish; freshwater","introduced",1,1
"2458","Oreochromis niloticus","ID_0317","Uganda","Cichlidae",250,2,"Nile tilapia","Cichliformes","Oreochromis",-18.9,3.1,0.8,1.3,"SD",16,"Muscle","Lake_Saka_2008","Lentic","Uganda","UGA","Africa",30.242908,0.692594,12131,"brackish; freshwater","introduced",1,1
"2460","Oreochromis niloticus","ID_0480","China","Cichlidae",52,2,"Nile tilapia","Cichliformes","Oreochromis",-18.3,8.8,0.8,0.3,"SD",NA,"Muscle","Restored_basin_Huizhou_West_Lake(MDB)","Lentic","China","CHN","Asia",114.393889,23.0975,12131,"brackish; freshwater","introduced",1,0
"2461","Oreochromis niloticus","ID_0481","China","Cichlidae",52,2,"Nile tilapia","Cichliformes","Oreochromis",-24.6,14.1,0.8,1.1,"SD",NA,"Muscle","Unrestored_basin_Huizhou_West_Lake(PDB)","Lentic","China","CHN","Asia",114.393889,23.0975,12131,"brackish; freshwater","introduced",1,0
"2462","Oreochromis niloticus","ID_0502","Brazil","Cichlidae",41,2,"Nile tilapia","Cichliformes","Oreochromis",-21.92,3.89,0.85,1.05,"SD",8,"Muscle","Rio_das_Velhas_Site1","Lotic","Brazil","BRA","South America",-44.157909,-18.780184,12131,"brackish; freshwater","introduced",1,0
"2463","Oreochromis niloticus","ID_0528","Kenya","Cichlidae",134,2,"Nile tilapia","Cichliformes","Oreochromis",-17.21,5.03,1.69,2.61,"SD",114,"Muscle","Lake_Turkana","Lentic","Kenya","KEN","Africa",36.061348,3.635314,12131,"brackish; freshwater","introduced",1,1
"2465","Oreochromis niloticus","ID_0689","Panama","Cichlidae",191,2,"Nile tilapia","Cichliformes","Oreochromis",-29.98,6.43,4.15,0.37,"SD",3,"Muscle","Bayano_lake_2013","Lentic","Panama","PAN","South America",-78.771224,9.149731,12131,"brackish; freshwater","introduced",1,0
"2466","Oreochromis niloticus","ID_0690","Panama","Cichlidae",191,2,"Nile tilapia","Cichliformes","Oreochromis",-26.04,7.02,5.49,0.76,"SD",3,"Muscle","Gatun_lake_2013","Lentic","Panama","PAN","South America",-79.944564,9.163344,12131,"brackish; freshwater","introduced",1,0
"2467","Oreochromis niloticus","ID_0858","Panama","Cichlidae",191,2,"Nile tilapia","Cichliformes","Oreochromis",-30.2,5.32,0.59,0.01,"SD",2,"Muscle","Bayano_lake_2014","Lentic","Panama","PAN","South America",-78.771224,9.149731,12131,"brackish; freshwater","introduced",1,0
"2468","Oreochromis niloticus","ID_0859","Panama","Cichlidae",191,2,"Nile tilapia","Cichliformes","Oreochromis",-28.88,5.36,0.81,0.28,"SD",3,"Muscle","Bayano_lake_2016","Lentic","Panama","PAN","South America",-78.771224,9.149731,12131,"brackish; freshwater","introduced",1,0
"2469","Oreochromis niloticus","ID_0860","Panama","Cichlidae",191,2,"Nile tilapia","Cichliformes","Oreochromis",-29.91,5.03,0.87,0.46,"SD",3,"Muscle","Bayano_lake_2018","Lentic","Panama","PAN","South America",-78.771224,9.149731,12131,"brackish; freshwater","introduced",1,0
"2470","Oreochromis niloticus","ID_0861","Panama","Cichlidae",191,2,"Nile tilapia","Cichliformes","Oreochromis",-27.04,8.83,NA,NA,"SD",1,"Muscle","Gatun_lake_2014","Lentic","Panama","PAN","South America",-79.944564,9.163344,12131,"brackish; freshwater","introduced",1,0
"2471","Oreochromis niloticus","ID_0863","Panama","Cichlidae",191,2,"Nile tilapia","Cichliformes","Oreochromis",-27.96,9.75,1.34,1.02,"SD",3,"Muscle","Gatun_lake_2016","Lentic","Panama","PAN","South America",-79.944564,9.163344,12131,"brackish; freshwater","introduced",1,0
"2472","Oreochromis niloticus","ID_0864","Panama","Cichlidae",191,2,"Nile tilapia","Cichliformes","Oreochromis",-27.92,8.38,3.55,1.28,"SD",3,"Muscle","Gatun_lake_2018","Lentic","Panama","PAN","South America",-79.944564,9.163344,12131,"brackish; freshwater","introduced",1,0
"2473","Osmerus mordax","ID_0005","Canada","Osmeridae",48,253,"Rainbow smelt","Osmeriformes","Osmerus",-22,13.6,NA,NA,"SD",1,"Muscle","Lake_Erie_Eastern_basin","Lentic","Canada","CAN","North America",-79.982269,42.792617,11704,"brackish; freshwater; marine","introduced",1,1
"2475","Osmerus mordax","ID_0013","United States of America","Osmeridae",256,253,"Rainbow smelt","Osmeriformes","Osmerus",-23.46,9.54,NA,NA,NA,NA,"Muscle","Lake_Superior_1934-1966","Lentic","Canada","CAN","North America",-86.950565,47.726406,11704,"brackish; freshwater; marine","introduced",0,1
"2476","Osmerus mordax","ID_0014","United States of America","Osmeridae",256,253,"Rainbow smelt","Osmeriformes","Osmerus",-24.75,8.51,NA,NA,NA,NA,"Muscle","Lake_Superior_1972-1998","Lentic","Canada","CAN","North America",-86.950576,47.726417,11704,"brackish; freshwater; marine","introduced",0,1
"2477","Osmerus mordax","ID_0098","United States of America","Osmeridae",256,253,"Rainbow smelt","Osmeriformes","Osmerus",-26.9,5.45,0.14,0.11,"SE",6,"Muscle","Lake_Superior","Lentic","Canada","CAN","North America",-91.241889,47.047328,11704,"brackish; freshwater; marine","introduced",0,1
"2478","Osmerus mordax","ID_0149","United States of America","Osmeridae",256,253,"Rainbow smelt","Osmeriformes","Osmerus",-28.6,9.5,NA,NA,NA,NA,"Muscle","Lake_Superior_Allouez_Bay_Wisconsin","Lentic","United States","USA","North America",-92.006639,47.53271,11704,"brackish; freshwater; marine","introduced",0,1
"2479","Osmerus mordax","ID_0150","United States of America","Osmeridae",256,253,"Rainbow smelt","Osmeriformes","Osmerus",-25.15,6.75,NA,NA,NA,NA,"Muscle","Lake_Superior_Offshore_Wisconsin","Lentic","United States","USA","North America",-89.548415,47.53271,11704,"brackish; freshwater; marine","introduced",0,1
"2480","Osmerus mordax","ID_0229","Canada","Osmeridae",48,253,"Rainbow smelt","Osmeriformes","Osmerus",-23.07,10.5,1.07,0.87,"SD",97,"Muscle","Lake_Huron","Lentic","Canada","CAN","North America",-81.958675,46.031089,11704,"brackish; freshwater; marine","introduced",1,1
"2482","Osmerus mordax","ID_0279","Canada","Osmeridae",48,253,"Rainbow smelt","Osmeriformes","Osmerus",-22.2,8.2,0.8,1.3,"SD",241,"Muscle","Lake_Winnipeg_North_Basin","Lentic","Canada","CAN","North America",-98.753472,53.742603,11704,"brackish; freshwater; marine","introduced",1,1
"2484","Osmerus mordax","ID_0280","Canada","Osmeridae",48,253,"Rainbow smelt","Osmeriformes","Osmerus",-19.6,5.6,0.5,1.9,"SD",26,"Muscle","Lake_Winnipeg_South_Basin","Lentic","Canada","CAN","North America",-98.753472,53.742603,11704,"brackish; freshwater; marine","introduced",1,1
"2486","Osmerus mordax","ID_0301","United States of America","Osmeridae",256,253,"Rainbow smelt","Osmeriformes","Osmerus",-25.5,14.9,0.99,0.91,"SE",5,"Muscle","Lake_Ontario_1995-1998","Lentic","United States","USA","North America",-77.608142,43.256139,11704,"brackish; freshwater; marine","introduced",0,1
"2487","Osmerus mordax","ID_0302","United States of America","Osmeridae",256,253,"Rainbow smelt","Osmeriformes","Osmerus",-24.1,15.3,0.19,0.26,"SE",4,"Muscle","Lake_Ontario_1999-2003","Lentic","United States","USA","North America",-77.608142,43.256139,11704,"brackish; freshwater; marine","introduced",0,1
"2488","Osmerus mordax","ID_0303","United States of America","Osmeridae",256,253,"Rainbow smelt","Osmeriformes","Osmerus",-23.9,14.4,0.46,0.37,"SD",10,"Muscle","Lake_Ontario_2008_pooled","Lentic","United States","USA","North America",-77.608142,43.256139,11704,"brackish; freshwater; marine","introduced",0,1
"2489","Osmerus mordax","ID_0325","Canada","Osmeridae",48,253,"Rainbow smelt","Osmeriformes","Osmerus",-25.83,8.36,0.43,0.19,"SD",10,"Muscle","Eva_Lake","Lentic","Canada","CAN","North America",-91.170158,48.71679,11704,"brackish; freshwater; marine","introduced",1,1
"2491","Osmerus mordax","ID_0345","Canada","Osmeridae",48,253,"Rainbow smelt","Osmeriformes","Osmerus",-29.48,9.02,0.21,0.4,"SD",3,"Muscle","Cundy","Lentic","Canada","CAN","North America",-66.718022,45.365006,11704,"brackish; freshwater; marine","introduced",1,1
"2493","Osmerus mordax","ID_0347","Canada","Osmeridae",48,253,"Rainbow smelt","Osmeriformes","Osmerus",-35.53,11.26,0.63,0.7,"SD",3,"Muscle","Trout_Lake","Lentic","Canada","CAN","North America",-66.763773,45.179375,11704,"brackish; freshwater; marine","introduced",1,1
"2495","Osmerus mordax","ID_0348","Canada","Osmeridae",48,253,"Rainbow smelt","Osmeriformes","Osmerus",-30.41,10.41,0.32,0.35,"SD",5,"Muscle","West_Long_Lake","Lentic","Canada","CAN","North America",-66.629949,45.360287,11704,"brackish; freshwater; marine","introduced",1,1
"2497","Osmerus mordax","ID_0384","Canada","Osmeridae",48,253,"Rainbow smelt","Osmeriformes","Osmerus",-26.32,8.55,NA,NA,NA,NA,"Muscle","Lake_Nipigon_2006","Lentic","Canada","CAN","North America",-88.563995,49.724479,11704,"brackish; freshwater; marine","introduced",1,1
"2499","Osmerus mordax","ID_0385","Canada","Osmeridae",48,253,"Rainbow smelt","Osmeriformes","Osmerus",-25.12,14.56,NA,NA,NA,NA,"Muscle","Lake_Simcoe_1950-60","Lentic","Canada","CAN","North America",-79.346237,44.442605,11704,"brackish; freshwater; marine","introduced",1,1
"2501","Osmerus mordax","ID_0386","Canada","Osmeridae",48,253,"Rainbow smelt","Osmeriformes","Osmerus",-26,15.91,NA,NA,NA,NA,"Muscle","Lake_Simcoe_2007","Lentic","Canada","CAN","North America",-79.346237,44.442605,11704,"brackish; freshwater; marine","introduced",1,1
"2503","Osmerus mordax","ID_0387","Canada","Osmeridae",48,253,"Rainbow smelt","Osmeriformes","Osmerus",-24.64,16.6,NA,NA,NA,NA,"Muscle","Lake_Champlain_1929-30","Lentic","Canada","CAN","North America",-73.125114,45.044904,11704,"brackish; freshwater; marine","introduced",1,1
"2505","Osmerus mordax","ID_0388","Canada","Osmeridae",48,253,"Rainbow smelt","Osmeriformes","Osmerus",-27.06,14.86,NA,NA,NA,NA,"Muscle","Lake_Champlain_2006","Lentic","Canada","CAN","North America",-73.125114,45.044904,11704,"brackish; freshwater; marine","introduced",1,1
"2507","Osmerus mordax","ID_0566","Canada","Osmeridae",48,253,"Rainbow smelt","Osmeriformes","Osmerus",-20.9,6.85,0.65,1.55,"SD",133,"Muscle","Lake_Winnipeg","Lentic","Canada","CAN","North America",-97.720281,52.655531,11704,"brackish; freshwater; marine","introduced",1,1
"2509","Osmerus mordax","ID_0847","Canada","Osmeridae",48,253,"Rainbow smelt","Osmeriformes","Osmerus",-24.25,11.86,0.1,0.22,"SE",5,"Scale","Lake_Simcoe_Ontario_pre-dreissenid-establisment","Lentic","Canada","CAN","North America",-79.383037,44.432724,11704,"brackish; freshwater; marine","introduced",1,1
"2511","Osmerus mordax","ID_0848","Canada","Osmeridae",48,253,"Rainbow smelt","Osmeriformes","Osmerus",-23.9,11.15,1.93,0.15,"SE",5,"Scale","Lake_Simcoe_Ontario_post-deissenid-invasion","Lentic","Canada","CAN","North America",-79.383037,44.432724,11704,"brackish; freshwater; marine","introduced",1,1
"2513","Osphronemus goramy","ID_0579","Singapore","Osphronemidae",214,498,"Giant gourami","Anabantiformes","Osphronemus",-21.59,11.97,1.89,1.34,"SD",33,"Muscle","Reservoir_6","Lentic","Singapore","SGP","Asia",103.800833,1.366944,12135,"brackish; freshwater","introduced",1,0
"2514","Otopharynx lithobates","ID_0023","Japan","Cichlidae",132,2202,NA,"Cichliformes","Otopharynx",-24.83,13.22,0.2,0.79,"SD",4,"Muscle","Haebaru_Reservoir","Lentic","Japan","JPN","Asia",127.740556,26.212778,12137,"freshwater","introduced",1,0
"2515","Parachromis managuensis","ID_0532","Mexico","Cichlidae",159,4684,"Jaguar guapote","Cichliformes","Parachromis",-29,15.1,NA,NA,"SE",1,"Muscle","Peñitas_Reservoir","Lentic","Mexico","MEX","South America",-93.439671,17.429027,12152,"brackish; freshwater","introduced",1,0
"2516","Parachromis managuensis","ID_0690","Panama","Cichlidae",191,4684,"Jaguar guapote","Cichliformes","Parachromis",-20.31,10.01,NA,NA,"SD",1,"Muscle","Gatun_lake_2013","Lentic","Panama","PAN","South America",-79.944564,9.163344,12152,"brackish; freshwater","introduced",1,0
"2517","Parachromis managuensis","ID_0861","Panama","Cichlidae",191,4684,"Jaguar guapote","Cichliformes","Parachromis",-23.65,9.54,3.37,0.58,"SD",2,"Muscle","Gatun_lake_2014","Lentic","Panama","PAN","South America",-79.944564,9.163344,12152,"brackish; freshwater","introduced",1,0
"2518","Parachromis managuensis","ID_0863","Panama","Cichlidae",191,4684,"Jaguar guapote","Cichliformes","Parachromis",-27.61,12.69,3.83,2.16,"SD",2,"Muscle","Gatun_lake_2016","Lentic","Panama","PAN","South America",-79.944564,9.163344,12152,"brackish; freshwater","introduced",1,0
"2519","Parachromis managuensis","ID_0864","Panama","Cichlidae",191,4684,"Jaguar guapote","Cichliformes","Parachromis",-28.32,11.92,0.73,0.15,"SD",2,"Muscle","Gatun_lake_2018","Lentic","Panama","PAN","South America",-79.944564,9.163344,12152,"brackish; freshwater","introduced",1,0
"2520","Pelmatolapia mariae","ID_0249","Australia","Cichlidae",20,2489,"Spotted Tilapia","Cichliformes","Pelmatolapia",-26.29,11.84,0.24,0.59,"SD",2,"Muscle","Mulgrave_River_dry_season","Lotic","Australia","AUS","Oceania",145.875034,-17.135213,12162,"brackish; freshwater","introduced",1,0
"2521","Pelmatolapia mariae","ID_0250","Australia","Cichlidae",20,2489,"Spotted Tilapia","Cichliformes","Pelmatolapia",-25.31,11.58,2.56,0.61,"SD",4,"Muscle","Mulgrave_River_wet_season","Lotic","Australia","AUS","Oceania",145.875034,-17.135213,12162,"brackish; freshwater","introduced",1,0
"2522","Pelmatolapia mariae","ID_0828","Australia","Cichlidae",20,2489,"Spotted tilapia","Cichliformes","Pelmatolapia",-30.23,8.33,3.07,1.67,"SD",NA,"Muscle","Upper_Walsh_River_Bruce_Weir","Lotic","Australia","AUS","Oceania",145.120786,-17.11426,12162,"brackish; freshwater","introduced",1,0
"2523","Pelmatolapia mariae","ID_0829","Australia","Cichlidae",20,2489,"Spotted tilapia","Cichliformes","Pelmatolapia",-30.25,9.21,2.03,0.64,"SD",NA,"Muscle","Upper_Walsh_River_Leafgold_Weir","Lotic","Australia","AUS","Oceania",145.053444,-17.14858,12162,"brackish; freshwater","introduced",1,0
"2524","Perca flavescens","ID_0005","Canada","Percidae",48,359,"Yellow perch","Perciformes/Percoidei","Perca",-19.1,15.3,0.9,0.9,"SD",33,"Muscle","Lake_Erie_Eastern_basin","Lentic","Canada","CAN","North America",-79.982269,42.792617,12168,"brackish; freshwater","introduced",1,1
"2526","Perca flavescens","ID_0019","United States of America","Percidae",256,359,"Yellow perch","Perciformes/Percoidei","Perca",-25.1,14.3,2.1,2.2,"SD",6,"Muscle","Rappahanock_River_and_tributaries_Virginia","Lotic","United States","USA","North America",-77.034575,38.100519,12168,"brackish; freshwater","introduced",1,1
"2528","Perca flavescens","ID_0080","United States of America","Percidae",256,359,"Yellow perch","Perciformes/Percoidei","Perca",-27.71,9.03,1.47,0.61,"SD",10,"Muscle","Pend_Oreille_Lake_Idaho","Lentic","United States","USA","North America",-116.366667,48.16,12168,"brackish; freshwater","introduced",1,1
"2530","Perca flavescens","ID_0149","United States of America","Percidae",256,359,"Yellow perch","Perciformes/Percoidei","Perca",-29.5,10.3,NA,NA,NA,NA,"Muscle","Lake_Superior_Allouez_Bay_Wisconsin","Lentic","United States","USA","North America",-92.006639,47.53271,12168,"brackish; freshwater","introduced",1,1
"2532","Perca flavescens","ID_0159","United States of America","Percidae",256,359,"Yellow perch","Perciformes/Percoidei","Perca",-28.26,14.88,1.7,0.58,"SD",43,"Muscle","Lake_Washington_Washington","Lentic","United States","USA","North America",-122.259383,47.6097,12168,"brackish; freshwater","introduced",1,1
"2534","Perca flavescens","ID_0186","Canada","Percidae",48,359,"Yellow perch","Perciformes/Percoidei","Perca",-29.24,7.77,1.19,0.36,"SD",2,"Muscle","Lake_240_Experimental_Lakes_Area=boundary_lake_Northwestern_Ontario","Lentic","Canada","CAN","North America",-93.726386,49.654894,12168,"brackish; freshwater","introduced",1,1
"2536","Perca flavescens","ID_0190","United States of America","Percidae",256,359,"Yellow perch","Perciformes/Percoidei","Perca",-27.23,11.38,0.18,0.34,"SE",19,"Muscle","Lake_Roosevelt_Washington_summer","Lentic","United States","USA","North America",-118.341722,47.896478,12168,"brackish; freshwater","introduced",1,1
"2538","Perca flavescens","ID_0200","United States of America","Percidae",256,359,"Yellow perch","Perciformes/Percoidei","Perca",-29.5,10.3,NA,NA,NA,NA,"Muscle","Lake_Superior_Allouez_Bay_Wisconsin","Lentic","United States","USA","North America",-91.997942,46.689258,12168,"brackish; freshwater","introduced",1,1
"2540","Perca flavescens","ID_0201","Canada","Percidae",48,359,"Yellow perch","Perciformes/Percoidei","Perca",-19.6,15.09,NA,NA,NA,NA,"Muscle","Lake_Ontario_Waupoos_site_Spring","Lentic","Canada","CAN","North America",-77.998,44.001,12168,"brackish; freshwater","introduced",1,1
"2542","Perca flavescens","ID_0202","Canada","Percidae",48,359,"Yellow perch","Perciformes/Percoidei","Perca",-19.42,14.47,NA,NA,NA,NA,"Muscle","Lake_Ontario_Waupoos_site_Summer","Lentic","Canada","CAN","North America",-77.998,44.001,12168,"brackish; freshwater","introduced",1,1
"2544","Perca flavescens","ID_0203","Canada","Percidae",48,359,"Yellow perch","Perciformes/Percoidei","Perca",-18.32,14.46,NA,NA,NA,NA,"Muscle","Lake_Ontario_Waupoos_site_Fall","Lentic","Canada","CAN","North America",-77.998,44.001,12168,"brackish; freshwater","introduced",1,1
"2546","Perca flavescens","ID_0228","United States of America","Percidae",256,359,"Yellow perch","Perciformes/Percoidei","Perca",-16.55,11.15,2.02,0.79,"SD",11,"Muscle","Thousand_Islands_region_St_Lawrence_River_","Lotic","United States","USA","North America",-76.04845,44.27028,12168,"brackish; freshwater","introduced",1,1
"2548","Perca flavescens","ID_0229","Canada","Percidae",48,359,"Yellow perch","Perciformes/Percoidei","Perca",-18.85,9.28,2.08,0.75,"SD",68,"Muscle","Lake_Huron","Lentic","Canada","CAN","North America",-81.958675,46.031089,12168,"brackish; freshwater","introduced",1,1
"2550","Perca flavescens","ID_0246","United States of America","Percidae",256,359,"Yellow perch","Perciformes/Percoidei","Perca",-26.49,3.07,1.48,0.85,"SD",21,"Muscle","Lake_Sammamish_Washington","Lentic","United States","USA","North America",-122.095158,47.584106,12168,"brackish; freshwater","introduced",1,1
"2552","Perca flavescens","ID_0278","United States of America","Percidae",256,359,"Yellow perch","Perciformes/Percoidei","Perca",-25.42,15.15,0.87,1.93,"SD",21,"Muscle","Utah_Lake","Lentic","United States","USA","North America",-111.786225,40.230214,12168,"brackish; freshwater","introduced",1,1
"2554","Perca flavescens","ID_0279","Canada","Percidae",48,359,"Yellow perch","Perciformes/Percoidei","Perca",-21.4,9.8,1.4,2.3,"SD",29,"Muscle","Lake_Winnipeg_North_Basin","Lentic","Canada","CAN","North America",-98.753472,53.742603,12168,"brackish; freshwater","introduced",1,1
"2556","Perca flavescens","ID_0280","Canada","Percidae",48,359,"Yellow perch","Perciformes/Percoidei","Perca",-18.7,4.9,1.4,1.4,"SD",56,"Muscle","Lake_Winnipeg_South_Basin","Lentic","Canada","CAN","North America",-98.753472,53.742603,12168,"brackish; freshwater","introduced",1,1
"2558","Perca flavescens","ID_0298","Canada","Percidae",48,359,"Yellow perch","Perciformes/Percoidei","Perca",-23.7,12.8,0.8,1.1,"SD",9,"Muscle","Lake_Wabamun","Lentic","Canada","CAN","North America",-114.587222,53.529722,12168,"brackish; freshwater","introduced",1,1
"2560","Perca flavescens","ID_0347","Canada","Percidae",48,359,"Yellow perch","Perciformes/Percoidei","Perca",-28.88,10.34,9.59,0.68,"SD",9,"Muscle","Trout_Lake","Lentic","Canada","CAN","North America",-66.763773,45.179375,12168,"brackish; freshwater","introduced",1,1
"2562","Perca flavescens","ID_0380","United States of America","Percidae",256,359,"Yellow perch","Perciformes/Percoidei","Perca",-28.6,13,NA,NA,NA,NA,"Muscle","Blue_Mesa_Reservoir_Colorado_2010","Lentic","United States","USA","North America",-107.22147,38.469181,12168,"brackish; freshwater","introduced",1,1
"2564","Perca flavescens","ID_0381","Canada","Percidae",48,359,"Yellow perch","Perciformes/Percoidei","Perca",-21.27,11.77,0.5,0.5,"SD",6,"Muscle","Armstrong_Lake_Alberta","Lentic","Canada","CAN","North America",-113.64795,54.389004,12168,"brackish; freshwater","introduced",1,1
"2566","Perca flavescens","ID_0383","Canada","Percidae",48,359,"Yellow perch","Perciformes/Percoidei","Perca",-23.22,6.9,NA,NA,NA,NA,"Muscle","Lake_Nipigon_1921-25","Lentic","Canada","CAN","North America",-88.563995,49.724479,12168,"brackish; freshwater","introduced",1,1
"2568","Perca flavescens","ID_0384","Canada","Percidae",48,359,"Yellow perch","Perciformes/Percoidei","Perca",-25.03,7.19,NA,NA,NA,NA,"Muscle","Lake_Nipigon_2006","Lentic","Canada","CAN","North America",-88.563995,49.724479,12168,"brackish; freshwater","introduced",1,1
"2570","Perca flavescens","ID_0385","Canada","Percidae",48,359,"Yellow perch","Perciformes/Percoidei","Perca",-23.78,13.61,NA,NA,NA,NA,"Muscle","Lake_Simcoe_1950-60","Lentic","Canada","CAN","North America",-79.346237,44.442605,12168,"brackish; freshwater","introduced",1,1
"2572","Perca flavescens","ID_0386","Canada","Percidae",48,359,"Yellow perch","Perciformes/Percoidei","Perca",-23.02,14.55,NA,NA,NA,NA,"Muscle","Lake_Simcoe_2007","Lentic","Canada","CAN","North America",-79.346237,44.442605,12168,"brackish; freshwater","introduced",1,1
"2574","Perca flavescens","ID_0387","Canada","Percidae",48,359,"Yellow perch","Perciformes/Percoidei","Perca",-22.48,14,NA,NA,NA,NA,"Muscle","Lake_Champlain_1929-30","Lentic","Canada","CAN","North America",-73.125114,45.044904,12168,"brackish; freshwater","introduced",1,1
"2576","Perca flavescens","ID_0388","Canada","Percidae",48,359,"Yellow perch","Perciformes/Percoidei","Perca",-24.96,14,NA,NA,NA,NA,"Muscle","Lake_Champlain_2006","Lentic","Canada","CAN","North America",-73.125114,45.044904,12168,"brackish; freshwater","introduced",1,1
"2578","Perca flavescens","ID_0396","Canada","Percidae",48,359,"Yellow perch","Perciformes/Percoidei","Perca",-24.35,11.59,0.79,0.62,"SD",22,"Muscle","Canoe_Lake_2006","Lentic","Canada","CAN","North America",-108.250465,55.176515,12168,"brackish; freshwater","introduced",1,1
"2580","Perca flavescens","ID_0397","Canada","Percidae",48,359,"Yellow perch","Perciformes/Percoidei","Perca",-24.61,11.45,0.86,0.64,"SD",12,"Muscle","Canoe_Lake_2007","Lentic","Canada","CAN","North America",-108.250465,55.176515,12168,"brackish; freshwater","introduced",1,1
"2582","Perca flavescens","ID_0398","Canada","Percidae",48,359,"Yellow perch","Perciformes/Percoidei","Perca",-21.39,9.37,0.76,2.22,"SD",21,"Muscle","Dore_Lake","Lentic","Canada","CAN","North America",-107.276058,54.773762,12168,"brackish; freshwater","introduced",1,1
"2584","Perca flavescens","ID_0399","Canada","Percidae",48,359,"Yellow perch","Perciformes/Percoidei","Perca",-23.87,11.62,0.74,0.73,"SD",16,"Muscle","Last_Mountain_Lake","Lentic","Canada","CAN","North America",-105.263214,51.103522,12168,"brackish; freshwater","introduced",1,1
"2586","Perca flavescens","ID_0429","Canada","Percidae",48,359,"Yellow perch","Perciformes/Percoidei","Perca",-22.96,17.95,1.94,1.27,"SD",39,"Muscle","Hamilton_Harbour_East","Lentic","Canada","CAN","North America",-79.888416,43.287682,12168,"brackish; freshwater","introduced",1,1
"2588","Perca flavescens","ID_0430","Canada","Percidae",48,359,"Yellow perch","Perciformes/Percoidei","Perca",-24.34,18.52,1.62,1.21,"SD",44,"Muscle","Hamilton_Harbour_West","Lentic","Canada","CAN","North America",-79.812182,43.311164,12168,"brackish; freshwater","introduced",1,1
"2590","Perca flavescens","ID_0431","Canada","Percidae",48,359,"Yellow perch","Perciformes/Percoidei","Perca",-22.9,19.62,1.41,1.35,"SD",27,"Muscle","Hamilton_Harbour_North","Lentic","Canada","CAN","North America",-79.812182,43.311164,12168,"brackish; freshwater","introduced",1,1
"2592","Perca flavescens","ID_0460","United States of America","Percidae",256,359,"Yellow perch","Perciformes/Percoidei","Perca",-21.2,7.3,NA,NA,NA,1,"Muscle","Priest_Lake","Lentic","United States","USA","North America",-116.855631,48.565973,12168,"brackish; freshwater","introduced",1,1
"2594","Perca flavescens","ID_0479","Canada","Percidae",48,359,"Yellow perch","Perciformes/Percoidei","Perca",-27.4,11.7,NA,NA,NA,36,"Muscle","Mactaquac_Lake_summarized","Lentic","Canada","CAN","North America",-66.876,45.95,12168,"brackish; freshwater","introduced",1,1
"2596","Perca flavescens","ID_0562","United States of America","Percidae",256,359,"Yellow Perch","Perciformes/Percoidei","Perca",-28.07,13.08,0.1,0.28,"SD",2,"Muscle","LR08","Lotic","United States","USA","North America",-104.852362,42.123592,12168,"brackish; freshwater","introduced",1,1
"2598","Perca flavescens","ID_0566","Canada","Percidae",48,359,"Yellow perch","Perciformes/Percoidei","Perca",-20,7,1.35,1.5,"SD",42,"Muscle","Lake_Winnipeg","Lentic","Canada","CAN","North America",-97.720281,52.655531,12168,"brackish; freshwater","introduced",1,1
"2600","Perca flavescens","ID_0569","Canada","Percidae",48,359,"Yellow perch","Perciformes/Percoidei","Perca",-18.9,15.2,0.5,0.33,"SD",NA,"Muscle","Upper_Niagara_River","Lotic","United States","USA","North America",-78.943416,42.956704,12168,"brackish; freshwater","introduced",1,1
"2602","Perca flavescens","ID_0588","Canada","Percidae",48,359,"Yellow perch","Perciformes/Percoidei","Perca",-28.95,7.95,NA,NA,"SD",1,"Muscle/Fin","Slave_River_Delta","Lotic","Canada","CAN","North America",-113.53,61.27,12168,"brackish; freshwater","introduced",1,1
"2604","Perca flavescens","ID_0636","United States of America","Percidae",256,359,"Yellow perch","Perciformes/Percoidei","Perca",-25.21,11.32,0.48,0.27,"SD",6,"Muscle","Angle","Lentic","United States","USA","North America",-122.2883,47.4261,12168,"brackish; freshwater","introduced",1,1
"2606","Perca flavescens","ID_0637","United States of America","Percidae",256,359,"Yellow perch","Perciformes/Percoidei","Perca",-29.89,13.25,3.73,1.16,"SD",10,"Muscle","Cottage","Lentic","United States","USA","North America",-122.0866,47.7539,12168,"brackish; freshwater","introduced",1,1
"2608","Perca flavescens","ID_0638","United States of America","Percidae",256,359,"Yellow perch","Perciformes/Percoidei","Perca",-29.93,7.84,1.77,1.48,"SD",12,"Muscle","Killarney","Lentic","United States","USA","North America",-122.2909,47.2867,12168,"brackish; freshwater","introduced",1,1
"2610","Perca flavescens","ID_0639","United States of America","Percidae",256,359,"Yellow perch","Perciformes/Percoidei","Perca",-27.14,15.06,1.2,0.43,"SD",16,"Muscle","Martha2","Lentic","United States","USA","North America",-122.2446,47.8512,12168,"brackish; freshwater","introduced",1,1
"2612","Perca flavescens","ID_0640","United States of America","Percidae",256,359,"Yellow perch","Perciformes/Percoidei","Perca",-27.29,9.38,1.73,0.44,"SD",8,"Muscle","North","Lentic","United States","USA","North America",-122.2896,47.3051,12168,"brackish; freshwater","introduced",1,1
"2614","Perca flavescens","ID_0641","United States of America","Percidae",256,359,"Yellow perch","Perciformes/Percoidei","Perca",-26.24,11.14,0.24,0.18,"SD",4,"Muscle","Pine","Lentic","United States","USA","North America",-122.0448,47.5866,12168,"brackish; freshwater","introduced",1,1
"2616","Perca flavescens","ID_0642","United States of America","Percidae",256,359,"Yellow perch","Perciformes/Percoidei","Perca",-25.93,11.54,1.51,1.04,"SD",12,"Muscle","Silver","Lentic","United States","USA","North America",-122.212,47.8904,12168,"brackish; freshwater","introduced",1,1
"2618","Perca flavescens","ID_0643","United States of America","Percidae",256,359,"Yellow perch","Perciformes/Percoidei","Perca",-28.22,12.85,0.44,0.14,"SD",3,"Muscle","Star","Lentic","United States","USA","North America",-122.2889,47.3547,12168,"brackish; freshwater","introduced",1,1
"2620","Perca flavescens","ID_0644","United States of America","Percidae",256,359,"Yellow perch","Perciformes/Percoidei","Perca",-25.97,10.13,1.95,1.03,"SD",15,"Muscle","Steel","Lentic","United States","USA","North America",-122.3029,47.3269,12168,"brackish; freshwater","introduced",1,1
"2622","Perca flavescens","ID_0645","United States of America","Percidae",256,359,"Yellow perch","Perciformes/Percoidei","Perca",-29.42,12.02,1.59,0.26,"SD",3,"Muscle","Wilderness","Lentic","United States","USA","North America",-122.0344,47.3726,12168,"brackish; freshwater","introduced",1,1
"2624","Perca flavescens","ID_0646","United States of America","Percidae",256,359,"Yellow perch","Perciformes/Percoidei","Perca",-24.05,11.05,0.94,0.78,"SD",8,"Muscle","Angle","Lentic","United States","USA","North America",-122.2883,47.4261,12168,"brackish; freshwater","introduced",1,1
"2626","Perca flavescens","ID_0649","United States of America","Percidae",256,359,"Yellow perch","Perciformes/Percoidei","Perca",-28.04,15.24,0.75,0.41,"SD",10,"Muscle","Martha1","Lentic","United States","USA","North America",-122.244583,47.851167,12168,"brackish; freshwater","introduced",1,1
"2628","Perca flavescens","ID_0650","United States of America","Percidae",256,359,"Yellow perch","Perciformes/Percoidei","Perca",-26.2,10.85,0.81,0.43,"SD",20,"Muscle","Padden","Lentic","United States","USA","North America",-122.4529,48.7027,12168,"brackish; freshwater","introduced",1,1
"2630","Perca flavescens","ID_0651","United States of America","Percidae",256,359,"Yellow perch","Perciformes/Percoidei","Perca",-26.3,11.69,2.27,0.54,"SD",10,"Muscle","Pine","Lentic","United States","USA","North America",-122.0448,47.5866,12168,"brackish; freshwater","introduced",1,1
"2632","Perca flavescens","ID_0652","United States of America","Percidae",256,359,"Yellow perch","Perciformes/Percoidei","Perca",-25.73,12.17,1.06,0.28,"SD",9,"Muscle","Shoecraft","Lentic","United States","USA","North America",-122.307073,48.125977,12168,"brackish; freshwater","introduced",1,1
"2634","Perca flavescens","ID_0653","United States of America","Percidae",256,359,"Yellow perch","Perciformes/Percoidei","Perca",-30.65,10.3,0.38,0.44,"SD",4,"Muscle","Sunday","Lentic","United States","USA","North America",-122.2576,48.2292,12168,"brackish; freshwater","introduced",1,1
"2636","Perca flavescens","ID_0654","United States of America","Percidae",256,359,"Yellow perch","Perciformes/Percoidei","Perca",-25.78,7.37,2.4,0.38,"SD",19,"Muscle","Walsh","Lentic","United States","USA","North America",-121.9284,47.41,12168,"brackish; freshwater","introduced",1,1
"2638","Perca flavescens","ID_0655","United States of America","Percidae",256,359,"Yellow perch","Perciformes/Percoidei","Perca",-29.92,12.64,2.8,0.4,"SD",15,"Muscle","Wilderness","Lentic","United States","USA","North America",-122.0344,47.3726,12168,"brackish; freshwater","introduced",1,1
"2640","Perca flavescens","ID_0847","Canada","Percidae",48,359,"Yellow perch","Perciformes/Percoidei","Perca",-22.39,12.54,0.17,0.25,"SE",5,"Scale","Lake_Simcoe_Ontario_pre-dreissenid-establisment","Lentic","Canada","CAN","North America",-79.383037,44.432724,12168,"brackish; freshwater","introduced",1,1
"2642","Perca flavescens","ID_0848","Canada","Percidae",48,359,"Yellow perch","Perciformes/Percoidei","Perca",-19.82,10.97,0.52,0.12,"SE",5,"Scale","Lake_Simcoe_Ontario_post-deissenid-invasion","Lentic","Canada","CAN","North America",-79.383037,44.432724,12168,"brackish; freshwater","introduced",1,1
"2644","Perca flavescens","ID_0849","United States of America","Percidae",256,359,"Yellow perch","Perciformes/Percoidei","Perca",-28.6,10.4,0.73,0.61,"SE",9,"Muscle","Lake_Elk_Minnesota","Lentic","United States","USA","North America",-95.803693,45.866885,12168,"brackish; freshwater","introduced",1,1
"2646","Perca flavescens","ID_1001","Canada","Percidae",48,359,"Yellow perch","Perciformes/Percoidei","Perca",-25.11,12.8,0.73,0.19,"SD",2,"Muscle","Saint_John_River","Lotic","Canada","CAN","North America",-66.825887,45.959018,12168,"brackish; freshwater","introduced",1,1
"2648","Perca fluviatilis","ID_0404","Russia","Percidae",208,358,"Perch","Perciformes/Percoidei","Perca",-21,11.9,NA,NA,NA,2,"Bone","Lake_Baikal","Lentic","Russia","RUS","Asia",106.06018,52.342052,12169,"brackish; freshwater","introduced",1,1
"2650","Perca fluviatilis","ID_0420","New Zealand","Percidae",188,358,"Perch","Perciformes/Percoidei","Perca",-26.91,10.43,0.43,3.52,"SD",5,"Muscle","Lake_Waahi","Lentic","New Zealand","NZL","Oceania",175.127128,-37.558413,12169,"brackish; freshwater","introduced",1,0
"2651","Perca fluviatilis","ID_0468","Russia","Percidae",208,358,"Perch","Perciformes/Percoidei","Perca",-28.4,16.5,0.4,0.6,"SE",11,"Muscle","Krasnoyarsk_Reservoir","Lentic","Russia","RUS","Asia",91.666387,55.091998,12169,"brackish; freshwater","introduced",1,1
"2653","Perca fluviatilis","ID_0522","Italy","Percidae",126,358,"Perch","Perciformes/Percoidei","Perca",-27.4,11.5,0.3,0.3,"SD",9,"Muscle","Lake_San_Michele","Lentic","Italy","ITA","Europe",7.888345,45.477254,12169,"brackish; freshwater","introduced",1,0
"2654","Perca fluviatilis","ID_0523","Italy","Percidae",126,358,"Perch","Perciformes/Percoidei","Perca",-25.5,11,1.3,0.6,"SD",13,"Muscle","Lake_Campagna","Lentic","Italy","ITA","Europe",7.899031,45.484286,12169,"brackish; freshwater","introduced",1,0
"2655","Perca fluviatilis","ID_0578","Italy","Percidae",126,358,"Perch","Perciformes/Percoidei","Perca",-21.22,12.53,0.99,0.68,"SD",NA,"Muscle","Lake_Trasimeno","Lentic","Italy","ITA","Europe",12.100064,43.133283,12169,"brackish; freshwater","introduced",1,0
"2656","Perca fluviatilis","ID_0759","Italy","Percidae",126,358,"Perch","Perciformes/Percoidei","Perca",-14.88,10.76,0.32,0.36,"SD",NA,"Muscle","Lake_Bracciano","Lentic","Italy","ITA","Europe",12.237551,42.154135,12169,"brackish; freshwater","introduced",1,0
"2657","Perca fluviatilis","ID_0837","China","Percidae",52,358,"Perch","Perciformes/Percoidei","Perca",-23.97,12.37,0.15,0.16,"SD",12,"Muscle","Wulungu_Lake","Lentic","China","CHN","Asia",87.18,46.76,12169,"brackish; freshwater","introduced",1,0
"2658","Perca fluviatilis","ID_0966","New Zealand","Percidae",188,358,"European perch","Perciformes/Percoidei","Perca",-22.7,11.61,0.62,0.64,"SD",11,"Muscle","OKA","Lotic","New Zealand","NZL","Oceania",172.796808,-43.764833,12169,"brackish; freshwater","introduced",1,0
"2659","Percina caprodes","ID_0149","United States of America","Percidae",256,3489,"Logperch","Perciformes/Percoidei","Percina",-28.65,8.8,NA,NA,NA,NA,"Muscle","Lake_Superior_Allouez_Bay_Wisconsin","Lentic","United States","USA","North America",-92.006639,47.53271,12173,"freshwater","introduced",1,1
"2661","Percina caprodes","ID_0323","United States of America","Percidae",256,3489,"Logperch","Perciformes/Percoidei","Percina",-25.91,12.23,NA,NA,NA,NA,"Muscle","Pennsylvania_Allegheny_River_Undredged","Lotic","United States","USA","North America",-79.489,40.8874,12173,"freshwater","introduced",1,1
"2663","Percina caprodes","ID_0324","United States of America","Percidae",256,3489,"Logperch","Perciformes/Percoidei","Percina",-25.52,11.89,NA,NA,NA,NA,"Muscle","Pennsylvania_Allegheny_River_Dredged","Lotic","United States","USA","North America",-79.489,40.8874,12173,"freshwater","introduced",1,1
"2665","Percina nigrofasciata","ID_0366","United States of America","Percidae",256,3500,"Blackbanded darter","Perciformes/Percoidei","Percina",-28.7,13.9,1.15,0.46,"SD",3,"Muscle","McTier_Creek_near_Monetta_date_39554","Lotic","United States","USA","North America",-81.601771,33.753477,12176,"freshwater","introduced",1,1
"2667","Percina nigrofasciata","ID_0367","United States of America","Percidae",256,3500,"Blackbanded derter","Perciformes/Percoidei","Percina",-29.05,14.53,1.07,0.65,"SD",6,"Muscle","McTier_Creek_near_Monetta_date_39603","Lotic","United States","USA","North America",-81.601771,33.753477,12176,"freshwater","introduced",1,1
"2669","Percina nigrofasciata","ID_0368","United States of America","Percidae",256,3500,"Blackbanded darter","Perciformes/Percoidei","Percina",-28.9,12.15,0.58,0.51,"SD",4,"Muscle","McTier_Creek_above_Hunt_Shed_date_39932","Lotic","United States","USA","North America",-81.597049,33.745978,12176,"freshwater","introduced",1,1
"2671","Percina nigrofasciata","ID_0369","United States of America","Percidae",256,3500,"Blackbanded darter","Perciformes/Percoidei","Percina",-31.55,11.53,1.31,0.53,"SD",12,"Muscle","McTier_Creek_near_NewHolland_date_39412","Lotic","United States","USA","North America",-81.6075,33.7175,12176,"freshwater","introduced",1,1
"2673","Percina nigrofasciata","ID_0370","United States of America","Percidae",256,3500,"Blackbanded darter","Perciformes/Percoidei","Percina",-31.53,11.43,0.97,0.6,"SD",3,"Muscle","McTier_Creek_near_NewHolland_date_39728","Lotic","United States","USA","North America",-81.6075,33.7175,12176,"freshwater","introduced",1,1
"2675","Percina nigrofasciata","ID_0371","United States of America","Percidae",256,3500,"Blackbanded darter","Perciformes/Percoidei","Percina",-30.47,11.38,0.72,0.74,"SD",4,"Muscle","McTier_Creek_near_NewHolland_date_39933","Lotic","United States","USA","North America",-81.6075,33.7175,12176,"freshwater","introduced",1,1
"2677","Percina nigrofasciata","ID_0372","United States of America","Percidae",256,3500,"Blackbanded darter","Perciformes/Percoidei","Percina",-30.57,11.27,0.35,0.25,"SD",3,"Muscle","McTier_Creek_near_NewHolland_date_39995","Lotic","United States","USA","North America",-81.6075,33.7175,12176,"freshwater","introduced",1,1
"2679","Percina nigrofasciata","ID_0375","United States of America","Percidae",256,3500,"Blackbanded darter","Perciformes/Percoidei","Percina",-30.18,11.8,0.3,0.37,"SD",5,"Muscle","McTier_Creek_near_NewHolland_date_39602","Lotic","United States","USA","North America",-81.6075,33.7175,12176,"freshwater","introduced",1,1
"2681","Percina nigrofasciata","ID_0376","United States of America","Percidae",256,3500,"Blackbanded darter","Perciformes/Percoidei","Percina",-30.6,11.85,0.57,0.07,"SD",2,"Muscle","McTier_Creek_near_NewHolland_date_39553","Lotic","United States","USA","North America",-81.6075,33.7175,12176,"freshwater","introduced",1,1
"2683","Percopsis omiscomaycus","ID_0149","United States of America","Percopsidae",256,3065,"Trout perch","Percopsiformes","Percopsis",-31,9.9,NA,NA,NA,NA,"Muscle","Lake_Superior_Allouez_Bay_Wisconsin","Lentic","United States","USA","North America",-92.006639,47.53271,12356,"brackish; freshwater","introduced",1,1
"2685","Petenia splendida","ID_0532","Mexico","Cichlidae",159,26819,"Bay snook","Cichliformes","Petenia",-30.3,15,NA,NA,"SE",1,"Muscle","Peñitas_Reservoir","Lentic","Mexico","MEX","South America",-93.439671,17.429027,12182,"freshwater","introduced",1,1
"2687","Petenia splendida","ID_0534","Mexico","Cichlidae",159,26819,"Bay snook_juvenile","Cichliformes","Petenia",-30.2,8.6,NA,NA,"SE",1,"Muscle","El_Espino_lagoon6","Lotic","Mexico","MEX","South America",-92.689944,18.480689,12182,"freshwater","introduced",1,1
"2689","Petenia splendida","ID_0542","Mexico","Cichlidae",159,26819,"Bay snook_juvenile","Cichliformes","Petenia",-32.3,9.9,0.6,0.7,"SE",2,"Muscle","Río_San_Pedro14","Lotic","Mexico","MEX","South America",-91.231197,17.407427,12182,"freshwater","introduced",1,1
"2691","Petenia splendida","ID_0543","Mexico","Cichlidae",159,26819,"Bay snook_juvenile","Cichliformes","Petenia",-28.9,9,NA,NA,"SE",1,"Muscle","Centla_wetlands","Lotic","Mexico","MEX","South America",-92.647496,18.397848,12182,"freshwater","introduced",1,1
"2693","Phoxinus phoxinus","ID_0322","Norway","Leuciscidae",185,4661,"Minnow","Cypriniformes","Phoxinus",-24.91,6.69,3.43,0.46,"SD",9,"Muscle","Lake_Rostavatn","Lentic","Norway","NOR","Europe",19.621124,68.991894,11508,"brackish; freshwater","introduced",1,1
"2695","Phoxinus phoxinus","ID_0746","Norway","Leuciscidae",185,4661,"Minnow","Cypriniformes","Phoxinus",-18.87,6.39,1.72,0.61,"SD",NA,"Muscle","Datkujvari","Lentic","Norway","NOR","Europe",23.433333,69.483333,11508,"brackish; freshwater","introduced",1,1
"2697","Phoxinus phoxinus","ID_0748","Norway","Leuciscidae",185,4661,"Minnow","Cypriniformes","Phoxinus",-28.64,7.91,NA,NA,NA,1,"Muscle","Sagelvvatn","Lentic","Norway","NOR","Europe",19.1,69.183333,11508,"brackish; freshwater","introduced",1,1
"2699","Phoxinus phoxinus","ID_0795","Norway","Leuciscidae",185,4661,"Minnow","Cypriniformes","Phoxinus",-17.68,8.27,0.89,0,"SD",NA,"Muscle","Lake_Aursunden","Lentic","Norway","NOR","Europe",11.46,62.68,11508,"brackish; freshwater","introduced",1,1
"2701","Phoxinus phoxinus","ID_0796","Norway","Leuciscidae",185,4661,"Minnow","Cypriniformes","Phoxinus",-24.18,7.43,0.55,0,"SD",NA,"Muscle","Lake_Savalen","Lentic","Norway","NOR","Europe",10.52,62.23,11508,"brackish; freshwater","introduced",1,1
"2703","Phoxinus phoxinus","ID_0799","Norway","Leuciscidae",185,4661,"Minnow","Cypriniformes","Phoxinus",-27.33,4.97,0.89,0,"SD",NA,"Muscle","Lake_Sølensjøen","Lentic","Norway","NOR","Europe",11.68,61.88,11508,"brackish; freshwater","introduced",1,1
"2705","Phoxinus phoxinus","ID_0800","Norway","Leuciscidae",185,4661,"Minnow","Cypriniformes","Phoxinus",-24.22,5.59,0.64,0,"SD",NA,"Muscle","Lake_Skasen","Lentic","Norway","NOR","Europe",12.32,60.36,11508,"brackish; freshwater","introduced",1,1
"2707","Phoxinus phoxinus","ID_0850","Norway","Leuciscidae",185,4661,"Minnow","Cypriniformes","Phoxinus",-21.53,10.58,1.06,0,"SD",NA,"Muscle","Lake_Storsjøen","Lentic","Norway","NOR","Europe",11.37,61.36,11508,"brackish; freshwater","introduced",1,1
"2709","Piaractus brachypomus","ID_0823","Bolivia","Serrasalmidae",40,5808,"Pirapitinga","Characiformes","Piaractus",-30.4,7.2,0.5,0.6,"SD",4,"Muscle","Lake_Mentiroso","Lentic","Bolivia","BOL","South America",-66.574031,-10.978218,11186,"freshwater","introduced",1,1
"2711","Pimephales notatus","ID_0228","United States of America","Leuciscidae",256,2931,"Bluntnose minnow","Cypriniformes","Pimephales",-16.75,10.91,0.97,0.65,"SD",5,"Muscle","Thousand_Islands_region_St_Lawrence_River_","Lotic","United States","USA","North America",-76.04845,44.27028,11509,"freshwater","introduced",1,1
"2713","Pimephales notatus","ID_0335","United States of America","Leuciscidae",256,2931,"Bluntnose minnow","Cypriniformes","Pimephales",-28.86,11.11,NA,NA,NA,NA,"Muscle","Rural_2002","Lotic","United States","USA","North America",-85.660629,37.923618,11509,"freshwater","introduced",1,1
"2715","Pimephales notatus","ID_0336","United States of America","Leuciscidae",256,2931,"Bluntnose minnow","Cypriniformes","Pimephales",-25.87,16.24,NA,NA,NA,NA,"Muscle","Suburban_2002","Lotic","United States","USA","North America",-85.898595,38.082014,11509,"freshwater","introduced",1,1
"2717","Pimephales notatus","ID_0849","United States of America","Leuciscidae",256,2931,"Bluntnose minnow","Cypriniformes","Pimephales",-26,9.6,0.55,0.15,"SE",9,"Muscle","Lake_Elk_Minnesota","Lentic","United States","USA","North America",-95.803693,45.866885,11509,"freshwater","introduced",1,1
"2719","Pimephales promelas","ID_0028","United States of America","Leuciscidae",256,4785,"Fathead minnow","Cypriniformes","Pimephales",-21.48,13.1,0.54,1.18,"SD",6,NA,"Reach_3_San_Juan_River_Oklahoma","Lotic","United States","USA","North America",-109.240933,37.239383,11510,"freshwater","introduced",1,1
"2721","Pimephales promelas","ID_0029","United States of America","Leuciscidae",256,4785,"Fathead minnow","Cypriniformes","Pimephales",-21.94,14.1,0.76,1.2,"SD",4,NA,"Reach_4_San_Juan_River_Oklahoma","Lotic","United States","USA","North America",-108.939772,36.917928,11510,"freshwater","introduced",1,1
"2723","Pimephales promelas","ID_0030","United States of America","Leuciscidae",256,4785,"Fathead minnow","Cypriniformes","Pimephales",-21.81,12.94,0.87,1.94,"SD",6,NA,"Reach_5_San_Juan_River_Kansas","Lotic","United States","USA","North America",-108.738572,36.825047,11510,"freshwater","introduced",1,1
"2725","Pimephales promelas","ID_0031","United States of America","Leuciscidae",256,4785,"Fathead minnow","Cypriniformes","Pimephales",-22.22,11.28,0.53,0.34,"SD",3,NA,"Reach_6_San_Juan_River_Kansas","Lotic","United States","USA","North America",-108.359697,36.7334,11510,"freshwater","introduced",1,1
"2727","Pimephales promelas","ID_0278","United States of America","Leuciscidae",256,4785,"Fathead minnow","Cypriniformes","Pimephales",-25.59,16.48,1.3,1.19,"SD",28,"Muscle","Utah_Lake","Lentic","United States","USA","North America",-111.786225,40.230214,11510,"freshwater","introduced",1,1
"2729","Pimephales promelas","ID_0283","United States of America","Leuciscidae",256,4785,"Fathead minnow","Cypriniformes","Pimephales",-19.87,10.43,2.78,0.99,"SD",5,"Muscle","Rio_Grande_Bernalillo_Summer","Lotic","United States","USA","North America",-106.556936,35.322669,11510,"freshwater","introduced",1,1
"2731","Pimephales promelas","ID_0284","United States of America","Leuciscidae",256,4785,"Fathead minnow","Cypriniformes","Pimephales",-17.6,12.48,1.04,2.53,"SD",6,"Muscle","Rio_Grande_Bernardo_Autumn","Lotic","United States","USA","North America",-106.799697,34.4176,11510,"freshwater","introduced",1,1
"2733","Pimephales promelas","ID_0285","United States of America","Leuciscidae",256,4785,"Fathead minnow","Cypriniformes","Pimephales",-15.89,15.99,0.24,0.68,"SD",3,"Muscle","Rio_Grande_Bernardo_Spring","Lotic","United States","USA","North America",-106.799697,34.4176,11510,"freshwater","introduced",1,1
"2735","Pimephales promelas","ID_0327","United States of America","Leuciscidae",256,4785,"Fathead minnow","Cypriniformes","Pimephales",-22.58,10.42,0.36,0.5,"SD",7,"Fin","Utah_San_Rafael_River_Lower","Lotic","United States","USA","North America",-110.3715,38.854,11510,"freshwater","introduced",1,1
"2737","Pimephales promelas","ID_0550","United States of America","Leuciscidae",256,4785,"Fathead Minnow","Cypriniformes","Pimephales",-26.76,8.37,0.35,0.5,"SD",7,"Muscle","SW04","Lotic","United States","USA","North America",-107.1476,42.488328,11510,"freshwater","introduced",1,1
"2739","Pimephales promelas","ID_0558","United States of America","Leuciscidae",256,4785,"Fathead Minnow","Cypriniformes","Pimephales",-29.02,8.5,0.86,0.5,"SD",20,"Muscle","LR04","Lotic","United States","USA","North America",-105.722747,41.227001,11510,"freshwater","introduced",1,1
"2741","Pimephales promelas","ID_0559","United States of America","Leuciscidae",256,4785,"Fathead Minnow","Cypriniformes","Pimephales",-28.25,11.34,1.12,0.92,"SD",18,"Muscle","LR05","Lotic","United States","USA","North America",-105.605355,41.309678,11510,"freshwater","introduced",1,1
"2743","Pimephales promelas","ID_0560","United States of America","Leuciscidae",256,4785,"Fathead Minnow","Cypriniformes","Pimephales",-27.84,11.52,0.96,0.27,"SD",8,"Muscle","LR06","Lotic","United States","USA","North America",-105.414398,41.927815,11510,"freshwater","introduced",1,1
"2745","Pimephales promelas","ID_0561","United States of America","Leuciscidae",256,4785,"Fathead Minnow","Cypriniformes","Pimephales",-26.76,9.85,0.46,0.41,"SD",8,"Muscle","LR07","Lotic","United States","USA","North America",-105.123964,42.056708,11510,"freshwater","introduced",1,1
"2747","Pimephales promelas","ID_0563","United States of America","Leuciscidae",256,4785,"Fathead minnow","Cypriniformes","Pimephales",-23.7,11.8,1.4,1.1,"SD",37,"Muscle","San_Juan_River","Lotic","United States","USA","North America",-109.17008,37.180112,11510,"freshwater","introduced",1,1
"2749","Pimephales promelas","ID_0577","United States of America","Leuciscidae",256,4785,"Fathead minnow","Cypriniformes","Pimephales",-19.7,10.2,1.2,1.5,"SE",6,"Muscle","Pecos_River","Lotic","United States","USA","North America",-104.271247,33.041703,11510,"freshwater","introduced",1,1
"2751","Pimephales vigilax","ID_0051","United States of America","Leuciscidae",256,2934,"Bullhead minnow","Cypriniformes","Pimephales",-23.93,12.88,0.33,0.17,"SD",NA,"Muscle","Urban_reach_Kansas_River","Lotic","United States","USA","North America",-96.780025,39.054858,11512,"freshwater","introduced",1,1
"2753","Pimephales vigilax","ID_0052","United States of America","Leuciscidae",256,2934,"Bullhead minnow","Cypriniformes","Pimephales",-22.75,13.45,0.52,0.75,"SD",NA,"Muscle","Intermediate_reach_Kansas_River","Lotic","United States","USA","North America",-95.967367,39.108244,11512,"freshwater","introduced",1,1
"2755","Pimephales vigilax","ID_0053","United States of America","Leuciscidae",256,2934,"Bullhead minnow","Cypriniformes","Pimephales",-21.78,14.8,0.6,0.45,"SD",NA,"Muscle","Low_urban_reach_Kansas_River","Lotic","United States","USA","North America",-94.888158,39.037142,11512,"freshwater","introduced",1,1
"2757","Pimephales vigilax","ID_0577","United States of America","Leuciscidae",256,2934,"Bullhead minnow","Cypriniformes","Pimephales",-17,15,0,0.1,"SE",2,"Muscle","Pecos_River","Lotic","United States","USA","North America",-104.271247,33.041703,11512,"freshwater","introduced",1,1
"2759","Plagioscion squamosissimus","ID_0213","Brazil","Sciaenidae",41,4310,"Silver croaker","Eupercaria/misc","Plagioscion",-28.7,13.4,0.6,0.7,"SD",5,"Muscle","Lake_Pereira_April_2000","Lentic","Brazil","BRA","South America",-55.601111,-4.035,12188,"freshwater","introduced",1,1
"2761","Plagioscion squamosissimus","ID_0214","Brazil","Sciaenidae",41,4310,"Silver croaker","Eupercaria/misc","Plagioscion",-26.7,12.6,1.1,0.9,"SD",4,"Muscle","Lake_Pereira_January_2001","Lentic","Brazil","BRA","South America",-55.601111,-4.035,12188,"freshwater","introduced",1,1
"2763","Plagioscion squamosissimus","ID_0377","Brazil","Sciaenidae",41,4310,"Silver croaker","Eupercaria/misc","Plagioscion",-31.23,11.59,1.97,0.84,"SD",9,"Muscle","Lago_Grande_de_Manacapuru","Lentic","Brazil","BRA","South America",-60.814934,-3.304365,12188,"freshwater","introduced",1,1
"2765","Plagioscion squamosissimus","ID_0458","Brazil","Sciaenidae",41,4310,"Silver croaker","Eupercaria/misc","Plagioscion",-32.93,9.66,NA,NA,NA,5,"Muscle","Puruzinho_Lake","Lentic","Brazil","BRA","South America",-63.084722,-7.348056,12188,"freshwater","introduced",1,1
"2767","Plagioscion squamosissimus","ID_0625","Brazil","Sciaenidae",41,4310,"Silver croaker","Eupercaria/misc","Plagioscion",-31.52,11.39,NA,NA,"SD",1,"Muscle/Fin","Sacado do juburi_OxbowLakes","Lentic","Brazil","BRA","South America",-67.224808,-5.146853,12188,"freshwater","introduced",1,1
"2769","Platygobio gracilis","ID_0282","United States of America","Leuciscidae",256,10173,"Flathead chub","Cypriniformes","Platygobio",-21.36,8.48,0.19,0.54,"SD",2,"Muscle","Rio_Grande_Bernalillo_Autumn","Lotic","United States","USA","North America",-106.556936,35.322669,11514,"brackish; freshwater","introduced",1,1
"2771","Platygobio gracilis","ID_0283","United States of America","Leuciscidae",256,10173,"Flathead chub","Cypriniformes","Platygobio",-19.11,11.48,1.46,0.41,"SD",5,"Muscle","Rio_Grande_Bernalillo_Summer","Lotic","United States","USA","North America",-106.556936,35.322669,11514,"brackish; freshwater","introduced",1,1
"2773","Platygobio gracilis","ID_0284","United States of America","Leuciscidae",256,10173,"Flathead chub","Cypriniformes","Platygobio",-18.97,12.58,NA,NA,"SD",1,"Muscle","Rio_Grande_Bernardo_Autumn","Lotic","United States","USA","North America",-106.799697,34.4176,11514,"brackish; freshwater","introduced",1,1
"2775","Poecilia latipinna","ID_0197","United States of America","Poeciliidae",256,3226,"Sailfin Molly","Cyprinodontiformes","Poecilia",-28.44,8.44,1.33,0.6,"SD",24,"Muscle","Santa_Fe_River_Florida","Lotic","United States","USA","North America",-82.715278,29.848611,11636,"brackish; freshwater; marine","introduced",1,1
"2777","Poecilia reticulata","ID_0022","Japan","Poeciliidae",132,3228,"Guppy","Cyprinodontiformes","Poecilia",-24.4,13.17,1.06,0.41,"SD",5,"Muscle","Hija_River_reservoir_area_of_the_Hija_River","Lotic","Japan","JPN","Asia",127.754444,26.367778,11640,"brackish; freshwater","introduced",1,0
"2778","Poecilia reticulata","ID_0023","Japan","Poeciliidae",132,3228,"Guppy","Cyprinodontiformes","Poecilia",-23.99,17.03,0.58,0.57,"SD",7,"Muscle","Haebaru_Reservoir","Lentic","Japan","JPN","Asia",127.740556,26.212778,11640,"brackish; freshwater","introduced",1,0
"2779","Poecilia reticulata","ID_0099","Kenya","Poeciliidae",134,3228,"Guppy","Cyprinodontiformes","Poecilia",-24.06,6.44,0.49,0.47,"SD",NA,"Muscle","Lake_Baringo","Lentic","Kenya","KEN","Africa",36.068322,0.6237,11640,"brackish; freshwater","introduced",1,0
"2780","Poecilia reticulata","ID_0928","Australia","Poeciliidae",20,3228,"Guppy","Cyprinodontiformes","Poecilia",-26.92,8.42,1.69,3.39,"SD",3,"Muscle","Brisbane River_04","Lotic","Australia","AUS","Oceania",152.640734,-27.430624,11640,"brackish; freshwater","introduced",1,0
"2781","Poecilia reticulata","ID_0991","Australia","Poeciliidae",20,3228,"Guppy","Cyprinodontiformes","Poecilia",-28.03,12.92,1.92,0.01,"SD",2,"Whole","Clemenson_Ck Site1","Lotic","Australia","AUS","Oceania",145.58333,-17.33333,11640,"brackish; freshwater","introduced",1,0
"2782","Poecilia reticulata","ID_0992","Australia","Poeciliidae",20,3228,"Guppy","Cyprinodontiformes","Poecilia",-26.39,14.55,0.59,0.31,"SD",4,"Whole","Clemenson_Ck Site2","Lotic","Australia","AUS","Oceania",145.58333,-17.33333,11640,"brackish; freshwater","introduced",1,0
"2783","Poecilia reticulata","ID_0993","Australia","Poeciliidae",20,3228,"Guppy","Cyprinodontiformes","Poecilia",-29.88,12.38,0.42,0.51,"SD",3,"Whole","Clemenson_Ck Site3","Lotic","Australia","AUS","Oceania",145.56666,-17.33333,11640,"brackish; freshwater","introduced",1,0
"2784","Polyodon spathula","ID_0422","United States of America","Polyodontidae",256,174,"Paddlefish","Acipenseriformes","Polyodon",-26.02,14.23,NA,NA,NA,NA,"Muscle","Contemporary_Lower_Illinois_River_CL","Lotic","United States","USA","North America",-89.627716,40.631024,11062,"freshwater","introduced",1,1
"2786","Polyodon spathula","ID_0423","United States of America","Polyodontidae",256,174,"Paddlefish","Acipenseriformes","Polyodon",-27.83,15.12,NA,NA,NA,NA,"Muscle","Contemporary_Upper_Illinois_River_CU","Lotic","United States","USA","North America",-88.359041,41.309955,11062,"freshwater","introduced",1,1
"2788","Polyodon spathula","ID_0424","United States of America","Polyodontidae",256,174,"Paddlefish","Acipenseriformes","Polyodon",-28.21,21.84,NA,NA,NA,NA,"Muscle","Historical_Lower_Illinois_River_HL","Lotic","United States","USA","North America",-89.627716,40.631024,11062,"freshwater","introduced",1,1
"2790","Pomoxis annularis","ID_0168","United States of America","Centrarchidae",256,3387,"White crappie","Centrarchiformes","Pomoxis",-26.31,11.06,0.19,0.26,"SD",3,"Muscle","Shasta_Lake_California","Lentic","United States","USA","North America",-122.371897,40.760067,12208,"brackish; freshwater","introduced",1,1
"2792","Pomoxis annularis","ID_0261","United States of America","Centrarchidae",256,3387,"Crappie","Centrarchiformes","Pomoxis",-25.2,11.4,0.7,0.2,"SD",2,NA,"Arizona_streams_Verde_River_Arizona","Lotic","United States","USA","North America",-111.882947,34.590633,12208,"brackish; freshwater","introduced",1,1
"2794","Pomoxis annularis","ID_0287","United States of America","Centrarchidae",256,3387,"White crappie","Centrarchiformes","Pomoxis",-22.59,12.95,0.13,0.69,"SD",2,"Muscle","Rio_Grande_Bosque_Spring","Lotic","United States","USA","North America",-106.866697,33.794908,12208,"brackish; freshwater","introduced",1,1
"2796","Pomoxis nigromaculatus","ID_0127","United States of America","Centrarchidae",256,3388,"Black crappie","Centrarchiformes","Pomoxis",-25.46,17.39,NA,NA,NA,NA,"Muscle","Upper_Mississippi_River_1993","Lotic","United States","USA","North America",-89.467583,37.216472,12209,"brackish; freshwater","introduced",1,1
"2798","Pomoxis nigromaculatus","ID_0128","United States of America","Centrarchidae",256,3388,"Black crappie","Centrarchiformes","Pomoxis",-25.76,16.36,NA,NA,NA,NA,"Muscle","Upper_Mississippi_River_1994","Lotic","United States","USA","North America",-89.467583,37.216472,12209,"brackish; freshwater","introduced",1,1
"2800","Pomoxis nigromaculatus","ID_0149","United States of America","Centrarchidae",256,3388,"Black crappie","Centrarchiformes","Pomoxis",-28.8,12.1,NA,NA,NA,NA,"Muscle","Lake_Superior_Allouez_Bay_Wisconsin","Lentic","United States","USA","North America",-92.006639,47.53271,12209,"brackish; freshwater","introduced",1,1
"2802","Pomoxis nigromaculatus","ID_0168","United States of America","Centrarchidae",256,3388,"Black crappie","Centrarchiformes","Pomoxis",-27.02,9.96,NA,NA,NA,1,"Muscle","Shasta_Lake_California","Lentic","United States","USA","North America",-122.371897,40.760067,12209,"brackish; freshwater","introduced",1,1
"2804","Pomoxis nigromaculatus","ID_0183","United States of America","Centrarchidae",256,3388,"Black crappie","Centrarchiformes","Pomoxis",-8.6,11.16,0.93,0.63,"SD",NA,"Muscle","Lake_Apopka","Lentic","United States","USA","North America",-81.624881,28.623547,12209,"brackish; freshwater","introduced",1,1
"2806","Pomoxis nigromaculatus","ID_0223","United States of America","Centrarchidae",256,3388,"Black crappie","Centrarchiformes","Pomoxis",-20.36,16.08,NA,NA,"SD",1,"Muscle","Pelican_Bay_Sacramento-San_Joaquin_delta_California","Lotic","United States","USA","North America",-121.646469,38.052248,12209,"brackish; freshwater","introduced",1,1
"2808","Pomoxis nigromaculatus","ID_0251","United States of America","Centrarchidae",256,3388,"Black crappie","Centrarchiformes","Pomoxis",-26.53,15.81,NA,NA,NA,NA,"Muscle","Cutler_Reservoir_Utah","Lentic","United States","USA","North America",-111.954881,41.800117,12209,"brackish; freshwater","introduced",1,1
"2810","Pomoxis nigromaculatus","ID_0278","United States of America","Centrarchidae",256,3388,"Black crappie","Centrarchiformes","Pomoxis",-25.64,15.97,1.79,1.33,"SD",34,"Muscle","Utah_Lake","Lentic","United States","USA","North America",-111.786225,40.230214,12209,"brackish; freshwater","introduced",1,1
"2812","Pomoxis nigromaculatus","ID_0637","United States of America","Centrarchidae",256,3388,"Black crappie","Centrarchiformes","Pomoxis",-27.62,14.75,0.91,0.41,"SD",4,"Muscle","Cottage","Lentic","United States","USA","North America",-122.0866,47.7539,12209,"brackish; freshwater","introduced",1,1
"2814","Pomoxis nigromaculatus","ID_0644","United States of America","Centrarchidae",256,3388,"Black crappie","Centrarchiformes","Pomoxis",-24.65,8.77,0.55,0.9,"SD",4,"Muscle","Steel","Lentic","United States","USA","North America",-122.3029,47.3269,12209,"brackish; freshwater","introduced",1,1
"2816","Prosopium cylindraceum","ID_0180","United States of America","Salmonidae",256,2682,"Round whitefish","Salmoniformes","Prosopium",-24.51,12.59,1.46,0.34,"SD",NA,"Muscle","Lake_Michigan_Grand_Traverse_Bay_Michigan","Lentic","United States","USA","North America",-85.5,44.900833,12423,"brackish; freshwater","introduced",1,1
"2818","Prosopium williamsoni","ID_0159","United States of America","Salmonidae",256,2685,"Mountain whitefish","Salmoniformes","Prosopium",-22.9,11.7,0.6,1.8,"SD",3,"Muscle","Lake_Washington_Washington","Lentic","United States","USA","North America",-122.259383,47.6097,12425,"freshwater","introduced",1,1
"2820","Prosopium williamsoni","ID_0160","United States of America","Salmonidae",256,2685,"Mountain whitefish","Salmoniformes","Prosopium",-25.58,7.34,0.79,0.38,"SE",5,"Muscle","Kintla_Lake_Montana","Lentic","United States","USA","North America",-114.319669,48.953836,12425,"freshwater","introduced",1,1
"2822","Prosopium williamsoni","ID_0161","United States of America","Salmonidae",256,2685,"Mountain whitefish","Salmoniformes","Prosopium",-24.83,7.76,0.42,0.28,"SE",5,"Muscle","Bowman_Lake_Montana","Lentic","United States","USA","North America",-114.1535,48.872619,12425,"freshwater","introduced",1,1
"2824","Prosopium williamsoni","ID_0162","United States of America","Salmonidae",256,2685,"Mountain whitefish","Salmoniformes","Prosopium",-27.24,8.66,0.52,0.17,"SE",10,"Muscle","Quartz_Lake_Montana","Lentic","United States","USA","North America",-114.116014,48.822856,12425,"freshwater","introduced",1,1
"2826","Prosopium williamsoni","ID_0163","United States of America","Salmonidae",256,2685,"Mountain whitefish","Salmoniformes","Prosopium",-24.89,8.5,1.5,0.3,"SE",5,"Muscle","Lower_Quartz_Lake_Montana","Lentic","United States","USA","North America",-114.173097,48.807133,12425,"freshwater","introduced",1,1
"2828","Prosopium williamsoni","ID_0164","United States of America","Salmonidae",256,2685,"Mountain whitefish","Salmoniformes","Prosopium",-25.28,9.09,0.65,0.19,"SE",5,"Muscle","Logging_Lake_Montana","Lentic","United States","USA","North America",-114.072981,48.758958,12425,"freshwater","introduced",1,1
"2830","Prosopium williamsoni","ID_0165","United States of America","Salmonidae",256,2685,"Mountain whitefish","Salmoniformes","Prosopium",-26.11,5.88,0.95,0.21,"SE",5,"Muscle","Lake_McDonald_Montana","Lentic","United States","USA","North America",-113.925575,48.583292,12425,"freshwater","introduced",1,1
"2832","Prosopium williamsoni","ID_0166","United States of America","Salmonidae",256,2685,"Mountain whitefish","Salmoniformes","Prosopium",-28.86,9.07,0.6,0.58,"SE",5,"Muscle","Harrison_Lake_Montana","Lentic","United States","USA","North America",-113.761967,48.522458,12425,"freshwater","introduced",1,1
"2834","Prosopium williamsoni","ID_0173","United States of America","Salmonidae",256,2685,"Mountain whitefish","Salmoniformes","Prosopium",-18.14,7.01,1.62,0.21,"SE",2,"Muscle","Lake_Tahoe_California-Nevada_1872-1894","Lentic","United States","USA","North America",-120.031692,39.109806,12425,"freshwater","introduced",1,1
"2836","Prosopium williamsoni","ID_0174","United States of America","Salmonidae",256,2685,"Mountain whitefish","Salmoniformes","Prosopium",-17.46,6.91,1.16,0.46,"SE",10,"Muscle","Lake_Tahoe_California-Nevada_1904-1913","Lentic","United States","USA","North America",-120.031692,39.109806,12425,"freshwater","introduced",1,1
"2838","Prosopium williamsoni","ID_0175","United States of America","Salmonidae",256,2685,"Mountain whitefish","Salmoniformes","Prosopium",-17.27,7.55,1.24,0.16,"SE",5,"Muscle","Lake_Tahoe_California-Nevada_1927-1942","Lentic","United States","USA","North America",-120.031692,39.109806,12425,"freshwater","introduced",1,1
"2840","Prosopium williamsoni","ID_0177","United States of America","Salmonidae",256,2685,"Mountain whitefish","Salmoniformes","Prosopium",-22.96,6.04,0.28,0.2,"SE",3,"Muscle","Lake_Tahoe_California-Nevada_1998-2000","Lentic","United States","USA","North America",-120.031692,39.109806,12425,"freshwater","introduced",1,1
"2842","Prosopium williamsoni","ID_0460","United States of America","Salmonidae",256,2685,"Mountain whitefish","Salmoniformes","Prosopium",-25.8,6.9,0.4,0.1,"SD",17,"Muscle","Priest_Lake","Lentic","United States","USA","North America",-116.855631,48.565973,12425,"freshwater","introduced",1,1
"2844","Pseudorasbora parva","ID_0011","United Kingdom","Gobionidae",91,4691,"Stone moroko","Cypriniformes","Pseudorasbora",-23.3,8.4,0.7,0.7,"SD",51,"Muscle","Pond_2_exp","Lentic","United Kingdom","GBR","Europe",-2.344727,52.219172,11518,"brackish; freshwater","introduced",1,0
"2845","Pseudorasbora parva","ID_0022","Japan","Gobionidae",132,4691,"Stone moroko","Cypriniformes","Pseudorasbora",-24.29,12.9,0.94,2.48,"SD",8,"Muscle","Hija_River_reservoir_area_of_the_Hija_River","Lotic","Japan","JPN","Asia",127.754444,26.367778,11518,"brackish; freshwater","introduced",1,1
"2847","Pseudorasbora parva","ID_0023","Japan","Gobionidae",132,4691,"Stone moroko","Cypriniformes","Pseudorasbora",-24.99,13.05,0.7,1.7,"SD",4,"Muscle","Haebaru_Reservoir","Lentic","Japan","JPN","Asia",127.740556,26.212778,11518,"brackish; freshwater","introduced",1,1
"2849","Pseudorasbora parva","ID_0153","China","Gobionidae",52,4691,"Stone moroko","Cypriniformes","Pseudorasbora",-24,14.2,0.2,0.2,"SD",4,"Muscle/Whole","Lake_Taihu","Lentic","China","CHN","Asia",120.192,31.246,11518,"brackish; freshwater","introduced",1,1
"2851","Pseudorasbora parva","ID_0307","Japan","Gobionidae",132,4691,"Stone moroko","Cypriniformes","Pseudorasbora",-28.6,14.9,0.9,0.6,"SD",5,"Muscle","Lake_Izunuma_jul","Lentic","Japan","JPN","Asia",141.103113,38.719369,11518,"brackish; freshwater","introduced",1,1
"2853","Pseudorasbora parva","ID_0308","Japan","Gobionidae",132,4691,"Stone moroko","Cypriniformes","Pseudorasbora",-28.7,14.8,0.6,1.1,"SD",5,"Muscle","Lake_Izunuma_aug","Lentic","Japan","JPN","Asia",141.103113,38.719369,11518,"brackish; freshwater","introduced",1,1
"2855","Pseudorasbora parva","ID_0309","Japan","Gobionidae",132,4691,"Stone moroko","Cypriniformes","Pseudorasbora",-28,14.9,1.1,0.9,"SD",5,"Muscle","Lake_Izunuma_sep","Lentic","Japan","JPN","Asia",141.103113,38.719369,11518,"brackish; freshwater","introduced",1,1
"2857","Pseudorasbora parva","ID_0310","Japan","Gobionidae",132,4691,"Stone moroko","Cypriniformes","Pseudorasbora",-27,13.6,1.8,1.4,"SD",4,"Muscle","Lake_Izunuma_jun","Lentic","Japan","JPN","Asia",141.103113,38.719369,11518,"brackish; freshwater","introduced",1,1
"2859","Pseudorasbora parva","ID_0459","China","Gobionidae",52,4691,"Stone moroko","Cypriniformes","Pseudorasbora",-21.11,7.66,1.48,0.98,"SD",12,"Muscle","Three_Gorges_Reservoir","Lentic","China","CHN","Asia",106.555183,29.543405,11518,"brackish; freshwater","introduced",1,1
"2861","Pseudorasbora parva","ID_0473","Belgium","Gobionidae",25,4691,"Stone moroko","Cypriniformes","Pseudorasbora",-37.38,15.75,0.17,0.13,"SE",12,"Muscle","Belgium_Pond_1","Lentic","Belgium","BEL","Europe",4.177948,51.035454,11518,"brackish; freshwater","introduced",1,0
"2862","Pseudorasbora parva","ID_0474","Belgium","Gobionidae",25,4691,"Stone moroko","Cypriniformes","Pseudorasbora",-35.84,13.5,0.41,0.1,"SE",10,"Muscle","Belgium_Pond_2","Lentic","Belgium","BEL","Europe",4.181944,51.038233,11518,"brackish; freshwater","introduced",1,0
"2863","Pseudorasbora parva","ID_0475","Belgium","Gobionidae",25,4691,"Stone moroko","Cypriniformes","Pseudorasbora",-38.58,10.7,0.13,0.2,"SE",10,"Muscle","Belgium_Pond_3","Lentic","Belgium","BEL","Europe",4.191944,51.038233,11518,"brackish; freshwater","introduced",1,0
"2864","Pseudorasbora parva","ID_0476","United Kingdom","Gobionidae",91,4691,"Stone moroko","Cypriniformes","Pseudorasbora",-25.51,5.51,0.12,0.08,"SE",20,"Muscle","Wales_Millennium_Costal_Park_Pond","Lentic","United Kingdom","GBR","Europe",-4.201667,51.686111,11518,"brackish; freshwater","introduced",1,0
"2865","Pseudorasbora parva","ID_0481","China","Gobionidae",52,4691,"Stone moroko","Cypriniformes","Pseudorasbora",-24.9,17.5,0.2,0.3,"SD",NA,"Muscle","Unrestored_basin_Huizhou_West_Lake(PDB)","Lentic","China","CHN","Asia",114.393889,23.0975,11518,"brackish; freshwater","introduced",1,1
"2867","Pseudorasbora parva","ID_0486","Italy","Gobionidae",126,4691,"Stone moroko","Cypriniformes","Pseudorasbora",-26,14.8,0.1,0.3,"SE",4,"Muscle","Arno_river","Lotic","Italy","ITA","Europe",11.050653,43.116756,11518,"brackish; freshwater","introduced",1,0
"2868","Pseudorasbora parva","ID_0498","China","Gobionidae",52,4691,"Stone moroko","Cypriniformes","Pseudorasbora",-23.08,8.77,0.1,0.07,"SD",8,"Muscle","Huangshui_River_ZoneB&C","Lotic","China","CHN","Asia",111.035,29.645278,11518,"brackish; freshwater","introduced",1,1
"2870","Pseudorasbora parva","ID_0499","China","Gobionidae",52,4691,"Stone moroko","Cypriniformes","Pseudorasbora",-16.67,11.58,0.97,0.65,"SD",14,"Muscle","Huangshui_River_ZoneD&E","Lotic","China","CHN","Asia",111.035,29.645278,11518,"brackish; freshwater","introduced",1,1
"2872","Pseudorasbora parva","ID_0760","China","Gobionidae",52,4691,"Stone moroko","Cypriniformes","Pseudorasbora",-26.97,14.24,0.17,0.67,NA,NA,"Muscle","Lake_Chaohu","Lentic","China","CHN","Asia",117.361077,31.663703,11518,"brackish; freshwater","introduced",1,1
"2874","Pseudorasbora parva","ID_0839","China","Gobionidae",52,4691,"Stone moroko_juvenile","Cypriniformes","Pseudorasbora",-23.43,9.7,1.1,2.42,"SD",NA,"Muscle","Lake_Wuli_restored_part_Lake_Taihu","Lentic","China","CHN","Asia",120.349668,31.428779,11518,"brackish; freshwater","introduced",1,1
"2875","Pseudorasbora parva","ID_0839","China","Gobionidae",52,4691,"Stone moroko_adult","Cypriniformes","Pseudorasbora",-18.86,12.6,0.61,0.91,"SD",NA,"Muscle","Lake_Wuli_restored_part_Lake_Taihu","Lentic","China","CHN","Asia",120.349668,31.428779,11518,"brackish; freshwater","introduced",1,1
"2878","Pseudorasbora parva","ID_0840","China","Gobionidae",52,4691,"Stone moroko","Cypriniformes","Pseudorasbora",-21.27,15.97,0.29,0.51,"SD",5,"Whole","Lake_Dianshan_Shangai","Lentic","China","CHN","Asia",120.967583,31.111008,11518,"brackish; freshwater","introduced",1,1
"2880","Pterygoplichthys disjunctivus","ID_0022","Japan","Loricariidae",132,51938,"Armored catfish","Siluriformes","Pterygoplichthys",-23.41,12.41,0.24,1.36,"SD",5,"Muscle","Hija_River_reservoir_area_of_the_Hija_River","Lotic","Japan","JPN","Asia",127.754444,26.367778,12556,"freshwater","introduced",1,0
"2881","Pterygoplichthys disjunctivus","ID_0023","Japan","Loricariidae",132,51938,"Armored catfish","Siluriformes","Pterygoplichthys",-24.97,9.49,1.37,1.16,"SD",4,"Muscle","Haebaru_Reservoir","Lentic","Japan","JPN","Asia",127.740556,26.212778,12556,"freshwater","introduced",1,0
"2882","Pterygoplichthys disjunctivus","ID_0810","South Africa","Loricariidae",273,51938,"Armored catfish","Siluriformes","Pterygoplichthys",-28.19,12.61,2.35,1.52,"SD",41,"Muscle","Nseleni_river_system","Lotic","South Africa","ZAF","Africa",32.0131,-28.696996,12556,"freshwater","introduced",1,0
"2883","Ptychocheilus grandis","ID_0168","United States of America","Leuciscidae",256,2938,"Sacramento pikeminnow","Cypriniformes","Ptychocheilus",-27.03,8.1,1.24,2.03,"SD",3,"Muscle","Shasta_Lake_California","Lentic","United States","USA","North America",-122.371897,40.760067,11520,"freshwater","introduced",1,1
"2885","Pungitius pungitius","ID_0090","United States of America","Gasterosteidae",256,3273,"Ninespine stickleback","Perciformes/Gasterosteoidei","Pungitius",-22.1,10.5,NA,NA,NA,NA,"Muscle","Lake_Huron_Middle_Island","Lentic","Canada","CAN","North America",-83.327295,45.198415,11676,"brackish; freshwater; marine","introduced",1,1
"2887","Pygocentrus nattereri","ID_0211","Brazil","Serrasalmidae",41,4501,"Red piranha","Characiformes","Pygocentrus",-27.6,11.9,1.6,1.1,"SD",4,"Muscle","Lake_Bom_Intento_April_2000","Lentic","Brazil","BRA","South America",-55.589444,-3.978056,11194,"freshwater","introduced",1,1
"2889","Pygocentrus nattereri","ID_0212","Brazil","Serrasalmidae",41,4501,"Red piranha","Characiformes","Pygocentrus",-27.1,12,0.7,0.6,"SD",4,"Muscle","Lake_Bom_Intento_January_2001","Lentic","Brazil","BRA","South America",-55.589444,-3.978056,11194,"freshwater","introduced",1,1
"2891","Pygocentrus nattereri","ID_0213","Brazil","Serrasalmidae",41,4501,"Red piranha","Characiformes","Pygocentrus",-27.6,12.2,1.3,1.2,"SD",6,"Muscle","Lake_Pereira_April_2000","Lentic","Brazil","BRA","South America",-55.601111,-4.035,11194,"freshwater","introduced",1,1
"2893","Pygocentrus nattereri","ID_0214","Brazil","Serrasalmidae",41,4501,"Red piranha","Characiformes","Pygocentrus",-26.7,12.5,0.4,0.3,"SD",3,"Muscle","Lake_Pereira_January_2001","Lentic","Brazil","BRA","South America",-55.601111,-4.035,11194,"freshwater","introduced",1,1
"2895","Pygocentrus nattereri","ID_0377","Brazil","Serrasalmidae",41,4501,"Red piranha","Characiformes","Pygocentrus",-31.3,9.5,0.86,0.68,"SD",8,"Muscle","Lago_Grande_de_Manacapuru","Lentic","Brazil","BRA","South America",-60.814934,-3.304365,11194,"freshwater","introduced",1,1
"2897","Pygocentrus nattereri","ID_0527","Brazil","Serrasalmidae",41,4501,"Red piranha","Characiformes","Pygocentrus",-30.84,9.52,1.49,0.94,"SD",96,"Muscle","Site3_Itenez_River","Lotic","Bolivia","BOL","South America",-63.27227,-12.674577,11194,"freshwater","introduced",1,1
"2899","Pygocentrus nattereri","ID_0618","Brazil","Serrasalmidae",41,4501,"Red piranha","Characiformes","Pygocentrus",-30.7,11.27,0.89,0.45,"SD",6,"Muscle/Fin","Bom fim_OxbowLakes","Lentic","Brazil","BRA","South America",-67.8761,-6.00551,11194,"freshwater","introduced",1,1
"2901","Pygocentrus nattereri","ID_0619","Brazil","Serrasalmidae",41,4501,"Red piranha","Characiformes","Pygocentrus",-31.06,10.95,2.73,0.47,"SD",6,"Muscle/Fin","Damiao_OxbowLakes","Lentic","Brazil","BRA","South America",-67.769319,-5.686742,11194,"freshwater","introduced",1,1
"2903","Pygocentrus nattereri","ID_0620","Brazil","Serrasalmidae",41,4501,"Red piranha","Characiformes","Pygocentrus",-28.81,11.25,0.18,0.38,"SD",3,"Muscle/Fin","Mandioca_OxbowLakes","Lentic","Brazil","BRA","South America",-67.82875,-5.87691,11194,"freshwater","introduced",1,1
"2905","Pygocentrus nattereri","ID_0621","Brazil","Serrasalmidae",41,4501,"Red piranha","Characiformes","Pygocentrus",-28.82,11.68,0.43,0.91,"SD",3,"Muscle/Fin","Marari grande_OxbowLakes","Lentic","Brazil","BRA","South America",-67.7664,-5.94104,11194,"freshwater","introduced",1,1
"2907","Pygocentrus nattereri","ID_0622","Brazil","Serrasalmidae",41,4501,"Red piranha","Characiformes","Pygocentrus",-28.72,10.77,0.39,0.15,"SD",2,"Muscle/Fin","Puca_OxbowLakes","Lentic","Brazil","BRA","South America",-67.561133,-5.592256,11194,"freshwater","introduced",1,1
"2909","Pygocentrus nattereri","ID_0623","Brazil","Serrasalmidae",41,4501,"Red piranha","Characiformes","Pygocentrus",-31.68,10.79,0.65,0.32,"SD",4,"Muscle/Fin","Pupunha_OxbowLakes","Lentic","Brazil","BRA","South America",-67.7675,-5.6111,11194,"freshwater","introduced",1,1
"2911","Pygocentrus nattereri","ID_0624","Brazil","Serrasalmidae",41,4501,"Red piranha","Characiformes","Pygocentrus",-31.15,10.85,1.07,0.49,"SD",3,"Muscle/Fin","Ressaca do xibua_OxbowLakes","Lentic","Brazil","BRA","South America",-67.8653,-5.90524,11194,"freshwater","introduced",1,1
"2913","Pygocentrus nattereri","ID_0625","Brazil","Serrasalmidae",41,4501,"Red piranha","Characiformes","Pygocentrus",-30.36,11.22,1,0.23,"SD",2,"Muscle/Fin","Sacado do juburi_OxbowLakes","Lentic","Brazil","BRA","South America",-67.224808,-5.146853,11194,"freshwater","introduced",1,1
"2915","Pygocentrus nattereri","ID_0626","Brazil","Serrasalmidae",41,4501,"Red piranha","Characiformes","Pygocentrus",-30.45,10.39,1.43,0.84,"SD",4,"Muscle","Samauma_OxbowLakes","Lentic","Brazil","BRA","South America",-67.634469,-5.5276,11194,"freshwater","introduced",1,1
"2917","Pygocentrus nattereri","ID_0627","Brazil","Serrasalmidae",41,4501,"Red piranha","Characiformes","Pygocentrus",-29.58,11.16,0.29,0.15,"SD",3,"Muscle/Fin","Santa clara_OxbowLakes","Lentic","Brazil","BRA","South America",-67.80333,-5.98456,11194,"freshwater","introduced",1,1
"2919","Pygocentrus nattereri","ID_0628","Brazil","Serrasalmidae",41,4501,"Red piranha","Characiformes","Pygocentrus",-29.82,10.99,1.82,0.03,"SD",2,"Muscle/Fin","Sao sebastiao_OxbowLakes","Lentic","Brazil","BRA","South America",-67.877531,-6.059222,11194,"freshwater","introduced",1,1
"2921","Pygocentrus nattereri","ID_0835","Brazil","Serrasalmidae",41,4501,"Red piranha","Characiformes","Pygocentrus",-32.28,10.05,1.01,0.29,"SD",8,"Muscle","Solimões_River_Cabaliana","Lotic","Brazil","BRA","South America",-61,-3.5,11194,"freshwater","introduced",1,1
"2923","Pygocentrus nattereri","ID_0836","Brazil","Serrasalmidae",41,4501,"Red piranha","Characiformes","Pygocentrus",-29.76,9.48,1.34,0.51,"SD",3,"Muscle","Solimões_River_Janauacá","Lotic","Brazil","BRA","South America",-61,-3.5,11194,"freshwater","introduced",1,1
"2925","Pylodictis olivaris","ID_0047","United States of America","Ictaluridae",256,3051,"Flathead catfish","Siluriformes","Pylodictis",-26,10.9,0.8,2.3,"SD",2,"Muscle","Riverside_Gila_River_New_Mexico_","Lotic","United States","USA","North America",-108.606342,32.940211,12561,"brackish; freshwater","introduced",1,1
"2927","Pylodictis olivaris","ID_0051","United States of America","Ictaluridae",256,3051,"Flathead catfish","Siluriformes","Pylodictis",-23.04,15.32,0.36,0.16,"SD",NA,"Muscle","Urban_reach_Kansas_River","Lotic","United States","USA","North America",-96.780025,39.054858,12561,"brackish; freshwater","introduced",1,1
"2929","Pylodictis olivaris","ID_0052","United States of America","Ictaluridae",256,3051,"Flathead catfish","Siluriformes","Pylodictis",-23.07,14.52,1.08,0.59,"SD",NA,"Muscle","Intermediate_reach_Kansas_River","Lotic","United States","USA","North America",-95.967367,39.108244,12561,"brackish; freshwater","introduced",1,1
"2931","Pylodictis olivaris","ID_0053","United States of America","Ictaluridae",256,3051,"Flathead catfish","Siluriformes","Pylodictis",-22.08,16.6,0.43,0.76,"SD",NA,"Muscle","Low_urban_reach_Kansas_River","Lotic","United States","USA","North America",-94.888158,39.037142,12561,"brackish; freshwater","introduced",1,1
"2933","Pylodictis olivaris","ID_0129","United States of America","Ictaluridae",256,3051,"Flathead catfish","Siluriformes","Pylodictis",-22.99,13.89,NA,NA,NA,NA,"Muscle","Missouri_River_1993","Lotic","United States","USA","North America",-91.4385,38.709806,12561,"brackish; freshwater","introduced",1,1
"2935","Pylodictis olivaris","ID_0130","United States of America","Ictaluridae",256,3051,"Flathead catfish","Siluriformes","Pylodictis",-25.26,13.71,NA,NA,NA,NA,"Muscle","Missouri_River_1994","Lotic","United States","USA","North America",-91.4385,38.709806,12561,"brackish; freshwater","introduced",1,1
"2937","Pylodictis olivaris","ID_0261","United States of America","Ictaluridae",256,3051,"Flathead catfish","Siluriformes","Pylodictis",-24.3,11.4,0.9,2.4,"SD",19,NA,"Arizona_streams_Verde_River_Arizona","Lotic","United States","USA","North America",-111.882947,34.590633,12561,"brackish; freshwater","introduced",1,1
"2939","Pylodictis olivaris","ID_0432","United States of America","Ictaluridae",256,3051,"Flathead catfish","Siluriformes","Pylodictis",-25.8,16.9,0,1.56,"SD",2,"Muscle","Red_and_Atchafalaya_rivers","Lotic","United States","USA","North America",-91.716333,31.076184,12561,"brackish; freshwater","introduced",1,1
"2941","Pylodictis olivaris","ID_0577","United States of America","Ictaluridae",256,3051,"Flathead catfish","Siluriformes","Pylodictis",-19.6,15.1,NA,NA,"SE",1,"Muscle","Pecos_River","Lotic","United States","USA","North America",-104.271247,33.041703,12561,"brackish; freshwater","introduced",1,1
"2943","Rhamdia quelen","ID_0690","Panama","Heptapteridae",191,23351,"South American catfish","Siluriformes","Rhamdia",-30.19,12,1.24,1.36,"SD",2,"Muscle","Gatun_lake_2013","Lentic","Panama","PAN","South America",-79.944564,9.163344,12562,"freshwater","introduced",1,1
"2945","Rhamdia quelen","ID_0863","Panama","Heptapteridae",191,23351,"South American catfish","Siluriformes","Rhamdia",-26.38,13.4,1.73,0.32,"SD",3,"Muscle","Gatun_lake_2016","Lentic","Panama","PAN","South America",-79.944564,9.163344,12562,"freshwater","introduced",1,1
"2947","Rhinichthys atratulus","ID_0353","United States of America","Leuciscidae",256,2943,"Blacknose dace","Cypriniformes","Rhinichthys",-32,9.3,0.71,0.42,"SD",2,"Muscle","Sixmile_brook_Tributary_date_39652","Lotic","United States","USA","North America",-74.351194,43.991278,11534,"freshwater","introduced",1,1
"2949","Rhinichthys atratulus","ID_0354","United States of America","Leuciscidae",256,2943,"Blacknose dace","Cypriniformes","Rhinichthys",-30.4,10.64,0.74,0.32,"SD",5,"Muscle","Sixmile_brook_Tributary_date_39728","Lotic","United States","USA","North America",-74.351194,43.991278,11534,"freshwater","introduced",1,1
"2951","Rhinichthys atratulus","ID_0355","United States of America","Leuciscidae",256,2943,"Blacknose dace","Cypriniformes","Rhinichthys",-34.6,10.13,0.53,0.25,"SD",3,"Muscle","Sixmile_brook_below_SB_tributary_date_39954","Lotic","United States","USA","North America",-74.345556,43.987778,11534,"freshwater","introduced",1,1
"2953","Rhinichthys atratulus","ID_0356","United States of America","Leuciscidae",256,2943,"Blacknose dace","Cypriniformes","Rhinichthys",-34.75,10.3,0.21,0,"SD",2,"Muscle","Sixmile_brook_near_Long_Lake_date_39652","Lotic","United States","USA","North America",-74.341,43.988194,11534,"freshwater","introduced",1,1
"2955","Rhinichthys atratulus","ID_0357","United States of America","Leuciscidae",256,2943,"Blacknose dace","Cypriniformes","Rhinichthys",-35.3,11,0.16,0.26,"SD",4,"Muscle","Sixmile_brook_near_Long_Lake_date_39729","Lotic","United States","USA","North America",-74.341,43.988194,11534,"freshwater","introduced",1,1
"2957","Rhinichthys atratulus","ID_0358","United States of America","Leuciscidae",256,2943,"Blacknose dace","Cypriniformes","Rhinichthys",-35.07,10.5,0.55,0.26,"SD",3,"Muscle","Sixmile_brook_near_Long_Lake_date_39954","Lotic","United States","USA","North America",-74.341,43.988194,11534,"freshwater","introduced",1,1
"2959","Rhinichthys atratulus","ID_0359","United States of America","Leuciscidae",256,2943,"Blacknose dace","Cypriniformes","Rhinichthys",-32.73,9.73,4.36,1.33,"SD",3,"Muscle","Sixmile_brook_near_Long_Lake_date_40009","Lotic","United States","USA","North America",-74.341,43.988194,11534,"freshwater","introduced",1,1
"2961","Rhinichthys atratulus","ID_0362","United States of America","Leuciscidae",256,2943,"Blacknose dace","Cypriniformes","Rhinichthys",-31.7,9.5,1.98,0.42,"SD",2,"Muscle","Fishing_brook_near_newcomb_date_39700","Lotic","United States","USA","North America",-74.291333,43.987583,11534,"freshwater","introduced",1,1
"2963","Rhinichthys cataractae","ID_0282","United States of America","Leuciscidae",256,2944,"Longnose dace","Cypriniformes","Rhinichthys",-22.6,9.82,0.61,1.14,"SD",5,"Muscle","Rio_Grande_Bernalillo_Autumn","Lotic","United States","USA","North America",-106.556936,35.322669,11535,"freshwater","introduced",1,1
"2965","Rhinichthys cataractae","ID_0283","United States of America","Leuciscidae",256,2944,"Longnose dace","Cypriniformes","Rhinichthys",-20.63,12.4,0.83,0.89,"SD",5,"Muscle","Rio_Grande_Bernalillo_Summer","Lotic","United States","USA","North America",-106.556936,35.322669,11535,"freshwater","introduced",1,1
"2967","Rhinichthys cataractae","ID_0358","United States of America","Leuciscidae",256,2944,"Longnose dace","Cypriniformes","Rhinichthys",-32.9,10.2,NA,NA,"SD",1,"Muscle","Sixmile_brook_near_Long_Lake_date_39954","Lotic","United States","USA","North America",-74.341,43.988194,11535,"freshwater","introduced",1,1
"2969","Rhinichthys cataractae","ID_0548","United States of America","Leuciscidae",256,2944,"Longnose dace ","Cypriniformes","Rhinichthys",-24.94,6.97,0.98,0.3,"SD",15,"Muscle","SW02","Lotic","United States","USA","North America",-108.879355,42.373322,11535,"freshwater","introduced",1,1
"2971","Rhinichthys cataractae","ID_0549","United States of America","Leuciscidae",256,2944,"Longnose dace ","Cypriniformes","Rhinichthys",-26.25,6.68,1.41,0.3,"SD",15,"Muscle","SW03","Lotic","United States","USA","North America",-107.966105,42.571843,11535,"freshwater","introduced",1,1
"2973","Rhinichthys cataractae","ID_0550","United States of America","Leuciscidae",256,2944,"Longnose dace ","Cypriniformes","Rhinichthys",-29.34,8.53,1.48,0.24,"SD",17,"Muscle","SW04","Lotic","United States","USA","North America",-107.1476,42.488328,11535,"freshwater","introduced",1,1
"2975","Rhinichthys cataractae","ID_0552","United States of America","Leuciscidae",256,2944,"Longnose dace ","Cypriniformes","Rhinichthys",-25.9,8.68,0.34,0.34,"SD",10,"Muscle","MB02","Lotic","United States","USA","North America",-106.416902,41.605678,11535,"freshwater","introduced",1,1
"2977","Rhinichthys cataractae","ID_0553","United States of America","Leuciscidae",256,2944,"Longnose dace ","Cypriniformes","Rhinichthys",-29.37,9.92,0.98,0.15,"SD",5,"Muscle","MB03","Lotic","United States","USA","North America",-106.31846,41.724793,11535,"freshwater","introduced",1,1
"2979","Rhinichthys cataractae","ID_0554","United States of America","Leuciscidae",256,2944,"Longnose dace ","Cypriniformes","Rhinichthys",-27.97,11.39,0.93,0.34,"SD",8,"Muscle","MB04","Lotic","United States","USA","North America",-106.512402,42.00988,11535,"freshwater","introduced",1,1
"2981","Rhinichthys cataractae","ID_0556","United States of America","Leuciscidae",256,2944,"Longnose dace ","Cypriniformes","Rhinichthys",-26.74,8.17,0.81,0.44,"SD",39,"Muscle","LR02","Lotic","United States","USA","North America",-106.037822,41.030829,11535,"freshwater","introduced",1,1
"2983","Rhinichthys cataractae","ID_0557","United States of America","Leuciscidae",256,2944,"Longnose dace ","Cypriniformes","Rhinichthys",-27.01,8.58,0.57,0.41,"SD",17,"Muscle","LR03","Lotic","United States","USA","North America",-105.980393,41.138216,11535,"freshwater","introduced",1,1
"2985","Rhinichthys cataractae","ID_0558","United States of America","Leuciscidae",256,2944,"Longnose dace ","Cypriniformes","Rhinichthys",-28.72,8.94,0.73,0.31,"SD",43,"Muscle","LR04","Lotic","United States","USA","North America",-105.722747,41.227001,11535,"freshwater","introduced",1,1
"2987","Rhinichthys cataractae","ID_0559","United States of America","Leuciscidae",256,2944,"Longnose dace ","Cypriniformes","Rhinichthys",-28.71,11.81,0.55,0.56,"SD",28,"Muscle","LR05","Lotic","United States","USA","North America",-105.605355,41.309678,11535,"freshwater","introduced",1,1
"2989","Rhinichthys cataractae","ID_0560","United States of America","Leuciscidae",256,2944,"Longnose dace ","Cypriniformes","Rhinichthys",-26.64,11.43,1.19,0.48,"SD",21,"Muscle","LR06","Lotic","United States","USA","North America",-105.414398,41.927815,11535,"freshwater","introduced",1,1
"2991","Rhinichthys cataractae","ID_0562","United States of America","Leuciscidae",256,2944,"Longnose dace ","Cypriniformes","Rhinichthys",-29.01,10.33,0.66,0.93,"SD",6,"Muscle","LR08","Lotic","United States","USA","North America",-104.852362,42.123592,11535,"freshwater","introduced",1,1
"2993","Rhinichthys osculus","ID_0027","United States of America","Leuciscidae",256,2947,"Speckled dace","Cypriniformes","Rhinichthys",-23.7,12.96,0.69,0.34,"SD",3,NA,"Reach_2_San_Juan_River_Texas","Lotic","United States","USA","North America",-109.860297,37.174328,11536,"freshwater","introduced",1,1
"2995","Rhinichthys osculus","ID_0028","United States of America","Leuciscidae",256,2947,"Speckled dace","Cypriniformes","Rhinichthys",-24.67,13.96,0.61,0.43,"SD",6,NA,"Reach_3_San_Juan_River_Oklahoma","Lotic","United States","USA","North America",-109.240933,37.239383,11536,"freshwater","introduced",1,1
"2997","Rhinichthys osculus","ID_0029","United States of America","Leuciscidae",256,2947,"Speckled dace","Cypriniformes","Rhinichthys",-24.15,14.51,0.61,0.51,"SD",2,NA,"Reach_4_San_Juan_River_Oklahoma","Lotic","United States","USA","North America",-108.939772,36.917928,11536,"freshwater","introduced",1,1
"2999","Rhinichthys osculus","ID_0030","United States of America","Leuciscidae",256,2947,"Speckled dace","Cypriniformes","Rhinichthys",-23.84,14.31,0.58,0.25,"SD",6,NA,"Reach_5_San_Juan_River_Kansas","Lotic","United States","USA","North America",-108.738572,36.825047,11536,"freshwater","introduced",1,1
"3001","Rhinichthys osculus","ID_0031","United States of America","Leuciscidae",256,2947,"Speckled dace","Cypriniformes","Rhinichthys",-23.74,11.82,0.34,0.67,"SD",3,NA,"Reach_6_San_Juan_River_Kansas","Lotic","United States","USA","North America",-108.359697,36.7334,11536,"freshwater","introduced",1,1
"3003","Rhinichthys osculus","ID_0046","United States of America","Leuciscidae",256,2947,"Speckled dace","Cypriniformes","Rhinichthys",-25.15,8.71,2.35,0.87,"SD",11,"Muscle","Heart_Bar_Gila_River_New_Mexico","Lotic","United States","USA","North America",-108.204153,33.195725,11536,"freshwater","introduced",1,1
"3005","Rhinichthys osculus","ID_0048","United States of America","Leuciscidae",256,2947,"Speckled dace","Cypriniformes","Rhinichthys",-28.11,9.43,0.96,0.26,"SD",16,"Muscle","San_Francisco_San_Francisco_River_New_Mexico","Lotic","United States","USA","North America",-108.881144,33.236756,11536,"freshwater","introduced",1,1
"3007","Rhinichthys osculus","ID_0049","United States of America","Leuciscidae",256,2947,"Speckled dace","Cypriniformes","Rhinichthys",-26.78,7.86,1.42,0.36,"SD",11,"Muscle","West_Fork_Gila_River_New_Mexico","Lotic","United States","USA","North America",-108.320981,33.252486,11536,"freshwater","introduced",1,1
"3009","Rhinichthys osculus","ID_0173","United States of America","Leuciscidae",256,2947,"Speckled dace","Cypriniformes","Rhinichthys",-11.56,6.18,NA,NA,NA,1,"Muscle","Lake_Tahoe_California-Nevada_1872-1894","Lentic","United States","USA","North America",-120.031692,39.109806,11536,"freshwater","introduced",1,1
"3011","Rhinichthys osculus","ID_0174","United States of America","Leuciscidae",256,2947,"Speckled dace","Cypriniformes","Rhinichthys",-19.72,6.72,0.46,0.18,"SE",6,"Muscle","Lake_Tahoe_California-Nevada_1904-1913","Lentic","United States","USA","North America",-120.031692,39.109806,11536,"freshwater","introduced",1,1
"3013","Rhinichthys osculus","ID_0175","United States of America","Leuciscidae",256,2947,"Speckled dace","Cypriniformes","Rhinichthys",-15.75,6.91,1.18,0.34,"SE",15,"Muscle","Lake_Tahoe_California-Nevada_1927-1942","Lentic","United States","USA","North America",-120.031692,39.109806,11536,"freshwater","introduced",1,1
"3015","Rhinichthys osculus","ID_0176","United States of America","Leuciscidae",256,2947,"Speckled dace","Cypriniformes","Rhinichthys",-15.63,7.22,0.36,0.21,"SE",12,"Muscle","Lake_Tahoe_California-Nevada_1959-1966","Lentic","United States","USA","North America",-120.031692,39.109806,11536,"freshwater","introduced",1,1
"3017","Rhinichthys osculus","ID_0177","United States of America","Leuciscidae",256,2947,"Speckled dace","Cypriniformes","Rhinichthys",-20.13,5.63,0.42,0.47,"SE",5,"Muscle","Lake_Tahoe_California-Nevada_1998-2000","Lentic","United States","USA","North America",-120.031692,39.109806,11536,"freshwater","introduced",1,1
"3019","Rhinichthys osculus","ID_0178","United States of America","Leuciscidae",256,2947,"Speckled dace","Cypriniformes","Rhinichthys",-22.01,6.49,1.84,0.41,"SE",6,"Muscle","Cascade_Lake_California_2000","Lentic","United States","USA","North America",-120.091075,38.939633,11536,"freshwater","introduced",1,1
"3021","Rhinichthys osculus","ID_0194","United States of America","Leuciscidae",256,2947,"Speckled dace","Cypriniformes","Rhinichthys",-21.61,3.83,2.98,0.58,"SD",24,"Muscle","Lookout_Creek_Oregon","Lotic","United States","USA","North America",-122.255556,44.209722,11536,"freshwater","introduced",1,1
"3023","Rhinichthys osculus","ID_0326","United States of America","Leuciscidae",256,2947,"Speckled dace","Cypriniformes","Rhinichthys",-23.08,7.86,1.34,0.31,"SD",5,"Fin","Utah_San_Rafael_River_Upper","Lotic","United States","USA","North America",-110.851924,39.1153,11536,"freshwater","introduced",1,1
"3025","Rhinichthys osculus","ID_0327","United States of America","Leuciscidae",256,2947,"Speckled dace","Cypriniformes","Rhinichthys",-22.72,8.96,1.16,0.65,"SD",5,"Fin","Utah_San_Rafael_River_Lower","Lotic","United States","USA","North America",-110.3715,38.854,11536,"freshwater","introduced",1,1
"3027","Rhinichthys osculus","ID_0389","United States of America","Leuciscidae",256,2947,"Speckled dace","Cypriniformes","Rhinichthys",-21.65,7.25,0.94,0.95,"SD",47,"Fin","Shinumo_Creek_june_2010_2011","Lotic","United States","USA","North America",-112.287877,36.145638,11536,"freshwater","introduced",1,1
"3029","Rhinichthys osculus","ID_0563","United States of America","Leuciscidae",256,2947,"Speckled dace","Cypriniformes","Rhinichthys",-23.2,12.4,0.8,0.8,"SD",70,"Muscle","San_Juan_River","Lotic","United States","USA","North America",-109.17008,37.180112,11536,"freshwater","introduced",1,1
"3031","Rhinichthys osculus","ID_0630","United States of America","Leuciscidae",256,2947,"Speckled dace","Cypriniformes","Rhinichthys",-25.13,7.58,0.38,0.7,"SD",15,"Fin","Bill_Williams_River_Basin_Burro01&02","Lotic","United States","USA","North America",-113.24521,34.73491,11536,"freshwater","introduced",1,1
"3033","Rhinichthys osculus","ID_0633","United States of America","Leuciscidae",256,2947,"Speckled dace","Cypriniformes","Rhinichthys",-26.78,10.17,0.57,0.55,"SD",12,"Fin","Bill_Williams_River_Basin_Conger01&02","Lotic","United States","USA","North America",-113.13209,34.7642,11536,"freshwater","introduced",1,1
"3035","Rhinichthys osculus","ID_0635","United States of America","Leuciscidae",256,2947,"Speckled dace","Cypriniformes","Rhinichthys",-24.31,10.28,0.28,0.54,"SD",9,"Fin","Bill_Williams_River_Basin_Francis03&04","Lotic","United States","USA","North America",-113.26434,34.76313,11536,"freshwater","introduced",1,1
"3037","Rhodeus amarus","ID_0417","France","Acheilognathidae",86,4483,"European bitterling","Cypriniformes","Rhodeus",-26.32,5.85,0.82,0.76,"SD",9,"Fin","Bidot_gravelpitlake_BID","Lentic","France","FRA","Europe",1.285494,43.525573,11538,"brackish; freshwater","introduced",1,1
"3039","Rhodeus amarus","ID_0473","Belgium","Acheilognathidae",25,4483,"European bitterling","Cypriniformes","Rhodeus",-35.71,14.22,0.12,0.15,"SE",4,"Muscle","Belgium_Pond_1","Lentic","Belgium","BEL","Europe",4.177948,51.035454,11538,"brackish; freshwater","introduced",1,1
"3041","Rhodeus amarus","ID_0474","Belgium","Acheilognathidae",25,4483,"European bitterling","Cypriniformes","Rhodeus",-35.7,12.86,0.25,0.08,"SE",10,"Muscle","Belgium_Pond_2","Lentic","Belgium","BEL","Europe",4.181944,51.038233,11538,"brackish; freshwater","introduced",1,1
"3043","Rhodeus amarus","ID_0475","Belgium","Acheilognathidae",25,4483,"European bitterling","Cypriniformes","Rhodeus",-37.53,11.1,0.16,0.46,"SE",10,"Muscle","Belgium_Pond_3","Lentic","Belgium","BEL","Europe",4.191944,51.038233,11538,"brackish; freshwater","introduced",1,1
"3045","Rhodeus amarus","ID_0876","France","Acheilognathidae",86,4483,"European bitterling","Cypriniformes","Rhodeus",-27.82,11.82,0.42,0.22,"SD",3,"Fin","037_Orge_Dourdan","Lotic","France","FRA","Europe",2.011372544,48.52735408,11538,"brackish; freshwater","introduced",1,1
"3047","Rhodeus amarus","ID_0877","France","Acheilognathidae",86,4483,"European bitterling","Cypriniformes","Rhodeus",-29.56,14.47,NA,NA,"SD",1,"Fin","041_Rémarde, Val-St-Germain","Lotic","France","FRA","Europe",2.073518185,48.56872397,11538,"brackish; freshwater","introduced",1,1
"3049","Rhodeus amarus","ID_0878","France","Acheilognathidae",86,4483,"European bitterling","Cypriniformes","Rhodeus",-28.18,8,0.61,0.71,"SD",8,"Fin","043_Yvette_Saint-Rémy-lès-Chevreuse","Lotic","France","FRA","Europe",2.089006215,48.70473709,11538,"brackish; freshwater","introduced",1,1
"3051","Rhodeus ocellatus","ID_0311","China","Acheilognathidae",52,4784,"Rosy bitterling","Cypriniformes","Rhodeus",-22.6,11.5,0.6,0.2,"SD",5,NA,"Lake_Chaohu_sep_2003","Lentic","China","CHN","Asia",117.538376,31.538749,11539,"brackish; freshwater","introduced",1,1
"3053","Rhodeus ocellatus","ID_0459","China","Acheilognathidae",52,4784,"Rosy bitterling","Cypriniformes","Rhodeus",-24,10.34,1.02,1.03,"SD",23,"Muscle","Three_Gorges_Reservoir","Lentic","China","CHN","Asia",106.555183,29.543405,11539,"brackish; freshwater","introduced",1,1
"3055","Rhodeus ocellatus","ID_0567","China","Acheilognathidae",52,4784,"Rosy bitterling","Cypriniformes","Rhodeus",-22.6,11.5,0.6,0.2,"SD",5,"Muscle","Lake_Chaohu","Lentic","China","CHN","Asia",117.557175,31.518489,11539,"brackish; freshwater","introduced",1,1
"3057","Richardsonius balteatus","ID_0080","United States of America","Leuciscidae",256,2949,"Redside shiner","Cypriniformes","Richardsonius",-26.39,8.73,0.97,0.46,"SD",20,"Muscle","Pend_Oreille_Lake_Idaho","Lentic","United States","USA","North America",-116.366667,48.16,11542,"freshwater","introduced",1,1
"3059","Richardsonius balteatus","ID_0160","United States of America","Leuciscidae",256,2949,"Redside shiner","Cypriniformes","Richardsonius",-24.59,7.16,0.87,0.19,"SE",4,"Muscle","Kintla_Lake_Montana","Lentic","United States","USA","North America",-114.319669,48.953836,11542,"freshwater","introduced",1,1
"3061","Richardsonius balteatus","ID_0161","United States of America","Leuciscidae",256,2949,"Redside shiner","Cypriniformes","Richardsonius",-22.64,7.54,0.9,0.8,"SE",4,"Muscle","Bowman_Lake_Montana","Lentic","United States","USA","North America",-114.1535,48.872619,11542,"freshwater","introduced",1,1
"3063","Richardsonius balteatus","ID_0162","United States of America","Leuciscidae",256,2949,"Redside shiner","Cypriniformes","Richardsonius",-20.67,8.75,0.39,0.26,"SE",5,"Muscle","Quartz_Lake_Montana","Lentic","United States","USA","North America",-114.116014,48.822856,11542,"freshwater","introduced",1,1
"3065","Richardsonius balteatus","ID_0163","United States of America","Leuciscidae",256,2949,"Redside shiner","Cypriniformes","Richardsonius",-24.93,8.42,0.82,0.99,"SE",4,"Muscle","Lower_Quartz_Lake_Montana","Lentic","United States","USA","North America",-114.173097,48.807133,11542,"freshwater","introduced",1,1
"3067","Richardsonius balteatus","ID_0164","United States of America","Leuciscidae",256,2949,"Redside shiner","Cypriniformes","Richardsonius",-21.63,8.82,0.21,0.2,"SE",5,"Muscle","Logging_Lake_Montana","Lentic","United States","USA","North America",-114.072981,48.758958,11542,"freshwater","introduced",1,1
"3069","Richardsonius balteatus","ID_0165","United States of America","Leuciscidae",256,2949,"Redside shiner","Cypriniformes","Richardsonius",-23.13,7.72,0.4,0.2,"SE",4,"Muscle","Lake_McDonald_Montana","Lentic","United States","USA","North America",-113.925575,48.583292,11542,"freshwater","introduced",1,1
"3071","Richardsonius balteatus","ID_0195","United States of America","Leuciscidae",256,2949,"Redside shiner","Cypriniformes","Richardsonius",-27.6,9.6,0.48,0.27,"SD",6,"Muscle","Beaverton_Creek_Oregon","Lotic","United States","USA","North America",-122.898333,45.520833,11542,"freshwater","introduced",1,1
"3073","Rutilus rutilus","ID_0010","United Kingdom","Leuciscidae",91,272,"Roach","Cypriniformes","Rutilus",-28.5,13.1,3.9,1.66,"SD",29,"Muscle","Pond_1_ctrl","Lentic","United Kingdom","GBR","Europe",-2.344722,52.219167,11546,"brackish; freshwater","introduced",1,1
"3075","Rutilus rutilus","ID_0011","United Kingdom","Leuciscidae",91,272,"Roach","Cypriniformes","Rutilus",-23.7,8.1,1.5,1.6,"SD",41,"Muscle","Pond_2_exp","Lentic","United Kingdom","GBR","Europe",-2.344727,52.219172,11546,"brackish; freshwater","introduced",1,1
"3077","Rutilus rutilus","ID_0078","United Kingdom","Leuciscidae",91,272,"Roach","Cypriniformes","Rutilus",-28.72,19.35,0.75,0.58,"SD",15,"Muscle","Lough_Neagh","Lentic","United Kingdom","GBR","Europe",-6.414578,54.591933,11546,"brackish; freshwater","introduced",1,1
"3079","Rutilus rutilus","ID_0103","United Kingdom","Leuciscidae",91,272,"Roach","Cypriniformes","Rutilus",-27.04,15.61,0.43,0.26,"SD",NA,"Muscle","Bayfield_Hall_Lake","Lentic","United Kingdom","GBR","Europe",1.046226,52.921194,11546,"brackish; freshwater","introduced",1,1
"3081","Rutilus rutilus","ID_0382","Norway","Leuciscidae",185,272,"Roach","Cypriniformes","Rutilus",-24.52,12.59,NA,NA,NA,NA,"Muscle","Lake_Oyeren","Lentic","Norway","NOR","Europe",11.214867,59.81859,11546,"brackish; freshwater","introduced",1,1
"3083","Rutilus rutilus","ID_0390","United Kingdom","Leuciscidae",91,272,"Roach","Cypriniformes","Rutilus",-29.7,20.2,1.3,0.2,"SD",NA,"Muscle","Cromes_Broad","Lentic","United Kingdom","GBR","Europe",1.514329,52.722726,11546,"brackish; freshwater","introduced",1,1
"3085","Rutilus rutilus","ID_0391","United Kingdom","Leuciscidae",91,272,"Roach","Cypriniformes","Rutilus",-27,15.9,0.8,0.4,"SD",NA,"Muscle","Cockshoot_broad","Lentic","United Kingdom","GBR","Europe",1.467226,52.687465,11546,"brackish; freshwater","introduced",1,1
"3087","Rutilus rutilus","ID_0392","United Kingdom","Leuciscidae",91,272,"Roach","Cypriniformes","Rutilus",-29.7,16.3,2.6,0.4,"SD",NA,"Muscle","Wroxham_Broad","Lentic","United Kingdom","GBR","Europe",1.417379,52.699586,11546,"brackish; freshwater","introduced",1,1
"3089","Rutilus rutilus","ID_0393","United Kingdom","Leuciscidae",91,272,"Roach","Cypriniformes","Rutilus",-29.1,16.7,0.8,0.8,"SD",NA,"Muscle","Salhouse_Broad","Lentic","United Kingdom","GBR","Europe",1.429378,52.689559,11546,"brackish; freshwater","introduced",1,1
"3091","Rutilus rutilus","ID_0394","United Kingdom","Leuciscidae",91,272,"Roach","Cypriniformes","Rutilus",-29.4,15.7,0.9,3.1,"SD",NA,"Muscle","Ranworth_Broad","Lentic","United Kingdom","GBR","Europe",1.483662,52.684734,11546,"brackish; freshwater","introduced",1,1
"3093","Rutilus rutilus","ID_0395","United Kingdom","Leuciscidae",91,272,"Roach","Cypriniformes","Rutilus",-29.4,17.1,0.9,0.3,"SD",NA,"Muscle","Malthouse_Broad","Lentic","United Kingdom","GBR","Europe",1.489584,52.67927,11546,"brackish; freshwater","introduced",1,1
"3095","Rutilus rutilus","ID_0402","United Kingdom","Leuciscidae",91,272,"Roach","Cypriniformes","Rutilus",-29.34,13.57,NA,NA,NA,NA,NA,"Batts_Bridge_Stream_B","Lotic","United Kingdom","GBR","Europe",0.078995,51.012398,11546,"brackish; freshwater","introduced",1,1
"3097","Rutilus rutilus","ID_0434","Spain","Leuciscidae",80,272,"Roach","Cypriniformes","Rutilus",-28.4,20.7,0.2,0.9,"SD",6,"Muscle","Flix_Reservoir","Lentic","Spain","ESP","Europe",0.527961,41.235859,11546,"brackish; freshwater","introduced",1,0
"3098","Rutilus rutilus","ID_0800","Norway","Leuciscidae",185,272,"Roach","Cypriniformes","Rutilus",-26.37,5.81,0.75,0.35,"SD",10,"Muscle","Lake_Skasen","Lentic","Norway","NOR","Europe",12.32,60.36,11546,"brackish; freshwater","introduced",1,1
"3100","Rutilus rutilus","ID_0850","Norway","Leuciscidae",185,272,"Roach","Cypriniformes","Rutilus",-24.56,11.35,3.23,0.36,"SD",2,"Muscle","Lake_Storsjøen","Lentic","Norway","NOR","Europe",11.37,61.36,11546,"brackish; freshwater","introduced",1,1
"3102","Rutilus rutilus","ID_0912","United Kingdom","Leuciscidae",91,272,"Roach","Cypriniformes","Rutilus",-29.61,16.65,1.9,1.96,"SD",12,"Fin","Bure River_UK31","Lotic","United Kingdom","GBR","Europe",1.432164723,52.6928819,11546,"brackish; freshwater","introduced",1,1
"3104","Rutilus rutilus","ID_0913","United Kingdom","Leuciscidae",91,272,"Roach","Cypriniformes","Rutilus",-28.93,15.12,1.8,1.73,"SD",9,"Fin","Bure River_UK33","Lotic","United Kingdom","GBR","Europe",1.373147993,52.72664025,11546,"brackish; freshwater","introduced",1,1
"3106","Rutilus rutilus","ID_0914","United Kingdom","Leuciscidae",91,272,"Roach","Cypriniformes","Rutilus",-28.32,16.97,1.64,1.66,"SD",10,"Fin","Bure River_UK37","Lotic","United Kingdom","GBR","Europe",1.466673238,52.6985323,11546,"brackish; freshwater","introduced",1,1
"3108","Rutilus rutilus","ID_0915","United Kingdom","Leuciscidae",91,272,"Roach","Cypriniformes","Rutilus",-28.66,15.74,1.62,1.1,"SD",10,"Fin","Bure River_UK40","Lotic","United Kingdom","GBR","Europe",1.506949387,52.71744824,11546,"brackish; freshwater","introduced",1,1
"3110","Rutilus rutilus","ID_0916","United Kingdom","Leuciscidae",91,272,"Roach","Cypriniformes","Rutilus",-26.86,16.16,1.12,2.02,"SD",10,"Fin","Bure River_UK44","Lotic","United Kingdom","GBR","Europe",1.582805095,52.71050093,11546,"brackish; freshwater","introduced",1,1
"3112","Rutilus rutilus","ID_0918","United Kingdom","Leuciscidae",91,272,"Roach","Cypriniformes","Rutilus",-27.44,16.55,1.29,1.29,"SD",10,"Fin","Bure River_UK47","Lotic","United Kingdom","GBR","Europe",1.52008468,52.68654153,11546,"brackish; freshwater","introduced",1,1
"3114","Rutilus rutilus","ID_0919","United Kingdom","Leuciscidae",91,272,"Roach","Cypriniformes","Rutilus",-26.88,16.72,1.39,1.83,"SD",10,"Fin","Bure River_UK48","Lotic","United Kingdom","GBR","Europe",1.591764701,52.63751931,11546,"brackish; freshwater","introduced",1,1
"3116","Rutilus rutilus","ID_0920","United Kingdom","Leuciscidae",91,272,"Roach","Cypriniformes","Rutilus",-27.68,17.02,0.64,0.72,"SD",10,"Fin","Bure River_UK50","Lotic","United Kingdom","GBR","Europe",1.555874807,52.66071998,11546,"brackish; freshwater","introduced",1,1
"3118","Rutilus rutilus","ID_0921","United Kingdom","Leuciscidae",91,272,"Roach","Cypriniformes","Rutilus",-29.11,15.34,2.33,1.76,"SD",9,"Fin","Bure River_UK53","Lotic","United Kingdom","GBR","Europe",1.420134189,52.70485004,11546,"brackish; freshwater","introduced",1,1
"3120","Rutilus rutilus","ID_0996","Ireland","Leuciscidae",121,272,"Roach","Cypriniformes","Rutilus",-29.07,15.26,0.97,0.69,"SD",70,"Muscle","Leixlip_Reservoir","Lentic","Ireland","IRL","Europe",-6.5,53.35,11546,"brackish; freshwater","introduced",1,0
"3121","Rutilus rutilus","ID_0997","Ireland","Leuciscidae",121,272,"Roach","Cypriniformes","Rutilus",-28.51,12.41,1.13,0.97,"SD",61,"Muscle","Lough_Corrib","Lentic","Ireland","IRL","Europe",-9.24,53.47,11546,"brackish; freshwater","introduced",1,0
"3122","Rutilus rutilus","ID_0998","Ireland","Leuciscidae",121,272,"Roach","Cypriniformes","Rutilus",-28.84,14.36,0.62,0.57,"SD",76,"Muscle","Lough_Ramor","Lentic","Ireland","IRL","Europe",-7.06,53.81,11546,"brackish; freshwater","introduced",1,0
"3123","Rutilus rutilus","ID_1000","Ireland","Leuciscidae",121,272,"Roach","Cypriniformes","Rutilus",-32.28,12.31,1.49,0.87,"SD",70,"Muscle","Ross_Lake","Lentic","Ireland","IRL","Europe",-9.217473,53.372506,11546,"brackish; freshwater","introduced",1,0
"3124","Salmo salar","ID_0050","United Kingdom","Salmonidae",91,236,"Atlantic Salmon","Salmoniformes","Salmo",-30.43,12.88,0.69,1.06,"SD",113,"Fin","River_Frome","Lotic","United Kingdom","GBR","Europe",-2.178333,50.667778,12433,"brackish; freshwater; marine","introduced",1,1
"3126","Salmo salar","ID_0180","United States of America","Salmonidae",256,236,"Atlantic Salmon","Salmoniformes","Salmo",-21.22,13.13,NA,NA,NA,1,"Muscle","Lake_Michigan_Grand_Traverse_Bay_Michigan","Lentic","United States","USA","North America",-85.5,44.900833,12433,"brackish; freshwater; marine","introduced",0,1
"3127","Salmo salar","ID_0252","United Kingdom","Salmonidae",91,236,"Atlantic Salmon","Salmoniformes","Salmo",-19.41,10.6,0.55,0.55,"SD",NA,NA,"Loch_Ness","Lentic","United Kingdom","GBR","Europe",-4.449953,57.299975,12433,"brackish; freshwater; marine","introduced",1,1
"3129","Salmo salar","ID_0281","Finland","Salmonidae",83,236,"Atlantic Salmon","Salmoniformes","Salmo",-20.6,13.12,0.94,0.15,"SD",NA,"Muscle/Liver","Pulmankijärvi","Lentic","Finland","FIN","Europe",27.995254,69.986699,12433,"brackish; freshwater; marine","introduced",1,1
"3131","Salmo salar","ID_0751","Finland","Salmonidae",83,236,"Atlantic Salmon","Salmoniformes","Salmo",-23.43,5.66,1.45,0,"SD",NA,"Muscle","Pulmankijärvi","Lentic","Finland","FIN","Europe",28,69.966667,12433,"brackish; freshwater; marine","introduced",1,1
"3133","Salmo salar","ID_0751","Finland","Salmonidae",83,236,"Brown trout","Salmoniformes","Salmo",-23.72,7.15,1.16,0,"SD",NA,"Muscle","Pulmankijärvi","Lentic","Finland","FIN","Europe",28,69.966667,12433,"brackish; freshwater; marine","introduced",1,1
"3135","Salmo salar","ID_0754","Finland","Salmonidae",83,236,"Brown trout","Salmoniformes","Salmo",-27.07,8.64,1.15,0.89,"SD",NA,"Muscle","Ukonjärvi","Lentic","Finland","FIN","Europe",27.466667,68.8,12433,"brackish; freshwater; marine","introduced",1,1
"3137","Salmo salar","ID_0755","Finland","Salmonidae",83,236,"Brown trout","Salmoniformes","Salmo",-22.67,8.04,1.7,0.6,"SD",NA,"Muscle","Rahajärvi","Lentic","Finland","FIN","Europe",27.283333,68.75,12433,"brackish; freshwater; marine","introduced",1,1
"3139","Salmo salar","ID_0757","Finland","Salmonidae",83,236,"Brown trout","Salmoniformes","Salmo",-26.78,9.83,1.72,0,"SD",NA,"Muscle","Muddusjärvi","Lentic","Finland","FIN","Europe",26.833333,69,12433,"brackish; freshwater; marine","introduced",1,1
"3141","Salmo trutta","ID_0005","Canada","Salmonidae",48,238,"Brown trout","Salmoniformes","Salmo",-21.6,15.5,0.02,0.4,"SD",3,"Muscle","Lake_Erie_Eastern_basin","Lentic","Canada","CAN","North America",-79.982269,42.792617,12434,"brackish; freshwater; marine","introduced",1,0
"3142","Salmo trutta","ID_0045","United States of America","Salmonidae",256,238,"Brown trout","Salmoniformes","Salmo",-22.12,9.7,NA,NA,"SD",1,"Muscle","Middle_Fork_Gila_River_New_Mexico_","Lotic","United States","USA","North America",-108.231328,33.248692,12434,"brackish; freshwater; marine","introduced",1,0
"3143","Salmo trutta","ID_0046","United States of America","Salmonidae",256,238,"Brown trout","Salmoniformes","Salmo",-23.77,9.3,1.65,0.65,"SD",18,"Muscle","Heart_Bar_Gila_River_New_Mexico","Lotic","United States","USA","North America",-108.204153,33.195725,12434,"brackish; freshwater; marine","introduced",1,0
"3144","Salmo trutta","ID_0049","United States of America","Salmonidae",256,238,"Brown trout","Salmoniformes","Salmo",-23.53,8.47,1.44,0.69,"SD",14,"Muscle","West_Fork_Gila_River_New_Mexico","Lotic","United States","USA","North America",-108.320981,33.252486,12434,"brackish; freshwater; marine","introduced",1,0
"3145","Salmo trutta","ID_0168","United States of America","Salmonidae",256,238,"Brown trout","Salmoniformes","Salmo",-29.02,10.54,NA,NA,NA,1,"Muscle","Shasta_Lake_California","Lentic","United States","USA","North America",-122.371897,40.760067,12434,"brackish; freshwater; marine","introduced",1,0
"3146","Salmo trutta","ID_0177","United States of America","Salmonidae",256,238,"Brown trout","Salmoniformes","Salmo",-21.4,8.17,0.17,0.78,"SE",2,"Muscle","Lake_Tahoe_California-Nevada_1998-2000","Lentic","United States","USA","North America",-120.031692,39.109806,12434,"brackish; freshwater; marine","introduced",1,0
"3147","Salmo trutta","ID_0178","United States of America","Salmonidae",256,238,"Brown trout","Salmoniformes","Salmo",-26.73,8.57,0.75,0.32,"SE",4,"Muscle","Cascade_Lake_California_2000","Lentic","United States","USA","North America",-120.091075,38.939633,12434,"brackish; freshwater; marine","introduced",1,0
"3148","Salmo trutta","ID_0261","United States of America","Salmonidae",256,238,"Brown trout","Salmoniformes","Salmo",-25.4,10.9,NA,NA,NA,12,NA,"Arizona_streams_Verde_River_Arizona","Lotic","United States","USA","North America",-111.882947,34.590633,12434,"brackish; freshwater; marine","introduced",1,0
"3149","Salmo trutta","ID_0289","Argentina","Salmonidae",11,238,"Brown trout","Salmoniformes","Salmo",-23.5,11.5,NA,NA,NA,1,"Muscle","Lake_Moreno_West_Nahuel_Huapi_National_Park","Lentic","Argentina","ARG","South America",-71.588516,-40.848099,12434,"brackish; freshwater; marine","introduced",1,0
"3150","Salmo trutta","ID_0547","United States of America","Salmonidae",256,238,"Brown trout","Salmoniformes","Salmo",-20.31,7.3,0.75,0.76,"SD",24,"Muscle","SW01","Lotic","United States","USA","North America",-109.062622,42.565194,12434,"brackish; freshwater; marine","introduced",1,0
"3151","Salmo trutta","ID_0548","United States of America","Salmonidae",256,238,"Brown trout","Salmoniformes","Salmo",-24.43,8.57,0.34,0.44,"SD",10,"Muscle","SW02","Lotic","United States","USA","North America",-108.879355,42.373322,12434,"brackish; freshwater; marine","introduced",1,0
"3152","Salmo trutta","ID_0549","United States of America","Salmonidae",256,238,"Brown trout","Salmoniformes","Salmo",-25.53,9.12,1.3,0.44,"SD",22,"Muscle","SW03","Lotic","United States","USA","North America",-107.966105,42.571843,12434,"brackish; freshwater; marine","introduced",1,0
"3153","Salmo trutta","ID_0551","United States of America","Salmonidae",256,238,"Brown trout","Salmoniformes","Salmo",-23.42,6.45,0.97,0.5,"SD",10,"Muscle","MB01","Lotic","United States","USA","North America",-106.371396,41.515046,12434,"brackish; freshwater; marine","introduced",1,0
"3154","Salmo trutta","ID_0552","United States of America","Salmonidae",256,238,"Brown trout","Salmoniformes","Salmo",-25.56,9.11,0.84,1.06,"SD",10,"Muscle","MB02","Lotic","United States","USA","North America",-106.416902,41.605678,12434,"brackish; freshwater; marine","introduced",1,0
"3155","Salmo trutta","ID_0553","United States of America","Salmonidae",256,238,"Brown trout","Salmoniformes","Salmo",-26.89,12.67,0.66,0.38,"SD",5,"Muscle","MB03","Lotic","United States","USA","North America",-106.31846,41.724793,12434,"brackish; freshwater; marine","introduced",1,0
"3156","Salmo trutta","ID_0554","United States of America","Salmonidae",256,238,"Brown trout","Salmoniformes","Salmo",-26.86,13.26,0.31,0.56,"SD",5,"Muscle","MB04","Lotic","United States","USA","North America",-106.512402,42.00988,12434,"brackish; freshwater; marine","introduced",1,0
"3157","Salmo trutta","ID_0555","United States of America","Salmonidae",256,238,"Brown trout","Salmoniformes","Salmo",-24.87,7.3,1.71,0.92,"SD",23,"Muscle","LR01","Lotic","United States","USA","North America",-105.882212,40.788628,12434,"brackish; freshwater; marine","introduced",1,0
"3158","Salmo trutta","ID_0556","United States of America","Salmonidae",256,238,"Brown trout","Salmoniformes","Salmo",-26.07,9.22,0.64,1.29,"SD",54,"Muscle","LR02","Lotic","United States","USA","North America",-106.037822,41.030829,12434,"brackish; freshwater; marine","introduced",1,0
"3159","Salmo trutta","ID_0557","United States of America","Salmonidae",256,238,"Brown trout","Salmoniformes","Salmo",-26.35,8.83,0.87,1.43,"SD",44,"Muscle","LR03","Lotic","United States","USA","North America",-105.980393,41.138216,12434,"brackish; freshwater; marine","introduced",1,0
"3160","Salmo trutta","ID_0558","United States of America","Salmonidae",256,238,"Brown trout","Salmoniformes","Salmo",-26.99,9.28,1.8,0.69,"SD",98,"Muscle","LR04","Lotic","United States","USA","North America",-105.722747,41.227001,12434,"brackish; freshwater; marine","introduced",1,0
"3161","Salmo trutta","ID_0559","United States of America","Salmonidae",256,238,"Brown trout","Salmoniformes","Salmo",-26.77,11.57,1.24,1.18,"SD",140,"Muscle","LR05","Lotic","United States","USA","North America",-105.605355,41.309678,12434,"brackish; freshwater; marine","introduced",1,0
"3162","Salmo trutta","ID_0561","United States of America","Salmonidae",256,238,"Brown trout","Salmoniformes","Salmo",-25.18,10.64,1.16,0.39,"SD",5,"Muscle","LR07","Lotic","United States","USA","North America",-105.123964,42.056708,12434,"brackish; freshwater; marine","introduced",1,0
"3163","Salmo trutta","ID_0568","Argentina","Salmonidae",11,238,"Brown trout","Salmoniformes","Salmo",-23.5,11.5,NA,NA,"SD",1,"Muscle","Lake_Moreno_East_Patagonia","Lentic","Argentina","ARG","South America",-71.503625,-41.076773,12434,"brackish; freshwater; marine","introduced",1,0
"3164","Salmo trutta","ID_0713","New Zealand","Salmonidae",188,238,"Brown trout","Salmoniformes","Salmo",-26.27,9.52,NA,NA,"SD",1,"Muscle","Scle1","Lotic","New Zealand","NZL","Oceania",172.580929,-43.447213,12434,"brackish; freshwater; marine","introduced",1,0
"3165","Salmo trutta","ID_0714","New Zealand","Salmonidae",188,238,"Brown trout","Salmoniformes","Salmo",-28.09,15.27,0.1,0.36,"SD",3,"Muscle","Scri1","Lotic","New Zealand","NZL","Oceania",172.548897,-43.469219,12434,"brackish; freshwater; marine","introduced",1,0
"3166","Salmo trutta","ID_0715","New Zealand","Salmonidae",188,238,"Brown trout","Salmoniformes","Salmo",-36.26,9.73,0.21,0.21,"SD",3,"Muscle","Scus1","Lotic","New Zealand","NZL","Oceania",172.562506,-43.346407,12434,"brackish; freshwater; marine","introduced",1,0
"3167","Salmo trutta","ID_0717","New Zealand","Salmonidae",188,238,"Brown trout","Salmoniformes","Salmo",-28.55,12.47,0.01,0.22,"SD",3,"Muscle","Sfla1","Lotic","New Zealand","NZL","Oceania",172.602226,-43.339532,12434,"brackish; freshwater; marine","introduced",1,0
"3168","Salmo trutta","ID_0718","New Zealand","Salmonidae",188,238,"Brown trout","Salmoniformes","Salmo",-29.78,13.11,0.22,0.28,"SD",3,"Muscle","Snor1","Lotic","New Zealand","NZL","Oceania",172.613456,-43.313656,12434,"brackish; freshwater; marine","introduced",1,0
"3169","Salmo trutta","ID_0719","New Zealand","Salmonidae",188,238,"Brown trout","Salmoniformes","Salmo",-28.14,13.26,1.3,1.02,"SD",3,"Muscle","Ssal1","Lotic","New Zealand","NZL","Oceania",172.668558,-43.256645,12434,"brackish; freshwater; marine","introduced",1,0
"3170","Salmo trutta","ID_0720","New Zealand","Salmonidae",188,238,"Brown trout","Salmoniformes","Salmo",-31.38,9.09,0.27,0.07,"SD",3,"Muscle","Sshi1","Lotic","New Zealand","NZL","Oceania",172.566065,-43.459373,12434,"brackish; freshwater; marine","introduced",1,0
"3171","Salmo trutta","ID_0721","New Zealand","Salmonidae",188,238,"Brown trout","Salmoniformes","Salmo",-31.71,12.63,3.48,0.7,"SD",3,"Muscle","Ssou1","Lotic","New Zealand","NZL","Oceania",172.591798,-43.323309,12434,"brackish; freshwater; marine","introduced",1,0
"3172","Salmo trutta","ID_0725","New Zealand","Salmonidae",188,238,"Brown trout","Salmoniformes","Salmo",-26.46,3.84,NA,NA,"SD",1,"Muscle","Andrews1","Lotic","New Zealand","NZL","Oceania",171.78798,-43.004574,12434,"brackish; freshwater; marine","introduced",1,0
"3173","Salmo trutta","ID_0726","New Zealand","Salmonidae",188,238,"Brown trout","Salmoniformes","Salmo",-26.4,4.22,0.46,0.19,"SD",3,"Muscle","Andrews2","Lotic","New Zealand","NZL","Oceania",171.788718,-43.003928,12434,"brackish; freshwater; marine","introduced",1,0
"3174","Salmo trutta","ID_0727","New Zealand","Salmonidae",188,238,"Brown trout","Salmoniformes","Salmo",-26.59,4.13,0.41,0.45,"SD",2,"Muscle","Andrews3","Lotic","New Zealand","NZL","Oceania",171.788802,-43.002989,12434,"brackish; freshwater; marine","introduced",1,0
"3175","Salmo trutta","ID_0728","New Zealand","Salmonidae",188,238,"Brown trout","Salmoniformes","Salmo",-26.06,6.11,NA,NA,"SD",1,"Muscle","Andrews4","Lotic","New Zealand","NZL","Oceania",171.788705,-43.001181,12434,"brackish; freshwater; marine","introduced",1,0
"3176","Salmo trutta","ID_0729","New Zealand","Salmonidae",188,238,"Brown trout","Salmoniformes","Salmo",-26.2,5.62,3.94,0.75,"SD",4,"Muscle","Craigieburn2","Lotic","New Zealand","NZL","Oceania",171.778021,-43.126402,12434,"brackish; freshwater; marine","introduced",1,0
"3177","Salmo trutta","ID_0730","New Zealand","Salmonidae",188,238,"Brown trout","Salmoniformes","Salmo",-23.55,5.95,0.74,0.5,"SD",4,"Muscle","Craigieburn3","Lotic","New Zealand","NZL","Oceania",171.776893,-43.126813,12434,"brackish; freshwater; marine","introduced",1,0
"3178","Salmo trutta","ID_0851","Argentina","Salmonidae",11,238,"Brown trout_adult","Salmoniformes","Salmo",-25.5,13.6,0.8,0.4,"SD",23,"Muscle","Lake_Nahuel-Huapi_site-Brazo-Rincon","Lentic","Chile","CHL","South America",-71.416667,-41.05,12434,"brackish; freshwater; marine","introduced",1,0
"3179","Salmo trutta","ID_0851","Argentina","Salmonidae",11,238,"Brown trout_juvenile","Salmoniformes","Salmo",-30.1,5.1,0.9,0.4,"SD",5,"Whole","Lake_Nahuel-Huapi_site-Brazo-Rincon","Lentic","Chile","CHL","South America",-71.416667,-41.05,12434,"brackish; freshwater; marine","introduced",1,0
"3180","Salmo trutta","ID_0852","Argentina","Salmonidae",11,238,"Brown trout","Salmoniformes","Salmo",-26.4,13.8,0.8,0.1,"SD",2,"Muscle","Lake_Nahuel-Huapi_site-Bahia-Lopez","Lentic","Chile","CHL","South America",-71.416667,-41.05,12434,"brackish; freshwater; marine","introduced",1,0
"3181","Salmo trutta","ID_0853","Argentina","Salmonidae",11,238,"Brown trout","Salmoniformes","Salmo",-24.7,13.7,NA,NA,"SD",1,"Muscle","Lake_Nahuel-Huapi_site-Dino-Huapi","Lentic","Chile","CHL","South America",-71.416667,-41.05,12434,"brackish; freshwater; marine","introduced",1,0
"3182","Salmo trutta","ID_0865","Chile","Salmonidae",51,238,"Brown trout","Salmoniformes","Salmo",-28.5,7.3,3.7,0.2,"SD",12,"Muscle","Colonos_River","Lotic","Chile","CHL","South America",-73.064758,-44.086812,12434,"brackish; freshwater; marine","introduced",1,0
"3183","Salmo trutta","ID_0866","Chile","Salmonidae",51,238,"Brown trout","Salmoniformes","Salmo",-30.3,6.1,2.1,0.2,"SD",10,"Muscle","Marchant_River","Lotic","Chile","CHL","South America",-73.076336,-44.107193,12434,"brackish; freshwater; marine","introduced",1,0
"3184","Salmo trutta","ID_0867","Chile","Salmonidae",51,238,"Brown trout","Salmoniformes","Salmo",-23.6,9.6,7.6,0.7,"SD",4,"Muscle","Marchant_Mouth","Lotic","Chile","CHL","South America",-73.086722,-44.090365,12434,"brackish; freshwater; marine","introduced",1,0
"3185","Salmo trutta","ID_0937","New Zealand","Salmonidae",188,238,"Brown trout","Salmoniformes","Salmo",-29.07,4.11,NA,NA,"SD",1,"Muscle","BOY","Lotic","New Zealand","NZL","Oceania",172.363015,-42.540417,12434,"brackish; freshwater; marine","introduced",1,0
"3186","Salmo trutta","ID_0938","New Zealand","Salmonidae",188,238,"Brown trout","Salmoniformes","Salmo",-26.61,4.62,0.38,0.08,"SD",2,"Muscle","BRM","Lotic","New Zealand","NZL","Oceania",171.560303,-42.928908,12434,"brackish; freshwater; marine","introduced",1,0
"3187","Salmo trutta","ID_0939","New Zealand","Salmonidae",188,238,"Brown trout","Salmoniformes","Salmo",-24.22,4.38,0.31,1.26,"SD",3,"Muscle","BRO","Lotic","New Zealand","NZL","Oceania",171.728859,-43.193423,12434,"brackish; freshwater; marine","introduced",1,0
"3188","Salmo trutta","ID_0940","New Zealand","Salmonidae",188,238,"Brown trout","Salmoniformes","Salmo",-25.21,5.74,1.63,1.02,"SD",6,"Muscle","BS","Lotic","New Zealand","NZL","Oceania",171.810371,-43.004368,12434,"brackish; freshwater; marine","introduced",1,0
"3189","Salmo trutta","ID_0942","New Zealand","Salmonidae",188,238,"Brown trout","Salmoniformes","Salmo",-22.54,4.37,0.91,0.26,"SD",3,"Muscle","CR","Lotic","New Zealand","NZL","Oceania",171.748184,-43.025957,12434,"brackish; freshwater; marine","introduced",1,0
"3190","Salmo trutta","ID_0943","New Zealand","Salmonidae",188,238,"Brown trout","Salmoniformes","Salmo",-28.42,6.29,1.37,1.09,"SD",6,"Muscle","CS","Lotic","New Zealand","NZL","Oceania",171.757068,-43.306921,12434,"brackish; freshwater; marine","introduced",1,0
"3191","Salmo trutta","ID_0944","New Zealand","Salmonidae",188,238,"Brown trout","Salmoniformes","Salmo",-30.44,6.85,NA,NA,"SD",1,"Muscle","CSFH","Lotic","New Zealand","NZL","Oceania",171.731602,-43.163958,12434,"brackish; freshwater; marine","introduced",1,0
"3192","Salmo trutta","ID_0945","New Zealand","Salmonidae",188,238,"Brown trout","Salmoniformes","Salmo",-29.52,5.1,0.35,0.23,"SD",5,"Muscle","CSL","Lotic","New Zealand","NZL","Oceania",171.710916,-43.148471,12434,"brackish; freshwater; marine","introduced",1,0
"3193","Salmo trutta","ID_0947","New Zealand","Salmonidae",188,238,"Brown trout","Salmoniformes","Salmo",-28.71,9.41,1.68,1.72,"SD",6,"Muscle","DUCK","Lotic","New Zealand","NZL","Oceania",172.221267,-43.116089,12434,"brackish; freshwater; marine","introduced",1,0
"3194","Salmo trutta","ID_0948","New Zealand","Salmonidae",188,238,"Brown trout","Salmoniformes","Salmo",-23.31,4.94,0.29,0.43,"SD",2,"Muscle","ES","Lotic","New Zealand","NZL","Oceania",171.604453,-42.973765,12434,"brackish; freshwater; marine","introduced",1,0
"3195","Salmo trutta","ID_0951","New Zealand","Salmonidae",188,238,"Brown trout","Salmoniformes","Salmo",-30.96,9.29,NA,NA,"SD",1,"Muscle","GS","Lotic","New Zealand","NZL","Oceania",171.758002,-43.032752,12434,"brackish; freshwater; marine","introduced",1,0
"3196","Salmo trutta","ID_0952","New Zealand","Salmonidae",188,238,"Brown trout","Salmoniformes","Salmo",-32.31,8.18,1.32,0.4,"SD",16,"Muscle","GSM","Lotic","New Zealand","NZL","Oceania",171.183983,-43.537994,12434,"brackish; freshwater; marine","introduced",1,0
"3197","Salmo trutta","ID_0953","New Zealand","Salmonidae",188,238,"Brown trout","Salmoniformes","Salmo",-32.28,4.22,NA,NA,"SD",1,"Muscle","HANM","Lotic","New Zealand","NZL","Oceania",172.886103,-42.564403,12434,"brackish; freshwater; marine","introduced",1,0
"3198","Salmo trutta","ID_0954","New Zealand","Salmonidae",188,238,"Brown trout","Salmoniformes","Salmo",-24.87,3.31,NA,NA,"SD",1,"Muscle","KR","Lotic","New Zealand","NZL","Oceania",171.772385,-43.308988,12434,"brackish; freshwater; marine","introduced",1,0
"3199","Salmo trutta","ID_0955","New Zealand","Salmonidae",188,238,"Brown trout","Salmoniformes","Salmo",-27.49,3.54,NA,NA,"SD",1,"Muscle","KS","Lotic","New Zealand","NZL","Oceania",171.591568,-43.014228,12434,"brackish; freshwater; marine","introduced",1,0
"3200","Salmo trutta","ID_0956","New Zealand","Salmonidae",188,238,"Brown trout","Salmoniformes","Salmo",-27.85,3.82,0.05,0.13,"SD",2,"Muscle","LAS","Lotic","New Zealand","NZL","Oceania",171.79183,-42.993739,12434,"brackish; freshwater; marine","introduced",1,0
"3201","Salmo trutta","ID_0957","New Zealand","Salmonidae",188,238,"Brown trout","Salmoniformes","Salmo",-27.57,4.49,0.68,0.32,"SD",15,"Muscle","LEWD","Lotic","New Zealand","NZL","Oceania",172.396942,-42.404696,12434,"brackish; freshwater; marine","introduced",1,0
"3202","Salmo trutta","ID_0958","New Zealand","Salmonidae",188,238,"Brown trout","Salmoniformes","Salmo",-29.93,7.9,1.93,0.63,"SD",13,"Muscle","LEWP","Lotic","New Zealand","NZL","Oceania",172.399865,-42.380281,12434,"brackish; freshwater; marine","introduced",1,0
"3203","Salmo trutta","ID_0962","New Zealand","Salmonidae",188,238,"Brown trout","Salmoniformes","Salmo",-25.74,9.41,3.52,0.61,"SD",6,"Muscle","MAO","Lotic","New Zealand","NZL","Oceania",171.175827,-43.579804,12434,"brackish; freshwater; marine","introduced",1,0
"3204","Salmo trutta","ID_0963","New Zealand","Salmonidae",188,238,"Brown trout","Salmoniformes","Salmo",-28.95,5.02,1.32,0.76,"SD",11,"Muscle","NATH","Lotic","New Zealand","NZL","Oceania",172.450505,-42.588545,12434,"brackish; freshwater; marine","introduced",1,0
"3205","Salmo trutta","ID_0964","New Zealand","Salmonidae",188,238,"Brown trout","Salmoniformes","Salmo",-24.49,4.28,NA,NA,"SD",1,"Muscle","NBRA","Lotic","New Zealand","NZL","Oceania",171.531684,-43.605961,12434,"brackish; freshwater; marine","introduced",1,0
"3206","Salmo trutta","ID_0966","New Zealand","Salmonidae",188,238,"Brown trout","Salmoniformes","Salmo",-25.54,11.58,0.14,0.11,"SD",10,"Muscle","OKA","Lotic","New Zealand","NZL","Oceania",172.796808,-43.764833,12434,"brackish; freshwater; marine","introduced",1,0
"3207","Salmo trutta","ID_0967","New Zealand","Salmonidae",188,238,"Brown trout","Salmoniformes","Salmo",-21.66,4.92,0.63,0.61,"SD",9,"Muscle","OKU","Lotic","New Zealand","NZL","Oceania",172.394975,-43.147305,12434,"brackish; freshwater; marine","introduced",1,0
"3208","Salmo trutta","ID_0968","New Zealand","Salmonidae",188,238,"Brown trout","Salmoniformes","Salmo",-28.57,10.38,0.73,0.96,"SD",5,"Muscle","OTU","Lotic","New Zealand","NZL","Oceania",172.608233,-43.450066,12434,"brackish; freshwater; marine","introduced",1,0
"3209","Salmo trutta","ID_0969","New Zealand","Salmonidae",188,238,"Brown trout","Salmoniformes","Salmo",-29.7,8.8,3.26,1.14,"SD",9,"Muscle","PERC","Lotic","New Zealand","NZL","Oceania",172.805863,-42.552701,12434,"brackish; freshwater; marine","introduced",1,0
"3210","Salmo trutta","ID_0970","New Zealand","Salmonidae",188,238,"Brown trout","Salmoniformes","Salmo",-26.2,6.8,NA,NA,"SD",1,"Muscle","POR","Lotic","New Zealand","NZL","Oceania",171.726992,-43.244847,12434,"brackish; freshwater; marine","introduced",1,0
"3211","Salmo trutta","ID_0971","New Zealand","Salmonidae",188,238,"Brown trout","Salmoniformes","Salmo",-26.6,3.93,0.94,0.18,"SD",3,"Muscle","PR","Lotic","New Zealand","NZL","Oceania",171.901128,-43.038209,12434,"brackish; freshwater; marine","introduced",1,0
"3212","Salmo trutta","ID_0972","New Zealand","Salmonidae",188,238,"Brown trout","Salmoniformes","Salmo",-26.87,5.17,1.83,0.92,"SD",6,"Muscle","PS","Lotic","New Zealand","NZL","Oceania",171.794615,-42.993256,12434,"brackish; freshwater; marine","introduced",1,0
"3213","Salmo trutta","ID_0973","New Zealand","Salmonidae",188,238,"Brown trout","Salmoniformes","Salmo",-27.34,3.82,0.56,0.27,"SD",12,"Muscle","RIO","Lotic","New Zealand","NZL","Oceania",172.40403,-42.450984,12434,"brackish; freshwater; marine","introduced",1,0
"3214","Salmo trutta","ID_0974","New Zealand","Salmonidae",188,238,"Brown trout","Salmoniformes","Salmo",-23.92,9.28,0.42,1.08,"SD",8,"Muscle","SEL","Lotic","New Zealand","NZL","Oceania",171.937147,-43.486066,12434,"brackish; freshwater; marine","introduced",1,0
"3215","Salmo trutta","ID_0975","New Zealand","Salmonidae",188,238,"Brown trout","Salmoniformes","Salmo",-34.92,7.02,1.5,0.62,"SD",6,"Muscle","SS","Lotic","New Zealand","NZL","Oceania",171.708222,-43.261464,12434,"brackish; freshwater; marine","introduced",1,0
"3216","Salmo trutta","ID_0976","New Zealand","Salmonidae",188,238,"Brown trout","Salmoniformes","Salmo",-27.22,6.09,0.25,0.08,"SD",3,"Muscle","STOU","Lotic","New Zealand","NZL","Oceania",171.269847,-43.645665,12434,"brackish; freshwater; marine","introduced",1,0
"3217","Salmo trutta","ID_0977","New Zealand","Salmonidae",188,238,"Brown trout","Salmoniformes","Salmo",-35.4,2.69,0.46,0.48,"SD",4,"Muscle","TF","Lotic","New Zealand","NZL","Oceania",171.572686,-43.018983,12434,"brackish; freshwater; marine","introduced",1,0
"3218","Salmo trutta","ID_0978","New Zealand","Salmonidae",188,238,"Brown trout","Salmoniformes","Salmo",-21.2,9.95,NA,NA,"SD",1,"Muscle","TOPA","Lotic","New Zealand","NZL","Oceania",172.220527,-43.125129,12434,"brackish; freshwater; marine","introduced",1,0
"3219","Salmo trutta","ID_0979","New Zealand","Salmonidae",188,238,"Brown trout","Salmoniformes","Salmo",-27.65,3.18,0.62,0.88,"SD",4,"Muscle","UAS","Lotic","New Zealand","NZL","Oceania",171.796107,-42.990379,12434,"brackish; freshwater; marine","introduced",1,0
"3220","Salmo trutta","ID_0980","New Zealand","Salmonidae",188,238,"Brown trout","Salmoniformes","Salmo",-24.89,4.05,0.33,0.08,"SD",2,"Muscle","UHR","Lotic","New Zealand","NZL","Oceania",171.746472,-42.985167,12434,"brackish; freshwater; marine","introduced",1,0
"3221","Salmo trutta","ID_0982","New Zealand","Salmonidae",188,238,"Brown trout","Salmoniformes","Salmo",-26.17,3.68,0.31,0.15,"SD",9,"Muscle","WHIS","Lotic","New Zealand","NZL","Oceania",172.153184,-43.160343,12434,"brackish; freshwater; marine","introduced",1,0
"3222","Salmo trutta","ID_0984","New Zealand","Salmonidae",188,238,"Brown trout","Salmoniformes","Salmo",-27.13,4.59,NA,NA,"SD",1,"Muscle","WRRR","Lotic","New Zealand","NZL","Oceania",171.709076,-43.015345,12434,"brackish; freshwater; marine","introduced",1,0
"3223","Salmo trutta","ID_0985","New Zealand","Salmonidae",188,238,"Brown trout","Salmoniformes","Salmo",-31.43,5.54,0.09,0.1,"SD",2,"Muscle","WS","Lotic","New Zealand","NZL","Oceania",171.812152,-43.016229,12434,"brackish; freshwater; marine","introduced",1,0
"3224","Salmo trutta","ID_0986","New Zealand","Salmonidae",188,238,"Brown trout","Salmoniformes","Salmo",-28.39,5.65,0.29,0.79,"SD",2,"Muscle","WSB","Lotic","New Zealand","NZL","Oceania",171.811291,-43.016753,12434,"brackish; freshwater; marine","introduced",1,0
"3225","Salmo trutta","ID_0988","New Zealand","Salmonidae",188,238,"Brown trout","Salmoniformes","Salmo",-24.01,4.29,NA,NA,"SD",1,"Muscle","XCWS","Lotic","New Zealand","NZL","Oceania",171.803269,-43.018322,12434,"brackish; freshwater; marine","introduced",1,0
"3226","Salvelinus alpinus","ID_0142","France","Salmonidae",86,247,"Arctic charr","Salmoniformes","Salvelinus",-35.1,14,1.4,0.6,"SD",10,"Muscle","Lake_Annecy_1998","Lentic","France","FRA","Europe",6.166667,45.85,12436,"brackish; freshwater; marine","introduced",0,1
"3227","Salvelinus alpinus","ID_0143","France","Salmonidae",86,247,"Arctic charr","Salmoniformes","Salvelinus",-34,13.8,1,0.6,"SD",9,"Muscle","Lake_Annecy_2001","Lentic","France","FRA","Europe",6.166667,45.85,12436,"brackish; freshwater; marine","introduced",0,1
"3228","Salvelinus alpinus","ID_0144","France","Salmonidae",86,247,"Arctic charr","Salmoniformes","Salvelinus",-34.6,13.3,1,0.9,"SD",9,"Muscle","Lake_Annecy_2007","Lentic","France","FRA","Europe",6.166667,45.85,12436,"brackish; freshwater; marine","introduced",0,1
"3229","Salvelinus alpinus","ID_0145","France","Salmonidae",86,247,"Arctic charr","Salmoniformes","Salvelinus",-34.4,13.4,1.3,0.5,"SD",8,"Muscle","Lake_Annecy_2008","Lentic","France","FRA","Europe",6.166667,45.85,12436,"brackish; freshwater; marine","introduced",0,1
"3230","Salvelinus alpinus","ID_0777","France","Salmonidae",86,247,"Arctic charr","Salmoniformes","Salvelinus",-13.98,6.09,3.42,0.47,"SD",17,"Scale","Bataillieres","Lentic","France","FRA","Europe",6.5665101,45.1412285,12436,"brackish; freshwater; marine","introduced",0,1
"3231","Salvelinus alpinus","ID_0779","France","Salmonidae",86,247,"Arctic charr","Salmoniformes","Salvelinus",-18.59,5,0.84,0.87,"SD",24,"Scale","Cerces","Lentic","France","FRA","Europe",6.4741196,45.0712685,12436,"brackish; freshwater; marine","introduced",0,1
"3232","Salvelinus alpinus","ID_0780","France","Salmonidae",86,247,"Arctic charr","Salmoniformes","Salvelinus",-26.53,7.88,1.57,0.73,"SD",31,"Scale","Lou","Lentic","France","FRA","Europe",6.5290091,45.2906442,12436,"brackish; freshwater; marine","introduced",0,1
"3233","Salvelinus alpinus","ID_0781","France","Salmonidae",86,247,"Arctic charr","Salmoniformes","Salvelinus",-17.43,7.13,NA,NA,"SD",1,"Scale","Noir Forclaz","Lentic","France","FRA","Europe",6.6967482,45.6589909,12436,"brackish; freshwater; marine","introduced",0,1
"3234","Salvelinus alpinus","ID_0782","France","Salmonidae",86,247,"Arctic charr","Salmoniformes","Salvelinus",-27.06,6.59,0.45,0.15,"SD",6,"Scale","Noir Masse","Lentic","France","FRA","Europe",6.5050886,45.3110817,12436,"brackish; freshwater; marine","introduced",0,1
"3235","Salvelinus alpinus","ID_0783","France","Salmonidae",86,247,"Arctic charr","Salmoniformes","Salvelinus",-15.25,5.83,1.91,0.86,"SD",14,"Scale","Pepin","Lentic","France","FRA","Europe",6.5512203,45.1435191,12436,"brackish; freshwater; marine","introduced",0,1
"3236","Salvelinus alpinus","ID_0910","France","Salmonidae",86,247,"Arctic charr","Salmoniformes","Salvelinus",-35.21,13.81,1.64,0.61,"SD",27,"Muscle","Annecy","Lentic","France","FRA","Europe",6.167323,45.861525,12436,"brackish; freshwater; marine","introduced",0,1
"3237","Salvelinus confluentus","ID_0079","United States of America","Salmonidae",256,2690,"Bull trout","Salmoniformes","Salvelinus",-30.69,12.93,1.78,0.43,"SD",21,"Muscle","Pend_Oreille_Lake_Idaho","Lentic","United States","USA","North America",-116.366667,48.16,12437,"brackish; freshwater; marine","introduced",1,1
"3239","Salvelinus confluentus","ID_0160","United States of America","Salmonidae",256,2690,"Bull trout","Salmoniformes","Salvelinus",-23.66,10.77,0.34,0.18,"SE",10,"Muscle","Kintla_Lake_Montana","Lentic","United States","USA","North America",-114.319669,48.953836,12437,"brackish; freshwater; marine","introduced",1,1
"3241","Salvelinus confluentus","ID_0161","United States of America","Salmonidae",256,2690,"Bull trout","Salmoniformes","Salvelinus",-22.62,10.56,0.63,0.32,"SE",10,"Muscle","Bowman_Lake_Montana","Lentic","United States","USA","North America",-114.1535,48.872619,12437,"brackish; freshwater; marine","introduced",1,1
"3243","Salvelinus confluentus","ID_0162","United States of America","Salmonidae",256,2690,"Bull trout","Salmoniformes","Salvelinus",-23.51,11.12,0.32,0.26,"SE",20,"Muscle","Quartz_Lake_Montana","Lentic","United States","USA","North America",-114.116014,48.822856,12437,"brackish; freshwater; marine","introduced",1,1
"3245","Salvelinus confluentus","ID_0163","United States of America","Salmonidae",256,2690,"Bull trout","Salmoniformes","Salvelinus",-23.21,10.79,0.57,0.2,"SE",10,"Muscle","Lower_Quartz_Lake_Montana","Lentic","United States","USA","North America",-114.173097,48.807133,12437,"brackish; freshwater; marine","introduced",1,1
"3247","Salvelinus confluentus","ID_0164","United States of America","Salmonidae",256,2690,"Bull trout","Salmoniformes","Salvelinus",-22.54,11.44,0.52,0.27,"SE",6,"Muscle","Logging_Lake_Montana","Lentic","United States","USA","North America",-114.072981,48.758958,12437,"brackish; freshwater; marine","introduced",1,1
"3249","Salvelinus confluentus","ID_0165","United States of America","Salmonidae",256,2690,"Bull trout","Salmoniformes","Salvelinus",-23.1,10.14,0.63,0.28,"SE",8,"Muscle","Lake_McDonald_Montana","Lentic","United States","USA","North America",-113.925575,48.583292,12437,"brackish; freshwater; marine","introduced",1,1
"3251","Salvelinus confluentus","ID_0166","United States of America","Salmonidae",256,2690,"Bull trout","Salmoniformes","Salvelinus",-24.02,10.96,0.66,0.37,"SE",8,"Muscle","Harrison_Lake_Montana","Lentic","United States","USA","North America",-113.761967,48.522458,12437,"brackish; freshwater; marine","introduced",1,1
"3253","Salvelinus confluentus","ID_0460","United States of America","Salmonidae",256,2690,"Bull trout","Salmoniformes","Salvelinus",-27.6,8.4,0.4,0.1,"SD",3,"Muscle","Priest_Lake","Lentic","United States","USA","North America",-116.855631,48.565973,12437,"brackish; freshwater; marine","introduced",1,1
"3255","Salvelinus fontinalis","ID_0155","Canada","Salmonidae",48,246,"Brook trout","Salmoniformes","Salvelinus",-26.5,7.7,NA,NA,NA,NA,"Muscle","Batchawana_River_unregulated_before","Lotic","Canada","CAN","North America",-84.450028,47.115747,12438,"brackish; freshwater; marine","introduced",1,1
"3257","Salvelinus fontinalis","ID_0156","Canada","Salmonidae",48,246,"Brook trout","Salmoniformes","Salvelinus",-26.2,7,NA,NA,NA,NA,"Muscle","Batchawana_River_unregulated_after","Lotic","Canada","CAN","North America",-84.450028,47.115747,12438,"brackish; freshwater; marine","introduced",1,1
"3259","Salvelinus fontinalis","ID_0157","Canada","Salmonidae",48,246,"Brook trout","Salmoniformes","Salvelinus",-30.9,10.7,NA,NA,NA,NA,"Muscle","Magpie_River_regulated_before","Lotic","Canada","CAN","North America",-84.812872,48.016913,12438,"brackish; freshwater; marine","introduced",1,1
"3261","Salvelinus fontinalis","ID_0158","Canada","Salmonidae",48,246,"Brook trout","Salmoniformes","Salvelinus",-30.4,11,NA,NA,NA,NA,"Muscle","Magpie_River_regulated_after","Lotic","Canada","CAN","North America",-84.812872,48.016913,12438,"brackish; freshwater; marine","introduced",1,1
"3263","Salvelinus fontinalis","ID_0166","United States of America","Salmonidae",256,246,"Brook trout","Salmoniformes","Salvelinus",-22.54,8.23,NA,NA,NA,1,"Muscle","Harrison_Lake_Montana","Lentic","United States","USA","North America",-113.761967,48.522458,12438,"brackish; freshwater; marine","introduced",1,1
"3265","Salvelinus fontinalis","ID_0190","United States of America","Salmonidae",256,246,"Brook trout","Salmoniformes","Salvelinus",-26.54,10.33,0.67,0.43,"SE",7,"Muscle","Lake_Roosevelt_Washington_summer","Lentic","United States","USA","North America",-118.341722,47.896478,12438,"brackish; freshwater; marine","introduced",1,1
"3267","Salvelinus fontinalis","ID_0288","Argentina","Salmonidae",11,246,"Brook trout","Salmoniformes","Salvelinus",-26.81,11.77,2.84,0.57,"SD",9,"Muscle","Lake_Moreno_East_Nahuel_Huapi_National_Park","Lentic","Argentina","ARG","South America",-71.312485,-41.099017,12438,"brackish; freshwater; marine","introduced",1,0
"3268","Salvelinus fontinalis","ID_0289","Argentina","Salmonidae",11,246,"Brook trout","Salmoniformes","Salvelinus",-23.63,10.63,1.5,0.97,"SD",9,"Muscle","Lake_Moreno_West_Nahuel_Huapi_National_Park","Lentic","Argentina","ARG","South America",-71.588516,-40.848099,12438,"brackish; freshwater; marine","introduced",1,0
"3269","Salvelinus fontinalis","ID_0342","Canada","Salmonidae",48,246,"Brook trout","Salmoniformes","Salvelinus",-27.31,9.19,1.74,1.01,"SD",9,"Muscle","A_Lake","Lentic","Canada","CAN","North America",-66.558666,45.402789,12438,"brackish; freshwater; marine","introduced",1,1
"3271","Salvelinus fontinalis","ID_0343","Canada","Salmonidae",48,246,"Brook trout","Salmoniformes","Salvelinus",-26.93,9.64,0.41,0.52,"SD",4,"Muscle","Clear_Lake","Lentic","Canada","CAN","North America",-66.697855,45.227513,12438,"brackish; freshwater; marine","introduced",1,1
"3273","Salvelinus fontinalis","ID_0344","Canada","Salmonidae",48,246,"Brook trout","Salmoniformes","Salvelinus",-29.2,8.58,0.71,0.85,"SD",6,"Muscle","Cranberry_Lake","Lentic","Canada","CAN","North America",-66.762571,45.35905,12438,"brackish; freshwater; marine","introduced",1,1
"3275","Salvelinus fontinalis","ID_0345","Canada","Salmonidae",48,246,"Brook trout","Salmoniformes","Salvelinus",-28.76,9.48,0.86,1.48,"SD",5,"Muscle","Cundy","Lentic","Canada","CAN","North America",-66.718022,45.365006,12438,"brackish; freshwater; marine","introduced",1,1
"3277","Salvelinus fontinalis","ID_0346","Canada","Salmonidae",48,246,"Brook trout","Salmoniformes","Salvelinus",-26.55,9.81,0.75,1.09,"SD",7,"Muscle","Ormond","Lentic","Canada","CAN","North America",-66.65102,45.327048,12438,"brackish; freshwater; marine","introduced",1,1
"3279","Salvelinus fontinalis","ID_0347","Canada","Salmonidae",48,246,"Brook trout","Salmoniformes","Salvelinus",-27.65,11.76,1.41,2.76,"SD",4,"Muscle","Trout_Lake","Lentic","Canada","CAN","North America",-66.763773,45.179375,12438,"brackish; freshwater; marine","introduced",1,1
"3281","Salvelinus fontinalis","ID_0348","Canada","Salmonidae",48,246,"Brook trout","Salmoniformes","Salvelinus",-29.22,9.62,1.62,0.95,"SD",9,"Muscle","West_Long_Lake","Lentic","Canada","CAN","North America",-66.629949,45.360287,12438,"brackish; freshwater; marine","introduced",1,1
"3283","Salvelinus fontinalis","ID_0353","United States of America","Salmonidae",256,246,"Brook trout","Salmoniformes","Salvelinus",-29.9,12.1,NA,NA,"SD",1,"Muscle","Sixmile_brook_Tributary_date_39652","Lotic","United States","USA","North America",-74.351194,43.991278,12438,"brackish; freshwater; marine","introduced",1,1
"3285","Salvelinus fontinalis","ID_0355","United States of America","Salmonidae",256,246,"Brook trout","Salmoniformes","Salvelinus",-27.12,10.38,1.51,0.43,"SD",5,"Muscle","Sixmile_brook_below_SB_tributary_date_39954","Lotic","United States","USA","North America",-74.345556,43.987778,12438,"brackish; freshwater; marine","introduced",1,1
"3287","Salvelinus fontinalis","ID_0357","United States of America","Salmonidae",256,246,"Brook trout","Salmoniformes","Salvelinus",-29.33,10.47,1.27,0.35,"SD",3,"Muscle","Sixmile_brook_near_Long_Lake_date_39729","Lotic","United States","USA","North America",-74.341,43.988194,12438,"brackish; freshwater; marine","introduced",1,1
"3289","Salvelinus fontinalis","ID_0358","United States of America","Salmonidae",256,246,"Brook trout","Salmoniformes","Salvelinus",-27.31,10.16,1.22,0.36,"SD",9,"Muscle","Sixmile_brook_near_Long_Lake_date_39954","Lotic","United States","USA","North America",-74.341,43.988194,12438,"brackish; freshwater; marine","introduced",1,1
"3291","Salvelinus fontinalis","ID_0359","United States of America","Salmonidae",256,246,"Brook trout","Salmoniformes","Salvelinus",-27.5,10.41,1.24,0.51,"SD",8,"Muscle","Sixmile_brook_near_Long_Lake_date_40009","Lotic","United States","USA","North America",-74.341,43.988194,12438,"brackish; freshwater; marine","introduced",1,1
"3293","Salvelinus fontinalis","ID_0363","United States of America","Salmonidae",256,246,"Brook trout","Salmoniformes","Salvelinus",-29.6,10.9,NA,NA,"SD",1,"Muscle","Fishing_brook_near_newcomb_date_39947","Lotic","United States","USA","North America",-74.291333,43.987583,12438,"brackish; freshwater; marine","introduced",1,1
"3295","Salvelinus fontinalis","ID_0460","United States of America","Salmonidae",256,246,"Brook trout","Salmoniformes","Salvelinus",-26,7.2,0.9,0.5,"SD",6,"Muscle","Priest_Lake","Lentic","United States","USA","North America",-116.855631,48.565973,12438,"brackish; freshwater; marine","introduced",1,1
"3297","Salvelinus fontinalis","ID_0479","Canada","Salmonidae",48,246,"Brook trout","Salmoniformes","Salvelinus",-27.6,11.2,NA,NA,NA,2,"Muscle","Mactaquac_Lake_summarized","Lentic","Canada","CAN","North America",-66.876,45.95,12438,"brackish; freshwater; marine","introduced",1,1
"3299","Salvelinus fontinalis","ID_0547","United States of America","Salmonidae",256,246,"Brook trout","Salmoniformes","Salvelinus",-19.56,6.75,0.58,0.76,"SD",11,"Muscle","SW01","Lotic","United States","USA","North America",-109.062622,42.565194,12438,"brackish; freshwater; marine","introduced",1,1
"3301","Salvelinus fontinalis","ID_0551","United States of America","Salmonidae",256,246,"Brook trout","Salmoniformes","Salvelinus",-23.46,6.9,1.03,0.6,"SD",12,"Muscle","MB01","Lotic","United States","USA","North America",-106.371396,41.515046,12438,"brackish; freshwater; marine","introduced",1,1
"3303","Salvelinus fontinalis","ID_0552","United States of America","Salmonidae",256,246,"Brook trout","Salmoniformes","Salvelinus",-25.86,9.45,0.61,0.4,"SD",5,"Muscle","MB02","Lotic","United States","USA","North America",-106.416902,41.605678,12438,"brackish; freshwater; marine","introduced",1,1
"3305","Salvelinus fontinalis","ID_0555","United States of America","Salmonidae",256,246,"Brook trout","Salmoniformes","Salvelinus",-24.56,7.2,1.54,0.92,"SD",29,"Muscle","LR01","Lotic","United States","USA","North America",-105.882212,40.788628,12438,"brackish; freshwater; marine","introduced",1,1
"3307","Salvelinus fontinalis","ID_0557","United States of America","Salmonidae",256,246,"Brook trout","Salmoniformes","Salvelinus",-28.33,10.34,0.09,0.06,"SD",2,"Muscle","LR03","Lotic","United States","USA","North America",-105.980393,41.138216,12438,"brackish; freshwater; marine","introduced",1,1
"3309","Salvelinus fontinalis","ID_0568","Argentina","Salmonidae",11,246,"Brook trout_juvenile","Salmoniformes","Salvelinus",-24.75,10.57,2.75,0.3,"SD",6,"Muscle","Lake_Moreno_East_Patagonia","Lentic","Argentina","ARG","South America",-71.503625,-41.076773,12438,"brackish; freshwater; marine","introduced",1,0
"3310","Salvelinus fontinalis","ID_0568","Argentina","Salmonidae",11,246,"Brook trout","Salmoniformes","Salvelinus",-25.55,11.5,1.8,0.83,"SD",21,"Muscle","Lake_Moreno_East_Patagonia","Lentic","Argentina","ARG","South America",-71.503625,-41.076773,12438,"brackish; freshwater; marine","introduced",1,0
"3311","Salvelinus fontinalis","ID_0994","Canada","Salmonidae",48,246,"Brook trout","Salmoniformes","Salvelinus",-26.02,7.79,1.7,0.81,"SD",22,"Muscle","Catamaran_Brook","Lotic","Canada","CAN","North America",-66.001731,46.887595,12438,"brackish; freshwater; marine","introduced",1,1
"3313","Salvelinus fontinalis","ID_1001","Canada","Salmonidae",48,246,"Brook trout","Salmoniformes","Salvelinus",-24.37,7.76,0.54,0.37,"SD",2,"Muscle","Saint_John_River","Lotic","Canada","CAN","North America",-66.825887,45.959018,12438,"brackish; freshwater; marine","introduced",1,1
"3315","Salvelinus leucomaenis","ID_0658","Japan","Salmonidae",132,6411,"Anadromous form","Salmoniformes","Salvelinus",-21.3,13.5,NA,NA,"SD",1,"Muscle","Rusha_River_After","Lotic","Japan","JPN","Asia",145.223787,44.178028,12440,"brackish; freshwater; marine","introduced",1,1
"3317","Salvelinus namaycush","ID_0012","United States of America","Salmonidae",256,248,"Lake trout","Salmoniformes","Salvelinus",-23.79,12.19,NA,NA,NA,NA,"Muscle","Lake_Superior_1897-1929","Lentic","Canada","CAN","North America",-86.950556,47.726397,12442,"brackish; freshwater; marine","introduced",1,1
"3319","Salvelinus namaycush","ID_0013","United States of America","Salmonidae",256,248,"Lake trout","Salmoniformes","Salvelinus",-25.07,10.86,NA,NA,NA,NA,"Muscle","Lake_Superior_1934-1966","Lentic","Canada","CAN","North America",-86.950565,47.726406,12442,"brackish; freshwater; marine","introduced",1,1
"3321","Salvelinus namaycush","ID_0014","United States of America","Salmonidae",256,248,"Lake trout","Salmoniformes","Salvelinus",-25.05,11.8,NA,NA,NA,NA,"Muscle","Lake_Superior_1972-1998","Lentic","Canada","CAN","North America",-86.950576,47.726417,12442,"brackish; freshwater; marine","introduced",1,1
"3323","Salvelinus namaycush","ID_0079","United States of America","Salmonidae",256,248,"Lake trout","Salmoniformes","Salvelinus",-30.7,12.58,0.8,0.44,"SD",24,"Muscle","Pend_Oreille_Lake_Idaho","Lentic","United States","USA","North America",-116.366667,48.16,12442,"brackish; freshwater; marine","introduced",1,1
"3325","Salvelinus namaycush","ID_0094","United States of America","Salmonidae",256,248,"Lake trout","Salmoniformes","Salvelinus",-29.5,13.7,NA,NA,NA,NA,"Muscle","Blue_Mesa_Colorado_Summer","Lentic","United States","USA","North America",-107.328291,38.455017,12442,"brackish; freshwater; marine","introduced",1,1
"3327","Salvelinus namaycush","ID_0095","United States of America","Salmonidae",256,248,"Lake trout","Salmoniformes","Salvelinus",-29.7,13.2,NA,NA,NA,NA,"Muscle","Blue_Mesa_Reservoir_Colorado_Fall","Lentic","United States","USA","North America",-107.328291,38.455017,12442,"brackish; freshwater; marine","introduced",1,1
"3329","Salvelinus namaycush","ID_0096","United States of America","Salmonidae",256,248,"Lake trout","Salmoniformes","Salvelinus",-26.9,12,NA,NA,NA,NA,"Muscle","Lake_Granby_Colorado_Spring","Lentic","United States","USA","North America",-105.866883,40.149251,12442,"brackish; freshwater; marine","introduced",1,1
"3331","Salvelinus namaycush","ID_0097","United States of America","Salmonidae",256,248,"Lake trout","Salmoniformes","Salvelinus",-27,11.5,NA,NA,NA,NA,"Muscle","Lake_Granby_Colorado_Fall","Lentic","United States","USA","North America",-105.866883,40.149251,12442,"brackish; freshwater; marine","introduced",1,1
"3333","Salvelinus namaycush","ID_0098","United States of America","Salmonidae",256,248,"Lake trout","Salmoniformes","Salvelinus",-26.24,10.64,0.21,0.18,"SE",13,"Muscle","Lake_Superior","Lentic","Canada","CAN","North America",-91.241889,47.047328,12442,"brackish; freshwater; marine","introduced",1,1
"3335","Salvelinus namaycush","ID_0150","United States of America","Salmonidae",256,248,"Lake trout","Salmoniformes","Salvelinus",-24.8,10.3,NA,NA,NA,NA,"Muscle","Lake_Superior_Offshore_Wisconsin","Lentic","United States","USA","North America",-89.548415,47.53271,12442,"brackish; freshwater; marine","introduced",1,1
"3337","Salvelinus namaycush","ID_0160","United States of America","Salmonidae",256,248,"Lake trout","Salmoniformes","Salvelinus",-22.53,11.94,0.4,0.25,"SE",10,"Muscle","Kintla_Lake_Montana","Lentic","United States","USA","North America",-114.319669,48.953836,12442,"brackish; freshwater; marine","introduced",1,1
"3339","Salvelinus namaycush","ID_0161","United States of America","Salmonidae",256,248,"Lake trout","Salmoniformes","Salvelinus",-24.95,10.9,0.65,0.35,"SE",10,"Muscle","Bowman_Lake_Montana","Lentic","United States","USA","North America",-114.1535,48.872619,12442,"brackish; freshwater; marine","introduced",1,1
"3341","Salvelinus namaycush","ID_0162","United States of America","Salmonidae",256,248,"Lake trout","Salmoniformes","Salvelinus",-25.43,12.37,1.08,0.25,"SE",3,"Muscle","Quartz_Lake_Montana","Lentic","United States","USA","North America",-114.116014,48.822856,12442,"brackish; freshwater; marine","introduced",1,1
"3343","Salvelinus namaycush","ID_0163","United States of America","Salmonidae",256,248,"Lake trout","Salmoniformes","Salvelinus",-25.77,11.49,0.84,0.36,"SE",3,"Muscle","Lower_Quartz_Lake_Montana","Lentic","United States","USA","North America",-114.173097,48.807133,12442,"brackish; freshwater; marine","introduced",1,1
"3345","Salvelinus namaycush","ID_0164","United States of America","Salmonidae",256,248,"Lake trout","Salmoniformes","Salvelinus",-23.71,12.01,0.47,0.17,"SE",10,"Muscle","Logging_Lake_Montana","Lentic","United States","USA","North America",-114.072981,48.758958,12442,"brackish; freshwater; marine","introduced",1,1
"3347","Salvelinus namaycush","ID_0165","United States of America","Salmonidae",256,248,"Lake trout","Salmoniformes","Salvelinus",-25.56,11.48,0.37,0.31,"SE",10,"Muscle","Lake_McDonald_Montana","Lentic","United States","USA","North America",-113.925575,48.583292,12442,"brackish; freshwater; marine","introduced",1,1
"3349","Salvelinus namaycush","ID_0166","United States of America","Salmonidae",256,248,"Lake trout","Salmoniformes","Salvelinus",-27.3,12.22,0.3,0.55,"SE",10,"Muscle","Harrison_Lake_Montana","Lentic","United States","USA","North America",-113.761967,48.522458,12442,"brackish; freshwater; marine","introduced",1,1
"3351","Salvelinus namaycush","ID_0176","United States of America","Salmonidae",256,248,"Lake trout","Salmoniformes","Salvelinus",-21,9.23,1.03,0.41,"SE",5,"Muscle","Lake_Tahoe_California-Nevada_1959-1966","Lentic","United States","USA","North America",-120.031692,39.109806,12442,"brackish; freshwater; marine","introduced",1,1
"3353","Salvelinus namaycush","ID_0177","United States of America","Salmonidae",256,248,"Lake trout","Salmoniformes","Salvelinus",-23.3,7.38,0.49,0.21,"SE",37,"Muscle","Lake_Tahoe_California-Nevada_1998-2000","Lentic","United States","USA","North America",-120.031692,39.109806,12442,"brackish; freshwater; marine","introduced",1,1
"3355","Salvelinus namaycush","ID_0180","United States of America","Salmonidae",256,248,"Lake trout","Salmoniformes","Salvelinus",-21.68,14.05,0.77,0.84,"SD",NA,"Muscle","Lake_Michigan_Grand_Traverse_Bay_Michigan","Lentic","United States","USA","North America",-85.5,44.900833,12442,"brackish; freshwater; marine","introduced",1,1
"3357","Salvelinus namaycush","ID_0207","United States of America","Salmonidae",256,248,"Lake trout","Salmoniformes","Salvelinus",-23.17,7.84,NA,NA,NA,NA,"Muscle","Lake_Superior_Ecoregion_3_Michigan","Lentic","United States","USA","North America",-87.347133,46.632017,12442,"brackish; freshwater; marine","introduced",1,1
"3358","Salvelinus namaycush","ID_0207","United States of America","Salmonidae",256,248,"Lake trout","Salmoniformes","Salvelinus",-22.49,9.11,NA,NA,NA,NA,"Muscle","Lake_Superior_Ecoregion_3_Michigan","Lentic","United States","USA","North America",-87.347133,46.632017,12442,"brackish; freshwater; marine","introduced",1,1
"3361","Salvelinus namaycush","ID_0208","United States of America","Salmonidae",256,248,"Lake trout","Salmoniformes","Salvelinus",-23.62,8.72,NA,NA,NA,NA,"Muscle","Lake_Superior_Ecoregion_5_Wisconsin","Lentic","United States","USA","North America",-90.385222,46.801092,12442,"brackish; freshwater; marine","introduced",1,1
"3362","Salvelinus namaycush","ID_0208","United States of America","Salmonidae",256,248,"Lake trout","Salmoniformes","Salvelinus",-22.82,9.3,NA,NA,NA,NA,"Muscle","Lake_Superior_Ecoregion_5_Wisconsin","Lentic","United States","USA","North America",-90.385222,46.801092,12442,"brackish; freshwater; marine","introduced",1,1
"3365","Salvelinus namaycush","ID_0209","United States of America","Salmonidae",256,248,"Lake trout","Salmoniformes","Salvelinus",-23.05,10.35,NA,NA,NA,NA,"Muscle","Lake_Superior_Ecoregion_6_Wisconsin","Lentic","United States","USA","North America",-91.589453,46.875017,12442,"brackish; freshwater; marine","introduced",1,1
"3366","Salvelinus namaycush","ID_0209","United States of America","Salmonidae",256,248,"Lake trout","Salmoniformes","Salvelinus",-23.56,9.17,NA,NA,NA,NA,"Muscle","Lake_Superior_Ecoregion_6_Wisconsin","Lentic","United States","USA","North America",-91.589453,46.875017,12442,"brackish; freshwater; marine","introduced",1,1
"3369","Salvelinus namaycush","ID_0215","United States of America","Salmonidae",256,248,"Lake trout","Salmoniformes","Salvelinus",-23.23,10.54,NA,NA,NA,NA,"Muscle","Lake_Chelan_Washington","Lentic","United States","USA","North America",-120.472183,48.078996,12442,"brackish; freshwater; marine","introduced",1,1
"3371","Salvelinus namaycush","ID_0301","United States of America","Salmonidae",256,248,"Lake trout","Salmoniformes","Salvelinus",-22.98,17.98,0.48,0.38,"SE",16,"Muscle","Lake_Ontario_1995-1998","Lentic","United States","USA","North America",-77.608142,43.256139,12442,"brackish; freshwater; marine","introduced",1,1
"3373","Salvelinus namaycush","ID_0302","United States of America","Salmonidae",256,248,"Lake trout","Salmoniformes","Salvelinus",-22.21,17.88,0.69,0.65,"SE",19,"Muscle","Lake_Ontario_1999-2003","Lentic","United States","USA","North America",-77.608142,43.256139,12442,"brackish; freshwater; marine","introduced",1,1
"3375","Salvelinus namaycush","ID_0303","United States of America","Salmonidae",256,248,"Lake trout","Salmoniformes","Salvelinus",-21.7,17,0.6,0.88,"SD",419,"Muscle","Lake_Ontario_2008_pooled","Lentic","United States","USA","North America",-77.608142,43.256139,12442,"brackish; freshwater; marine","introduced",1,1
"3377","Salvelinus namaycush","ID_0373","Finland","Salmonidae",83,248,"Lake trout","Salmoniformes","Salvelinus",-23.97,11.34,2.4,0.5,"SD",79,"Muscle","Inarijarvi_Lake","Lentic","Finland","FIN","Europe",27.781219,69.015513,12442,"brackish; freshwater; marine","introduced",1,0
"3378","Salvelinus namaycush","ID_0379","United States of America","Salmonidae",256,248,"Lake trout","Salmoniformes","Salvelinus",-29.77,13.5,NA,NA,NA,NA,"Muscle","Blue_Mesa_Reservoir_Colorado_2000","Lentic","United States","USA","North America",-107.22147,38.469181,12442,"brackish; freshwater; marine","introduced",1,1
"3380","Salvelinus namaycush","ID_0380","United States of America","Salmonidae",256,248,"Lake trout","Salmoniformes","Salvelinus",-31.67,14.1,NA,NA,NA,NA,"Muscle","Blue_Mesa_Reservoir_Colorado_2010","Lentic","United States","USA","North America",-107.22147,38.469181,12442,"brackish; freshwater; marine","introduced",1,1
"3382","Salvelinus namaycush","ID_0460","United States of America","Salmonidae",256,248,"Lake trout","Salmoniformes","Salvelinus",-28.6,8.6,0,0,"SD",412,"Muscle","Priest_Lake","Lentic","United States","USA","North America",-116.855631,48.565973,12442,"brackish; freshwater; marine","introduced",1,1
"3384","Salvelinus namaycush","ID_0471","Finland","Salmonidae",83,248,"Lake trout","Salmoniformes","Salvelinus",-24,11.3,2.4,0.5,"SD",30,"Muscle","Lake_Inari","Lentic","Finland","FIN","Europe",27.765575,69.050872,12442,"brackish; freshwater; marine","introduced",1,0
"3385","Salvelinus namaycush","ID_0663","Finland","Salmonidae",83,248,"Lake trout","Salmoniformes","Salvelinus",-24.7,11.5,2.1,0.5,"SD",16,NA,"Inari","Lentic","Finland","FIN","Europe",27.84,69.05,12442,"brackish; freshwater; marine","introduced",1,0
"3386","Salvelinus namaycush","ID_0757","Finland","Salmonidae",83,248,"Lake trout","Salmoniformes","Salvelinus",-25.63,11.62,1.44,0,"SD",NA,"Muscle","Muddusjärvi","Lentic","Finland","FIN","Europe",26.833333,69,12442,"brackish; freshwater; marine","introduced",1,0
"3387","Salvelinus namaycush","ID_0778","France","Salmonidae",86,248,"Lake trout","Salmoniformes","Salvelinus",-12.02,5.05,1.61,0.81,"SD",36,"Scale","Blanc A","Lentic","France","FRA","Europe",6.9664091,45.5794453,12442,"brackish; freshwater; marine","introduced",1,0
"3388","Salvelinus namaycush","ID_0781","France","Salmonidae",86,248,"Lake trout","Salmoniformes","Salvelinus",-16.99,9.6,NA,NA,"SD",1,"Scale","Noir Forclaz","Lentic","France","FRA","Europe",6.6967482,45.6589909,12442,"brackish; freshwater; marine","introduced",1,0
"3389","Salvelinus namaycush","ID_0783","France","Salmonidae",86,248,"Lake trout","Salmoniformes","Salvelinus",-15.52,6.29,1.68,1.03,"SD",7,"Scale","Pepin","Lentic","France","FRA","Europe",6.5512203,45.1435191,12442,"brackish; freshwater; marine","introduced",1,0
"3390","Sander lucioperca","ID_0024","France","Percidae",86,360,"Pikeperch","Perciformes/Percoidei","Sander",-24.36,18.41,0.56,0.51,"SD",11,"Muscle","Tarn_River","Lotic","France","FRA","Europe",1.5,43.866667,12246,"brackish; freshwater","introduced",1,0
"3391","Sander lucioperca","ID_0230","France","Percidae",86,360,"Pikeperch","Perciformes/Percoidei","Sander",-27.91,14.96,0.43,0.54,"SD",2,"Muscle/Fin","Réservoir_de_l'Astarac_Gers","Lentic","France","FRA","Europe",0.6322,43.3831,12246,"brackish; freshwater","introduced",1,0
"3392","Sander lucioperca","ID_0231","France","Percidae",86,360,"Pikeperch","Perciformes/Percoidei","Sander",-26.7,11.03,1.08,1.46,"SD",3,"Muscle/Fin","Lac_des_Bariousses_Corrèze","Lentic","France","FRA","Europe",1.8239,45.5656,12246,"brackish; freshwater","introduced",1,0
"3393","Sander lucioperca","ID_0232","France","Percidae",86,360,"Pikeperch","Perciformes/Percoidei","Sander",-24.12,15.68,0.48,0.54,"SD",10,"Muscle/Fin","Barrage_de_Candes_Lot","Lentic","France","FRA","Europe",1.9769,44.9525,12246,"brackish; freshwater","introduced",1,0
"3394","Sander lucioperca","ID_0233","France","Percidae",86,360,"Pikeperch","Perciformes/Percoidei","Sander",-26.69,10.67,0.71,0.92,"SD",3,"Muscle/Fin","Lac_de_Castillon_Alpes-de-Haute-Provence","Lentic","France","FRA","Europe",6.5342,43.9106,12246,"brackish; freshwater","introduced",1,0
"3395","Sander lucioperca","ID_0235","France","Percidae",86,360,"Pikeperch","Perciformes/Percoidei","Sander",-22.27,16.9,0.67,0.32,"SD",6,"Muscle/Fin","Retenue_de_Duhort-Bachen_Landes","Lentic","France","FRA","Europe",2.3692,43.7372,12246,"brackish; freshwater","introduced",1,0
"3396","Sander lucioperca","ID_0236","France","Percidae",86,360,"Pikeperch","Perciformes/Percoidei","Sander",-22.98,15.28,0.56,0.31,"SD",3,"Muscle/Fin","Lac_du_barrage_d'Enchanet","Lentic","France","FRA","Europe",2.2253,45.0775,12246,"brackish; freshwater","introduced",1,0
"3397","Sander lucioperca","ID_0238","France","Percidae",86,360,"Pikeperch","Perciformes/Percoidei","Sander",-26.08,16.2,1.26,1.9,"SD",4,"Muscle/Fin","Retenue_de_l'Estrade_Aude","Lentic","France","FRA","Europe",1.8094,43.3158,12246,"brackish; freshwater","introduced",1,0
"3398","Sander lucioperca","ID_0239","France","Percidae",86,360,"Pikeperch","Perciformes/Percoidei","Sander",-24.85,20.2,0.91,0.32,"SD",16,"Muscle/Fin","Lac_de_Gensac_Tarn-et-Garonne","Lentic","France","FRA","Europe",0.9556,43.9644,12246,"brackish; freshwater","introduced",1,0
"3399","Sander lucioperca","ID_0240","France","Percidae",86,360,"Pikeperch","Perciformes/Percoidei","Sander",-24.62,20.2,0.46,0.66,"SD",7,"Muscle/Fin","Lac_du_Gouyre_Tarn-et-Garonne","Lentic","France","FRA","Europe",1.6064,44.047222,12246,"brackish; freshwater","introduced",1,0
"3400","Sander lucioperca","ID_0241","France","Percidae",86,360,"Pikeperch","Perciformes/Percoidei","Sander",-24.28,15.37,1.12,0.1,"SD",3,"Muscle/Fin","Retenue_d'Hagetmau-Monségur_Landes","Lentic","France","FRA","Europe",-0.5689,43.6339,12246,"brackish; freshwater","introduced",1,0
"3401","Sander lucioperca","ID_0243","France","Percidae",86,360,"Pikeperch","Perciformes/Percoidei","Sander",-24.95,11.08,1.75,1.35,"SD",3,"Muscle/Fin","Lac_du_Salagou_Hérault","Lentic","France","FRA","Europe",3.3717,43.6528,12246,"brackish; freshwater","introduced",1,0
"3402","Sander lucioperca","ID_0417","France","Percidae",86,360,"Pikeperch","Perciformes/Percoidei","Sander",-24.33,9.8,1.15,3.1,"SD",2,"Fin","Bidot_gravelpitlake_BID","Lentic","France","FRA","Europe",1.285494,43.525573,12246,"brackish; freshwater","introduced",1,0
"3403","Sander lucioperca","ID_0435","Netherlands","Percidae",184,360,"Pikeperch","Perciformes/Percoidei","Sander",-27.14,17.75,1.26,2.73,"SD",77,"Muscle","River_WaalRhin_1996-1998","Lotic","Netherlands","NLD","Europe",5.740579,51.766496,12246,"brackish; freshwater","introduced",1,0
"3404","Sander lucioperca","ID_0436","Netherlands","Percidae",184,360,"Pikeperch","Perciformes/Percoidei","Sander",-28.49,15.96,1.6,1.47,"SD",28,"Muscle","River_WaalRhin_2001-2003","Lotic","Netherlands","NLD","Europe",5.740579,51.766496,12246,"brackish; freshwater","introduced",1,0
"3405","Sander lucioperca","ID_0444","France","Percidae",86,360,"Pikeperch","Perciformes/Percoidei","Sander",-20.52,13.23,0.64,0.71,"SD",9,"Fin","Birazel_BIR_gravelpitlake","Lentic","France","FRA","Europe",1.289764,43.530329,12246,"brackish; freshwater","introduced",1,0
"3406","Sander lucioperca","ID_0449","France","Percidae",86,360,"Pikeperch","Perciformes/Percoidei","Sander",-21.16,17.61,1.26,1.88,"SD",4,"Fin","Four de Louge_gravelpitlake_FDL","Lentic","France","FRA","Europe",1.302606,43.43998,12246,"brackish; freshwater","introduced",1,0
"3407","Sander lucioperca","ID_0450","France","Percidae",86,360,"Pikeperch","Perciformes/Percoidei","Sander",-18.93,13.78,0.25,0.42,"SD",7,"Fin","Lamartine1_gravelpitlake_LAM1","Lentic","France","FRA","Europe",1.337336,43.506265,12246,"brackish; freshwater","introduced",1,0
"3408","Sander lucioperca","ID_0451","France","Percidae",86,360,"Pikeperch","Perciformes/Percoidei","Sander",-21.41,15.11,NA,NA,"SD",1,"Fin","Lavernose_gravelpitlake_LAV","Lentic","France","FRA","Europe",1.265891,43.386392,12246,"brackish; freshwater","introduced",1,0
"3409","Sander lucioperca","ID_0565","France","Percidae",86,360,"Pikeperch","Perciformes/Percoidei","Sander",-21.32,16.19,1.63,0.25,"SD",2,"Fin","SAB","Lentic","France","FRA","Europe",1.251335,43.364617,12246,"brackish; freshwater","introduced",1,0
"3410","Sander lucioperca","ID_0883","France","Percidae",86,360,"Pikeperch","Perciformes/Percoidei","Sander",-27.42,13.61,NA,NA,"SD",1,"Fin","049_Orge_Breux-Jouy","Lotic","France","FRA","Europe",2.160723823,48.55869587,12246,"brackish; freshwater","introduced",1,0
"3411","Sander vitreus","ID_0090","United States of America","Percidae",256,3516,"Walleye","Perciformes/Percoidei","Sander",-19.6,12.6,NA,NA,NA,NA,"Muscle","Lake_Huron_Middle_Island","Lentic","Canada","CAN","North America",-83.327295,45.198415,12247,"brackish; freshwater","introduced",1,1
"3413","Sander vitreus","ID_0149","United States of America","Percidae",256,3516,"Walleye","Perciformes/Percoidei","Sander",-28.1,10.9,NA,NA,NA,NA,"Muscle","Lake_Superior_Allouez_Bay_Wisconsin","Lentic","United States","USA","North America",-92.006639,47.53271,12247,"brackish; freshwater","introduced",1,1
"3415","Sander vitreus","ID_0150","United States of America","Percidae",256,3516,"Walleye","Perciformes/Percoidei","Sander",-23.65,9.7,NA,NA,NA,NA,"Muscle","Lake_Superior_Offshore_Wisconsin","Lentic","United States","USA","North America",-89.548415,47.53271,12247,"brackish; freshwater","introduced",1,1
"3417","Sander vitreus","ID_0190","United States of America","Percidae",256,3516,"Walleye","Perciformes/Percoidei","Sander",-26.13,12,0.11,0.15,"SE",43,"Muscle","Lake_Roosevelt_Washington_summer","Lentic","United States","USA","North America",-118.341722,47.896478,12247,"brackish; freshwater","introduced",1,1
"3419","Sander vitreus","ID_0251","United States of America","Percidae",256,3516,"Walleye","Perciformes/Percoidei","Sander",-24.27,16.81,NA,NA,NA,NA,"Muscle","Cutler_Reservoir_Utah","Lentic","United States","USA","North America",-111.954881,41.800117,12247,"brackish; freshwater","introduced",1,1
"3421","Sander vitreus","ID_0278","United States of America","Percidae",256,3516,"Walleye","Perciformes/Percoidei","Sander",-23.73,17.47,1.18,1.07,"SD",54,"Muscle","Utah_Lake","Lentic","United States","USA","North America",-111.786225,40.230214,12247,"brackish; freshwater","introduced",1,1
"3423","Sander vitreus","ID_0554","United States of America","Percidae",256,3516,"Walleye - WAE","Perciformes/Percoidei","Sander",-26.54,14.25,0.36,0.2,"SD",3,"Muscle","MB04","Lotic","United States","USA","North America",-106.512402,42.00988,12247,"brackish; freshwater","introduced",1,1
"3425","Sander vitreus","ID_0849","United States of America","Percidae",256,3516,"Walleye","Perciformes/Percoidei","Sander",-27.4,13.6,0.29,0.19,"SE",14,"Muscle","Lake_Elk_Minnesota","Lentic","United States","USA","North America",-95.803693,45.866885,12247,"brackish; freshwater","introduced",1,1
"3427","Scardinius erythrophthalmus","ID_0329","New Zealand","Leuciscidae",188,2951,"Rudd","Cypriniformes","Scardinius",-21.48,12.43,NA,NA,NA,NA,"Muscle","Waikato_River_constrained_zone_spring_2010","Lotic","New Zealand","NZL","Oceania",175.397301,-37.880273,11552,"brackish; freshwater","introduced",1,0
"3428","Scardinius erythrophthalmus","ID_0331","New Zealand","Leuciscidae",188,2951,"Rudd","Cypriniformes","Scardinius",-25.65,12.58,NA,NA,NA,NA,"Muscle","Waikato_River_UNconstrained_zone_spring_2010","Lotic","New Zealand","NZL","Oceania",175.156202,-37.548524,11552,"brackish; freshwater","introduced",1,0
"3429","Scardinius erythrophthalmus","ID_0420","New Zealand","Leuciscidae",188,2951,"Rudd","Cypriniformes","Scardinius",-27.13,9.94,0.88,1.61,"SD",4,"Muscle","Lake_Waahi","Lentic","New Zealand","NZL","Oceania",175.127128,-37.558413,11552,"brackish; freshwater","introduced",1,0
"3430","Scardinius erythrophthalmus","ID_0434","Spain","Leuciscidae",80,2951,"Rudd","Cypriniformes","Scardinius",-27.5,21.2,0.8,1.1,"SD",20,"Muscle","Flix_Reservoir","Lentic","Spain","ESP","Europe",0.527961,41.235859,11552,"brackish; freshwater","introduced",1,0
"3431","Scardinius erythrophthalmus","ID_0461","New Zealand","Leuciscidae",188,2951,"Rudd","Cypriniformes","Scardinius",-33.6,12.9,0.2,0.08,"SE",4,"Muscle","Milicich","Lentic","New Zealand","NZL","Oceania",175.248611,-37.885278,11552,"brackish; freshwater","introduced",1,0
"3432","Scardinius erythrophthalmus","ID_0462","New Zealand","Leuciscidae",188,2951,"Rudd","Cypriniformes","Scardinius",-24.4,12.5,0.2,0.07,"SE",3,"Muscle","Ngaroto","Lentic","New Zealand","NZL","Oceania",175.288889,-37.955556,11552,"brackish; freshwater","introduced",1,0
"3433","Scardinius erythrophthalmus","ID_0464","New Zealand","Leuciscidae",188,2951,"Rudd","Cypriniformes","Scardinius",-29.7,10.2,0.18,0.19,"SE",5,"Muscle","Okowhao","Lentic","New Zealand","NZL","Oceania",175.935278,-38.063889,11552,"brackish; freshwater","introduced",1,0
"3434","Scardinius erythrophthalmus","ID_0465","New Zealand","Leuciscidae",188,2951,"Rudd","Cypriniformes","Scardinius",-29,8.3,0.33,0.48,"SE",10,"Muscle","Rotopiko","Lentic","New Zealand","NZL","Oceania",175.318056,-37.95,11552,"brackish; freshwater","introduced",1,0
"3435","Scardinius erythrophthalmus","ID_0466","New Zealand","Leuciscidae",188,2951,"Rudd","Cypriniformes","Scardinius",-29,11.6,0.56,0.25,"SE",12,"Muscle","Rotomanuka","Lentic","New Zealand","NZL","Oceania",175.315278,-37.925,11552,"brackish; freshwater","introduced",1,0
"3436","Scardinius erythrophthalmus","ID_0569","Canada","Leuciscidae",48,2951,"Rudd","Cypriniformes","Scardinius",-16.7,12.7,0.4,0.25,"SD",NA,"Muscle","Upper_Niagara_River","Lotic","United States","USA","North America",-78.943416,42.956704,11552,"brackish; freshwater","introduced",1,0
"3437","Scardinius erythrophthalmus","ID_0578","Italy","Leuciscidae",126,2951,"Rudd","Cypriniformes","Scardinius",-21.5,9.91,0.97,0.23,"SD",NA,"Muscle","Lake_Trasimeno","Lentic","Italy","ITA","Europe",12.100064,43.133283,11552,"brackish; freshwater","introduced",1,0
"3438","Scardinius erythrophthalmus","ID_0759","Italy","Leuciscidae",126,2951,"Rudd","Cypriniformes","Scardinius",-16.05,8.53,1.33,0.44,"SD",NA,"Muscle","Lake_Bracciano","Lentic","Italy","ITA","Europe",12.237551,42.154135,11552,"brackish; freshwater","introduced",1,0
"3439","Scleropages formosus","ID_0579","Singapore","Osteoglossidae",214,6357,"Asian bonytongue_SF","Osteoglossiformes","Scleropages",-23.77,13.3,1.67,1.99,"SD",44,"Muscle","Reservoir_6","Lentic","Singapore","SGP","Asia",103.800833,1.366944,11719,"freshwater","introduced",1,0
"3440","Semotilus atromaculatus","ID_0133","United States of America","Leuciscidae",256,2952,"Creek chub","Cypriniformes","Semotilus",-25.6,11.4,NA,NA,"SE",1,"Muscle","Kings_Creek_June/July_1995","Lotic","United States","USA","North America",-96.606438,39.106587,11553,"freshwater","introduced",1,1
"3442","Semotilus atromaculatus","ID_0134","United States of America","Leuciscidae",256,2952,"Creek chub","Cypriniformes","Semotilus",-27.3,10.6,2.2,1.06,"SE",3,"Muscle","Kings_Creek_December_1995","Lotic","United States","USA","North America",-96.606438,39.106587,11553,"freshwater","introduced",1,1
"3444","Semotilus atromaculatus","ID_0353","United States of America","Leuciscidae",256,2952,"Creek chub","Cypriniformes","Semotilus",-30.17,10.03,0.85,0.53,"SD",7,"Muscle","Sixmile_brook_Tributary_date_39652","Lotic","United States","USA","North America",-74.351194,43.991278,11553,"freshwater","introduced",1,1
"3446","Semotilus atromaculatus","ID_0354","United States of America","Leuciscidae",256,2952,"Creek chub","Cypriniformes","Semotilus",-28.2,10.3,0.85,0.92,"SD",3,"Muscle","Sixmile_brook_Tributary_date_39728","Lotic","United States","USA","North America",-74.351194,43.991278,11553,"freshwater","introduced",1,1
"3448","Semotilus atromaculatus","ID_0355","United States of America","Leuciscidae",256,2952,"Creek chub","Cypriniformes","Semotilus",-29.87,10.4,0.23,0.2,"SD",3,"Muscle","Sixmile_brook_below_SB_tributary_date_39954","Lotic","United States","USA","North America",-74.345556,43.987778,11553,"freshwater","introduced",1,1
"3450","Semotilus atromaculatus","ID_0356","United States of America","Leuciscidae",256,2952,"Creek chub","Cypriniformes","Semotilus",-30.9,10.1,0.56,0.9,"SD",3,"Muscle","Sixmile_brook_near_Long_Lake_date_39652","Lotic","United States","USA","North America",-74.341,43.988194,11553,"freshwater","introduced",1,1
"3452","Semotilus atromaculatus","ID_0357","United States of America","Leuciscidae",256,2952,"Creek chub","Cypriniformes","Semotilus",-30.23,10.73,0.25,0.21,"SD",3,"Muscle","Sixmile_brook_near_Long_Lake_date_39729","Lotic","United States","USA","North America",-74.341,43.988194,11553,"freshwater","introduced",1,1
"3454","Semotilus atromaculatus","ID_0358","United States of America","Leuciscidae",256,2952,"Creek chub","Cypriniformes","Semotilus",-30,10.58,0.96,0.44,"SD",6,"Muscle","Sixmile_brook_near_Long_Lake_date_39954","Lotic","United States","USA","North America",-74.341,43.988194,11553,"freshwater","introduced",1,1
"3456","Semotilus atromaculatus","ID_0359","United States of America","Leuciscidae",256,2952,"Creek chub","Cypriniformes","Semotilus",-32.09,10.07,0.37,0.29,"SD",9,"Muscle","Sixmile_brook_near_Long_Lake_date_40009","Lotic","United States","USA","North America",-74.341,43.988194,11553,"freshwater","introduced",1,1
"3458","Semotilus atromaculatus","ID_0360","United States of America","Leuciscidae",256,2952,"Creek chub","Cypriniformes","Semotilus",-29.35,9.82,0.48,0.54,"SD",5,"Muscle","Fishing_brook_near_newcomb_date_39590","Lotic","United States","USA","North America",-74.291333,43.987583,11553,"freshwater","introduced",1,1
"3460","Semotilus atromaculatus","ID_0361","United States of America","Leuciscidae",256,2952,"Creek chub","Cypriniformes","Semotilus",-29.85,9.3,0.57,0.23,"SD",6,"Muscle","Fishing_brook_near_newcomb_date_39651","Lotic","United States","USA","North America",-74.291333,43.987583,11553,"freshwater","introduced",1,1
"3462","Semotilus atromaculatus","ID_0362","United States of America","Leuciscidae",256,2952,"Creek chub","Cypriniformes","Semotilus",-29.02,9.08,0.46,0.88,"SD",9,"Muscle","Fishing_brook_near_newcomb_date_39700","Lotic","United States","USA","North America",-74.291333,43.987583,11553,"freshwater","introduced",1,1
"3464","Semotilus atromaculatus","ID_0363","United States of America","Leuciscidae",256,2952,"Creek chub","Cypriniformes","Semotilus",-30.9,11,0.14,0.28,"SD",4,"Muscle","Fishing_brook_near_newcomb_date_39947","Lotic","United States","USA","North America",-74.291333,43.987583,11553,"freshwater","introduced",1,1
"3466","Semotilus atromaculatus","ID_0548","United States of America","Leuciscidae",256,2952,"Creek chub","Cypriniformes","Semotilus",-25.36,7.93,0.86,0.47,"SD",15,"Muscle","SW02","Lotic","United States","USA","North America",-108.879355,42.373322,11553,"freshwater","introduced",1,1
"3468","Semotilus atromaculatus","ID_0549","United States of America","Leuciscidae",256,2952,"Creek chub","Cypriniformes","Semotilus",-25.31,7.33,0.94,0.64,"SD",30,"Muscle","SW03","Lotic","United States","USA","North America",-107.966105,42.571843,11553,"freshwater","introduced",1,1
"3470","Semotilus atromaculatus","ID_0550","United States of America","Leuciscidae",256,2952,"Creek chub","Cypriniformes","Semotilus",-27.04,9.67,1.05,1.18,"SD",32,"Muscle","SW04","Lotic","United States","USA","North America",-107.1476,42.488328,11553,"freshwater","introduced",1,1
"3472","Semotilus atromaculatus","ID_0553","United States of America","Leuciscidae",256,2952,"Creek chub","Cypriniformes","Semotilus",-27.52,11.03,0.39,0.69,"SD",14,"Muscle","MB03","Lotic","United States","USA","North America",-106.31846,41.724793,11553,"freshwater","introduced",1,1
"3474","Semotilus atromaculatus","ID_0554","United States of America","Leuciscidae",256,2952,"Creek chub","Cypriniformes","Semotilus",-27.93,10.99,2.03,1.29,"SD",20,"Muscle","MB04","Lotic","United States","USA","North America",-106.512402,42.00988,11553,"freshwater","introduced",1,1
"3476","Semotilus atromaculatus","ID_0556","United States of America","Leuciscidae",256,2952,"Creek chub","Cypriniformes","Semotilus",-26.47,8.77,0.73,0.74,"SD",20,"Muscle","LR02","Lotic","United States","USA","North America",-106.037822,41.030829,11553,"freshwater","introduced",1,1
"3478","Semotilus atromaculatus","ID_0557","United States of America","Leuciscidae",256,2952,"Creek chub","Cypriniformes","Semotilus",-26.43,9.29,0.79,0.54,"SD",15,"Muscle","LR03","Lotic","United States","USA","North America",-105.980393,41.138216,11553,"freshwater","introduced",1,1
"3480","Semotilus atromaculatus","ID_0558","United States of America","Leuciscidae",256,2952,"Creek chub","Cypriniformes","Semotilus",-27.29,10.05,1.01,1.14,"SD",76,"Muscle","LR04","Lotic","United States","USA","North America",-105.722747,41.227001,11553,"freshwater","introduced",1,1
"3482","Semotilus atromaculatus","ID_0559","United States of America","Leuciscidae",256,2952,"Creek chub","Cypriniformes","Semotilus",-27.01,10.5,0.91,1.66,"SD",71,"Muscle","LR05","Lotic","United States","USA","North America",-105.605355,41.309678,11553,"freshwater","introduced",1,1
"3484","Semotilus atromaculatus","ID_0560","United States of America","Leuciscidae",256,2952,"Creek chub","Cypriniformes","Semotilus",-25.9,11.66,1.22,1.03,"SD",49,"Muscle","LR06","Lotic","United States","USA","North America",-105.414398,41.927815,11553,"freshwater","introduced",1,1
"3486","Semotilus atromaculatus","ID_0561","United States of America","Leuciscidae",256,2952,"Creek chub","Cypriniformes","Semotilus",-25.08,10.47,0.52,1.03,"SD",49,"Muscle","LR07","Lotic","United States","USA","North America",-105.123964,42.056708,11553,"freshwater","introduced",1,1
"3488","Semotilus atromaculatus","ID_0562","United States of America","Leuciscidae",256,2952,"Creek chub","Cypriniformes","Semotilus",-26.93,12.27,0.38,0.41,"SD",5,"Muscle","LR08","Lotic","United States","USA","North America",-104.852362,42.123592,11553,"freshwater","introduced",1,1
"3490","Semotilus corporalis","ID_0365","United States of America","Leuciscidae",256,2953,"Fall fish","Cypriniformes","Semotilus",-28.38,8.6,0.35,0.14,"SD",4,"Muscle","Hudson_River_near_Newcomb_date_39701","Lotic","United States","USA","North America",-74.130704,43.966174,11554,"freshwater","introduced",1,1
"3492","Serrasalmus marginatus","ID_0152","Brazil","Serrasalmidae",41,55016,"Piranha","Characiformes","Serrasalmus",-27.6,5.93,1.42,NA,NA,9,"Muscle","Baia_River","Lotic","Brazil","BRA","South America",-53.227909,-22.688389,11198,"freshwater","introduced",1,1
"3494","Serrasalmus marginatus","ID_0247","Brazil","Serrasalmidae",41,55016,NA,"Characiformes","Serrasalmus",-27.72,12.33,NA,NA,NA,1,"Muscle","Coqueiro_Lake_Pantanal_wetland_dry_season","Lentic","Brazil","BRA","South America",-56.37,-16.253333,11198,"freshwater","introduced",1,1
"3496","Serrasalmus marginatus","ID_0248","Brazil","Serrasalmidae",41,55016,NA,"Characiformes","Serrasalmus",-30.38,9.68,NA,NA,NA,1,"Muscle","Coqueiro_Lake_Pantanal_wetland_wet_season","Lentic","Brazil","BRA","South America",-56.37,-16.253333,11198,"freshwater","introduced",1,1
"3498","Silurus glanis","ID_0024","France","Siluridae",86,289,"European catfish","Siluriformes","Silurus",-24.34,16.65,1.16,0.87,"SD",49,"Muscle","Tarn_River","Lotic","France","FRA","Europe",1.5,43.866667,12567,"brackish; freshwater","introduced",1,0
"3499","Silurus glanis","ID_0236","France","Siluridae",86,289,"European catfish","Siluriformes","Silurus",-24.21,13.71,0.66,0.95,"SD",2,"Muscle/Fin","Lac_du_barrage_d'Enchanet","Lentic","France","FRA","Europe",2.2253,45.0775,12567,"brackish; freshwater","introduced",1,0
"3500","Silurus glanis","ID_0241","France","Siluridae",86,289,"European catfish","Siluriformes","Silurus",-22.93,14.59,NA,NA,NA,1,"Muscle/Fin","Retenue_d'Hagetmau-Monségur_Landes","Lentic","France","FRA","Europe",-0.5689,43.6339,12567,"brackish; freshwater","introduced",1,0
"3501","Silurus glanis","ID_0434","Spain","Siluridae",80,289,"Catfish","Siluriformes","Silurus",-26.8,20.7,1.3,1.1,"SD",20,"Muscle","Flix_Reservoir","Lentic","Spain","ESP","Europe",0.527961,41.235859,12567,"brackish; freshwater","introduced",1,0
"3502","Silurus glanis","ID_0451","France","Siluridae",86,289,"Wels catfish","Siluriformes","Silurus",-18.91,16.27,0.17,1.19,"SD",2,"Fin","Lavernose_gravelpitlake_LAV","Lentic","France","FRA","Europe",1.265891,43.386392,12567,"brackish; freshwater","introduced",1,0
"3503","Silurus glanis","ID_0486","Italy","Siluridae",126,289,"European catfish","Siluriformes","Silurus",-25.5,17.1,0.1,0.1,"SE",37,"Muscle","Arno_river","Lotic","Italy","ITA","Europe",11.050653,43.116756,12567,"brackish; freshwater","introduced",1,0
"3504","Siphateles bicolor","ID_0173","United States of America","Leuciscidae",256,2757,"Tui chub","Cypriniformes","Siphateles",-21.92,7.32,0.29,0.1,"SE",6,"Muscle","Lake_Tahoe_California-Nevada_1872-1894","Lentic","United States","USA","North America",-120.031692,39.109806,11555,"freshwater","introduced",1,1
"3506","Siphateles bicolor","ID_0174","United States of America","Leuciscidae",256,2757,"Tui chub","Cypriniformes","Siphateles",-23.86,7.49,0.09,0.05,"SE",4,"Muscle","Lake_Tahoe_California-Nevada_1904-1913","Lentic","United States","USA","North America",-120.031692,39.109806,11555,"freshwater","introduced",1,1
"3508","Siphateles bicolor","ID_0175","United States of America","Leuciscidae",256,2757,"Tui chub","Cypriniformes","Siphateles",-22.48,7.22,0.48,0.22,"SE",10,"Muscle","Lake_Tahoe_California-Nevada_1927-1942","Lentic","United States","USA","North America",-120.031692,39.109806,11555,"freshwater","introduced",1,1
"3510","Siphateles bicolor","ID_0176","United States of America","Leuciscidae",256,2757,"Tui chub","Cypriniformes","Siphateles",-19.04,7.37,0.44,0.1,"SE",22,"Muscle","Lake_Tahoe_California-Nevada_1959-1966","Lentic","United States","USA","North America",-120.031692,39.109806,11555,"freshwater","introduced",1,1
"3512","Siphateles bicolor","ID_0177","United States of America","Leuciscidae",256,2757,"Tui chub","Cypriniformes","Siphateles",-22.69,6.37,0.81,0.35,"SE",3,"Muscle","Lake_Tahoe_California-Nevada_1998-2000","Lentic","United States","USA","North America",-120.031692,39.109806,11555,"freshwater","introduced",1,1
"3514","Siphateles bicolor","ID_0178","United States of America","Leuciscidae",256,2757,"Tui chub","Cypriniformes","Siphateles",-26.13,5.56,NA,NA,NA,1,"Muscle","Cascade_Lake_California_2000","Lentic","United States","USA","North America",-120.091075,38.939633,11555,"freshwater","introduced",1,1
"3516","Siphateles bicolor","ID_0427","United States of America","Leuciscidae",256,2757,"Tui chub","Cypriniformes","Siphateles",-26.71,11.62,0.44,0.25,"SD",5,"Muscle","Washoe_Lake","Lentic","United States","USA","North America",-119.8,39.266667,11555,"freshwater","introduced",1,1
"3518","Tinca tinca","ID_0352","Norway","Tincidae",185,269,"Tench","Cypriniformes","Tinca",-25.23,9.95,1.14,0.7,"SD",4,"Muscle","Lake_Norsjo","Lentic","Norway","NOR","Europe",9.3013,59.299552,11569,"brackish; freshwater","introduced",1,0
"3519","Tinca tinca","ID_0460","United States of America","Tincidae",256,269,"Tench","Cypriniformes","Tinca",-24.6,5,0.5,0.2,"SD",5,"Muscle","Priest_Lake","Lentic","United States","USA","North America",-116.855631,48.565973,11569,"brackish; freshwater","introduced",1,0
"3520","Tinca tinca","ID_0758","Finland","Tincidae",83,269,"Tench","Cypriniformes","Tinca",-12.9,7.15,0.48,0.4,"SD",NA,"Muscle","Inarijärvi","Lentic","Finland","FIN","Europe",27.666667,68.966667,11569,"brackish; freshwater","introduced",1,1
"3522","Trichromis salvini","ID_0167","Mexico","Cichlidae",159,4693,"Yellowbelly cichlid","Cichliformes","Trichromis",-27.99,4.1,1.02,5.75,"SD",3,"Muscle","Polo_Stream","Lotic","Mexico","MEX","South America",-92.633333,18.483333,12323,"freshwater","introduced",1,1
"3524","Trichromis salvini","ID_0534","Mexico","Cichlidae",159,4693,"Yellow belly cichlid","Cichliformes","Trichromis",-28.8,8.8,0.4,0.1,"SE",4,"Muscle","El_Espino_lagoon6","Lotic","Mexico","MEX","South America",-92.689944,18.480689,12323,"freshwater","introduced",1,1
"3526","Trichromis salvini","ID_0535","Mexico","Cichlidae",159,4693,"Yellow belly cichlid","Cichliformes","Trichromis",-27.7,9.5,0.2,0.2,"SE",4,"Muscle","Arroyo_Miranda7","Lotic","Mexico","MEX","South America",-90.611895,16.113506,12323,"freshwater","introduced",1,1
"3528","Trichromis salvini","ID_0541","Mexico","Cichlidae",159,4693,"Juvenile","Cichliformes","Trichromis",-28.2,7.5,NA,NA,"SE",1,"Muscle","Río_Chacamax13","Lotic","Mexico","MEX","South America",-91.578279,17.291464,12323,"freshwater","introduced",1,1
"3530","Trichromis salvini","ID_0542","Mexico","Cichlidae",159,4693,"Yellow belly cichlid","Cichliformes","Trichromis",-31.3,7.8,0.2,0.2,"SE",3,"Muscle","Río_San_Pedro14","Lotic","Mexico","MEX","South America",-91.231197,17.407427,12323,"freshwater","introduced",1,1
"3532","Trichromis salvini","ID_0543","Mexico","Cichlidae",159,4693,"Yellow belly cichlid","Cichliformes","Trichromis",-27.8,9.3,0.8,1.3,"SE",2,"Muscle","Centla_wetlands","Lotic","Mexico","MEX","South America",-92.647496,18.397848,12323,"freshwater","introduced",1,1
"3534","Tridentiger bifasciatus","ID_0223","United States of America","Gobiidae",256,56294,"Shimofori goby","Gobiiformes","Tridentiger",-22.7,14.78,1.71,0.35,"SD",2,"Muscle","Pelican_Bay_Sacramento-San_Joaquin_delta_California","Lotic","United States","USA","North America",-121.646469,38.052248,12325,"brackish; freshwater; marine","introduced",1,0
"3535","Tridentiger bifasciatus","ID_0224","United States of America","Gobiidae",256,56294,"Shimofori goby","Gobiiformes","Tridentiger",-21.82,14.43,NA,NA,"SD",1,"Muscle","Old_River_Sacramento-San_Joaquin_delta_California","Lotic","United States","USA","North America",-121.57927,38.067757,12325,"brackish; freshwater; marine","introduced",1,0
"3536","Umbra limi","ID_0089","United States of America","Umbridae",256,2707,"Central mudminnow","Esociformes","Umbra",-26.9,8.1,NA,NA,NA,NA,"Muscle","Lake_Huron_Michigan","Lentic","Canada","CAN","North America",-83.324229,45.083948,11663,"freshwater","introduced",1,1
"3538","Xiphophorus maculatus","ID_0930","Australia","Poeciliidae",20,3232,"Platy","Cyprinodontiformes","Xiphophorus",-30.13,8.62,2.35,1.96,"SD",4,"Muscle","Brisbane River_06","Lotic","Australia","AUS","Oceania",152.746836,-27.566096,11650,"freshwater","introduced",1,0
"3539","Xiphophorus maculatus","ID_0930","Australia","Poeciliidae",20,3232,"Platy","Cyprinodontiformes","Xiphophorus",-26.45,7.41,NA,NA,"SD",1,"Fin","Brisbane River_06","Lotic","Australia","AUS","Oceania",152.746836,-27.566096,11650,"freshwater","introduced",1,0
"3540","Xiphophorus maculatus","ID_0934","Australia","Poeciliidae",20,3232,"Platy","Cyprinodontiformes","Xiphophorus",-28.91,13.81,1.1,2.95,"SD",2,"Muscle","Mary River_10","Lotic","Australia","AUS","Oceania",152.621923,-26.19149,11650,"freshwater","introduced",1,0
"3541","Yuriria alta","ID_0033","Mexico","Leuciscidae",159,50229,"Jalisco chub","Cypriniformes","Yuriria",-21.08,15.01,1.18,0.75,"SE",6,"Muscle","Site_1_Laja_River_Guanajuato","Lentic","Mexico","MEX","South America",-101,21.75,11580,"freshwater","introduced",1,1
"3543","Yuriria alta","ID_0034","Mexico","Leuciscidae",159,50229,"Jalisco chub","Cypriniformes","Yuriria",-22.33,15.54,0.27,0.24,"SE",7,"Muscle","Site_2_Laja_River_Guanajuato","Lotic","Mexico","MEX","South America",-101,21.75,11580,"freshwater","introduced",1,1
"3545","Yuriria alta","ID_0035","Mexico","Leuciscidae",159,50229,"Jalisco chub","Cypriniformes","Yuriria",-21.87,12.91,0.42,0.66,"SE",5,"Muscle","Site_3_Laja_River_Guanajuato","Lotic","Mexico","MEX","South America",-101,21.75,11580,"freshwater","introduced",1,1
"3547","Yuriria alta","ID_0036","Mexico","Leuciscidae",159,50229,"Jalisco chub","Cypriniformes","Yuriria",-21,12.11,0.51,0.29,"SE",5,"Muscle","Site_4_Laja_River_Guanajuato","Lotic","Mexico","MEX","South America",-101,21.75,11580,"freshwater","introduced",1,1
"3549","Yuriria alta","ID_0037","Mexico","Leuciscidae",159,50229,"Jalisco chub","Cypriniformes","Yuriria",-19.24,11.66,0.38,0.66,"SE",5,"Muscle","Site_5_Laja_River_Guanajuato","Lotic","Mexico","MEX","South America",-101,21.75,11580,"freshwater","introduced",1,1
"3551","Yuriria alta","ID_0038","Mexico","Leuciscidae",159,50229,"Jalisco chub","Cypriniformes","Yuriria",-21.17,13.75,0.81,2.11,"SE",4,"Muscle","Site_6_Laja_River_Guanajuato","Lotic","Mexico","MEX","South America",-101,21.75,11580,"freshwater","introduced",1,1
"3553","Yuriria alta","ID_0039","Mexico","Leuciscidae",159,50229,"Jalisco chub","Cypriniformes","Yuriria",-23.49,14.45,0.75,0.7,"SE",7,"Muscle","Site_7_Laja_River_Guanajuato","Lentic","Mexico","MEX","South America",-101,21.75,11580,"freshwater","introduced",1,1
"3555","Yuriria alta","ID_0040","Mexico","Leuciscidae",159,50229,"Jalisco chub","Cypriniformes","Yuriria",-22.61,15.37,0.29,0.35,"SE",5,"Muscle","Site_8_Laja_River_Guanajuato","Lentic","Mexico","MEX","South America",-101,21.75,11580,"freshwater","introduced",1,1
"3557","Yuriria alta","ID_0041","Mexico","Leuciscidae",159,50229,"Jalisco chub","Cypriniformes","Yuriria",-24.05,15.71,NA,NA,"SE",1,"Muscle","Site_9_Laja_River_Guanajuato","Lotic","Mexico","MEX","South America",-101,21.75,11580,"freshwater","introduced",1,1
"3559","Yuriria alta","ID_0042","Mexico","Leuciscidae",159,50229,"Jalisco chub","Cypriniformes","Yuriria",-22.63,12.19,0.32,0.24,"SE",7,"Muscle","Site_10_Laja_River_Guanajuato","Lotic","Mexico","MEX","South America",-101,21.75,11580,"freshwater","introduced",1,1
"3561","Yuriria alta","ID_0043","Mexico","Leuciscidae",159,50229,"Jalisco chub","Cypriniformes","Yuriria",-21.91,11.25,NA,NA,"SE",1,"Muscle","Site_11_Laja_River_Guanajuato","Lotic","Mexico","MEX","South America",-101,21.75,11580,"freshwater","introduced",1,1
