FoodWeb_ID,FishBase_code,Common_name,Scientific_name,Order,Family,Genus,d13C,d15N,var_d13C,var_d15N,var_type,N_Sample,Tissue
ID_0001,235,Lake cisco,Coregonus artedi,Salmoniformes,Salmonidae,Coregonus,-26,5.06,0.42,0.13,SE,12,Muscle
ID_0001,234,Lake whitefish,Coregonus clupeaformis,Salmoniformes,Salmonidae,Coregonus,-23,4.17,0.41,0.24,SE,8,Muscle
ID_0001,3273,Ninespine stickleback,Pungitius pungitius,Perciformes/Gasterosteoidei,Gasterosteidae,Pungitius,-24.6,5.53,0.35,0.25,SE,14,Muscle
ID_0001,247,Arctic charr,Salvelinus alpinus,Salmoniformes,Salmonidae,Salvelinus,-23.9,5.51,0.52,0.23,SE,13,Muscle
ID_0001,248,Lake trout,Salvelinus namaycush,Salmoniformes,Salmonidae,Salvelinus,-23.5,8.82,0.43,0.39,SE,16,Muscle
ID_0002,235,Lake cisco,Coregonus artedi,Salmoniformes,Salmonidae,Coregonus,-27.4,5.06,0.55,0.14,SE,9,Muscle
ID_0002,234,Lake whitefish,Coregonus clupeaformis,Salmoniformes,Salmonidae,Coregonus,-26.2,4.33,0.32,0.18,SE,13,Muscle
ID_0002,3273,Ninespine stickleback,Pungitius pungitius,Perciformes/Gasterosteoidei,Gasterosteidae,Pungitius,-29.8,3.46,0.38,0.29,SE,12,Muscle
ID_0002,248,Lake trout,Salvelinus namaycush,Salmoniformes,Salmonidae,Salvelinus,-28.4,9.05,0.41,0.38,SE,10,Muscle
ID_0003,235,Lake cisco,Coregonus artedi,Salmoniformes,Salmonidae,Coregonus,-24.8,5.97,0.35,0.1,SE,15,Muscle
ID_0003,234,Lake whitefish,Coregonus clupeaformis,Salmoniformes,Salmonidae,Coregonus,-24.3,5.58,0.34,0.18,SE,12,Muscle
ID_0003,3273,Ninespine stickleback,Pungitius pungitius,Perciformes/Gasterosteoidei,Gasterosteidae,Pungitius,-26.1,5.24,0.42,0.31,SE,10,Muscle
ID_0003,248,Lake trout,Salvelinus namaycush,Salmoniformes,Salmonidae,Salvelinus,-25.9,9.53,0.27,0.25,SE,19,Muscle
ID_0004,235,Lake cisco,Coregonus artedi,Salmoniformes,Salmonidae,Coregonus,-30,5.57,0.76,0.25,SE,10,Muscle
ID_0004,234,Lake whitefish,Coregonus clupeaformis,Salmoniformes,Salmonidae,Coregonus,-26,4.71,0.37,0.21,SE,10,Muscle
ID_0004,3273,Ninespine stickleback,Pungitius pungitius,Perciformes/Gasterosteoidei,Gasterosteidae,Pungitius,-28.1,3.87,0.42,0.32,SE,9,Muscle
ID_0004,247,Arctic charr,Salvelinus alpinus,Salmoniformes,Salmonidae,Salvelinus,-28.5,4.17,0.3,0.15,SE,32,Muscle
ID_0004,248,Lake trout,Salvelinus namaycush,Salmoniformes,Salmonidae,Salvelinus,-28.1,8.22,0.26,0.24,SE,27,Muscle
ID_0005,1583,Alewife,Alosa pseudoharengus,Clupeiformes,Alosidae,Alosa,-22.7,12.3,2,0.6,SD,8,Muscle
ID_0005,3361,Rock bass,Ambloplites rupestris,Centrarchiformes,Centrarchidae,Ambloplites,-18.7,15.8,1.9,1.1,SD,18,Muscle
ID_0005,3022,Brown bullhead,Ameiurus nebulosus,Siluriformes,Ictaluridae,Ameiurus,-21.1,14.4,NA,NA,SD,1,Muscle
ID_0005,3577,Freshwater drum,Aplodinotus grunniens,Eupercaria/misc,Sciaenidae,Aplodinotus,-19,15.9,1.3,0.7,SD,15,Muscle
ID_0005,2965,White sucker,Catostomus commersonii,Cypriniformes,Catostomidae,Catostomus,-20.9,13.5,1.8,0.5,SD,10,Muscle
ID_0005,1450,Common carp,Cyprinus carpio,Cypriniformes,Cyprinidae,Cyprinus,-19.85,13.65,3.04,0.64,SD,2,Muscle
ID_0005,1604,Gizzard Shad,Dorosoma cepedianum,Clupeiformes,Dorosomatidae,Dorosoma,-21.1,12.7,1,1.9,SD,6,Muscle
ID_0005,3372,Pumpkinseed sunfish,Lepomis gibbosus,Centrarchiformes,Centrarchidae,Lepomis,-22.1,12.5,NA,NA,SD,1,Muscle
ID_0005,3382,Smallmouth bass,Micropterus dolomieu,Centrarchiformes,Centrarchidae,Micropterus,-19.3,15.9,0.9,0.4,SD,30,Muscle
ID_0005,355,White perch,Morone americana,Eupercaria/misc,Moronidae,Morone,-20.8,14.7,1.1,0.6,SD,10,Muscle
ID_0005,3308,White bass,Morone chrysops,Eupercaria/misc,Moronidae,Morone,-20,15.7,0.5,0.3,SD,6,Muscle
ID_0005,3008,Shorthead redhorse,Moxostoma macrolepidotum,Cypriniformes,Catostomidae,Moxostoma,-19.05,12.85,0.78,0.07,SD,2,Muscle
ID_0005,12019,Round goby,Neogobius melanostomus,Gobiiformes,Gobiidae,Neogobius,-19.85,13.85,1.47,0.56,SD,94,Muscle
ID_0005,239,Rainbow trout,Oncorhynchus mykiss,Salmoniformes,Salmonidae,Oncorhynchus,-21.6,13.8,0.5,0.1,SD,3,Muscle
ID_0005,253,Rainbow smelt,Osmerus mordax,Osmeriformes,Osmeridae,Osmerus,-22,13.6,NA,NA,SD,1,Muscle
ID_0005,359,Yellow perch,Perca flavescens,Perciformes/Percoidei,Percidae,Perca,-19.1,15.3,0.9,0.9,SD,33,Muscle
ID_0005,238,Brown trout,Salmo trutta,Salmoniformes,Salmonidae,Salmo,-21.6,15.5,0.02,0.4,SD,3,Muscle
ID_0005,3516,Walleye,Sander vitreus,Perciformes/Percoidei,Percidae,Sander,-20.6,15.1,0.3,0.3,SD,6,Muscle
ID_0005,3978,Quillback,Sebastes maliger,Perciformes/Scorpaenoidei,Sebastidae,Sebastes,-19,14.2,NA,NA,SD,1,Muscle
ID_0006,268,Common bream,Abramis brama,Cypriniformes,Leuciscidae,Abramis,-29.43,6.63,0.45,0.33,SD,9,Muscle
ID_0006,35,European eel,Anguilla anguilla,Anguilliformes,Anguillidae,Anguilla,-25.93,8.63,0.77,0.47,SD,16,Muscle
ID_0006,6378,Spined loach,Cobitis taenia,Cypriniformes,Cobitidae,Cobitis,-23.5,6.4,NA,NA,SD,1,Muscle
ID_0006,258,Northern pike,Esox lucius,Esociformes,Esocidae,Esox,-23.5,10.9,0.31,1.01,SD,4,Muscle
ID_0006,4474,Ruffe,Gymnocephalus cernua,Perciformes/Percoidei,Percidae,Gymnocephalus,-26.6,7.5,0.83,0.63,SD,10,Muscle
ID_0006,358,Perch,Perca fluviatilis,Perciformes/Percoidei,Percidae,Perca,-25.8,8.8,0.67,0.67,SD,85,Muscle
ID_0006,272,Roach,Rutilus rutilus,Cypriniformes,Leuciscidae,Rutilus,-25.4,7.7,0.72,0.58,SD,31,Muscle
ID_0007,6519,Semutundu,Bagrus docmak,Siluriformes,Bagridae,Bagrus,-21.3,12.7,NA,NA,SD,1,Muscle
ID_0007,1934,Sharptooth catfish,Clarias gariepinus,Siluriformes,Clariidae,Clarias,-25.02,8.78,NA,NA,SD,1,Muscle
ID_0007,6759,NA,Haplochromis laparogramma,Cichliformes,Cichlidae,Haplochromis,-25.7,10.3,1.41,0.28,SD,2,Muscle
ID_0007,NA,NA,Haplochromis sp,Cichliformes,Cichlidae,Haplochromis,-24.1,9.2,0.5,1.1,SD,5,Muscle
ID_0007,347,Nile perch,Lates niloticus,Carangaria/misc,Latidae,Lates,-22.2,11.8,1.2,1.4,SD,17,Muscle
ID_0007,2,Nile tilapia,Oreochromis niloticus,Cichliformes,Cichlidae,Oreochromis,-20.45,7.95,1.9,1.1,SD,13,Muscle
ID_0007,8734,Marbled lungfish,Protopterus aethiopicus,Ceratodontiformes,Protopteridae,Protopterus,-23.8,10.6,0.5,0.4,SD,3,Muscle
ID_0007,281,Silver cyprinid,Rastrineobola argentea,Cypriniformes,Danionidae,Rastrineobola,-23.8,11.3,0.5,1.4,SD,3,Muscle
ID_0007,12914,Silver cafish,Schilbe intermedius,Siluriformes,Schilbeidae,Schilbe,-27.4,9.5,1.5,0.7,SD,9,Muscle
ID_0007,9533,Fischer's Victoria squeaker,Synodontis afrofischeri,Siluriformes,Mochokidae,Synodontis,-27.8,8.8,3,1.5,SD,7,Muscle
ID_0008,1390,Redbelly tilapia,Coptodon zillii,Cichliformes,Cichlidae,Coptodon,-19.2,8,NA,NA,SD,1,Muscle
ID_0008,6759,NA,Haplochromis laparogramma,Cichliformes,Cichlidae,Haplochromis,-19.9,7.9,0.3,0.2,SD,5,Muscle
ID_0008,NA,NA,Haplochromis sp,Cichliformes,Cichlidae,Haplochromis,-18.3,9.2,0.28,0.14,SD,2,Muscle
ID_0008,347,Nile perch,Lates niloticus,Carangaria/misc,Latidae,Lates,-18.9,8,0.5,1.1,SD,12,Muscle
ID_0008,2,Nile tilapia,Oreochromis niloticus,Cichliformes,Cichlidae,Oreochromis,-17.6,6.45,0.8,0.8,SD,11,Muscle
ID_0008,8734,Marbled lungfish,Protopterus aethiopicus,Ceratodontiformes,Protopteridae,Protopterus,-19.4,7.5,0.14,0.28,SD,2,Muscle
ID_0008,281,Silver cyprinid,Rastrineobola argentea,Cypriniformes,Danionidae,Rastrineobola,-17,8.1,0.7,0.6,SD,8,Muscle
ID_0009,2192,NA,Alticorpus mentale,Cichliformes,Cichlidae,Alticorpus,-24.3,8.1,2.3,1.3,SD,8,Muscle
ID_0009,2174,NA,Aulonocara guentheri,Cichliformes,Cichlidae,Aulonocara,-23.9,5.4,0.02,0.5,SD,2,Muscle
ID_0009,4721,Kampoyo,Bagrus meridionalis,Siluriformes,Bagridae,Bagrus,-21.9,7.9,2.2,0.9,SD,10,Muscle
ID_0009,NA,NA,Barilius sp,Cypriniformes,Danionidae,Barilius,-21.6,5.5,0.07,0.57,SD,2,Muscle
ID_0009,8374,NA,Bathyclarias nyasensis,Siluriformes,Clariidae,Bathyclarias,-23.4,8.1,0.9,0.4,SD,4,Muscle
ID_0009,8376,NA,Bathyclarias worthingtoni,Siluriformes,Clariidae,Bathyclarias,-19.4,8.7,NA,NA,SD,1,Muscle
ID_0009,2243,Slender tail hap,Buccochromis lepturus,Cichliformes,Cichlidae,Buccochromis,-19.9,8.2,0.6,1.3,SD,4,Muscle
ID_0009,2242,Stripeback hap,Buccochromis nototaenia,Cichliformes,Cichlidae,Buccochromis,-19,7.4,0.28,0.42,SD,2,Muscle
ID_0009,NA,NA,Clarias sp,Siluriformes,Clariidae,Clarias,-19.9,9.1,NA,NA,SD,1,Muscle
ID_0009,NA,NA,Copadichromis sp,Cichliformes,Cichlidae,Copadichromis,-21.4,6.5,0.4,0.4,SD,10,Muscle
ID_0009,2212,NA,Ctenopharynx nitidus,Cichliformes,Cichlidae,Ctenopharynx,-20.7,6.5,0.21,0.07,SD,2,Muscle
ID_0009,2214,Painted dragon,Ctenopharynx pictus,Cichliformes,Cichlidae,Ctenopharynx,-18.7,6.1,2,0.1,SD,2,Muscle
ID_0009,2136,NA,Dimidiochromis kiwinge,Cichliformes,Cichlidae,Dimidiochromis,-21.4,6.7,0.4,1.1,SD,9,Muscle
ID_0009,2265,NA,Diplotaxodon greenwoodi,Cichliformes,Cichlidae,Diplotaxodon,-24.9,8,NA,NA,SD,1,Muscle
ID_0009,57569,NA,Diplotaxodon limnothrissa,Cichliformes,Cichlidae,Diplotaxodon,-21,7.4,0.6,0.5,SD,7,Muscle
ID_0009,52731,NA,Diplotaxodon macrops,Cichliformes,Cichlidae,Diplotaxodon,-20.6,8.5,0.14,0.07,SD,2,Muscle
ID_0009,5138,Lake Malawi sardine,Engraulicypris sardella,Cypriniformes,Danionidae,Engraulicypris,-22.6,6,0.4,0.5,SD,11,Muscle
ID_0009,2325,Blue mbuna,Labeotropheus fuelleborni,Cichliformes,Cichlidae,Labeotropheus,-6.04,4.1,1,0.3,SD,12,Muscle
ID_0009,2158,NA,Lethrinops gossei,Cichliformes,Cichlidae,Lethrinops,-23.5,7.9,0.8,0.5,SD,8,Muscle
ID_0009,4507,Pseudotropheus yellowthroat,Maylandia xanstomachus,Cichliformes,Cichlidae,Maylandia,-5.6,4.3,1.34,0.14,SD,2,Muscle
ID_0009,2233,Mola hap,Mylochromis mola,Cichliformes,Cichlidae,Mylochromis,-13.9,5.4,0.5,1.2,SD,3,Muscle
ID_0009,5418,Lake Salmon,Opsaridium microlepis,Cypriniformes,Danionidae,Opsaridium,-24.5,7,1.9,0.4,SD,7,Muscle
ID_0009,2042,Karonga tilapia,Oreochromis karongae,Cichliformes,Cichlidae,Oreochromis,-14.4,3.6,2,0.4,SD,7,Muscle
ID_0009,2045,NA,Oreochromis lidole,Cichliformes,Cichlidae,Oreochromis,-18.5,4.4,1.3,1.1,SD,7,Muscle
ID_0009,2044,Kasawala,Oreochromis squamipinnis,Cichliformes,Cichlidae,Oreochromis,-17.3,4.9,1.1,1.2,SD,3,Muscle
ID_0009,2353,NA,Petrotilapia genalutea,Cichliformes,Cichlidae,Petrotilapia,-8.6,4.5,0.28,0.64,SD,2,Muscle
ID_0009,2354,NA,Petrotilapia nigra,Cichliformes,Cichlidae,Petrotilapia,-12.2,4.5,1.8,0.9,SD,5,Muscle
ID_0009,2123,Spindle hap,Protomelas taeniolatus,Cichliformes,Cichlidae,Protomelas,-7.9,5.1,NA,NA,SD,1,Muscle
ID_0009,2306,NA,Rhamphochromis esox,Cichliformes,Cichlidae,Rhamphochromis,-21.6,8,NA,NA,SD,1,Muscle
ID_0009,2306,NA,Rhamphochromis esox,Cichliformes,Cichlidae,Rhamphochromis,-21.4,7.7,0.8,0.4,SD,4,Muscle
ID_0009,2303,NA,Rhamphochromis ferox,Cichliformes,Cichlidae,Rhamphochromis,-21.1,8.4,0.2,0.2,SD,3,Muscle
ID_0009,2298,Malawi barracuda,Rhamphochromis macrophthalmus,Cichliformes,Cichlidae,Rhamphochromis,-21.9,7.7,0.6,0.9,SD,5,Muscle
ID_0009,NA,NA,Rhamphochromis sp,Cichliformes,Cichlidae,Rhamphochromis,-22,7.1,0.3,0.5,SD,3,Muscle
ID_0009,5384,Malawi squeaker,Synodontis njassae,Siluriformes,Mochokidae,Synodontis,-21,7.7,1.1,0.1,SD,4,Muscle
ID_0009,2258,NA,Taeniolethrinops furcicauda,Cichliformes,Cichlidae,Taeniolethrinops,-17.9,6.2,1.9,1.9,SD,4,Muscle
ID_0009,2310,NA,Taeniolethrinops praeorbitalis,Cichliformes,Cichlidae,Taeniolethrinops,-15.6,5.3,0.7,0.5,SD,4,Muscle
ID_0009,2216,Haplochromis placodon pointed head,Trematocranus microstoma,Cichliformes,Cichlidae,Trematocranus,-13.1,5.8,1,0.5,SD,5,Muscle
ID_0009,2381,NA,Tropheops tropheops,Cichliformes,Cichlidae,Tropheops,-9.6,4.5,0.7,0.5,SD,6,Muscle
ID_0009,2381,NA,Tropheops tropheops,Cichliformes,Cichlidae,Tropheops,-12.4,5.3,1.4,0.6,SD,5,Muscle
ID_0009,2141,NA,Tyrannochromis nigriventer,Cichliformes,Cichlidae,Tyrannochromis,-14,6.3,2.8,0.7,SD,6,Muscle
ID_0010,268,Common bream,Abramis brama,Cypriniformes,Leuciscidae,Abramis,-30.4,13.1,1.2,0.6,SD,30,Muscle
ID_0010,1450,Common carp,Cyprinus carpio,Cypriniformes,Cyprinidae,Cyprinus,-27.5,11.5,1.9,1.27,SD,32,Muscle
ID_0010,4478,Gudgeon,Gobio gobio,Cypriniformes,Gobionidae,Gobio,-28.2,13.6,0.9,0.54,SD,30,Muscle
ID_0010,272,Roach,Rutilus rutilus,Cypriniformes,Leuciscidae,Rutilus,-28.5,13.1,3.9,1.66,SD,29,Muscle
ID_0010,2951,Rudd,Scardinius erythrophthalmus,Cypriniformes,Leuciscidae,Scardinius,-25.9,11.4,3,1.4,SD,30,Muscle
ID_0011,268,Common bream,Abramis brama,Cypriniformes,Leuciscidae,Abramis,-23.7,10.7,0.7,0.3,SD,7,Muscle
ID_0011,1450,Common carp,Cyprinus carpio,Cypriniformes,Cyprinidae,Cyprinus,-23.8,8.8,1.9,1,SD,36,Muscle
ID_0011,4478,Gudgeon,Gobio gobio,Cypriniformes,Gobionidae,Gobio,-23.2,10.3,0.5,0.4,SD,25,Muscle
ID_0011,4691,Stone moroko,Pseudorasbora parva,Cypriniformes,Gobionidae,Pseudorasbora,-23.3,8.4,0.7,0.7,SD,51,Muscle
ID_0011,272,Roach,Rutilus rutilus,Cypriniformes,Leuciscidae,Rutilus,-23.7,8.1,1.5,1.6,SD,41,Muscle
ID_0011,2951,Rudd,Scardinius erythrophthalmus,Cypriniformes,Leuciscidae,Scardinius,-23,10.9,0.6,0.6,SD,32,Muscle
ID_0012,235,Lake cisco,Coregonus artedi,Salmoniformes,Salmonidae,Coregonus,-24.13,8.82,NA,NA,NA,NA,Muscle
ID_0012,234,Lake whitefish,Coregonus clupeaformis,Salmoniformes,Salmonidae,Coregonus,-24.45,8.89,NA,NA,NA,NA,Muscle
ID_0012,2670,Bloater,Coregonus hoyi,Salmoniformes,Salmonidae,Coregonus,-24.77,9.13,NA,NA,NA,NA,Muscle
ID_0012,2672,Kiyi,Coregonus kiyi,Salmoniformes,Salmonidae,Coregonus,-24.85,9.11,NA,NA,NA,NA,Muscle
ID_0012,2675,Blackfin cisco,Coregonus nigripinnis,Salmoniformes,Salmonidae,Coregonus,-24.7,8.33,NA,NA,NA,NA,Muscle
ID_0012,2677,Shortnose cisco,Coregonus reighardi,Salmoniformes,Salmonidae,Coregonus,-24.1,9.22,NA,NA,NA,NA,Muscle
ID_0012,2679,Shortjaw cisco,Coregonus zenithicus,Salmoniformes,Salmonidae,Coregonus,-24.59,8.34,NA,NA,NA,NA,Muscle
ID_0012,4124,Deepwater sculpin,Myoxocephalus thompsonii,Perciformes/Cottoidei,Cottidae,Myoxocephalus,-23.86,10.86,NA,NA,NA,NA,Muscle
ID_0012,248,Lake trout,Salvelinus namaycush,Salmoniformes,Salmonidae,Salvelinus,-23.79,12.19,NA,NA,NA,NA,Muscle
ID_0013,1583,Alewife,Alosa pseudoharengus,Clupeiformes,Alosidae,Alosa,-23.72,8.11,NA,NA,NA,NA,Muscle
ID_0013,235,Lake cisco,Coregonus artedi,Salmoniformes,Salmonidae,Coregonus,-25.14,8.56,NA,NA,NA,NA,Muscle
ID_0013,234,Lake whitefish,Coregonus clupeaformis,Salmoniformes,Salmonidae,Coregonus,-23.49,7.6,NA,NA,NA,NA,Muscle
ID_0013,2670,Bloater,Coregonus hoyi,Salmoniformes,Salmonidae,Coregonus,-25.62,9.17,NA,NA,NA,NA,Muscle
ID_0013,2672,Kiyi,Coregonus kiyi,Salmoniformes,Salmonidae,Coregonus,-24.98,8.99,NA,NA,NA,NA,Muscle
ID_0013,2677,Shortnose cisco,Coregonus reighardi,Salmoniformes,Salmonidae,Coregonus,-24.66,10.07,NA,NA,NA,NA,Muscle
ID_0013,2679,Shortjaw cisco,Coregonus zenithicus,Salmoniformes,Salmonidae,Coregonus,-25.05,8.99,NA,NA,NA,NA,Muscle
ID_0013,4124,Deepwater sculpin,Myoxocephalus thompsonii,Perciformes/Cottoidei,Cottidae,Myoxocephalus,-24.11,9.79,NA,NA,NA,NA,Muscle
ID_0013,253,Rainbow smelt,Osmerus mordax,Osmeriformes,Osmeridae,Osmerus,-23.46,9.54,NA,NA,NA,NA,Muscle
ID_0013,2530,Sea lamprey,Petromyzon marinus,Petromyzontiformes,Petromyzontidae,Petromyzon,-24.27,11.95,NA,NA,NA,NA,Muscle
ID_0013,248,Lake trout,Salvelinus namaycush,Salmoniformes,Salmonidae,Salvelinus,-25.07,10.86,NA,NA,NA,NA,Muscle
ID_0014,1583,Alewife,Alosa pseudoharengus,Clupeiformes,Alosidae,Alosa,-24.6,7.69,NA,NA,NA,NA,Muscle
ID_0014,235,Lake cisco,Coregonus artedi,Salmoniformes,Salmonidae,Coregonus,-24.82,7.93,NA,NA,NA,NA,Muscle
ID_0014,234,Lake whitefish,Coregonus clupeaformis,Salmoniformes,Salmonidae,Coregonus,-24.53,8.26,NA,NA,NA,NA,Muscle
ID_0014,2670,Bloater,Coregonus hoyi,Salmoniformes,Salmonidae,Coregonus,-25.15,9.24,NA,NA,NA,NA,Muscle
ID_0014,2679,Shortjaw cisco,Coregonus zenithicus,Salmoniformes,Salmonidae,Coregonus,-25.68,9.44,NA,NA,NA,NA,Muscle
ID_0014,4124,Deepwater sculpin,Myoxocephalus thompsonii,Perciformes/Cottoidei,Cottidae,Myoxocephalus,-24.01,9.76,NA,NA,NA,NA,Muscle
ID_0014,245,Coho Salmon,Oncorhynchus kisutch,Salmoniformes,Salmonidae,Oncorhynchus,-22.83,9.3,NA,NA,NA,NA,Muscle
ID_0014,244,Chinook Salmon,Oncorhynchus tshawytscha,Salmoniformes,Salmonidae,Oncorhynchus,-24.22,11.63,NA,NA,NA,NA,Muscle
ID_0014,253,Rainbow smelt,Osmerus mordax,Osmeriformes,Osmeridae,Osmerus,-24.75,8.51,NA,NA,NA,NA,Muscle
ID_0014,2530,Sea lamprey,Petromyzon marinus,Petromyzontiformes,Petromyzontidae,Petromyzon,-22.26,12.41,NA,NA,NA,NA,Muscle
ID_0014,248,Lake trout,Salvelinus namaycush,Salmoniformes,Salmonidae,Salvelinus,-25.05,11.8,NA,NA,NA,NA,Muscle
ID_0015,5238,NA,Brycinus imberi,Characiformes,Alestidae,Brycinus,-25.46,11.34,2.09,0.54,SD,9,Muscle
ID_0015,NA,NA,Brycinus prognathosi,Characiformes,Alestidae,Brycinus,-26.23,10.87,0.35,0.84,SD,3,Muscle
ID_0015,11126,NA,Bryconaethiops boulengeri,Characiformes,Alestidae,Bryconaethiops,-26.18,9.98,0.21,0.32,SD,6,Muscle
ID_0015,11127,NA,Bryconaethiops macrops,Characiformes,Alestidae,Bryconaethiops,-26.25,9.85,0.21,0.92,SD,2,Muscle
ID_0015,11128,NA,Bryconaethiops microstoma,Characiformes,Alestidae,Bryconaethiops,-25.9,10.96,0.43,0.41,SD,5,Muscle
ID_0015,4479,NA,Hydrocynus vittatus,Osteoglossiformes,Alestidae,Hydrocynus,-26.64,12.92,1.37,0.65,SD,5,Muscle
ID_0015,2402,NA,Micralestes acutidens,Siluriformes,Alestidae,Micralestes,-27.7,12.03,1.05,0.93,SD,3,Muscle
ID_0015,5241,NA,Micralestes humilis,Siluriformes,Alestidae,Micralestes,-26.13,11.45,0.57,0.47,SD,4,Muscle
ID_0015,11147,NA,Micralestes lualabae,Siluriformes,Alestidae,Micralestes,-25.98,11.76,0.16,0.64,SD,5,Muscle
ID_0015,10660,NA,Phenacogrammus interruptus,Siluriformes,Alestidae,Phenacogrammus,-26.77,11.63,0.9,1.01,SD,3,Muscle
ID_0015,10046,NA,Ctenopoma ocellatum,Anabantiformes,Anabantidae,Ctenopoma,-26.55,11.05,0.21,0.78,SD,2,Muscle
ID_0015,8618,NA,Lamprologus mocquardi,Osteoglossiformes,Cichlidae,Lamprologus,-26.35,12.85,0.07,0.07,SD,2,Muscle
ID_0015,9126,NA,Tylochromis lateralis,Cypriniformes,Cichlidae,Tylochromis,-26.6,10.83,0.88,0.68,SD,4,Muscle
ID_0015,9304,NA,Chrysichthys habereri,Characiformes,Claroteidae,Chrysichthys,-24.3,12.5,NA,NA,SD,1,Muscle
ID_0015,9308,NA,Chrysichthys longibarbis,Characiformes,Claroteidae,Chrysichthys,-26.95,10.2,0.64,0.71,SD,2,Muscle
ID_0015,9311,NA,Chrysichthys longipinnis,Characiformes,Claroteidae,Chrysichthys,-25.5,9.05,1.41,0.92,SD,2,Muscle
ID_0015,9321,NA,Chrysichthys sharpii,Characiformes,Claroteidae,Chrysichthys,-26.2,10.4,NA,NA,SD,1,Muscle
ID_0015,11343,NA,Clypeobarbus congicus,Characiformes,Cyprinidae,Clypeobarbus,-22.8,9.9,NA,NA,SD,1,Muscle
ID_0015,5304,NA,Clypeobarbus pleuropholis,Characiformes,Cyprinidae,Clypeobarbus,-25.6,10.1,1.17,0.51,SD,5,Muscle
ID_0015,11313,NA,Enteromius brazzai,Characiformes,Cyprinidae,Enteromius,-32.5,11.8,1.66,0.82,SD,3,Muscle
ID_0015,11538,NA,Labeo cyclorhynchus,Cichliformes,Cyprinidae,Labeo,-28.6,9.8,NA,NA,SD,1,Muscle
ID_0015,11669,NA,Labeo longipinnis,Cypriniformes,Cyprinidae,Labeo,-27.7,8.7,NA,NA,SD,1,Muscle
ID_0015,11591,NA,Leptocypris modestus,Cypriniformes,Danionidae,Leptocypris,-25.1,9.5,NA,NA,SD,1,Muscle
ID_0015,11181,NA,Distichodus affinis,Cypriniformes,Distichodontidae,Distichodus,-23.2,10,NA,NA,SD,1,Muscle
ID_0015,11183,NA,Distichodus antonii,Carangaria/misc,Distichodontidae,Distichodus,-15.8,10.3,NA,NA,SD,1,Muscle
ID_0015,11190,NA,Distichodus fasciolatus,Siluriformes,Distichodontidae,Distichodus,-25.3,10.45,2.48,0.37,SD,10,Muscle
ID_0015,11195,NA,Distichodus lusosso,Osteoglossiformes,Distichodontidae,Distichodus,-26.05,10.93,4.45,0.31,SD,4,Muscle
ID_0015,10787,NA,Distichodus sexfasciatus,Osteoglossiformes,Distichodontidae,Distichodus,-26.05,10.4,4.6,1.27,SD,2,Muscle
ID_0015,11206,NA,Eugnathichthys macroterolepis,Osteoglossiformes,Distichodontidae,Eugnathichthys,-27.15,12.75,2.47,2.76,SD,2,Muscle
ID_0015,11226,NA,Mesoborus crocodilus,Osteoglossiformes,Distichodontidae,Mesoborus,-27.5,12,NA,NA,SD,1,Muscle
ID_0015,11260,NA,Phago boulengeri,Synbranchiformes,Distichodontidae,Phago,-26.9,15.2,NA,NA,SD,1,Muscle
ID_0015,1541,NA,Microthrissa congica,Characiformes,Dorosomatidae,Microthrissa,-26.7,11.56,0.74,0.13,SD,5,Muscle
ID_0015,1544,NA,Microthrissa royauxi,Characiformes,Dorosomatidae,Microthrissa,-26.04,11.35,0.63,0.37,SD,10,Muscle
ID_0015,1546,NA,Potamothrissa acutirostris,Characiformes,Dorosomatidae,Potamothrissa,-26.1,11.3,NA,NA,SD,1,Muscle
ID_0015,347,NA,Lates niloticus,Characiformes,Latidae,Lates,-27.7,13.4,NA,NA,SD,1,Muscle
ID_0015,6107,NA,Cyprinella monacha,Clupeiformes,Leuciscidae,Cyprinella,-29.85,8.83,2.18,1.23,SD,4,Muscle
ID_0015,58208,NA,Malapterurus monsembeensis,Clupeiformes,Malapteruridae,Malapterurus,-26.2,11.4,NA,NA,SD,1,Muscle
ID_0015,10056,NA,Mastacembelus congicus,Osteoglossiformes,Mastacembelidae,Mastacembelus,-25.3,10.7,NA,NA,SD,1,Muscle
ID_0015,9534,NA,Synodontis alberti,Osteoglossiformes,Mochokidae,Synodontis,-26.1,10.98,0.72,0.43,SD,4,Muscle
ID_0015,9536,NA,Synodontis angelicus,Siluriformes,Mochokidae,Synodontis,-28.7,10.8,1.13,0.14,SD,2,Muscle
ID_0015,9550,NA,Synodontis congicus,Siluriformes,Mochokidae,Synodontis,-30.49,9.47,7.51,2.21,SD,7,Muscle
ID_0015,9551,NA,Synodontis contractus,Osteoglossiformes,Mochokidae,Synodontis,-32.2,11.4,NA,NA,SD,1,Muscle
ID_0015,9568,NA,Synodontis greshoffi,Osteoglossiformes,Mochokidae,Synodontis,-26.17,11.22,1.37,0.44,SD,6,Muscle
ID_0015,9599,NA,Synodontis nigriventris,Osteoglossiformes,Mochokidae,Synodontis,-29.3,12.1,NA,NA,SD,1,Muscle
ID_0015,9600,NA,Synodontis notatus,Characiformes,Mochokidae,Synodontis,-27.4,11.4,NA,NA,SD,1,Muscle
ID_0015,9607,NA,Synodontis pleurops,Characiformes,Mochokidae,Synodontis,-25.37,9.57,3.59,0.49,SD,3,Muscle
ID_0015,10854,NA,Campylomormyrus rhynchophorus,Osteoglossiformes,Mormyridae,Campylomormyrus,-36,9.6,NA,NA,SD,1,Muscle
ID_0015,5088,NA,Cyphomyrus psittacus,Osteoglossiformes,Mormyridae,Cyphomyrus,-25.63,10.86,2.71,0.47,SD,12,Muscle
ID_0015,10900,NA,Marcusenius kutuensis,Osteoglossiformes,Mormyridae,Marcusenius,-35.9,9.5,NA,NA,SD,1,Muscle
ID_0015,8709,NA,Marcusenius monteiri,Clupeiformes,Mormyridae,Marcusenius,-25.8,9.4,NA,NA,SD,1,Muscle
ID_0015,10914,NA,Marcusenius schilthuisiae,Siluriformes,Mormyridae,Marcusenius,-28.65,12.5,0.35,0.14,SD,2,Muscle
ID_0015,10918,NA,Marcusenius stanleyanus,Siluriformes,Mormyridae,Marcusenius,-24.8,9.95,2.4,1.2,SD,2,Muscle
ID_0015,2394,NA,Mormyrops anguilloides,Siluriformes,Mormyridae,Mormyrops,-24.1,14,NA,NA,SD,1,Muscle
ID_0015,11007,NA,Petrocephalus christyi,Siluriformes,Mormyridae,Petrocephalus,-26.03,11.61,1,0.72,SD,7,Muscle
ID_0015,11010,NA,Petrocephalus grandoculis,Siluriformes,Mormyridae,Petrocephalus,-24.8,12.4,NA,NA,SD,1,Muscle
ID_0015,11014,NA,Petrocephalus microphthalmus,Siluriformes,Mormyridae,Petrocephalus,-27.35,10.9,2.62,0.14,SD,2,Muscle
ID_0015,5222,NA,Pollimyrus isidori,Siluriformes,Mormyridae,Pollimyrus,-26.7,11.24,5.35,0.77,SD,7,Muscle
ID_0015,11029,NA,Pollimyrus nigripinnis,Siluriformes,Mormyridae,Pollimyrus,-30.2,11.08,6.94,0.69,SD,4,Muscle
ID_0015,11032,NA,Pollimyrus plagiostoma,Siluriformes,Mormyridae,Pollimyrus,-38.5,6.4,NA,NA,SD,1,Muscle
ID_0015,NA,NA,Stomatorhinus,Siluriformes,Mormyridae,Stomatorhinus,-30.3,12.7,1.56,0.99,SD,2,Muscle
ID_0015,11042,NA,Stomatorhinus kununguensis,Siluriformes,Mormyridae,Stomatorhinus,-39.1,9.7,NA,NA,SD,1,Muscle
ID_0015,5065,NA,Xenomystus nigri,Siluriformes,Notopteridae,Xenomystus,-30.4,12.4,NA,NA,SD,1,Muscle
ID_0015,2075,NA,Pantodon buchholzi,Osteoglossiformes,Pantodontidae,Pantodon,-27.5,11.3,NA,NA,SD,1,Muscle
ID_0015,9369,NA,Parailia congica,Cichliformes,Schilbeidae,Parailia,-28.3,11.92,1.69,1.48,SD,5,Muscle
ID_0015,9364,NA,Pareutropius debauwi,Osteoglossiformes,Schilbeidae,Pareutropius,-25.63,10.73,0.45,0.25,SD,3,Muscle
ID_0015,9385,NA,Schilbe grenfelli,Cypriniformes,Schilbeidae,Schilbe,-25.56,11.46,0.47,0.46,SD,5,Muscle
ID_0015,12914,NA,Schilbe intermedius,Cypriniformes,Schilbeidae,Schilbe,-24.55,11.89,2.27,0.5,SD,11,Muscle
ID_0015,9374,NA,Schilbe marmoratus,Cypriniformes,Schilbeidae,Schilbe,-27.5,11.5,0.14,0.85,SD,2,Muscle
ID_0016,11107,NA,Alestopetersius caudalis,Characiformes,Alestidae,Alestopetersius,-27.85,13.6,1.2,1.41,SD,2,Muscle
ID_0016,11108,NA,Alestopetersius compressus,Characiformes,Alestidae,Alestopetersius,-27.45,11.25,0.49,0.49,SD,2,Muscle
ID_0016,11118,NA,Brachypetersius altus,Characiformes,Alestidae,Brachypetersius,-27.65,14.14,0.39,0.97,SD,8,Muscle
ID_0016,5238,NA,Brycinus imberi,Characiformes,Alestidae,Brycinus,-27.03,12.05,0.4,0.7,SD,4,Muscle
ID_0016,11126,NA,Bryconaethiops boulengeri,Characiformes,Alestidae,Bryconaethiops,-26.47,11.78,0.68,1.06,SD,9,Muscle
ID_0016,11128,NA,Bryconaethiops microstoma,Characiformes,Alestidae,Bryconaethiops,-27.4,11.35,0.57,0.21,SD,2,Muscle
ID_0016,5241,NA,Micralestes humilis,Siluriformes,Alestidae,Micralestes,-26.93,12.42,0.4,0.85,SD,9,Muscle
ID_0016,10660,NA,Phenacogrammus interruptus,Siluriformes,Alestidae,Phenacogrammus,-26.44,12.65,1.09,1.68,SD,11,Muscle
ID_0016,64810,NA,Rhabdalestes yokai,Anabantiformes,Alestidae,Rhabdalestes,-26.8,13.85,0.28,1.2,SD,2,Muscle
ID_0016,10029,NA,Ctenopoma acutirostre,Anabantiformes,Anabantidae,Ctenopoma,-28.4,13.6,NA,NA,SD,1,Muscle
ID_0016,10046,NA,Ctenopoma ocellatum,Anabantiformes,Anabantidae,Ctenopoma,-29.3,12,2.2,1.12,SD,5,Muscle
ID_0016,10047,NA,Ctenopoma weeksii,Cypriniformes,Anabantidae,Ctenopoma,-29.7,12.3,NA,NA,SD,1,Muscle
ID_0016,5467,NA,Parachanna obscura,Cypriniformes,Channidae,Parachanna,-28.95,14.3,2.05,0.42,SD,2,Muscle
ID_0016,59782,NA,Hemichromis elongatus,Cypriniformes,Cichlidae,Hemichromis,-32.45,15,2.62,0.85,SD,2,Muscle
ID_0016,2094,NA,Clarias gabonensis,Characiformes,Clariidae,Clarias,-26.7,13.7,NA,NA,SD,1,Muscle
ID_0016,9319,NA,Chrysichthys punctatus,Characiformes,Claroteidae,Chrysichthys,-31.08,13.03,1.28,1.06,SD,6,Muscle
ID_0016,9278,NA,Parauchenoglanis punctatus,Characiformes,Claroteidae,Parauchenoglanis,-27.35,13.45,0.92,0.21,SD,2,Muscle
ID_0016,11313,NA,Enteromius brazzai,Characiformes,Cyprinidae,Enteromius,-29.9,13.16,1.53,0.89,SD,9,Muscle
ID_0016,11417,NA,Enteromius miolepis,Osteoglossiformes,Cyprinidae,Enteromius,-27.61,12.06,0.74,0.91,SD,7,Muscle
ID_0016,11475,NA,Enteromius stanleyi,Osteoglossiformes,Cyprinidae,Enteromius,-30.8,11.95,0.14,0.49,SD,2,Muscle
ID_0016,11553,NA,Labeo lineatus,Cichliformes,Cyprinidae,Labeo,-33,9.6,NA,NA,SD,1,Muscle
ID_0016,11181,NA,Distichodus affinis,Characiformes,Distichodontidae,Distichodus,-27.87,11.71,4.86,0.51,SD,7,Muscle
ID_0016,64700,NA,Distichodus teugelsi,Cypriniformes,Distichodontidae,Distichodus,-28.27,11.5,3.21,1.2,SD,11,Muscle
ID_0016,11206,NA,Eugnathichthys macroterolepis,Osteoglossiformes,Distichodontidae,Eugnathichthys,-25.6,15.9,NA,NA,SD,1,Muscle
ID_0016,67154,NA,Eugnathichthys virgatus,Osteoglossiformes,Distichodontidae,Eugnathichthys,-28.4,15.4,NA,NA,SD,1,Muscle
ID_0016,11226,NA,Mesoborus crocodilus,Osteoglossiformes,Distichodontidae,Mesoborus,-28.46,13.92,0.52,0.56,SD,5,Muscle
ID_0016,11260,NA,Phago boulengeri,Osteoglossiformes,Distichodontidae,Phago,-27.35,15.13,0.76,0.59,SD,4,Muscle
ID_0016,11262,NA,Xenocharax spilurus,Osteoglossiformes,Distichodontidae,Xenocharax,-28.87,11.96,2.16,0.53,SD,7,Muscle
ID_0016,68198,NA,Hepsetus microlepis,Characiformes,Hepsetidae,Hepsetus,-28.3,13.6,NA,NA,SD,1,Muscle
ID_0016,9551,NA,Synodontis contractus,Characiformes,Mochokidae,Synodontis,-33.57,12.5,1.29,0.42,SD,6,Muscle
ID_0016,9562,NA,Synodontis flavitaeniatus,Osteoglossiformes,Mochokidae,Synodontis,-28.32,13.05,2.58,0.48,SD,6,Muscle
ID_0016,9568,NA,Synodontis greshoffi,Osteoglossiformes,Mochokidae,Synodontis,-28.08,12.58,0.64,0.73,SD,4,Muscle
ID_0016,9599,NA,Synodontis nigriventris,Osteoglossiformes,Mochokidae,Synodontis,-27.97,12.7,1.26,1.24,SD,6,Muscle
ID_0016,9619,NA,Synodontis schoutedeni,Osteoglossiformes,Mochokidae,Synodontis,-28.6,13.4,NA,NA,SD,1,Muscle
ID_0016,10860,NA,Gnathonemus echidnorhynchus,Osteoglossiformes,Mormyridae,Gnathonemus,-28.5,13.4,NA,NA,SD,1,Muscle
ID_0016,2085,NA,Gnathonemus petersii,Anabantiformes,Mormyridae,Gnathonemus,-27.8,13,NA,NA,SD,1,Muscle
ID_0016,10877,NA,Hippopotamyrus weeksii,Osteoglossiformes,Mormyridae,Hippopotamyrus,-26.47,12.9,1.46,0.78,SD,3,Muscle
ID_0016,10900,NA,Marcusenius kutuensis,Siluriformes,Mormyridae,Marcusenius,-28.44,12.93,1.7,1.56,SD,10,Muscle
ID_0016,10902,NA,Marcusenius leopoldianus,Osteoglossiformes,Mormyridae,Marcusenius,-23.8,12.9,NA,NA,SD,1,Muscle
ID_0016,8709,NA,Marcusenius monteiri,Osteoglossiformes,Mormyridae,Marcusenius,-31.17,11.7,5.14,1.85,SD,3,Muscle
ID_0016,10908,NA,Marcusenius moorii,Osteoglossiformes,Mormyridae,Marcusenius,-28.4,12.7,NA,NA,SD,1,Muscle
ID_0016,10914,NA,Marcusenius schilthuisiae,Osteoglossiformes,Mormyridae,Marcusenius,-25.77,12.47,0.67,1.36,SD,3,Muscle
ID_0016,10933,NA,Mormyrops boulengeri,Osteoglossiformes,Mormyridae,Mormyrops,-30.5,11.1,1.13,1.98,SD,2,Muscle
ID_0016,10941,NA,Mormyrops furcidens,Osteoglossiformes,Mormyridae,Mormyrops,-27.25,12.25,0.64,0.64,SD,2,Muscle
ID_0016,10948,NA,Mormyrops nigricans,Characiformes,Mormyridae,Mormyrops,-27.75,13.2,1.06,0.14,SD,2,Muscle
ID_0016,10952,NA,Mormyrops zanclirostris,Characiformes,Mormyridae,Mormyrops,-26.9,11.5,NA,NA,SD,1,Muscle
ID_0016,67424,NA,Petrocephalus arnegardi,Osteoglossiformes,Mormyridae,Petrocephalus,-28.35,13.85,0.07,0.49,SD,2,Muscle
ID_0016,10993,NA,Petrocephalus binotatus,Osteoglossiformes,Mormyridae,Petrocephalus,-27.42,12.83,1.22,0.92,SD,9,Muscle
ID_0016,11007,NA,Petrocephalus christyi,Characiformes,Mormyridae,Petrocephalus,-32.1,12.42,3.89,2.08,SD,9,Muscle
ID_0016,11010,NA,Petrocephalus grandoculis,Siluriformes,Mormyridae,Petrocephalus,-34.1,12.3,9.62,0.28,SD,2,Muscle
ID_0016,11014,NA,Petrocephalus microphthalmus,Siluriformes,Mormyridae,Petrocephalus,-29.78,12.8,1.34,1.45,SD,8,Muscle
ID_0016,5212,NA,Petrocephalus sauvagii,Siluriformes,Mormyridae,Petrocephalus,-30.1,12.7,NA,NA,SD,1,Muscle
ID_0016,5222,NA,Pollimyrus isidori,Siluriformes,Mormyridae,Pollimyrus,-29.45,12.95,1.34,1.34,SD,2,Muscle
ID_0016,11029,NA,Pollimyrus nigripinnis,Siluriformes,Mormyridae,Pollimyrus,-29.99,12.78,1.3,1.57,SD,8,Muscle
ID_0016,5065,NA,Xenomystus nigri,Siluriformes,Notopteridae,Xenomystus,-27.34,12.74,1.79,0.6,SD,7,Muscle
ID_0016,2075,NA,Pantodon buchholzi,Siluriformes,Pantodontidae,Pantodon,-28.34,12.84,2.25,0.78,SD,5,Muscle
ID_0016,9364,NA,Pareutropius debauwi,Siluriformes,Schilbeidae,Pareutropius,-27.09,12.29,0.45,1.23,SD,9,Muscle
ID_0016,9385,NA,Schilbe grenfelli,Siluriformes,Schilbeidae,Schilbe,-24.7,11.8,NA,NA,SD,1,Muscle
ID_0016,9387,NA,Schilbe laticeps,Osteoglossiformes,Schilbeidae,Schilbe,-26.95,13.48,0.7,0.46,SD,4,Muscle
ID_0016,9374,NA,Schilbe marmoratus,Characiformes,Schilbeidae,Schilbe,-27.86,11.36,0.55,1.27,SD,12,Muscle
ID_0016,9397,NA,Schilbe yangambianus,Siluriformes,Schilbeidae,Schilbe,-27.9,11.88,0.76,1.45,SD,4,Muscle
ID_0017,11092,NA,Alestes liebrechtsii,Characiformes,Alestidae,Alestes,-26.4,6.6,NA,NA,SD,1,Muscle
ID_0017,11105,NA,Alestopetersius brichardi,Characiformes,Alestidae,Alestopetersius,-28.65,10.2,0.64,0.42,SD,2,Muscle
ID_0017,11107,NA,Alestopetersius caudalis,Characiformes,Alestidae,Alestopetersius,-27.52,10.22,0.68,0.7,SD,5,Muscle
ID_0017,11108,NA,Alestopetersius compressus,Characiformes,Alestidae,Alestopetersius,-28.13,9.38,0.73,0.77,SD,6,Muscle
ID_0017,11118,NA,Brachypetersius altus,Siluriformes,Alestidae,Brachypetersius,-28.25,11.88,0.59,1.2,SD,11,Muscle
ID_0017,5238,NA,Brycinus imberi,Characiformes,Alestidae,Brycinus,-27.34,11.04,1.69,1.1,SD,5,Muscle
ID_0017,NA,NA,Brycinus prognathosi,Characiformes,Alestidae,Brycinus,-26.2,6.7,NA,NA,SD,1,Muscle
ID_0017,11126,NA,Bryconaethiops boulengeri,Characiformes,Alestidae,Bryconaethiops,-27.32,9.47,0.64,1.22,SD,9,Muscle
ID_0017,11127,NA,Bryconaethiops macrops,Characiformes,Alestidae,Bryconaethiops,-27.85,10.4,0.35,0.99,SD,2,Muscle
ID_0017,11128,NA,Bryconaethiops microstoma,Characiformes,Alestidae,Bryconaethiops,-27.5,10.27,0.4,1.22,SD,6,Muscle
ID_0017,4479,NA,Hydrocynus vittatus,Characiformes,Alestidae,Hydrocynus,-26.9,11.9,0.85,0.85,SD,2,Muscle
ID_0017,2402,NA,Micralestes acutidens,Osteoglossiformes,Alestidae,Micralestes,-27.83,9.79,0.57,2.29,SD,8,Muscle
ID_0017,5241,NA,Micralestes humilis,Siluriformes,Alestidae,Micralestes,-27.14,9.74,0.46,0.54,SD,5,Muscle
ID_0017,11147,NA,Micralestes lualabae,Siluriformes,Alestidae,Micralestes,-27.03,9.43,0.77,1.19,SD,7,Muscle
ID_0017,10660,NA,Phenacogrammus interruptus,Siluriformes,Alestidae,Phenacogrammus,-26.63,9.25,0.7,1.64,SD,4,Muscle
ID_0017,9422,NA,Belonoglanis brieni,Siluriformes,Amphiliidae,Belonoglanis,-27.2,10.9,NA,NA,SD,1,Muscle
ID_0017,8618,NA,Lamprologus mocquardi,Characiformes,Cichlidae,Lamprologus,-29.1,11.2,NA,NA,SD,1,Muscle
ID_0017,9126,NA,Tylochromis lateralis,Characiformes,Cichlidae,Tylochromis,-28.26,9.48,2.22,0.88,SD,5,Muscle
ID_0017,11267,NA,Citharinus gibbosus,Osteoglossiformes,Citharinidae,Citharinus,-32.2,8.93,0.61,0.67,SD,3,Muscle
ID_0017,11268,NA,Citharinus macrolepis,Osteoglossiformes,Citharinidae,Citharinus,-41.4,9.9,NA,NA,SD,1,Muscle
ID_0017,9308,NA,Chrysichthys longibarbis,Cypriniformes,Claroteidae,Chrysichthys,-30.05,10.55,1.34,1.77,SD,2,Muscle
ID_0017,9316,NA,Chrysichthys ornatus,Characiformes,Claroteidae,Chrysichthys,-29.9,10.9,NA,NA,SD,1,Muscle
ID_0017,9321,NA,Chrysichthys sharpii,Characiformes,Claroteidae,Chrysichthys,-29,11.1,0,0.57,SD,2,Muscle
ID_0017,9324,NA,Chrysichthys thonneri,Characiformes,Claroteidae,Chrysichthys,-28.1,12.4,NA,NA,SD,1,Muscle
ID_0017,11343,NA,Clypeobarbus congicus,Characiformes,Cyprinidae,Clypeobarbus,-29.14,11.28,1.67,1,SD,5,Muscle
ID_0017,5304,NA,Clypeobarbus pleuropholis,Characiformes,Cyprinidae,Clypeobarbus,-30.43,10.45,0.78,0.57,SD,4,Muscle
ID_0017,11368,NA,Enteromius humeralis,Characiformes,Cyprinidae,Enteromius,-33.9,12.8,NA,NA,SD,1,Muscle
ID_0017,11538,NA,Labeo cyclorhynchus,Osteoglossiformes,Cyprinidae,Labeo,-30.3,10.2,NA,NA,SD,1,Muscle
ID_0017,11553,NA,Labeo lineatus,Characiformes,Cyprinidae,Labeo,-33.45,9.1,2.47,0.14,SD,2,Muscle
ID_0017,11669,NA,Labeo longipinnis,Cichliformes,Cyprinidae,Labeo,-28.8,10.5,NA,NA,SD,1,Muscle
ID_0017,11181,NA,Distichodus affinis,Cypriniformes,Distichodontidae,Distichodus,-27.95,10.45,0.35,0.64,SD,2,Muscle
ID_0017,11190,NA,Distichodus fasciolatus,Cypriniformes,Distichodontidae,Distichodus,-29.43,10.35,1.06,2.18,SD,10,Muscle
ID_0017,11195,NA,Distichodus lusosso,Cypriniformes,Distichodontidae,Distichodus,-29.23,9.9,0.47,0.53,SD,6,Muscle
ID_0017,10787,NA,Distichodus sexfasciatus,Osteoglossiformes,Distichodontidae,Distichodus,-29.15,12.1,0.21,1.84,SD,2,Muscle
ID_0017,11206,NA,Eugnathichthys macroterolepis,Osteoglossiformes,Distichodontidae,Eugnathichthys,-26.7,12.65,0.37,1.46,SD,4,Muscle
ID_0017,67154,NA,Eugnathichthys virgatus,Osteoglossiformes,Distichodontidae,Eugnathichthys,-28.3,13,NA,NA,SD,1,Muscle
ID_0017,11260,NA,Phago boulengeri,Osteoglossiformes,Distichodontidae,Phago,-27.95,12.95,1.48,0.92,SD,2,Muscle
ID_0017,11262,NA,Xenocharax spilurus,Characiformes,Distichodontidae,Xenocharax,-28.92,10.15,1.08,1.95,SD,6,Muscle
ID_0017,1541,NA,Microthrissa congica,Characiformes,Dorosomatidae,Microthrissa,-26.8,10.2,NA,NA,SD,1,Muscle
ID_0017,1544,NA,Microthrissa royauxi,Characiformes,Dorosomatidae,Microthrissa,-26.1,9.83,0.37,0.85,SD,4,Muscle
ID_0017,1546,NA,Potamothrissa acutirostris,Clupeiformes,Dorosomatidae,Potamothrissa,-27.3,13.5,0.57,0.85,SD,2,Muscle
ID_0017,9536,NA,Synodontis angelicus,Clupeiformes,Mochokidae,Synodontis,-27.6,10.1,NA,NA,SD,1,Muscle
ID_0017,9549,NA,Synodontis centralis,Osteoglossiformes,Mochokidae,Synodontis,-29.65,12.45,0.64,0.78,SD,2,Muscle
ID_0017,9550,NA,Synodontis congicus,Osteoglossiformes,Mochokidae,Synodontis,-31.5,11.77,1.25,1.72,SD,3,Muscle
ID_0017,9557,NA,Synodontis dorsomaculatus,Siluriformes,Mochokidae,Synodontis,-27.65,11.3,1.2,0.42,SD,2,Muscle
ID_0017,9568,NA,Synodontis greshoffi,Siluriformes,Mochokidae,Synodontis,-28.23,10.48,1.74,1.31,SD,8,Muscle
ID_0017,9599,NA,Synodontis nigriventris,Osteoglossiformes,Mochokidae,Synodontis,-27.44,10.21,1.41,2.13,SD,10,Muscle
ID_0017,9601,NA,Synodontis nummifer,Osteoglossiformes,Mochokidae,Synodontis,-29.85,11.95,0.64,1.91,SD,2,Muscle
ID_0017,5076,NA,Campylomormyrus tamandua,Osteoglossiformes,Mormyridae,Campylomormyrus,-31.2,10.2,NA,NA,SD,1,Muscle
ID_0017,10869,NA,Cyphomyrus macrops,Osteoglossiformes,Mormyridae,Cyphomyrus,-31.7,11.4,NA,NA,SD,1,Muscle
ID_0017,5088,NA,Cyphomyrus psittacus,Osteoglossiformes,Mormyridae,Cyphomyrus,-29.73,11.08,1.8,2.39,SD,4,Muscle
ID_0017,2085,NA,Gnathonemus petersii,Osteoglossiformes,Mormyridae,Gnathonemus,-29.37,9.4,0.64,1.56,SD,3,Muscle
ID_0017,10898,NA,Marcusenius greshoffii,Characiformes,Mormyridae,Marcusenius,-32.78,8.7,2.58,1.09,SD,4,Muscle
ID_0017,8709,NA,Marcusenius monteiri,Characiformes,Mormyridae,Marcusenius,-32.27,8.23,3.09,1.53,SD,3,Muscle
ID_0017,10914,NA,Marcusenius schilthuisiae,Osteoglossiformes,Mormyridae,Marcusenius,-30.2,11.08,2.28,0.82,SD,5,Muscle
ID_0017,10918,NA,Marcusenius stanleyanus,Osteoglossiformes,Mormyridae,Marcusenius,-29.65,8.83,1.5,1.39,SD,6,Muscle
ID_0017,10930,NA,Mormyrops attenuatus,Clupeiformes,Mormyridae,Mormyrops,-27.95,9.4,1.34,0.71,SD,2,Muscle
ID_0017,10985,NA,Petrocephalus balayi,Siluriformes,Mormyridae,Petrocephalus,-27.6,7.9,NA,NA,SD,1,Muscle
ID_0017,10993,NA,Petrocephalus binotatus,Siluriformes,Mormyridae,Petrocephalus,-28.2,10.7,NA,NA,SD,1,Muscle
ID_0017,11007,NA,Petrocephalus christyi,Siluriformes,Mormyridae,Petrocephalus,-28.62,11.4,1.17,1.24,SD,5,Muscle
ID_0017,11010,NA,Petrocephalus grandoculis,Siluriformes,Mormyridae,Petrocephalus,-29.81,11.57,1.82,1.35,SD,9,Muscle
ID_0017,11014,NA,Petrocephalus microphthalmus,Siluriformes,Mormyridae,Petrocephalus,-29.67,11.03,1.64,1.19,SD,6,Muscle
ID_0017,5212,NA,Petrocephalus sauvagii,Siluriformes,Mormyridae,Petrocephalus,-31.9,12.5,NA,NA,SD,1,Muscle
ID_0017,5222,NA,Pollimyrus isidori,Siluriformes,Mormyridae,Pollimyrus,-28.4,11.1,0.48,0.77,SD,5,Muscle
ID_0017,11029,NA,Pollimyrus nigripinnis,Siluriformes,Mormyridae,Pollimyrus,-29.45,8.35,1.2,0.35,SD,2,Muscle
ID_0017,5065,NA,Xenomystus nigri,Siluriformes,Notopteridae,Xenomystus,-28.8,10.6,NA,NA,SD,1,Muscle
ID_0017,2075,NA,Pantodon buchholzi,Siluriformes,Pantodontidae,Pantodon,-32.8,11.65,3.54,0.78,SD,2,Muscle
ID_0017,9369,NA,Parailia congica,Cichliformes,Schilbeidae,Parailia,-30.01,11.54,1.12,0.73,SD,7,Muscle
ID_0017,9364,NA,Pareutropius debauwi,Osteoglossiformes,Schilbeidae,Pareutropius,-26.2,8.8,NA,NA,SD,1,Muscle
ID_0017,9385,NA,Schilbe grenfelli,Characiformes,Schilbeidae,Schilbe,-26.55,10.03,0.54,0.51,SD,4,Muscle
ID_0017,12914,NA,Schilbe intermedius,Cypriniformes,Schilbeidae,Schilbe,-28.08,12.65,0.56,1.7,SD,6,Muscle
ID_0017,9374,NA,Schilbe marmoratus,Cypriniformes,Schilbeidae,Schilbe,-27.72,10.29,0.61,1.76,SD,10,Muscle
ID_0018,11108,NA,Alestopetersius compressus,Characiformes,Alestidae,Alestopetersius,-27.37,10.33,0.23,0.68,SD,3,Muscle
ID_0018,11118,NA,Brachypetersius altus,Characiformes,Alestidae,Brachypetersius,-27.67,13.07,0.15,1.01,SD,3,Muscle
ID_0018,4479,NA,Hydrocynus vittatus,Siluriformes,Alestidae,Hydrocynus,-25.4,13.5,NA,NA,SD,1,Muscle
ID_0018,10660,NA,Phenacogrammus interruptus,Siluriformes,Alestidae,Phenacogrammus,-26.55,11.35,0.64,1.63,SD,2,Muscle
ID_0018,64810,NA,Rhabdalestes yokai,Characiformes,Alestidae,Rhabdalestes,-27.2,11.4,NA,NA,SD,1,Muscle
ID_0018,65294,NA,Ctenopoma gabonense,Characiformes,Anabantidae,Ctenopoma,-25.8,10.3,1.23,0.62,SD,3,Muscle
ID_0018,5467,NA,Parachanna obscura,Siluriformes,Channidae,Parachanna,-28.8,11.5,NA,NA,SD,1,Muscle
ID_0018,8604,NA,Hemichromis lifalili,Cichliformes,Cichlidae,Hemichromis,-26.78,12.03,1.46,0.85,SD,4,Muscle
ID_0018,8794,NA,Pelmatochromis nigrofasciatus,Anabantiformes,Cichlidae,Pelmatochromis,-28.7,13.1,NA,NA,SD,1,Muscle
ID_0018,11267,NA,Citharinus gibbosus,Characiformes,Citharinidae,Citharinus,-31.6,8.7,NA,NA,SD,1,Muscle
ID_0018,11268,NA,Citharinus macrolepis,Characiformes,Citharinidae,Citharinus,-32.3,8.5,NA,NA,SD,1,Muscle
ID_0018,2094,NA,Clarias gabonensis,Characiformes,Clariidae,Clarias,-28.28,10.78,1.1,0.81,SD,4,Muscle
ID_0018,9316,NA,Chrysichthys ornatus,Characiformes,Claroteidae,Chrysichthys,-25.9,13.4,NA,NA,SD,1,Muscle
ID_0018,9319,NA,Chrysichthys punctatus,Osteoglossiformes,Claroteidae,Chrysichthys,-28.85,12.22,1.06,0.89,SD,6,Muscle
ID_0018,11183,NA,Distichodus antonii,Characiformes,Distichodontidae,Distichodus,-22.2,9.9,NA,NA,SD,1,Muscle
ID_0018,11198,NA,Distichodus noboli,Osteoglossiformes,Distichodontidae,Distichodus,-26.1,10,2.31,0.72,SD,4,Muscle
ID_0018,64700,NA,Distichodus teugelsi,Characiformes,Distichodontidae,Distichodus,-24.5,10.8,0.99,1.27,SD,2,Muscle
ID_0018,67154,NA,Eugnathichthys virgatus,Osteoglossiformes,Distichodontidae,Eugnathichthys,-26.5,14.3,0.42,0.28,SD,2,Muscle
ID_0018,11226,NA,Mesoborus crocodilus,Anabantiformes,Distichodontidae,Mesoborus,-28,12.75,0.57,1.2,SD,2,Muscle
ID_0018,11260,NA,Phago boulengeri,Cichliformes,Distichodontidae,Phago,-28.8,12.4,NA,NA,SD,1,Muscle
ID_0018,9562,NA,Synodontis flavitaeniatus,Siluriformes,Mochokidae,Synodontis,-27.15,10.55,1.2,1.63,SD,2,Muscle
ID_0018,9599,NA,Synodontis nigriventris,Characiformes,Mochokidae,Synodontis,-30.23,11.07,3.88,0.85,SD,3,Muscle
ID_0018,2085,NA,Gnathonemus petersii,Characiformes,Mormyridae,Gnathonemus,-26.5,13.4,3.82,0.42,SD,2,Muscle
ID_0018,10877,NA,Hippopotamyrus weeksii,Osteoglossiformes,Mormyridae,Hippopotamyrus,-17.5,12.5,NA,NA,SD,1,Muscle
ID_0018,10914,NA,Marcusenius schilthuisiae,Osteoglossiformes,Mormyridae,Marcusenius,-29.7,10.8,NA,NA,SD,1,Muscle
ID_0018,5222,NA,Pollimyrus isidori,Polypteriformes,Mormyridae,Pollimyrus,-26.3,13.2,NA,NA,SD,1,Muscle
ID_0018,5065,NA,Xenomystus nigri,Characiformes,Notopteridae,Xenomystus,-28.77,11.23,1.17,0.55,SD,3,Muscle
ID_0018,2075,NA,Pantodon buchholzi,Siluriformes,Pantodontidae,Pantodon,-29.3,9.4,NA,NA,SD,1,Muscle
ID_0018,51589,NA,Polypterus polli,Siluriformes,Polypteridae,Polypterus,-29,13.6,NA,NA,SD,1,Muscle
ID_0018,9364,NA,Pareutropius debauwi,Osteoglossiformes,Schilbeidae,Pareutropius,-28.37,11.73,0.93,0.38,SD,3,Muscle
ID_0019,1574,Blueback herring,Alosa aestivalis,Clupeiformes,Alosidae,Alosa,-27.85,12.7,1.06,0.71,SD,2,Muscle
ID_0019,1583,Alewife,Alosa pseudoharengus,Clupeiformes,Alosidae,Alosa,-17.4,12.8,1.1,0.8,SD,6,Muscle
ID_0019,1584,American shad,Alosa sapidissima,Clupeiformes,Alosidae,Alosa,-20.2,12.6,0.6,0.4,SD,4,Muscle
ID_0019,3018,White catfish,Ameiurus catus,Siluriformes,Ictaluridae,Ameiurus,-21.2,15.8,2.7,2.3,SD,10,Muscle
ID_0019,3022,Brown bullhead,Ameiurus nebulosus,Siluriformes,Ictaluridae,Ameiurus,-24,13.2,0.8,0.5,SD,5,Muscle
ID_0019,296,American eel,Anguilla rostrata,Anguilliformes,Anguillidae,Anguilla,-24.7,11.2,0.7,0.8,SD,3,Muscle
ID_0019,1604,Gizzard Shad,Dorosoma cepedianum,Clupeiformes,Dorosomatidae,Dorosoma,-20.2,14,2.1,0.9,SD,7,Muscle
ID_0019,2986,Creek chubsucker,Erimyzon oblongus,Cypriniformes,Catostomidae,Erimyzon,-28.1,10.9,NA,NA,SD,1,Muscle
ID_0019,2777,Eastern silvery minnow,Hybognathus regius,Cypriniformes,Leuciscidae,Hybognathus,-23,12.4,2.1,3.4,SD,6,Muscle
ID_0019,3019,Blue catfish,Ictalurus furcatus,Siluriformes,Ictaluridae,Ictalurus,-21.6,15.4,1.9,2,SD,43,Muscle
ID_0019,290,Channel catfish,Ictalurus punctatus,Siluriformes,Ictaluridae,Ictalurus,-20.5,13.4,2,1.2,SD,3,Muscle
ID_0019,1076,Spotted gar,Lepisosteus osseus,Lepisosteiformes,Lepisosteidae,Lepisosteus,-23.1,16.8,NA,NA,SD,1,Muscle
ID_0019,3372,Pumpkinseed sunfish,Lepomis gibbosus,Centrarchiformes,Centrarchidae,Lepomis,-25.4,13.1,1.1,1.3,SD,9,Muscle
ID_0019,3375,Bluegill,Lepomis macrochirus,Centrarchiformes,Centrarchidae,Lepomis,-23.7,14.7,2.2,1.8,SD,5,Muscle
ID_0019,3241,Mississippi silverside,Menidia beryllina,Atheriniformes,Atherinopsidae,Menidia,-23.8,15.5,0.9,0.2,SD,3,Muscle
ID_0019,3385,Largemouth bass,Micropterus salmoides,Centrarchiformes,Centrarchidae,Micropterus,-23,14.5,1.9,1.3,SD,5,Muscle
ID_0019,355,White perch,Morone americana,Eupercaria/misc,Moronidae,Morone,-20.7,16.7,1.2,1.4,SD,5,Muscle
ID_0019,353,Striped bass,Morone saxatilis,Eupercaria/misc,Moronidae,Morone,-25,13.3,2.3,2.4,SD,2,Muscle
ID_0019,276,Golden shiner,Notemigonus crysoleucas,Cypriniformes,Leuciscidae,Notemigonus,-24.8,13.1,1.1,1.6,SD,5,Muscle
ID_0019,359,Yellow perch,Perca flavescens,Perciformes/Percoidei,Percidae,Perca,-25.1,14.3,2.1,2.2,SD,6,Muscle
ID_0020,296,American eel,Anguilla rostrata,Anguilliformes,Anguillidae,Anguilla,-19.41,8.68,NA,NA,SD,1,Muscle
ID_0020,1085,Mountain mullet,Dajaus monticola,Mugiliformes,Mugilidae,Dajaus,-18.92,8.93,0.88,0.56,SD,5,Muscle
ID_0020,3831,Bigmouth sleeper,Gobiomorus dormitor,Gobiiformes,Eleotridae,Gobiomorus,-17.56,8.02,NA,NA,SD,1,Muscle
ID_0020,47148,Sirajo Goby,Sicydium plumieri,Gobiiformes,Gobiidae,Sicydium,-16.69,7.57,1.7,1.77,SD,4,Muscle
ID_0021,296,American eel,Anguilla rostrata,Anguilliformes,Anguillidae,Anguilla,-22.8,11,0.4,0.5,SD,2,Muscle
ID_0021,50323,River goby,Awaous banana,Gobiiformes,Gobiidae,Awaous,-19.3,10.1,0.3,0.9,SD,4,Muscle
ID_0021,55038,Smallscaled spinycheek sleeper,Eleotris perniger,Gobiiformes,Eleotridae,Eleotris,-18.45,9.3,0.57,0.73,SD,18,Muscle
ID_0021,3831,Bigmouth sleeper,Gobiomorus dormitor,Gobiiformes,Eleotridae,Gobiomorus,-22.2,12.7,0.7,0.8,SD,2,Muscle
ID_0021,23400,Spotted algae-eating goby,Sicydium punctatum,Gobiiformes,Gobiidae,Sicydium,-20.8,8.9,NA,NA,SD,1,Muscle
ID_0022,3615,Convict cichlid,Amatitlania nigrofasciata,Cichliformes,Cichlidae,Amatitlania,-25.99,11.2,1.92,1.08,SD,5,Muscle
ID_0022,3215,Mosquitofish,Gambusia affinis,Cyprinodontiformes,Poeciliidae,Gambusia,-24.3,10.15,0.84,1.1,SD,5,Muscle
ID_0022,2,Nile tilapia,Oreochromis niloticus,Cichliformes,Cichlidae,Oreochromis,-25.39,11.38,1.46,0.62,SD,8,Muscle
ID_0022,3228,Guppy,Poecilia reticulata,Cyprinodontiformes,Poeciliidae,Poecilia,-24.4,13.17,1.06,0.41,SD,5,Muscle
ID_0022,4691,Stone moroko,Pseudorasbora parva,Cypriniformes,Gobionidae,Pseudorasbora,-24.29,12.9,0.94,2.48,SD,8,Muscle
ID_0022,51938,Armored catfish,Pterygoplichthys disjunctivus,Siluriformes,Loricariidae,Pterygoplichthys,-23.41,12.41,0.24,1.36,SD,5,Muscle
ID_0022,NA,Japanese common goby,Rhinogobius sp,Gobiiformes,Gobiidae,Rhinogobius,-24.47,18.21,1.05,0.66,SD,8,Muscle
ID_0023,3615,Zebra cichlid,Amatitlania nigrofasciata,Cichliformes,Cichlidae,Amatitlania,-24.75,12.59,0.83,1.05,SD,16,Muscle
ID_0023,1390,Redbelly tilapia,Coptodon zillii,Cichliformes,Cichlidae,Coptodon,-22.08,9.3,0.51,1.3,SD,9,Muscle
ID_0023,3215,Mosquitofish,Gambusia affinis,Cyprinodontiformes,Poeciliidae,Gambusia,-22.88,13.21,1.41,1.26,SD,10,Muscle
ID_0023,2,Nile tilapia,Oreochromis niloticus,Cichliformes,Cichlidae,Oreochromis,-25.21,12.07,0.53,2.06,SD,11,Muscle
ID_0023,2202,NA,Otopharynx lithobates,Cichliformes,Cichlidae,Otopharynx,-24.83,13.22,0.2,0.79,SD,4,Muscle
ID_0023,3228,Guppy,Poecilia reticulata,Cyprinodontiformes,Poeciliidae,Poecilia,-23.99,17.03,0.58,0.57,SD,7,Muscle
ID_0023,4691,Stone moroko,Pseudorasbora parva,Cypriniformes,Gobionidae,Pseudorasbora,-24.99,13.05,0.7,1.7,SD,4,Muscle
ID_0023,51938,Armored catfish,Pterygoplichthys disjunctivus,Siluriformes,Loricariidae,Pterygoplichthys,-24.97,9.49,1.37,1.16,SD,4,Muscle
ID_0024,268,Common bream,Abramis brama,Cypriniformes,Leuciscidae,Abramis,-25.99,14.34,0.65,1.2,SD,15,Muscle
ID_0024,4730,Bleak,Alburnus alburnus,Cypriniformes,Leuciscidae,Alburnus,-26.15,13.41,0.61,0.46,SD,9,Muscle
ID_0024,35,European eel,Anguilla anguilla,Anguilliformes,Anguillidae,Anguilla,-26.64,15.64,0.98,1.04,SD,5,Muscle
ID_0024,258,Northern pike,Esox lucius,Esociformes,Esocidae,Esox,-24.25,16.49,0.91,0.88,SD,8,Muscle
ID_0024,3385,Largemouth bass,Micropterus salmoides,Centrarchiformes,Centrarchidae,Micropterus,-24.97,15.69,0.23,0.21,SD,3,Muscle
ID_0024,272,Roach,Rutilus rutilus,Cypriniformes,Leuciscidae,Rutilus,-26.83,13.88,1.16,0.28,SD,9,Muscle
ID_0024,360,Pikeperch,Sander lucioperca,Perciformes/Percoidei,Percidae,Sander,-24.36,18.41,0.56,0.51,SD,11,Muscle
ID_0024,289,European catfish,Silurus glanis,Siluriformes,Siluridae,Silurus,-24.34,16.65,1.16,0.87,SD,49,Muscle
ID_0025,271,Goldfish,Carassius auratus,Cypriniformes,Cyprinidae,Carassius,-29.63,10.49,0.33,0.62,SD,5,Muscle
ID_0025,1450,Common carp,Cyprinus carpio,Cypriniformes,Cyprinidae,Cyprinus,-27.01,9.61,1.02,0.83,SD,3,Muscle
ID_0025,NA,Carp gudgeon,Hypseleotris sp,Gobiiformes,Eleotridae,Hypseleotris,-29.61,9.97,1.2,1.11,SD,2,Muscle
ID_0025,4800,Spangled perch,Leiopotherapon unicolor,Centrarchiformes,Terapontidae,Leiopotherapon,-25.9,13.15,0.87,2.53,SD,4,Muscle
ID_0025,22685,Murray-Darling rainbowfish,Melanotaenia fluviatilis,Atheriniformes,Melanotaeniidae,Melanotaenia,-22.47,8.89,0.5,0.31,SD,5,Muscle
ID_0025,1612,Bony bream,Nematalosa erebi,Clupeiformes,Dorosomatidae,Nematalosa,-28.74,9.86,1.37,0.77,SD,5,Muscle
ID_0026,1450,Common carp,Cyprinus carpio,Cypriniformes,Cyprinidae,Cyprinus,-24.7,10.14,0.24,0.34,SD,5,Muscle
ID_0026,4521,Eastern mosquitofish,Gambusia holbrooki,Cyprinodontiformes,Poeciliidae,Gambusia,-23.08,10.95,0.1,0.19,SD,3,Muscle
ID_0026,NA,Carp gudgeon,Hypseleotris sp,Gobiiformes,Eleotridae,Hypseleotris,-27.44,11.03,0.52,0.28,SD,5,Muscle
ID_0026,4800,Spangled perch,Leiopotherapon unicolor,Centrarchiformes,Terapontidae,Leiopotherapon,-25.23,11.14,0.81,0.9,SD,5,Muscle
ID_0026,10312,Golden perch,Macquaria ambigua,Centrarchiformes,Percichthyidae,Macquaria,-25.52,13.25,NA,NA,SD,1,Muscle
ID_0026,22685,Murray-Darling rainbowfish,Melanotaenia fluviatilis,Atheriniformes,Melanotaeniidae,Melanotaenia,-22.96,10.75,0.55,0.62,SD,4,Muscle
ID_0026,1612,Bony bream,Nematalosa erebi,Clupeiformes,Dorosomatidae,Nematalosa,-27.13,10,1.79,0.65,SD,5,Muscle
ID_0026,6511,Australian smelt,Retropinna semoni,Osmeriformes,Retropinnidae,Retropinna,-24.19,11.16,NA,NA,SD,1,Muscle
ID_0027,2970,Flannelmouth sucker,Catostomus latipinnis,Cypriniformes,Catostomidae,Catostomus,-21.43,12.01,0.24,0.26,SD,3,NA
ID_0027,2876,Red shiner,Cyprinella lutrensis,Cypriniformes,Leuciscidae,Cyprinella,-22.36,13.03,0.1,0.51,SD,3,NA
ID_0027,290,Channel catfish,Ictalurus punctatus,Siluriformes,Ictaluridae,Ictalurus,-22.5,12.41,0.22,0.01,SD,2,NA
ID_0027,2947,Speckled dace,Rhinichthys osculus,Cypriniformes,Leuciscidae,Rhinichthys,-23.7,12.96,0.69,0.34,SD,3,NA
ID_0028,2966,Bluehead sucker,Catostomus discobolus,Cypriniformes,Catostomidae,Catostomus,-22.1,13.62,0.79,0.44,SD,3,NA
ID_0028,2970,Flannelmouth sucker,Catostomus latipinnis,Cypriniformes,Catostomidae,Catostomus,-21.32,12.41,0.43,0.48,SD,6,NA
ID_0028,2876,Red shiner,Cyprinella lutrensis,Cypriniformes,Leuciscidae,Cyprinella,-22.13,12.63,0.3,1.13,SD,6,NA
ID_0028,1450,Common carp,Cyprinus carpio,Cypriniformes,Cyprinidae,Cyprinus,-21.91,12.4,NA,NA,SD,1,NA
ID_0028,290,Channel catfish,Ictalurus punctatus,Siluriformes,Ictaluridae,Ictalurus,-22.45,13.3,0.34,0.41,SD,4,NA
ID_0028,3385,Largemouth bass,Micropterus salmoides,Centrarchiformes,Centrarchidae,Micropterus,-22.02,13.29,NA,NA,SD,1,NA
ID_0028,4785,Fathead minnow,Pimephales promelas,Cypriniformes,Leuciscidae,Pimephales,-21.48,13.1,0.54,1.18,SD,6,NA
ID_0028,2947,Speckled dace,Rhinichthys osculus,Cypriniformes,Leuciscidae,Rhinichthys,-24.67,13.96,0.61,0.43,SD,6,NA
ID_0029,2970,Flannelmouth sucker,Catostomus latipinnis,Cypriniformes,Catostomidae,Catostomus,-21.78,14.38,1.38,0.81,SD,13,NA
ID_0029,2876,Red shiner,Cyprinella lutrensis,Cypriniformes,Leuciscidae,Cyprinella,-22.61,12.7,0.36,1.17,SD,6,NA
ID_0029,290,Channel catfish,Ictalurus punctatus,Siluriformes,Ictaluridae,Ictalurus,-23.41,14.73,0.55,0.01,SD,2,NA
ID_0029,3385,Largemouth bass,Micropterus salmoides,Centrarchiformes,Centrarchidae,Micropterus,-22.63,14.48,0.61,0.66,SD,6,NA
ID_0029,4785,Fathead minnow,Pimephales promelas,Cypriniformes,Leuciscidae,Pimephales,-21.94,14.1,0.76,1.2,SD,4,NA
ID_0029,2939,Colorado pikeminnow,Ptychocheilus lucius,Cypriniformes,Leuciscidae,Ptychocheilus,-22.34,13.63,1.16,0.58,SD,3,NA
ID_0029,2947,Speckled dace,Rhinichthys osculus,Cypriniformes,Leuciscidae,Rhinichthys,-24.15,14.51,0.61,0.51,SD,2,NA
ID_0030,2970,Flannelmouth sucker,Catostomus latipinnis,Cypriniformes,Catostomidae,Catostomus,-22.08,12.62,0.6,0.54,SD,6,NA
ID_0030,2876,Red shiner,Cyprinella lutrensis,Cypriniformes,Leuciscidae,Cyprinella,-22.42,11.98,0.44,2.12,SD,6,NA
ID_0030,1450,Common carp,Cyprinus carpio,Cypriniformes,Cyprinidae,Cyprinus,-21.52,12,0.56,1.17,SD,3,NA
ID_0030,290,Channel catfish,Ictalurus punctatus,Siluriformes,Ictaluridae,Ictalurus,-22.4,14.3,1.26,0.55,SD,2,NA
ID_0030,3385,Largemouth bass,Micropterus salmoides,Centrarchiformes,Centrarchidae,Micropterus,-23.59,11.42,1.41,1.38,SD,3,NA
ID_0030,4785,Fathead minnow,Pimephales promelas,Cypriniformes,Leuciscidae,Pimephales,-21.81,12.94,0.87,1.94,SD,6,NA
ID_0030,2947,Speckled dace,Rhinichthys osculus,Cypriniformes,Leuciscidae,Rhinichthys,-23.84,14.31,0.58,0.25,SD,6,NA
ID_0031,2966,Bluehead sucker,Catostomus discobolus,Cypriniformes,Catostomidae,Catostomus,-21.36,12.83,0.49,0.8,SD,3,NA
ID_0031,2970,Flannelmouth sucker,Catostomus latipinnis,Cypriniformes,Catostomidae,Catostomus,-21.78,10.53,0.48,0.67,SD,3,NA
ID_0031,2876,Red shiner,Cyprinella lutrensis,Cypriniformes,Leuciscidae,Cyprinella,-23.45,10.1,NA,NA,SD,1,NA
ID_0031,4785,Fathead minnow,Pimephales promelas,Cypriniformes,Leuciscidae,Pimephales,-22.22,11.28,0.53,0.34,SD,3,NA
ID_0031,2947,Speckled dace,Rhinichthys osculus,Cypriniformes,Leuciscidae,Rhinichthys,-23.74,11.82,0.34,0.67,SD,3,NA
ID_0032,2963,Desert sucker,Catostomus clarkii,Cypriniformes,Catostomidae,Catostomus,-23.5,6.85,NA,NA,NA,NA,Fin
ID_0032,2969,Sonora sucker,Catostomus insignis,Cypriniformes,Catostomidae,Catostomus,-19.3,6.89,NA,NA,NA,NA,Fin
ID_0032,NA,Headwater & roundtail chub,Gila spp,Cypriniformes,Leuciscidae,Gila,-21.55,6.36,NA,NA,NA,NA,Fin
ID_0032,3371,Green sunfish,Lepomis cyanellus,Centrarchiformes,Centrarchidae,Lepomis,-20.14,8.53,NA,NA,NA,NA,Fin
ID_0032,3382,Smallmouth bass,Micropterus dolomieu,Centrarchiformes,Centrarchidae,Micropterus,-21.98,9.19,NA,NA,NA,NA,Fin
ID_0033,271,Goldfish,Carassius auratus,Cypriniformes,Cyprinidae,Carassius,-24.01,11.46,0.33,0.15,SE,4,Muscle
ID_0033,12002,Charal,Chirostoma jordani,Atheriniformes,Atherinopsidae,Chirostoma,-25.55,17.77,0.6,0.88,SD,9,Muscle
ID_0033,11945,Blackfin goodea,Goodea atripinnis,Cyprinodontiformes,Goodeidae,Goodea,-23.74,12.51,1.37,0.64,SE,5,Muscle
ID_0033,3375,Bluegill,Lepomis macrochirus,Centrarchiformes,Centrarchidae,Lepomis,-22.06,13.72,0.58,0.37,SE,12,Muscle
ID_0033,3385,Largemouth bass,Micropterus salmoides,Centrarchiformes,Centrarchidae,Micropterus,-21.19,14.05,0.71,0.52,SE,13,Muscle
ID_0033,50229,Jalisco chub,Yuriria alta,Cypriniformes,Leuciscidae,Yuriria,-21.08,15.01,1.18,0.75,SE,6,Muscle
ID_0034,12002,Charal,Chirostoma jordani,Atheriniformes,Atherinopsidae,Chirostoma,-24.08,16.21,0.18,0.17,SE,6,Muscle
ID_0034,1450,Common carp,Cyprinus carpio,Cypriniformes,Cyprinidae,Cyprinus,-20.67,11.54,NA,NA,SE,1,Muscle
ID_0034,3375,Bluegill,Lepomis macrochirus,Centrarchiformes,Centrarchidae,Lepomis,-22.42,16.02,0.4,0.38,SE,3,Muscle
ID_0034,3385,Largemouth bass,Micropterus salmoides,Centrarchiformes,Centrarchidae,Micropterus,-21.81,17.07,0.39,0.38,SE,6,Muscle
ID_0034,50229,Jalisco chub,Yuriria alta,Cypriniformes,Leuciscidae,Yuriria,-22.33,15.54,0.27,0.24,SE,7,Muscle
ID_0035,12002,Charal,Chirostoma jordani,Atheriniformes,Atherinopsidae,Chirostoma,-23.4,15.81,0.16,0.42,SE,12,Muscle
ID_0035,1450,Common carp,Cyprinus carpio,Cypriniformes,Cyprinidae,Cyprinus,-20.74,9.84,NA,NA,SE,1,Muscle
ID_0035,11945,Blackfin goodea,Goodea atripinnis,Cyprinodontiformes,Goodeidae,Goodea,-22.52,12.74,0.4,0.48,SE,4,Muscle
ID_0035,3375,Bluegill,Lepomis macrochirus,Centrarchiformes,Centrarchidae,Lepomis,-19.22,13.78,0.3,0.24,SE,6,Muscle
ID_0035,3385,Largemouth bass,Micropterus salmoides,Centrarchiformes,Centrarchidae,Micropterus,-19.64,15.2,1.1,1.02,SE,7,Muscle
ID_0035,47233,Lerma livebearer,Poeciliopsis infans,Cyprinodontiformes,Poeciliidae,Poeciliopsis,-20.58,13.49,NA,NA,SE,1,Muscle
ID_0035,50229,Jalisco chub,Yuriria alta,Cypriniformes,Leuciscidae,Yuriria,-21.87,12.91,0.42,0.66,SE,5,Muscle
ID_0036,271,Goldfish,Carassius auratus,Cypriniformes,Cyprinidae,Carassius,-20,10.54,NA,NA,SE,1,Muscle
ID_0036,11945,Blackfin goodea,Goodea atripinnis,Cyprinodontiformes,Goodeidae,Goodea,-21.28,10.7,0.48,0.61,SE,6,Muscle
ID_0036,11955,Jeweled splitfin,Xenotoca variata,Cyprinodontiformes,Goodeidae,Xenotoca,-22.38,11.83,0.35,0.28,SE,6,Muscle
ID_0036,50229,Jalisco chub,Yuriria alta,Cypriniformes,Leuciscidae,Yuriria,-21,12.11,0.51,0.29,SE,5,Muscle
ID_0037,271,Goldfish,Carassius auratus,Cypriniformes,Cyprinidae,Carassius,-18.95,9.53,0.29,1.1,SE,3,Muscle
ID_0037,12002,Charal,Chirostoma jordani,Atheriniformes,Atherinopsidae,Chirostoma,-21.74,14.33,0.45,0.68,SE,8,Muscle
ID_0037,11945,Blackfin goodea,Goodea atripinnis,Cyprinodontiformes,Goodeidae,Goodea,-21.45,12.13,1.16,0.75,SE,7,Muscle
ID_0037,3375,Bluegill,Lepomis macrochirus,Centrarchiformes,Centrarchidae,Lepomis,-20.23,12.48,0.28,0.52,SE,4,Muscle
ID_0037,3385,Largemouth bass,Micropterus salmoides,Centrarchiformes,Centrarchidae,Micropterus,-19.93,14.75,0.17,0.31,SE,6,Muscle
ID_0037,3,Mozambique tilapia,Oreochromis mossambicus,Cichliformes,Cichlidae,Oreochromis,-20.53,10.47,0.24,0.21,SE,4,Muscle
ID_0037,47233,Lerma livebearer,Poeciliopsis infans,Cyprinodontiformes,Poeciliidae,Poeciliopsis,-21.01,12.17,NA,NA,SE,1,Muscle
ID_0037,11955,Jeweled splitfin,Xenotoca variata,Cyprinodontiformes,Goodeidae,Xenotoca,-19.84,12.14,0.53,0.5,SE,5,Muscle
ID_0037,3233,Variable platyfish,Xiphophorus variatus,Cyprinodontiformes,Poeciliidae,Xiphophorus,-22.56,11.3,NA,NA,SE,1,Muscle
ID_0037,50229,Jalisco chub,Yuriria alta,Cypriniformes,Leuciscidae,Yuriria,-19.24,11.66,0.38,0.66,SE,5,Muscle
ID_0038,12002,Charal,Chirostoma jordani,Atheriniformes,Atherinopsidae,Chirostoma,-22.08,16.1,0.83,1.08,SE,2,Muscle
ID_0038,1450,Common carp,Cyprinus carpio,Cypriniformes,Cyprinidae,Cyprinus,-21.98,13.87,0.11,0.06,SE,2,Muscle
ID_0038,11945,Blackfin goodea,Goodea atripinnis,Cyprinodontiformes,Goodeidae,Goodea,-20.87,16.63,NA,NA,SE,1,Muscle
ID_0038,3,Mozambique tilapia,Oreochromis mossambicus,Cichliformes,Cichlidae,Oreochromis,-19.94,12.97,0.51,2.79,SE,2,Muscle
ID_0038,47233,Lerma livebearer,Poeciliopsis infans,Cyprinodontiformes,Poeciliidae,Poeciliopsis,-21.32,16.8,0.38,0.11,SE,6,Muscle
ID_0038,11955,Jeweled splitfin,Xenotoca variata,Cyprinodontiformes,Goodeidae,Xenotoca,-21.34,17.29,0.1,0.21,SE,6,Muscle
ID_0038,50229,Jalisco chub,Yuriria alta,Cypriniformes,Leuciscidae,Yuriria,-21.17,13.75,0.81,2.11,SE,4,Muscle
ID_0039,271,Goldfish,Carassius auratus,Cypriniformes,Cyprinidae,Carassius,-19.74,13.45,NA,NA,SE,1,Muscle
ID_0039,12002,Charal,Chirostoma jordani,Atheriniformes,Atherinopsidae,Chirostoma,-25.01,17.96,0.3,0.14,SE,4,Muscle
ID_0039,1450,Common carp,Cyprinus carpio,Cypriniformes,Cyprinidae,Cyprinus,-25.25,13.39,0.81,0.21,SE,2,Muscle
ID_0039,11945,Blackfin goodea,Goodea atripinnis,Cyprinodontiformes,Goodeidae,Goodea,-23.4,14.92,1.51,1.02,SE,3,Muscle
ID_0039,47233,Lerma livebearer,Poeciliopsis infans,Cyprinodontiformes,Poeciliidae,Poeciliopsis,-22.45,12.76,0.65,0.21,SE,6,Muscle
ID_0039,11955,Jeweled splitfin,Xenotoca variata,Cyprinodontiformes,Goodeidae,Xenotoca,-23.3,14.89,0.43,0.46,SE,9,Muscle
ID_0039,3233,Variable platyfish,Xiphophorus variatus,Cyprinodontiformes,Poeciliidae,Xiphophorus,-21.6,16.18,NA,NA,SE,1,Muscle
ID_0039,50229,Jalisco chub,Yuriria alta,Cypriniformes,Leuciscidae,Yuriria,-23.49,14.45,0.75,0.7,SE,7,Muscle
ID_0040,271,Goldfish,Carassius auratus,Cypriniformes,Cyprinidae,Carassius,-22.52,13.42,0.69,0.32,SE,6,Muscle
ID_0040,12002,Charal,Chirostoma jordani,Atheriniformes,Atherinopsidae,Chirostoma,-24.28,17.97,0.17,0.19,SE,10,Muscle
ID_0040,1450,Common carp,Cyprinus carpio,Cypriniformes,Cyprinidae,Cyprinus,-23.82,12.64,1.62,0.68,SE,3,Muscle
ID_0040,11945,Blackfin goodea,Goodea atripinnis,Cyprinodontiformes,Goodeidae,Goodea,-20.38,11.04,0.65,0.2,SE,10,Muscle
ID_0040,3385,Largemouth bass,Micropterus salmoides,Centrarchiformes,Centrarchidae,Micropterus,-21.09,15.99,NA,NA,SE,1,Muscle
ID_0040,3,Mozambique tilapia,Oreochromis mossambicus,Cichliformes,Cichlidae,Oreochromis,-20.16,12.38,1.4,0.86,SE,5,Muscle
ID_0040,47233,Lerma livebearer,Poeciliopsis infans,Cyprinodontiformes,Poeciliidae,Poeciliopsis,-18.47,12.26,1.09,0.67,SE,5,Muscle
ID_0040,11955,Jeweled splitfin,Xenotoca variata,Cyprinodontiformes,Goodeidae,Xenotoca,-20.46,15.18,0.24,0.38,SE,10,Muscle
ID_0040,3233,Variable platyfish,Xiphophorus variatus,Cyprinodontiformes,Poeciliidae,Xiphophorus,-21.3,11.5,0.37,0.72,SE,6,Muscle
ID_0040,50229,Jalisco chub,Yuriria alta,Cypriniformes,Leuciscidae,Yuriria,-22.61,15.37,0.29,0.35,SE,5,Muscle
ID_0041,271,Goldfish,Carassius auratus,Cypriniformes,Cyprinidae,Carassius,-26.5,14.15,NA,NA,SE,1,Muscle
ID_0041,12002,Charal,Chirostoma jordani,Atheriniformes,Atherinopsidae,Chirostoma,-24.66,19.51,0.18,0.2,SE,6,Muscle
ID_0041,11945,Blackfin goodea,Goodea atripinnis,Cyprinodontiformes,Goodeidae,Goodea,-21.5,17.33,0.21,0.45,SE,6,Muscle
ID_0041,3375,Bluegill,Lepomis macrochirus,Centrarchiformes,Centrarchidae,Lepomis,-22.3,18.46,NA,NA,SE,1,Muscle
ID_0041,3,Mozambique tilapia,Oreochromis mossambicus,Cichliformes,Cichlidae,Oreochromis,-22.24,15.44,0.24,1.19,SE,3,Muscle
ID_0041,47233,Lerma livebearer,Poeciliopsis infans,Cyprinodontiformes,Poeciliidae,Poeciliopsis,-22.19,17.56,0.33,0.25,SE,6,Muscle
ID_0041,11955,Jeweled splitfin,Xenotoca variata,Cyprinodontiformes,Goodeidae,Xenotoca,-22.43,16.79,0.96,1.19,SE,6,Muscle
ID_0041,3233,Variable platyfish,Xiphophorus variatus,Cyprinodontiformes,Poeciliidae,Xiphophorus,-22.53,18.43,1.02,0.53,SE,6,Muscle
ID_0041,50229,Jalisco chub,Yuriria alta,Cypriniformes,Leuciscidae,Yuriria,-24.05,15.71,NA,NA,SE,1,Muscle
ID_0042,50255,Largetooth silverside,Chirostoma arge,Atheriniformes,Atherinopsidae,Chirostoma,-23.35,14.14,0.43,0.71,SE,6,Muscle
ID_0042,12002,Charal,Chirostoma jordani,Atheriniformes,Atherinopsidae,Chirostoma,-23.98,15.61,0.37,1.16,SE,4,Muscle
ID_0042,11945,Blackfin goodea,Goodea atripinnis,Cyprinodontiformes,Goodeidae,Goodea,-23.02,12.86,0.24,0.34,SE,9,Muscle
ID_0042,47233,Lerma livebearer,Poeciliopsis infans,Cyprinodontiformes,Poeciliidae,Poeciliopsis,-22.37,12.14,0.35,0.31,SE,8,Muscle
ID_0042,11955,Jeweled splitfin,Xenotoca variata,Cyprinodontiformes,Goodeidae,Xenotoca,-23.24,12.83,0.58,0.37,SE,7,Muscle
ID_0042,3233,Variable platyfish,Xiphophorus variatus,Cyprinodontiformes,Poeciliidae,Xiphophorus,-23.18,12.15,0.36,0.33,SE,7,Muscle
ID_0042,50229,Jalisco chub,Yuriria alta,Cypriniformes,Leuciscidae,Yuriria,-22.63,12.19,0.32,0.24,SE,7,Muscle
ID_0043,12002,Charal,Chirostoma jordani,Atheriniformes,Atherinopsidae,Chirostoma,-23.68,16.44,0.35,0.29,SE,3,Muscle
ID_0043,11945,Blackfin goodea,Goodea atripinnis,Cyprinodontiformes,Goodeidae,Goodea,-20.71,10.63,0.56,0.4,SE,4,Muscle
ID_0043,3375,Bluegill,Lepomis macrochirus,Centrarchiformes,Centrarchidae,Lepomis,-20.32,13.84,NA,NA,SE,1,Muscle
ID_0043,47233,Lerma livebearer,Poeciliopsis infans,Cyprinodontiformes,Poeciliidae,Poeciliopsis,-20.56,11.78,NA,NA,SE,1,Muscle
ID_0043,3233,Variable platyfish,Xiphophorus variatus,Cyprinodontiformes,Poeciliidae,Xiphophorus,-21.79,11.89,0.61,0.37,SE,3,Muscle
ID_0043,50229,Jalisco chub,Yuriria alta,Cypriniformes,Leuciscidae,Yuriria,-21.91,11.25,NA,NA,SE,1,Muscle
ID_0044,2742,Longfin dace,Agosia chrysogaster,Cypriniformes,Leuciscidae,Agosia,-24.49,10.84,0.67,0.23,SD,8,Muscle
ID_0044,3021,Yellow bullhead,Ameiurus natalis,Siluriformes,Ictaluridae,Ameiurus,-24.39,12.4,2.3,0.68,SD,7,Muscle
ID_0044,2963,Desert sucker,Catostomus clarkii,Cypriniformes,Catostomidae,Catostomus,-21.74,9.63,1.64,0.68,SD,19,Muscle
ID_0044,2969,Sonora sucker,Catostomus insignis,Cypriniformes,Catostomidae,Catostomus,-24.08,10.43,1.44,0.55,SD,51,Muscle
ID_0044,3215,Mosquitofish,Gambusia affinis,Cyprinodontiformes,Poeciliidae,Gambusia,-22.72,11,1.45,0.54,SD,14,Muscle
ID_0044,60914,Headwater chub,Gila nigra,Cypriniformes,Leuciscidae,Gila,-22.09,10.89,0.92,0.23,SD,3,Muscle
ID_0044,3371,Green sunfish,Lepomis cyanellus,Centrarchiformes,Centrarchidae,Lepomis,-21.62,12.58,0.29,0.33,SD,5,Muscle
ID_0044,3385,Largemouth bass,Micropterus salmoides,Centrarchiformes,Centrarchidae,Micropterus,-22.32,13.01,0.64,0.32,SD,9,Muscle
ID_0045,2742,Longfin dace,Agosia chrysogaster,Cypriniformes,Leuciscidae,Agosia,-23.21,9.52,1.18,0.86,SD,5,Muscle
ID_0045,3021,Yellow bullhead,Ameiurus natalis,Siluriformes,Ictaluridae,Ameiurus,-22.87,10.05,0.53,0.37,SD,14,Muscle
ID_0045,2963,Desert sucker,Catostomus clarkii,Cypriniformes,Catostomidae,Catostomus,-23.16,8.57,1.13,0.71,SD,15,Muscle
ID_0045,2969,Sonora sucker,Catostomus insignis,Cypriniformes,Catostomidae,Catostomus,-23.24,8.94,1.24,0.48,SD,22,Muscle
ID_0045,3215,Mosquitofish,Gambusia affinis,Cyprinodontiformes,Poeciliidae,Gambusia,-23.61,8.38,2.39,1.45,SD,4,Muscle
ID_0045,60914,Headwater chub,Gila nigra,Cypriniformes,Leuciscidae,Gila,-23.81,8.82,0.77,0.61,SD,6,Muscle
ID_0045,3371,Green sunfish,Lepomis cyanellus,Centrarchiformes,Centrarchidae,Lepomis,-21.88,9.88,NA,NA,SD,1,Muscle
ID_0045,2802,Spikedace,Meda fulgida,Cypriniformes,Leuciscidae,Meda,-22.71,9.67,0.12,0.29,SD,3,Muscle
ID_0045,3385,Largemouth bass,Micropterus salmoides,Centrarchiformes,Centrarchidae,Micropterus,-23.68,10.47,1.27,1.05,SD,12,Muscle
ID_0045,239,Rainbow trout,Oncorhynchus mykiss,Salmoniformes,Salmonidae,Oncorhynchus,-22.02,9.23,NA,NA,SD,1,Muscle
ID_0045,238,Brown trout,Salmo trutta,Salmoniformes,Salmonidae,Salmo,-22.12,9.7,NA,NA,SD,1,Muscle
ID_0046,2742,Longfin dace,Agosia chrysogaster,Cypriniformes,Leuciscidae,Agosia,-23.91,9.33,1.36,0.48,SD,17,Muscle
ID_0046,3021,Yellow bullhead,Ameiurus natalis,Siluriformes,Ictaluridae,Ameiurus,-23.67,9.99,1.43,0.31,SD,23,Muscle
ID_0046,2963,Desert sucker,Catostomus clarkii,Cypriniformes,Catostomidae,Catostomus,-24.76,8.04,2.08,0.6,SD,39,Muscle
ID_0046,2969,Sonora sucker,Catostomus insignis,Cypriniformes,Catostomidae,Catostomus,-23.73,8.59,1.8,0.59,SD,99,Muscle
ID_0046,2876,Red shiner,Cyprinella lutrensis,Cypriniformes,Leuciscidae,Cyprinella,-22.65,9.91,NA,NA,SD,1,Muscle
ID_0046,60914,Headwater chub,Gila nigra,Cypriniformes,Leuciscidae,Gila,-24.18,8.94,1.32,0.74,SD,20,Muscle
ID_0046,2802,Spikedace,Meda fulgida,Cypriniformes,Leuciscidae,Meda,-23.51,9.5,1.47,0.45,SD,4,Muscle
ID_0046,3385,Largemouth bass,Micropterus salmoides,Centrarchiformes,Centrarchidae,Micropterus,-24.51,9.83,0.8,0.9,SD,16,Muscle
ID_0046,239,Rainbow trout,Oncorhynchus mykiss,Salmoniformes,Salmonidae,Oncorhynchus,-22.62,9.59,1.97,0.57,SD,14,Muscle
ID_0046,2947,Speckled dace,Rhinichthys osculus,Cypriniformes,Leuciscidae,Rhinichthys,-25.15,8.71,2.35,0.87,SD,11,Muscle
ID_0046,238,Brown trout,Salmo trutta,Salmoniformes,Salmonidae,Salmo,-23.77,9.3,1.65,0.65,SD,18,Muscle
ID_0047,2742,Longfin dace,Agosia chrysogaster,Cypriniformes,Leuciscidae,Agosia,-26.58,11.46,0.58,0.41,SD,6,Muscle
ID_0047,2963,Desert sucker,Catostomus clarkii,Cypriniformes,Catostomidae,Catostomus,-28.11,9.63,0.85,0.32,SD,2,Muscle
ID_0047,2969,Sonora sucker,Catostomus insignis,Cypriniformes,Catostomidae,Catostomus,-26.97,10.29,0.74,0.51,SD,12,Muscle
ID_0047,2876,Red shiner,Cyprinella lutrensis,Cypriniformes,Leuciscidae,Cyprinella,-25.6,9.58,0.38,0.26,SD,3,Muscle
ID_0047,3215,Mosquitofish,Gambusia affinis,Cyprinodontiformes,Poeciliidae,Gambusia,-24.96,10.05,1.07,2.17,SD,4,Muscle
ID_0047,290,Channel catfish,Ictalurus punctatus,Siluriformes,Ictaluridae,Ictalurus,-26.6,11,1,0.6,SD,3,Muscle
ID_0047,2802,Spikedace,Meda fulgida,Cypriniformes,Leuciscidae,Meda,-26.39,11.79,0.33,0.35,SD,4,Muscle
ID_0047,3385,Largemouth bass,Micropterus salmoides,Centrarchiformes,Centrarchidae,Micropterus,-25.12,12.24,0.64,0.32,SD,9,Muscle
ID_0047,3051,Flathead catfish,Pylodictis olivaris,Siluriformes,Ictaluridae,Pylodictis,-26,10.9,0.8,2.3,SD,2,Muscle
ID_0047,2956,Loach minnow,Rhinichthys cobitis,Cypriniformes,Leuciscidae,Rhinichthys,-28.46,11.29,0.56,0.19,SD,4,Muscle
ID_0048,2742,Longfin dace,Agosia chrysogaster,Cypriniformes,Leuciscidae,Agosia,-24.53,9.07,2.13,0.93,SD,4,Muscle
ID_0048,2963,Desert sucker,Catostomus clarkii,Cypriniformes,Catostomidae,Catostomus,-26.24,8.32,1.35,0.77,SD,32,Muscle
ID_0048,2969,Sonora sucker,Catostomus insignis,Cypriniformes,Catostomidae,Catostomus,-25.73,9.38,0.89,0.58,SD,48,Muscle
ID_0048,2956,Loach minnow,Rhinichthys cobitis,Cypriniformes,Leuciscidae,Rhinichthys,-27.12,9.29,0.65,0.5,SD,4,Muscle
ID_0048,2947,Speckled dace,Rhinichthys osculus,Cypriniformes,Leuciscidae,Rhinichthys,-28.11,9.43,0.96,0.26,SD,16,Muscle
ID_0049,2742,Longfin dace,Agosia chrysogaster,Cypriniformes,Leuciscidae,Agosia,-23.95,8,0.25,0.14,SD,2,Muscle
ID_0049,3021,Yellow bullhead,Ameiurus natalis,Siluriformes,Ictaluridae,Ameiurus,-23.58,8.76,0.07,0.07,SD,2,Muscle
ID_0049,2963,Desert sucker,Catostomus clarkii,Cypriniformes,Catostomidae,Catostomus,-26.02,6.43,2.26,0.74,SD,17,Muscle
ID_0049,2969,Sonora sucker,Catostomus insignis,Cypriniformes,Catostomidae,Catostomus,-24.07,7.41,1.09,0.7,SD,34,Muscle
ID_0049,60914,Headwater chub,Gila nigra,Cypriniformes,Leuciscidae,Gila,-23.61,7.86,0.76,0.54,SD,5,Muscle
ID_0049,2802,Spikedace,Meda fulgida,Cypriniformes,Leuciscidae,Meda,-26.19,8.18,0.46,0.12,SD,4,Muscle
ID_0049,3385,Largemouth bass,Micropterus salmoides,Centrarchiformes,Centrarchidae,Micropterus,-23.18,9.81,NA,NA,SD,1,Muscle
ID_0049,239,Rainbow trout,Oncorhynchus mykiss,Salmoniformes,Salmonidae,Oncorhynchus,-23.24,8.83,2.66,0.36,SD,8,Muscle
ID_0049,2947,Speckled dace,Rhinichthys osculus,Cypriniformes,Leuciscidae,Rhinichthys,-26.78,7.86,1.42,0.36,SD,11,Muscle
ID_0049,238,Brown trout,Salmo trutta,Salmoniformes,Salmonidae,Salmo,-23.53,8.47,1.44,0.69,SD,14,Muscle
ID_0050,35,European eel,Anguilla anguilla,Anguilliformes,Anguillidae,Anguilla,-28.48,14.86,0.51,0.77,SD,117,Fin
ID_0050,2439,Bullhead,Cottus gobio,Perciformes/Cottoidei,Cottidae,Cottus,-29.25,13.59,1.91,0.58,SD,2,Fin
ID_0050,258,Northern pike,Esox lucius,Esociformes,Esocidae,Esox,-29.24,14.52,0.39,0.91,SD,48,Fin
ID_0050,4662,Dace,Leuciscus leuciscus,Cypriniformes,Leuciscidae,Leuciscus,-30.21,13.25,0.7,0.54,SD,34,Fin
ID_0050,4661,Minnow,Phoxinus phoxinus,Cypriniformes,Leuciscidae,Phoxinus,-30.03,13.77,0.48,0.29,SD,14,Fin
ID_0050,236,Atlantic Salmon,Salmo salar,Salmoniformes,Salmonidae,Salmo,-30.43,12.88,0.69,1.06,SD,113,Fin
ID_0050,238,Brown trout,Salmo trutta,Salmoniformes,Salmonidae,Salmo,-28.51,13.82,1.95,0.99,SD,116,Fin
ID_0051,3577,Freshwater drum,Aplodinotus grunniens,Eupercaria/misc,Sciaenidae,Aplodinotus,-23.5,14.63,0.62,0.57,SD,NA,Muscle
ID_0051,2957,River carpsucker,Carpiodes carpio,Cypriniformes,Catostomidae,Carpiodes,-23.6,14.36,0.37,0.32,SD,NA,Muscle
ID_0051,2985,Blue sucker,Cycleptus elongatus,Cypriniformes,Catostomidae,Cycleptus,-23.67,14.73,0.25,0.46,SD,NA,Muscle
ID_0051,2876,Red shiner,Cyprinella lutrensis,Cypriniformes,Leuciscidae,Cyprinella,-24.4,12.02,0.38,0.36,SD,NA,Muscle
ID_0051,290,Channel catfish,Ictalurus punctatus,Siluriformes,Ictaluridae,Ictalurus,-23.35,12.52,0.46,0.4,SD,NA,Muscle
ID_0051,2992,Smallmouth buffalo,Ictiobus bubalus,Cypriniformes,Catostomidae,Ictiobus,-24.22,14.02,0.91,0.3,SD,NA,Muscle
ID_0051,1076,Spotted gar,Lepisosteus osseus,Lepisosteiformes,Lepisosteidae,Lepisosteus,-23.17,17.33,0.35,0.07,SD,NA,Muscle
ID_0051,2824,Emerald shiner,Notropis atherinoides,Cypriniformes,Leuciscidae,Notropis,-23.7,13.4,NA,NA,SD,1,Muscle
ID_0051,2905,Sand shiner,Notropis stramineus,Cypriniformes,Leuciscidae,Notropis,-23,12.45,1.04,0.61,SD,NA,Muscle
ID_0051,2934,Bullhead minnow,Pimephales vigilax,Cypriniformes,Leuciscidae,Pimephales,-23.93,12.88,0.33,0.17,SD,NA,Muscle
ID_0051,3051,Flathead catfish,Pylodictis olivaris,Siluriformes,Ictaluridae,Pylodictis,-23.04,15.32,0.36,0.16,SD,NA,Muscle
ID_0051,2596,Shovelnose sturgeon,Scaphirhynchus platorynchus,Acipenseriformes,Acipenseridae,Scaphirhynchus,-22.25,15.45,0.07,0.49,SD,NA,Muscle
ID_0052,3577,Freshwater drum,Aplodinotus grunniens,Eupercaria/misc,Sciaenidae,Aplodinotus,-23.45,15.03,1.35,0.23,SD,NA,Muscle
ID_0052,2957,River carpsucker,Carpiodes carpio,Cypriniformes,Catostomidae,Carpiodes,-23.25,14.07,0.39,0.21,SD,NA,Muscle
ID_0052,2985,Blue sucker,Cycleptus elongatus,Cypriniformes,Catostomidae,Cycleptus,-25,15.7,NA,NA,SD,1,Muscle
ID_0052,2876,Red shiner,Cyprinella lutrensis,Cypriniformes,Leuciscidae,Cyprinella,-23.73,12.68,0.38,0.39,SD,NA,Muscle
ID_0052,290,Channel catfish,Ictalurus punctatus,Siluriformes,Ictaluridae,Ictalurus,-23.78,12.78,1.23,1.85,SD,NA,Muscle
ID_0052,2992,Smallmouth buffalo,Ictiobus bubalus,Cypriniformes,Catostomidae,Ictiobus,-24.12,13.64,1.24,0.76,SD,NA,Muscle
ID_0052,1076,Spotted gar,Lepisosteus osseus,Lepisosteiformes,Lepisosteidae,Lepisosteus,-22.43,17.23,0.65,0.25,SD,NA,Muscle
ID_0052,2824,Emerald shiner,Notropis atherinoides,Cypriniformes,Leuciscidae,Notropis,-24.35,13.68,0.31,1.91,SD,NA,Muscle
ID_0052,2905,Sand shiner,Notropis stramineus,Cypriniformes,Leuciscidae,Notropis,-22.13,14.08,0.46,0.28,SD,NA,Muscle
ID_0052,2934,Bullhead minnow,Pimephales vigilax,Cypriniformes,Leuciscidae,Pimephales,-22.75,13.45,0.52,0.75,SD,NA,Muscle
ID_0052,3051,Flathead catfish,Pylodictis olivaris,Siluriformes,Ictaluridae,Pylodictis,-23.07,14.52,1.08,0.59,SD,NA,Muscle
ID_0052,2596,Shovelnose sturgeon,Scaphirhynchus platorynchus,Acipenseriformes,Acipenseridae,Scaphirhynchus,-21.75,15.05,0.24,0.79,SD,NA,Muscle
ID_0053,3577,Freshwater drum,Aplodinotus grunniens,Eupercaria/misc,Sciaenidae,Aplodinotus,-23.35,15.8,1.33,0.32,SD,NA,Muscle
ID_0053,2957,River carpsucker,Carpiodes carpio,Cypriniformes,Catostomidae,Carpiodes,-22.07,15.55,0.41,0.46,SD,NA,Muscle
ID_0053,2985,Blue sucker,Cycleptus elongatus,Cypriniformes,Catostomidae,Cycleptus,-23.73,17.18,0.77,0.93,SD,NA,Muscle
ID_0053,2876,Red shiner,Cyprinella lutrensis,Cypriniformes,Leuciscidae,Cyprinella,-24.38,15.58,0.96,1.35,SD,NA,Muscle
ID_0053,290,Channel catfish,Ictalurus punctatus,Siluriformes,Ictaluridae,Ictalurus,-22.63,13.95,0.48,0.59,SD,NA,Muscle
ID_0053,2992,Smallmouth buffalo,Ictiobus bubalus,Cypriniformes,Catostomidae,Ictiobus,-21.93,14.78,1.02,1.02,SD,NA,Muscle
ID_0053,1076,Spotted gar,Lepisosteus osseus,Lepisosteiformes,Lepisosteidae,Lepisosteus,-20.87,17.57,0.46,0.41,SD,NA,Muscle
ID_0053,2824,Emerald shiner,Notropis atherinoides,Cypriniformes,Leuciscidae,Notropis,-23,14,0.28,0.42,SD,NA,Muscle
ID_0053,2905,Sand shiner,Notropis stramineus,Cypriniformes,Leuciscidae,Notropis,-21.9,15.85,0.37,0.57,SD,NA,Muscle
ID_0053,2934,Bullhead minnow,Pimephales vigilax,Cypriniformes,Leuciscidae,Pimephales,-21.78,14.8,0.6,0.45,SD,NA,Muscle
ID_0053,3051,Flathead catfish,Pylodictis olivaris,Siluriformes,Ictaluridae,Pylodictis,-22.08,16.6,0.43,0.76,SD,NA,Muscle
ID_0053,2596,Shovelnose sturgeon,Scaphirhynchus platorynchus,Acipenseriformes,Acipenseridae,Scaphirhynchus,-21.23,16.3,0.54,0.27,SD,NA,Muscle
ID_0054,NA,Silverside,Atherinella sp,Atheriniformes,Atherinopsidae,Atherinella,-27.43,3.64,NA,NA,SD,1,Muscle
ID_0054,50323,River goby,Awaous banana,Gobiiformes,Gobiidae,Awaous,-25.07,4.83,NA,NA,SD,1,Muscle
ID_0054,3214,Pike killifish,Belonesox belizanus,Cyprinodontiformes,Poeciliidae,Belonesox,-25.63,8.47,NA,NA,SD,1,Muscle
ID_0054,8699,Machaca,Brycon guatemalensis,Characiformes,Bryconidae,Brycon,-24.98,5.32,0.46,0.88,SD,NA,Muscle
ID_0054,7775,Blue-eye cichlid,Cryptoheros spilurus,Cichliformes,Cichlidae,Cryptoheros,-22.37,6.35,NA,NA,SD,1,Muscle
ID_0054,1085,Mountain mullet,Dajaus monticola,Mugiliformes,Mugilidae,Dajaus,-27.25,5.26,NA,NA,SD,1,Muscle
ID_0054,26819,Bay snook,Petenia splendida,Cichliformes,Cichlidae,Petenia,-25.91,7.48,1.11,1.48,SD,NA,Muscle
ID_0054,3227,Shortfin molly,Poecilia mexicana,Cyprinodontiformes,Poeciliidae,Poecilia,-24.41,3.39,NA,NA,SD,1,Muscle
ID_0054,23351,South American catfish,Rhamdia quelen,Siluriformes,Heptapteridae,Rhamdia,-25.84,8.78,NA,NA,SD,1,Muscle
ID_0054,4676,Firemouth cichlid,Thorichthys meeki,Cichliformes,Cichlidae,Thorichthys,-25.18,7.49,0.75,1.27,SD,NA,Muscle
ID_0054,4693,Yellowbelly cichlid,Trichromis salvini,Cichliformes,Cichlidae,Trichromis,-24.75,8.03,2.18,3.65,SD,NA,Muscle
ID_0054,12208,Blackbelt cichlid,Vieja maculicauda,Cichliformes,Cichlidae,Vieja,-24.86,5.75,NA,NA,SD,1,Muscle
ID_0055,60706,Banded tetra,Astyanax aeneus,Characiformes,Characidae,Astyanax,-24.17,9.22,0.81,1.16,SD,NA,Muscle
ID_0055,3214,Pike killifish,Belonesox belizanus,Cyprinodontiformes,Poeciliidae,Belonesox,-20.25,11.75,NA,NA,SD,1,Muscle
ID_0055,8699,Machaca,Brycon guatemalensis,Characiformes,Bryconidae,Brycon,-22.21,8.51,NA,NA,SD,1,Muscle
ID_0055,7775,Blue-eye cichlid,Cryptoheros spilurus,Cichliformes,Cichlidae,Cryptoheros,-21.44,9.92,0.25,0.84,SD,NA,Muscle
ID_0055,3831,Bigmouth sleeper,Gobiomorus dormitor,Gobiiformes,Eleotridae,Gobiomorus,-20.9,10.25,1.22,0.06,SD,NA,Muscle
ID_0055,3227,Shortfin molly,Poecilia mexicana,Cyprinodontiformes,Poeciliidae,Poecilia,-18.8,9.43,NA,NA,SD,1,Muscle
ID_0055,46667,Twospot livebear,Pseudoxiphophorus bimaculatus,Cyprinodontiformes,Poeciliidae,Pseudoxiphophorus,-22.84,9.7,0.46,0.42,SD,NA,Muscle
ID_0055,48447,Filespine chulin,Rhamdia laticauda,Siluriformes,Heptapteridae,Rhamdia,-21.42,11.47,0.94,0.08,SD,NA,Muscle
ID_0055,4676,Firemouth cichlid,Thorichthys meeki,Cichliformes,Cichlidae,Thorichthys,-22.78,9.19,NA,NA,SD,1,Muscle
ID_0055,4693,Yellowbelly cichlid,Trichromis salvini,Cichliformes,Cichlidae,Trichromis,-21.16,10.36,0.99,0.09,SD,NA,Muscle
ID_0055,12208,Blackbelt cichlid,Vieja maculicauda,Cichliformes,Cichlidae,Vieja,-21.41,10.25,NA,NA,SD,1,Muscle
ID_0055,3231,Green swordtail,Xiphophorus hellerii,Cyprinodontiformes,Poeciliidae,Xiphophorus,-21.73,8.72,NA,NA,SD,1,Muscle
ID_0056,60706,Banded tetra,Astyanax aeneus,Characiformes,Characidae,Astyanax,-28.11,10.57,2.21,0.22,SD,NA,Muscle
ID_0056,NA,Silverside,Atherinella sp,Atheriniformes,Atherinopsidae,Atherinella,-28.5,10.51,0.43,0.26,SD,NA,Muscle
ID_0056,50323,River goby,Awaous banana,Gobiiformes,Gobiidae,Awaous,-29.74,11.86,NA,NA,SD,1,Muscle
ID_0056,3214,Pike killifish,Belonesox belizanus,Cyprinodontiformes,Poeciliidae,Belonesox,-27.3,12.21,1.17,0.11,SD,NA,Muscle
ID_0056,8699,Machaca,Brycon guatemalensis,Characiformes,Bryconidae,Brycon,-24.66,8.15,0.19,0.3,SD,NA,Muscle
ID_0056,345,Common snook,Centropomus undecimalis,Carangaria/misc,Centropomidae,Centropomus,-26.27,12.88,NA,NA,SD,1,Muscle
ID_0056,26756,False firemouth cichlid,Cribroheros robertsoni,Cichliformes,Cichlidae,Cribroheros,-26.35,10.63,NA,NA,SD,1,Muscle
ID_0056,46641,Sleek mosquitofish,Gambusia luma,Cyprinodontiformes,Poeciliidae,Gambusia,-31.65,9.22,NA,NA,SD,1,Muscle
ID_0056,3831,Bigmouth sleeper,Gobiomorus dormitor,Gobiiformes,Eleotridae,Gobiomorus,-26.65,11.15,NA,NA,SD,1,Muscle
ID_0056,46296,Mayan tetra,Hyphessobrycon compressus,Characiformes,Characidae,Hyphessobrycon,-30.26,8.72,NA,NA,SD,1,Muscle
ID_0056,27762,Obscure swamp eel,Ophisternon aenigmaticum,Synbranchiformes,Synbranchidae,Ophisternon,-25.05,9.71,NA,NA,SD,1,Muscle
ID_0056,26819,Bay snook,Petenia splendida,Cichliformes,Cichlidae,Petenia,-28.49,12.7,0.68,0.26,SD,NA,Muscle
ID_0056,3227,Shortfin molly,Poecilia mexicana,Cyprinodontiformes,Poeciliidae,Poecilia,-27.09,9.88,2.86,0.43,SD,NA,Muscle
ID_0056,23351,South American catfish,Rhamdia quelen,Siluriformes,Heptapteridae,Rhamdia,-25.28,10.89,NA,NA,SD,1,Muscle
ID_0056,975,Timucu,Strongylura timucu,Beloniformes,Belonidae,Strongylura,-24.23,12.31,3.2,1.67,SD,NA,Muscle
ID_0056,4676,Firemouth cichlid,Thorichthys meeki,Cichliformes,Cichlidae,Thorichthys,-28,10.44,NA,NA,SD,1,Muscle
ID_0056,4693,Yellowbelly cichlid,Trichromis salvini,Cichliformes,Cichlidae,Trichromis,-27.59,9.58,NA,NA,SD,1,Muscle
ID_0056,12208,Blackbelt cichlid,Vieja maculicauda,Cichliformes,Cichlidae,Vieja,-26.22,10.86,0.35,0.56,SD,NA,Muscle
ID_0057,55009,NA,Liniparhomaloptera disparis,Cypriniformes,Gastromyzontidae,Liniparhomaloptera,-18.13,5,2.32,0.27,SD,4,Muscle
ID_0057,54890,Predaceous chub,Parazacco spilurus,Cypriniformes,Xenocyprididae,Parazacco,-24.58,6.08,0.42,0.43,SD,4,Muscle
ID_0057,7757,Sucker-belly loach,Pseudogastromyzon myersi,Cypriniformes,Gastromyzontidae,Pseudogastromyzon,-21.3,5.33,1.63,0.15,SD,4,Muscle
ID_0057,55204,White-cheek goby,Rhinogobius duospilus,Gobiiformes,Gobiidae,Rhinogobius,-23.33,5.95,1.55,0.25,SD,4,Muscle
ID_0057,54991,Striped loach,Schistura fasciolata,Cypriniformes,Nemacheilidae,Schistura,-23.82,6.42,1.17,0.53,SD,5,Muscle
ID_0058,4082,Torrent sculpin,Cottus rhotheus,Perciformes/Cottoidei,Cottidae,Cottus,-25.6,10.4,1.2,0.2,SD,3,Muscle
ID_0058,2529,Lamprey ammocoetes,Entosphenus tridentatus,Petromyzontiformes,Petromyzontidae,Entosphenus,-27.8,6.4,1.2,1.4,SD,4,Muscle
ID_0058,2688,Cutthroat trout,Oncorhynchus clarkii,Salmoniformes,Salmonidae,Oncorhynchus,-24.8,10.4,1.75,1.96,SD,10,Muscle
ID_0058,245,Coho Salmon,Oncorhynchus kisutch,Salmoniformes,Salmonidae,Oncorhynchus,-23.6,11.5,1.3,1.6,SD,NA,Muscle
ID_0059,297,Shortfin eel,Anguilla australis,Anguilliformes,Anguillidae,Anguilla,-23.9,8.6,NA,NA,NA,NA,Muscle
ID_0059,11878,New Zealand longfin eel,Anguilla dieffenbachii,Anguilliformes,Anguillidae,Anguilla,-25.2,8.4,NA,NA,NA,NA,Muscle
ID_0059,12247,Banded kokopu,Galaxias fasciatus,Galaxiiformes,Galaxiidae,Galaxias,-26.1,6.9,NA,NA,NA,NA,Muscle
ID_0059,22536,Cran's bully,Gobiomorphus basalis,Gobiiformes,Eleotridae,Gobiomorphus,-25.6,7.6,NA,NA,NA,NA,Muscle
ID_0059,22533,Redfinned bully,Gobiomorphus huttoni,Gobiiformes,Eleotridae,Gobiomorphus,-25.6,6.3,NA,NA,NA,NA,Muscle
ID_0060,297,Shortfin eel,Anguilla australis,Anguilliformes,Anguillidae,Anguilla,-25.2,8.9,NA,NA,NA,NA,Muscle
ID_0060,11878,New Zealandlongfin eel,Anguilla dieffenbachii,Anguilliformes,Anguillidae,Anguilla,-25.6,9.4,NA,NA,NA,NA,Muscle
ID_0060,22536,Gran's bully,Gobiomorphus basalis,Gobiiformes,Eleotridae,Gobiomorphus,-24.7,8.6,NA,NA,NA,NA,Muscle
ID_0060,12243,Common smelt,Retropinna retropinna,Osmeriformes,Retropinnidae,Retropinna,-24.3,12.3,NA,NA,NA,NA,Muscle
ID_0061,2439,Bullhead,Cottus gobio,Perciformes/Cottoidei,Cottidae,Cottus,-32.16,9.99,NA,NA,NA,NA,Muscle
ID_0061,258,Northern pike,Esox lucius,Esociformes,Esocidae,Esox,-30.42,9.91,NA,NA,NA,NA,Muscle
ID_0061,4474,Ruffe,Gymnocephalus cernua,Perciformes/Percoidei,Percidae,Gymnocephalus,-30.63,10.14,NA,NA,NA,NA,Muscle
ID_0061,310,Burbot,Lota lota,Gadiformes,Lotidae,Lota,-29.99,11.92,NA,NA,NA,NA,Muscle
ID_0062,2439,Bullhead,Cottus gobio,Perciformes/Cottoidei,Cottidae,Cottus,-29.77,15.9,NA,NA,NA,NA,Muscle
ID_0062,258,Northern pike,Esox lucius,Esociformes,Esocidae,Esox,-28.66,17.43,NA,NA,NA,NA,Muscle
ID_0062,310,Burbot,Lota lota,Gadiformes,Lotidae,Lota,-27.59,16.9,NA,NA,NA,NA,Muscle
ID_0062,358,Perch,Perca fluviatilis,Perciformes/Percoidei,Percidae,Perca,-29.21,16.14,NA,NA,NA,NA,Muscle
ID_0062,272,Roach,Rutilus rutilus,Cypriniformes,Leuciscidae,Rutilus,-29.58,16.84,NA,NA,NA,NA,Muscle
ID_0063,35,European eel,Anguilla anguilla,Anguilliformes,Anguillidae,Anguilla,-29.32,14.81,NA,NA,NA,NA,Muscle
ID_0063,258,Northern pike,Esox lucius,Esociformes,Esocidae,Esox,-30.79,18.43,NA,NA,NA,NA,Muscle
ID_0063,4474,Ruffe,Gymnocephalus cernua,Perciformes/Percoidei,Percidae,Gymnocephalus,-31.3,18.67,NA,NA,NA,NA,Muscle
ID_0063,358,Perch,Perca fluviatilis,Perciformes/Percoidei,Percidae,Perca,-31.6,18.19,NA,NA,NA,NA,Muscle
ID_0063,272,Roach,Rutilus rutilus,Cypriniformes,Leuciscidae,Rutilus,-26.88,14.71,NA,NA,NA,NA,Muscle
ID_0064,3215,Mosquitofish,Gambusia affinis,Cyprinodontiformes,Poeciliidae,Gambusia,-21.3,14.8,NA,NA,NA,1,Muscle
ID_0064,NA,Carp gudgeon,Hypseleotris sp,Gobiiformes,Eleotridae,Hypseleotris,-22.8,13.9,0.71,0.71,SD,2,Muscle
ID_0064,NA,Yellowbelly,Macquaria sp,Centrarchiformes,Percichthyidae,Macquaria,-22.9,15.2,5.09,0.14,SD,2,Muscle
ID_0064,1612,Bony bream,Nematalosa erebi,Clupeiformes,Dorosomatidae,Nematalosa,-26.8,14.2,NA,NA,SD,1,Muscle
ID_0064,6511,Australian smelt,Retropinna semoni,Osmeriformes,Retropinnidae,Retropinna,-24.8,14.75,0.14,0.21,SD,2,Muscle
ID_0064,14946,Barcoo grunter,Scortum barcoo,Centrarchiformes,Terapontidae,Scortum,-23.2,13.1,NA,NA,SD,1,Muscle
ID_0065,NA,Carp gudgeon,Hypseleotris sp,Gobiiformes,Eleotridae,Hypseleotris,-21.3,14.1,0.5,0.2,SE,4,Muscle
ID_0065,NA,Yellowbelly,Macquaria sp,Centrarchiformes,Percichthyidae,Macquaria,-21.6,13.65,0.14,0.64,SD,2,Muscle
ID_0065,13102,Eastern rainbow fish,Melanotaenia splendida,Atheriniformes,Melanotaeniidae,Melanotaenia,-24.1,12.15,NA,NA,NA,1,Muscle
ID_0065,6511,Australian smelt,Retropinna semoni,Osmeriformes,Retropinnidae,Retropinna,-24.55,13.85,0.21,0.64,SD,2,Muscle
ID_0065,14946,Barcoo grunter,Scortum barcoo,Centrarchiformes,Terapontidae,Scortum,-23,13.3,NA,NA,NA,1,Muscle
ID_0066,NA,Carp gudgeon,Hypseleotris sp,Gobiiformes,Eleotridae,Hypseleotris,-21.4,14.15,0.14,0.35,SD,2,Muscle
ID_0066,NA,Yellowbelly,Macquaria sp,Centrarchiformes,Percichthyidae,Macquaria,-25.25,14.95,1.34,0.35,SD,2,Muscle
ID_0066,1612,Bony bream,Nematalosa erebi,Clupeiformes,Dorosomatidae,Nematalosa,-25.7,14.3,NA,NA,NA,1,Muscle
ID_0066,6511,Australian smelt,Retropinna semoni,Osmeriformes,Retropinnidae,Retropinna,-24.2,14.2,0.42,0.14,SD,2,Muscle
ID_0066,14946,Barcoo grunter,Scortum barcoo,Centrarchiformes,Terapontidae,Scortum,-26.1,14.2,NA,NA,NA,1,Muscle
ID_0067,4800,Spangled perch,Leiopotherapon unicolor,Centrarchiformes,Terapontidae,Leiopotherapon,-20.25,10.85,1.06,0.35,SD,2,Muscle
ID_0067,NA,Yellowbelly,Macquaria sp,Centrarchiformes,Percichthyidae,Macquaria,-20.8,12.2,0.5,0.7,SE,4,Muscle
ID_0067,13102,Eastern Rainbow fish,Melanotaenia splendida,Atheriniformes,Melanotaeniidae,Melanotaenia,-22.2,12.15,0.14,0.07,SD,2,Muscle
ID_0067,1612,Bony bream,Nematalosa erebi,Clupeiformes,Dorosomatidae,Nematalosa,-24.9,11.6,1,1.4,SE,4,Muscle
ID_0067,NA,NA,Neosilurus sp,Siluriformes,Plotosidae,Neosilurus,-22.5,9.5,0.5,0.8,SE,4,Muscle
ID_0067,6511,Australian smelt,Retropinna semoni,Osmeriformes,Retropinnidae,Retropinna,-19.9,8.4,NA,NA,NA,1,Muscle
ID_0067,14946,Barcoo grunter,Scortum barcoo,Centrarchiformes,Terapontidae,Scortum,-22.2,8.4,2.5,1,SE,4,Muscle
ID_0068,10550,Glass perchlet,Ambassis agassizii,Ovalentaria/misc,Ambassidae,Ambassis,-23.9,12.6,NA,NA,NA,1,Muscle
ID_0068,4800,Spangled perch,Leiopotherapon unicolor,Centrarchiformes,Terapontidae,Leiopotherapon,-21.55,13.3,0.78,1.41,SD,2,Muscle
ID_0068,NA,Yellowbelly,Macquaria sp,Centrarchiformes,Percichthyidae,Macquaria,-20.9,10.8,1.13,0.28,SD,2,Muscle
ID_0068,13102,Eastern rainbow fish,Melanotaenia splendida,Atheriniformes,Melanotaeniidae,Melanotaenia,-20.65,11.4,1.34,1.56,SD,2,Muscle
ID_0068,1612,Bony bream,Nematalosa erebi,Clupeiformes,Dorosomatidae,Nematalosa,-25.1,12,1.5,1.9,SE,4,Muscle
ID_0068,NA,NA,Neosilurus sp,Siluriformes,Plotosidae,Neosilurus,-21.3,10.1,1.2,1.7,SE,4,Muscle
ID_0068,14946,Barcoo grunter,Scortum barcoo,Centrarchiformes,Terapontidae,Scortum,-21.8,11.9,NA,NA,NA,1,Muscle
ID_0069,4800,Spangled perch,Leiopotherapon unicolor,Centrarchiformes,Terapontidae,Leiopotherapon,-20.6,8.8,NA,NA,NA,1,Muscle
ID_0069,13102,Eastern rainbow fish,Melanotaenia splendida,Atheriniformes,Melanotaeniidae,Melanotaenia,-20.2,8.4,NA,NA,NA,1,Muscle
ID_0069,1612,Bony bream,Nematalosa erebi,Clupeiformes,Dorosomatidae,Nematalosa,-24.8,10.1,1,0.8,SE,4,Muscle
ID_0069,NA,NA,Neosilurus sp,Siluriformes,Plotosidae,Neosilurus,-22.4,8.5,1.41,0.28,SD,2,Muscle
ID_0069,14946,Barcoo grunter,Scortum barcoo,Centrarchiformes,Terapontidae,Scortum,-22.2,11.55,1.27,0.21,SD,2,Muscle
ID_0070,3215,Mosquitofish,Gambusia affinis,Cyprinodontiformes,Poeciliidae,Gambusia,-24.2,10.05,0.28,0.07,SD,2,Muscle
ID_0070,NA,Yellowbelly,Macquaria sp,Centrarchiformes,Percichthyidae,Macquaria,-20.8,12.05,0.85,0.21,SD,2,Muscle
ID_0070,13102,Easter rainbow fish,Melanotaenia splendida,Atheriniformes,Melanotaeniidae,Melanotaenia,-21.65,9.5,0.21,0,SD,2,Muscle
ID_0070,1612,Bony bream,Nematalosa erebi,Clupeiformes,Dorosomatidae,Nematalosa,-26.9,8.95,0.28,0.78,SD,2,Muscle
ID_0070,NA,NA,Neosilurus sp,Siluriformes,Plotosidae,Neosilurus,-21.5,8.5,3.54,1.98,SD,2,Muscle
ID_0070,14946,Barcoo grunter,Scortum barcoo,Centrarchiformes,Terapontidae,Scortum,-21.3,9.9,1.2,1.2,SE,4,Muscle
ID_0071,3215,Mosquitofish,Gambusia affinis,Cyprinodontiformes,Poeciliidae,Gambusia,-23.8,10.8,0.4,0.2,SE,4,Muscle
ID_0071,13102,Eastern rainbow fish,Melanotaenia splendida,Atheriniformes,Melanotaeniidae,Melanotaenia,-23.3,9.9,0.5,0.6,SE,4,Muscle
ID_0071,1612,Bony bream,Nematalosa erebi,Clupeiformes,Dorosomatidae,Nematalosa,-27.55,9.85,1.63,0.21,SD,2,Muscle
ID_0071,NA,NA,Neosilurus sp,Siluriformes,Plotosidae,Neosilurus,-19.9,9.1,NA,NA,NA,1,Muscle
ID_0071,14946,Barcoo grunter,Scortum barcoo,Centrarchiformes,Terapontidae,Scortum,-22.3,10.7,0.6,0.8,SE,4,Muscle
ID_0072,10550,Glass perchlet,Ambassis agassizii,Ovalentaria/misc,Ambassidae,Ambassis,-25.7,11.6,1.13,NA,SD,2,Muscle
ID_0072,NA,Carp gudgeon,Hypseleotris sp,Gobiiformes,Eleotridae,Hypseleotris,-25.1,12.45,0.14,0.21,SD,2,Muscle
ID_0072,4800,Spangled perch,Leiopotherapon unicolor,Centrarchiformes,Terapontidae,Leiopotherapon,-24.2,13.7,0.6,0.2,SE,4,Muscle
ID_0072,13102,Eastern rainbow fish,Melanotaenia splendida,Atheriniformes,Melanotaeniidae,Melanotaenia,-22.55,11.6,0.07,0.14,SD,2,Muscle
ID_0072,1612,Bony bream,Nematalosa erebi,Clupeiformes,Dorosomatidae,Nematalosa,-27.6,11.2,1.1,1.1,SE,4,Muscle
ID_0072,6511,Australian smelt,Retropinna semoni,Osmeriformes,Retropinnidae,Retropinna,-25.7,13.75,NA,0.07,SD,2,Muscle
ID_0073,10550,Glass perchlet,Ambassis agassizii,Ovalentaria/misc,Ambassidae,Ambassis,-25.2,12.7,NA,NA,NA,1,Muscle
ID_0073,NA,Carp gudgeon,Hypseleotris sp,Gobiiformes,Eleotridae,Hypseleotris,-25.7,13.3,0.3,0.1,SE,4,Muscle
ID_0073,4800,Spangled perch,Leiopotherapon unicolor,Centrarchiformes,Terapontidae,Leiopotherapon,-21.3,11.5,NA,NA,NA,1,Muscle
ID_0073,NA,Yellowbelly,Macquaria sp,Centrarchiformes,Percichthyidae,Macquaria,-25.2,13.9,NA,NA,NA,1,Muscle
ID_0073,13102,Eastern rainbow fish,Melanotaenia splendida,Atheriniformes,Melanotaeniidae,Melanotaenia,-23.4,12.4,NA,NA,NA,1,Muscle
ID_0073,1612,Bony bream,Nematalosa erebi,Clupeiformes,Dorosomatidae,Nematalosa,-27.5,13.3,0.2,0.3,SE,4,Muscle
ID_0073,NA,NA,Neosilurus sp,Siluriformes,Plotosidae,Neosilurus,-22.5,11.75,1.27,0.78,SD,2,Muscle
ID_0073,6511,Australian smelt,Retropinna semoni,Osmeriformes,Retropinnidae,Retropinna,-25.2,14.4,0,NA,SD,2,Muscle
ID_0074,10550,Glass perchlet,Ambassis agassizii,Ovalentaria/misc,Ambassidae,Ambassis,-28.4,14.4,NA,NA,NA,1,Muscle
ID_0074,4800,Spangled perch,Leiopotherapon unicolor,Centrarchiformes,Terapontidae,Leiopotherapon,-23.1,13.6,0.5,0.4,SE,4,Muscle
ID_0074,NA,Yellowbelly,Macquaria sp,Centrarchiformes,Percichthyidae,Macquaria,-28.2,14.2,NA,NA,NA,1,Muscle
ID_0074,13102,Eastern Rainbow fish,Melanotaenia splendida,Atheriniformes,Melanotaeniidae,Melanotaenia,-22.9,12.3,NA,NA,NA,1,Muscle
ID_0074,1612,Bony bream,Nematalosa erebi,Clupeiformes,Dorosomatidae,Nematalosa,-30.3,12.9,0.4,0.4,SE,4,Muscle
ID_0074,NA,NA,Neosilurus sp,Siluriformes,Plotosidae,Neosilurus,-27.3,13,NA,NA,NA,1,Muscle
ID_0074,6511,Australian smelt,Retropinna semoni,Osmeriformes,Retropinnidae,Retropinna,-25.7,14.1,NA,0.42,SD,2,Muscle
ID_0075,10550,Glass perchlet,Ambassis agassizii,Ovalentaria/misc,Ambassidae,Ambassis,-25.8,12.6,0.28,0.42,SD,2,Muscle
ID_0075,3215,Mosquitofish,Gambusia affinis,Cyprinodontiformes,Poeciliidae,Gambusia,-19.8,14.4,NA,NA,NA,1,Muscle
ID_0075,NA,Carp gudgeon,Hypseleotris sp,Gobiiformes,Eleotridae,Hypseleotris,-28.45,12.3,1.34,0.28,SD,2,Muscle
ID_0075,4800,Spangled perch,Leiopotherapon unicolor,Centrarchiformes,Terapontidae,Leiopotherapon,-23.1,13.7,0.3,0.2,SE,4,Muscle
ID_0075,NA,Yellowbelly,Macquaria sp,Centrarchiformes,Percichthyidae,Macquaria,-23.25,15.3,0.35,0.42,SD,2,Muscle
ID_0075,13102,Eastern Rainbow fish,Melanotaenia splendida,Atheriniformes,Melanotaeniidae,Melanotaenia,-24.4,13,NA,NA,NA,1,Muscle
ID_0075,1612,Bony bream,Nematalosa erebi,Clupeiformes,Dorosomatidae,Nematalosa,-30.9,12.9,1.3,0.3,SE,4,Muscle
ID_0076,10550,Glass perchlet,Ambassis agassizii,Ovalentaria/misc,Ambassidae,Ambassis,-26,12,0.2,0.2,SE,4,Muscle
ID_0076,3215,Mosquitofish,Gambusia affinis,Cyprinodontiformes,Poeciliidae,Gambusia,-21.6,13.6,NA,NA,NA,1,Muscle
ID_0076,NA,Carp gudgeon,Hypseleotris sp,Gobiiformes,Eleotridae,Hypseleotris,-25.7,12,1.13,0.28,SD,2,Muscle
ID_0076,13102,Eastern rainbow fish,Melanotaenia splendida,Atheriniformes,Melanotaeniidae,Melanotaenia,-22.3,12.1,NA,NA,NA,1,Muscle
ID_0076,1612,Bony bream,Nematalosa erebi,Clupeiformes,Dorosomatidae,Nematalosa,-24.7,10.8,2.3,0.3,SE,4,Muscle
ID_0076,6511,Australian smelt,Retropinna semoni,Osmeriformes,Retropinnidae,Retropinna,-26.8,12.8,NA,NA,NA,1,Muscle
ID_0077,2962,Longnose sucker,Catostomus catostomus,Cypriniformes,Catostomidae,Catostomus,-22,7.1,1.6,0.5,SD,18,Muscle
ID_0077,235,Lake cisco,Coregonus artedi,Salmoniformes,Salmonidae,Coregonus,-27.9,8.8,0.4,0.2,SD,12,Muscle
ID_0077,4068,Slimy sculpin,Cottus cognatus,Perciformes/Cottoidei,Cottidae,Cottus,-23.3,7.9,1.6,0.6,SD,13,Muscle
ID_0077,2748,Northern lake chub,Couesius plumbeus,Cypriniformes,Leuciscidae,Couesius,-24.3,8,1.6,0.6,SD,14,Muscle
ID_0077,2420,Three-spined stickleback,Gasterosteus aculeatus,Perciformes/Gasterosteoidei,Gasterosteidae,Gasterosteus,-26.4,8.6,1.4,0.5,SD,20,Muscle
ID_0077,310,Burbot,Lota lota,Gadiformes,Lotidae,Lota,-23.1,8.5,1.4,2,SD,10,Muscle
ID_0077,2682,Round whitefish,Prosopium cylindraceum,Salmoniformes,Salmonidae,Prosopium,-24,9.4,0.7,0.7,SD,15,Muscle
ID_0077,248,Lake trout,Salvelinus namaycush,Salmoniformes,Salmonidae,Salvelinus,-24.3,11.3,1.1,0.4,SD,17,Muscle
ID_0078,268,Common bream,Abramis brama,Cypriniformes,Leuciscidae,Abramis,-29.35,18.52,0.4,0.62,SD,13,Muscle
ID_0078,35,European eel,Anguilla anguilla,Anguilliformes,Anguillidae,Anguilla,-28.18,19.04,0.78,0.45,SD,4,Muscle
ID_0078,2669,Pollan,Coregonus autumnalis,Salmoniformes,Salmonidae,Coregonus,-29.2,20.4,0.62,0.47,SD,12,Muscle
ID_0078,4478,Gudgeon,Gobio gobio,Cypriniformes,Gobionidae,Gobio,-28.73,19.44,NA,NA,SD,1,Muscle
ID_0078,358,Perch,Perca fluviatilis,Perciformes/Percoidei,Percidae,Perca,-27.93,20.57,0.32,0.48,SD,9,Muscle
ID_0078,272,Roach,Rutilus rutilus,Cypriniformes,Leuciscidae,Rutilus,-28.72,19.35,0.75,0.58,SD,15,Muscle
ID_0078,238,Brown trout,Salmo trutta,Salmoniformes,Salmonidae,Salmo,-28.64,18.83,0.76,1.36,SD,10,Muscle
ID_0079,234,Lake whitefish,Coregonus clupeaformis,Salmoniformes,Salmonidae,Coregonus,-29.68,10.13,0.77,0.46,SD,18,Muscle
ID_0079,239,Rainbow trout,Oncorhynchus mykiss,Salmoniformes,Salmonidae,Oncorhynchus,-27.59,9.84,2.14,1.6,SD,42,Muscle
ID_0079,243,Kokanee,Oncorhynchus nerka,Salmoniformes,Salmonidae,Oncorhynchus,-29.93,10.09,1.4,0.56,SD,41,Muscle
ID_0079,2690,Bull trout,Salvelinus confluentus,Salmoniformes,Salmonidae,Salvelinus,-30.69,12.93,1.78,0.43,SD,21,Muscle
ID_0079,248,Lake trout,Salvelinus namaycush,Salmoniformes,Salmonidae,Salvelinus,-30.7,12.58,0.8,0.44,SD,24,Muscle
ID_0080,2972,Largescale sucker,Catostomus macrocheilus,Cypriniformes,Catostomidae,Catostomus,-23.49,8.39,3,0.9,SD,9,Muscle
ID_0080,NA,NA,Cottus sp,Perciformes/Cottoidei,Cottidae,Cottus,-25.54,9.63,2.64,1.01,SD,18,Muscle
ID_0080,3372,Pumpkinseed sunfish,Lepomis gibbosus,Centrarchiformes,Centrarchidae,Lepomis,-22.86,8.71,1.24,0.4,SD,10,Muscle
ID_0080,2804,Peamouth chub,Mylocheilus caurinus,Cypriniformes,Leuciscidae,Mylocheilus,-24.77,8.12,2.27,0.52,SD,12,Muscle
ID_0080,2688,Cutthroat trout,Oncorhynchus clarkii,Salmoniformes,Salmonidae,Oncorhynchus,-26.19,8.45,1.75,0.96,SD,9,Muscle
ID_0080,359,Yellow perch,Perca flavescens,Perciformes/Percoidei,Percidae,Perca,-27.71,9.03,1.47,0.61,SD,10,Muscle
ID_0080,2940,Northern pike minnow,Ptychocheilus oregonensis,Cypriniformes,Leuciscidae,Ptychocheilus,-25.2,9.73,1.7,1.23,SD,43,Muscle
ID_0080,2949,Redside shiner,Richardsonius balteatus,Cypriniformes,Leuciscidae,Richardsonius,-26.39,8.73,0.97,0.46,SD,20,Muscle
ID_0081,232,European whitefish,Coregonus lavaretus,Salmoniformes,Salmonidae,Coregonus,-35.96,6.04,1.07,0.62,SD,18,Muscle
ID_0081,258,Northern pike,Esox lucius,Esociformes,Esocidae,Esox,-31.04,7.94,1.18,0.16,SD,2,Muscle
ID_0081,358,Perch,Perca fluviatilis,Perciformes/Percoidei,Percidae,Perca,-32.13,6.79,1.38,0.6,SD,12,Muscle
ID_0081,272,Roach,Rutilus rutilus,Cypriniformes,Leuciscidae,Rutilus,-35.01,3.6,0.43,0.42,SD,11,Muscle
ID_0081,2951,Rudd,Scardinius erythrophthalmus,Cypriniformes,Leuciscidae,Scardinius,-27.67,6.76,0.99,0.33,SD,11,Muscle
ID_0081,269,Tench,Tinca tinca,Cypriniformes,Tincidae,Tinca,-31.13,6.83,1.37,0.47,SD,4,Muscle
ID_0082,232,European whitefish,Coregonus lavaretus,Salmoniformes,Salmonidae,Coregonus,-35.95,13.1,1.06,0.7,SD,10,Muscle
ID_0082,258,Northern pike,Esox lucius,Esociformes,Esocidae,Esox,-33.06,13.2,0.92,1.22,SD,3,Muscle
ID_0082,358,Perch,Perca fluviatilis,Perciformes/Percoidei,Percidae,Perca,-32.16,11.81,0.4,0.35,SD,9,Muscle
ID_0082,272,Roach,Rutilus rutilus,Cypriniformes,Leuciscidae,Rutilus,-30.01,8.77,0.83,0.11,SD,3,Muscle
ID_0082,2951,Rudd,Scardinius erythrophthalmus,Cypriniformes,Leuciscidae,Scardinius,-26.6,8.04,2.26,1.55,SD,10,Muscle
ID_0082,269,Tench,Tinca tinca,Cypriniformes,Tincidae,Tinca,-32.42,11,NA,NA,SD,1,Muscle
ID_0083,232,European whitefish,Coregonus lavaretus,Salmoniformes,Salmonidae,Coregonus,-34.84,9.96,0.62,1.1,SD,12,Muscle
ID_0083,258,Northern pike,Esox lucius,Esociformes,Esocidae,Esox,-32.02,10.8,1.03,0.44,SD,3,Muscle
ID_0083,358,Perch,Perca fluviatilis,Perciformes/Percoidei,Percidae,Perca,-32.67,10.49,1.11,0.7,SD,10,Muscle
ID_0083,272,Roach,Rutilus rutilus,Cypriniformes,Leuciscidae,Rutilus,-31.52,9.31,2,0.53,SD,10,Muscle
ID_0083,2951,Rudd,Scardinius erythrophthalmus,Cypriniformes,Leuciscidae,Scardinius,-28.56,8.65,3.53,2.18,SD,8,Muscle
ID_0084,232,European whitefish,Coregonus lavaretus,Salmoniformes,Salmonidae,Coregonus,-33.44,7.97,1.69,2.5,SD,10,Muscle
ID_0084,258,Northern pike,Esox lucius,Esociformes,Esocidae,Esox,-30.81,9.83,NA,NA,SD,1,Muscle
ID_0084,358,Perch,Perca fluviatilis,Perciformes/Percoidei,Percidae,Perca,-30.81,9.85,0.7,0.8,SD,10,Muscle
ID_0084,272,Roach,Rutilus rutilus,Cypriniformes,Leuciscidae,Rutilus,-31,7.39,1.46,0.9,SD,9,Muscle
ID_0084,2951,Rudd,Scardinius erythrophthalmus,Cypriniformes,Leuciscidae,Scardinius,-27.85,8.82,0.52,0.8,SD,10,Muscle
ID_0084,269,Tench,Tinca tinca,Cypriniformes,Tincidae,Tinca,-28.27,8.78,NA,NA,SD,1,Muscle
ID_0085,232,European whitefish,Coregonus lavaretus,Salmoniformes,Salmonidae,Coregonus,-33.93,8,0.43,0.71,SD,22,Muscle
ID_0085,258,Northern pike,Esox lucius,Esociformes,Esocidae,Esox,-30.97,9.82,NA,NA,SD,1,Muscle
ID_0085,358,Perch,Perca fluviatilis,Perciformes/Percoidei,Percidae,Perca,-31.96,8.57,0.6,0.68,SD,10,Muscle
ID_0085,272,Roach,Rutilus rutilus,Cypriniformes,Leuciscidae,Rutilus,-31.44,6.05,1.6,0.96,SD,10,Muscle
ID_0085,2951,Rudd,Scardinius erythrophthalmus,Cypriniformes,Leuciscidae,Scardinius,-29.11,6.41,2.25,0.99,SD,10,Muscle
ID_0085,269,Tench,Tinca tinca,Cypriniformes,Tincidae,Tinca,-31.57,5.58,0,0.44,SD,5,Muscle
ID_0086,358,Perch,Perca fluviatilis,Perciformes/Percoidei,Percidae,Perca,-32.4,11.86,0.78,0.6,SD,11,Muscle
ID_0086,272,Roach,Rutilus rutilus,Cypriniformes,Leuciscidae,Rutilus,-34.59,10.33,1.17,0.64,SD,12,Muscle
ID_0086,2951,Rudd,Scardinius erythrophthalmus,Cypriniformes,Leuciscidae,Scardinius,-34.2,10.17,2.12,2.12,SD,9,Muscle
ID_0086,269,Tench,Tinca tinca,Cypriniformes,Tincidae,Tinca,-33.15,9.84,0.87,0.87,SD,7,Muscle
ID_0087,232,European whitefish,Coregonus lavaretus,Salmoniformes,Salmonidae,Coregonus,-36.76,12.47,0.82,0.76,SD,27,Muscle
ID_0087,358,Perch,Perca fluviatilis,Perciformes/Percoidei,Percidae,Perca,-32.05,11.19,1.6,0.55,SD,4,Muscle
ID_0087,272,Roach,Rutilus rutilus,Cypriniformes,Leuciscidae,Rutilus,-31.1,9.3,1.76,0.45,SD,8,Muscle
ID_0087,2951,Rudd,Scardinius erythrophthalmus,Cypriniformes,Leuciscidae,Scardinius,-29.6,9.04,1.55,0.78,SD,17,Muscle
ID_0087,269,Tench,Tinca tinca,Cypriniformes,Tincidae,Tinca,-31.93,9.43,1.11,0.55,SD,3,Muscle
ID_0088,232,European whitefish,Coregonus lavaretus,Salmoniformes,Salmonidae,Coregonus,-34.98,12.25,1.28,0.76,SD,17,Muscle
ID_0088,258,Northern pike,Esox lucius,Esociformes,Esocidae,Esox,-32.82,11,0.57,1.12,SD,4,Muscle
ID_0088,358,Perch,Perca fluviatilis,Perciformes/Percoidei,Percidae,Perca,-30.85,9.8,3.36,2.32,SD,16,Muscle
ID_0088,272,Roach,Rutilus rutilus,Cypriniformes,Leuciscidae,Rutilus,-30.98,10.13,0.94,0.46,SD,8,Muscle
ID_0088,2951,Rudd,Scardinius erythrophthalmus,Cypriniformes,Leuciscidae,Scardinius,-30.15,9.35,2.13,1.56,SD,17,Muscle
ID_0089,3022,Brown bullhead,Ameiurus nebulosus,Siluriformes,Ictaluridae,Ameiurus,-23.5,5.7,NA,NA,NA,NA,Muscle
ID_0089,3271,Five spine stickleback,Culaea inconstans,Perciformes/Gasterosteoidei,Gasterosteidae,Culaea,-26.7,6.6,NA,NA,NA,NA,Muscle
ID_0089,258,Northern pike,Esox lucius,Esociformes,Esocidae,Esox,-22.7,10,NA,NA,NA,NA,Muscle
ID_0089,3375,Bluegill,Lepomis macrochirus,Centrarchiformes,Centrarchidae,Lepomis,-22.2,7.19,NA,NA,NA,NA,Muscle
ID_0089,2707,Central mudminnow,Umbra limi,Esociformes,Umbridae,Umbra,-26.9,8.1,NA,NA,NA,NA,Muscle
ID_0090,2962,Longnose sucker,Catostomus catostomus,Cypriniformes,Catostomidae,Catostomus,-20.4,8.3,NA,NA,NA,NA,Muscle
ID_0090,234,Lake whitefish,Coregonus clupeaformis,Salmoniformes,Salmonidae,Coregonus,-18.4,10.5,NA,NA,NA,NA,Muscle
ID_0090,3373,Warmouth,Lepomis gulosus,Centrarchiformes,Centrarchidae,Lepomis,-15.5,8.2,NA,NA,NA,NA,Muscle
ID_0090,310,Burbot,Lota lota,Gadiformes,Lotidae,Lota,-19,13.2,NA,NA,NA,NA,Muscle
ID_0090,3382,Smallmouth bass,Micropterus dolomieu,Centrarchiformes,Centrarchidae,Micropterus,-16.6,11,NA,NA,NA,NA,Muscle
ID_0090,12019,Round goby,Neogobius melanostomus,Gobiiformes,Gobiidae,Neogobius,-20.6,9.7,NA,NA,NA,NA,Muscle
ID_0090,3273,Ninespine stickleback,Pungitius pungitius,Perciformes/Gasterosteoidei,Gasterosteidae,Pungitius,-22.1,10.5,NA,NA,NA,NA,Muscle
ID_0090,3516,Walleye,Sander vitreus,Perciformes/Percoidei,Percidae,Sander,-19.6,12.6,NA,NA,NA,NA,Muscle
ID_0091,258,Northern pike,Esox lucius,Esociformes,Esocidae,Esox,-19.3,10.5,NA,NA,NA,NA,Muscle
ID_0091,1076,Spotted gar,Lepisosteus osseus,Lepisosteiformes,Lepisosteidae,Lepisosteus,-21.2,13.2,NA,NA,NA,NA,Muscle
ID_0091,3382,Smallmouth bass,Micropterus dolomieu,Centrarchiformes,Centrarchidae,Micropterus,-17.9,10.8,NA,NA,NA,NA,Muscle
ID_0091,12019,Round goby,Neogobius melanostomus,Gobiiformes,Gobiidae,Neogobius,-18.1,7.06,NA,NA,NA,NA,Muscle
ID_0091,2867,Spottail shiner,Notropis hudsonius,Cypriniformes,Leuciscidae,Notropis,-18.6,6.4,NA,NA,NA,NA,Muscle
ID_0092,NA,NA,Astatotilapia kyogaastato,Cichliformes,Cichlidae,Astatotilapia,-21.5,6.54,0.35,0.41,SD,3,Muscle
ID_0092,1934,Sharptooth catfish,Clarias gariepinus,Siluriformes,Clariidae,Clarias,-22.56,8.25,0.49,2.37,SD,3,Muscle
ID_0092,347,Nile perch,Lates niloticus,Carangaria/misc,Latidae,Lates,-19.36,7.24,1.24,0.96,SD,3,Muscle
ID_0092,10966,NA,Mormyrus macrocephalus,Osteoglossiformes,Mormyridae,Mormyrus,-20.13,6.45,NA,NA,SD,1,Muscle
ID_0092,1413,Blue spotted tilapia,Oreochromis leucostictus,Cichliformes,Cichlidae,Oreochromis,-23.21,5.73,NA,NA,SD,1,Muscle
ID_0092,2,Nile tilapia,Oreochromis niloticus,Cichliformes,Cichlidae,Oreochromis,-21.43,6.84,3.51,0.7,SD,3,Muscle
ID_0092,8734,Marbled lungfish,Protopterus aethiopicus,Ceratodontiformes,Protopteridae,Protopterus,-21.37,6.08,0.59,0.55,SD,3,Muscle
ID_0092,12914,Silver catfish,Schilbe intermedius,Siluriformes,Schilbeidae,Schilbe,-15.43,7.34,0.48,0.58,SD,3,Muscle
ID_0092,9533,Fischer's Victoria squeaker,Synodontis afrofischeri,Siluriformes,Mochokidae,Synodontis,-21.36,6.9,1.67,0.24,SD,3,Muscle
ID_0092,9638,Lake Victoria squearker,Synodontis victoriae,Siluriformes,Mochokidae,Synodontis,-19.58,7.69,2.4,0.67,SD,3,Muscle
ID_0093,NA,NA,Astatotilapia kyogaastato,Cichliformes,Cichlidae,Astatotilapia,-14.11,5.54,0.79,0.23,SD,4,Muscle
ID_0093,1934,Sharptooth catfish,Clarias gariepinus,Siluriformes,Clariidae,Clarias,-18.57,5.92,4.15,1.69,SD,4,Muscle
ID_0093,347,Nile perch,Lates niloticus,Carangaria/misc,Latidae,Lates,-14.16,7.56,2.25,0.83,SD,16,Muscle
ID_0093,10966,NA,Mormyrus macrocephalus,Osteoglossiformes,Mormyridae,Mormyrus,-15.97,5.88,NA,NA,SD,2,Muscle
ID_0093,1413,Blue spotted tilapia,Oreochromis leucostictus,Cichliformes,Cichlidae,Oreochromis,-16.49,4.06,NA,NA,SD,2,Muscle
ID_0093,2,Nile tilapia,Oreochromis niloticus,Cichliformes,Cichlidae,Oreochromis,-15.26,5.16,1.3,0.57,SD,11,Muscle
ID_0093,8734,Marbled lungfish,Protopterus aethiopicus,Ceratodontiformes,Protopteridae,Protopterus,-16.28,5.98,1.44,0.96,SD,8,Muscle
ID_0093,12914,Silver catfish,Schilbe intermedius,Siluriformes,Schilbeidae,Schilbe,-15.84,5.66,0.97,0.12,SD,4,Muscle
ID_0093,9533,Fischer's Victoria squeaker,Synodontis afrofischeri,Siluriformes,Mochokidae,Synodontis,-18.84,5.83,2.48,0.24,SD,4,Muscle
ID_0093,9638,Lake Victoria squearker,Synodontis victoriae,Siluriformes,Mochokidae,Synodontis,-15.55,6.42,2.3,0.53,SD,5,Muscle
ID_0094,2962,Longnose sucker,Catostomus catostomus,Cypriniformes,Catostomidae,Catostomus,-28.5,10.6,NA,NA,NA,NA,Muscle
ID_0094,239,Rainbow trout,Oncorhynchus mykiss,Salmoniformes,Salmonidae,Oncorhynchus,-26,10.9,NA,NA,NA,NA,Muscle
ID_0094,243,Kokanee,Oncorhynchus nerka,Salmoniformes,Salmonidae,Oncorhynchus,-32.2,11.8,NA,NA,NA,NA,Muscle
ID_0094,248,Lake trout,Salvelinus namaycush,Salmoniformes,Salmonidae,Salvelinus,-29.5,13.7,NA,NA,NA,NA,Muscle
ID_0095,2962,Longnose sucker,Catostomus catostomus,Cypriniformes,Catostomidae,Catostomus,-28.8,9.31,NA,NA,NA,NA,Muscle
ID_0095,2965,White sucker,Catostomus commersonii,Cypriniformes,Catostomidae,Catostomus,-27.9,9.76,NA,NA,NA,NA,Muscle
ID_0095,239,Rainbow trout,Oncorhynchus mykiss,Salmoniformes,Salmonidae,Oncorhynchus,-25.6,10.4,NA,NA,NA,NA,Muscle
ID_0095,243,Kokanee,Oncorhynchus nerka,Salmoniformes,Salmonidae,Oncorhynchus,-32.8,10.6,NA,NA,NA,NA,Muscle
ID_0095,248,Lake trout,Salvelinus namaycush,Salmoniformes,Salmonidae,Salvelinus,-29.7,13.2,NA,NA,NA,NA,Muscle
ID_0096,2962,Longnose sucker,Catostomus catostomus,Cypriniformes,Catostomidae,Catostomus,-24.8,8.36,NA,NA,NA,NA,Muscle
ID_0096,2965,White sucker,Catostomus commersonii,Cypriniformes,Catostomidae,Catostomus,-24.7,8.46,NA,NA,NA,NA,Muscle
ID_0096,243,Kokanee,Oncorhynchus nerka,Salmoniformes,Salmonidae,Oncorhynchus,-25.8,9.72,NA,NA,NA,NA,Muscle
ID_0096,248,Lake trout,Salvelinus namaycush,Salmoniformes,Salmonidae,Salvelinus,-26.9,12,NA,NA,NA,NA,Muscle
ID_0097,2962,Longnose sucker,Catostomus catostomus,Cypriniformes,Catostomidae,Catostomus,-26.1,9.14,NA,NA,NA,NA,Muscle
ID_0097,2965,White sucker,Catostomus commersonii,Cypriniformes,Catostomidae,Catostomus,-21.3,7.67,NA,NA,NA,NA,Muscle
ID_0097,239,Rainbow trout,Oncorhynchus mykiss,Salmoniformes,Salmonidae,Oncorhynchus,-25.5,8.94,NA,NA,NA,NA,Muscle
ID_0097,243,Kokanee,Oncorhynchus nerka,Salmoniformes,Salmonidae,Oncorhynchus,-26.4,9.52,NA,NA,NA,NA,Muscle
ID_0097,248,Lake trout,Salvelinus namaycush,Salmoniformes,Salmonidae,Salvelinus,-27,11.5,NA,NA,NA,NA,Muscle
ID_0098,235,Lake cisco,Coregonus artedi,Salmoniformes,Salmonidae,Coregonus,-25.04,7.23,0.11,0.12,SE,5,Muscle
ID_0098,2670,Bloater,Coregonus hoyi,Salmoniformes,Salmonidae,Coregonus,-27.44,8.25,0.18,0.21,SE,10,Muscle
ID_0098,2672,Kiyi,Coregonus kiyi,Salmoniformes,Salmonidae,Coregonus,-27.27,8.53,0.29,0.16,SE,10,Muscle
ID_0098,4068,Slimy sculpin,Cottus cognatus,Perciformes/Cottoidei,Cottidae,Cottus,-25.91,7.7,0.22,0.18,SE,8,Muscle
ID_0098,310,Burbot,Lota lota,Gadiformes,Lotidae,Lota,-24.12,10.34,0.15,0.2,SE,8,Muscle
ID_0098,4124,Deepwater sculpin,Myoxocephalus thompsonii,Perciformes/Cottoidei,Cottidae,Myoxocephalus,-25.12,7.04,0.54,0.29,SE,8,Muscle
ID_0098,245,Coho Salmon,Oncorhynchus kisutch,Salmoniformes,Salmonidae,Oncorhynchus,-24.86,6.89,0.09,0.06,SE,3,Muscle
ID_0098,244,Chinook Salmon,Oncorhynchus tshawytscha,Salmoniformes,Salmonidae,Oncorhynchus,-24.73,8.04,0.35,0.4,SE,3,Muscle
ID_0098,253,Rainbow smelt,Osmerus mordax,Osmeriformes,Osmeridae,Osmerus,-26.9,5.45,0.14,0.11,SE,6,Muscle
ID_0098,248,Lake trout,Salvelinus namaycush,Salmoniformes,Salmonidae,Salvelinus,-26.24,10.64,0.21,0.18,SE,13,Muscle
ID_0099,NA,NA,Barbus sp,Cypriniformes,Cyprinidae,Barbus,-20.54,10.31,2.7,0.96,SD,NA,Muscle
ID_0099,1934,Sharptooth catfish,Clarias gariepinus,Siluriformes,Clariidae,Clarias,-23.42,10.1,1.71,1.43,SD,NA,Muscle
ID_0099,5409,Redeye labeo,Labeo cylindricus,Cypriniformes,Cyprinidae,Labeo,-24.91,9.11,1.89,1.01,SD,NA,Muscle
ID_0099,2,Nile tilapia,Oreochromis niloticus,Cichliformes,Cichlidae,Oreochromis,-25.66,7.84,0.8,1.15,SD,43,Muscle
ID_0099,3228,Guppy,Poecilia reticulata,Cyprinodontiformes,Poeciliidae,Poecilia,-24.06,6.44,0.49,0.47,SD,NA,Muscle
ID_0099,8734,Marbled lungfish,Protopterus aethiopicus,Ceratodontiformes,Protopteridae,Protopterus,-22.02,10.31,1.26,0,SD,NA,Muscle
ID_0100,NA,NA,Aulonocara sp,Cichliformes,Cichlidae,Aulonocara,-10.52,4.84,NA,NA,NA,NA,Muscle
ID_0100,1397,Redbreast tilapia,Coptodon rendalli,Cichliformes,Cichlidae,Coptodon,-19.36,5.32,NA,NA,NA,NA,Muscle
ID_0100,2214,Painted dragon,Ctenopharynx pictus,Cichliformes,Cichlidae,Ctenopharynx,-12.11,4.23,NA,NA,NA,NA,Muscle
ID_0100,5138,Lake Malawi sardine,Engraulicypris sardella,Cypriniformes,Danionidae,Engraulicypris,-22.94,4.34,NA,NA,NA,NA,Muscle
ID_0100,2219,Giant hap,Hemitilapia oxyrhynchus,Cichliformes,Cichlidae,Hemitilapia,-15,3.23,NA,NA,NA,NA,Muscle
ID_0100,5409,Redeye labeo,Labeo cylindricus,Cypriniformes,Cyprinidae,Labeo,-7.2,1.55,NA,NA,NA,NA,Muscle
ID_0100,5411,NA,Labeo mesops,Cypriniformes,Cyprinidae,Labeo,-16.27,1.96,NA,NA,NA,NA,Muscle
ID_0100,2325,Blue mbuna,Labeotropheus fuelleborni,Cichliformes,Cichlidae,Labeotropheus,-7.57,2.9,NA,NA,NA,NA,Muscle
ID_0100,8345,Zebra mbuna,Maylandia zebra,Cichliformes,Cichlidae,Maylandia,-20.36,3.66,NA,NA,NA,NA,Muscle
ID_0100,2042,Karonga tilapia,Oreochromis karongae,Cichliformes,Cichlidae,Oreochromis,-17.97,2.77,NA,NA,NA,NA,Muscle
ID_0100,2045,NA,Oreochromis lidole,Cichliformes,Cichlidae,Oreochromis,-20.01,3.56,NA,NA,NA,NA,Muscle
ID_0100,2044,Kasawala,Oreochromis squamipinnis,Cichliformes,Cichlidae,Oreochromis,-12.93,1.68,NA,NA,NA,NA,Muscle
ID_0100,2353,NA,Petrotilapia genalutea,Cichliformes,Cichlidae,Petrotilapia,-11.71,3.43,NA,NA,NA,NA,Muscle
ID_0100,2354,NA,Petrotilapia nigra,Cichliformes,Cichlidae,Petrotilapia,-14.54,3.48,NA,NA,NA,NA,Muscle
ID_0100,2123,Spindle hap,Protomelas taeniolatus,Cichliformes,Cichlidae,Protomelas,-11.46,4.34,NA,NA,NA,NA,Muscle
ID_0100,2310,NA,Taeniolethrinops praeorbitalis,Cichliformes,Cichlidae,Taeniolethrinops,-12.8,4.32,NA,NA,NA,NA,Muscle
ID_0100,2217,NA,Trematocranus placodon,Cichliformes,Cichlidae,Trematocranus,-16.95,5.63,NA,NA,NA,NA,Muscle
ID_0100,2381,NA,Tropheops tropheops,Cichliformes,Cichlidae,Tropheops,-6.31,3.36,NA,NA,NA,NA,Muscle
ID_0101,615,Yangtse grenadier anchovy,Coilia brachygnathus,Clupeiformes,Engraulidae,Coilia,-26.67,16.03,NA,NA,NA,NA,Muscle
ID_0101,1450,Common carp,Cyprinus carpio,Cypriniformes,Cyprinidae,Cyprinus,-27.16,11.6,0.32,0.39,NA,9,Muscle
ID_0101,4755,Sharpbelly,Hemiculter leucisculus,Cypriniformes,Xenocyprididae,Hemiculter,-27.26,14.04,NA,NA,NA,NA,Muscle
ID_0101,54998,NA,Parabotia fasciatus,Cypriniformes,Botiidae,Parabotia,-28.22,13.97,NA,NA,NA,NA,Muscle
ID_0101,282,White amur bream,Parabramis pekinensis,Cypriniformes,Xenocyprididae,Parabramis,-30.36,14.15,NA,NA,NA,NA,Muscle
ID_0101,50950,NA,Pseudobagrus vachellii,Siluriformes,Bagridae,Pseudobagrus,-27.26,13.76,NA,NA,NA,NA,Muscle
ID_0101,47352,Chinese lizard gudgeon,Saurogobio dabryi,Cypriniformes,Gobionidae,Saurogobio,-26.23,15.75,NA,NA,NA,NA,Muscle
ID_0101,6566,Amur catfish,Silurus asotus,Siluriformes,Siluridae,Silurus,-27.3,15.76,NA,NA,NA,NA,Muscle
ID_0101,28054,Mandarin fish,Siniperca chuatsi,Centrarchiformes,Sinipercidae,Siniperca,-27.81,16.56,NA,NA,NA,NA,Muscle
ID_0101,50943,NA,Tachysurus nitidus,Siluriformes,Bagridae,Tachysurus,-27.71,14.44,NA,NA,NA,NA,Muscle
ID_0102,615,Yangtse grenadier anchovy,Coilia brachygnathus,Clupeiformes,Engraulidae,Coilia,-24.84,16.08,1.6,1,SD,49,Muscle
ID_0102,1450,Common carp,Cyprinus carpio,Cypriniformes,Cyprinidae,Cyprinus,-26.15,12.2,2.69,1.38,SD,13,Muscle
ID_0102,4755,Sharpbelly,Hemiculter leucisculus,Cypriniformes,Xenocyprididae,Hemiculter,-29.36,12.16,2.19,1.32,SD,3,Muscle
ID_0102,54998,NA,Parabotia fasciatus,Cypriniformes,Botiidae,Parabotia,-25.75,13.95,1.24,0.76,SD,4,Muscle
ID_0102,282,White amur bream,Parabramis pekinensis,Cypriniformes,Xenocyprididae,Parabramis,-27.68,14.29,0.29,0.33,SD,3,Muscle
ID_0102,50950,NA,Pseudobagrus vachellii,Siluriformes,Bagridae,Pseudobagrus,-26.33,13.95,2.81,0.67,SD,8,Muscle
ID_0102,47352,Chinese lizard gudgeon,Saurogobio dabryi,Cypriniformes,Gobionidae,Saurogobio,-22.79,13.46,2.76,1.08,SD,8,Muscle
ID_0102,6566,Amur catfish,Silurus asotus,Siluriformes,Siluridae,Silurus,-24.42,15.41,2.54,1.4,SD,6,Muscle
ID_0102,28054,Mandarin fish,Siniperca chuatsi,Centrarchiformes,Sinipercidae,Siniperca,-25.69,14.8,2.8,0.89,SD,7,Muscle
ID_0102,50943,NA,Tachysurus nitidus,Siluriformes,Bagridae,Tachysurus,-25.73,13.71,1.72,0.65,SD,12,Muscle
ID_0103,35,European eel,Anguilla anguilla,Anguilliformes,Anguillidae,Anguilla,-32.07,14.26,2.25,3.03,SD,NA,Muscle
ID_0103,258,Northern pike,Esox lucius,Esociformes,Esocidae,Esox,-28.35,16.6,0.31,0.29,SD,NA,Muscle
ID_0103,358,Perch,Perca fluviatilis,Perciformes/Percoidei,Percidae,Perca,-28.13,16.42,0.67,0.24,SD,NA,Muscle
ID_0103,272,Roach,Rutilus rutilus,Cypriniformes,Leuciscidae,Rutilus,-27.04,15.61,0.43,0.26,SD,NA,Muscle
ID_0104,15124,Sailfin glassfish,Ambassis agrammus,Ovalentaria/misc,Ambassidae,Ambassis,-34.3,7.7,1,0.3,SE,3,Muscle
ID_0104,NA,Barred/Tiger Grunter,Amniataba percoides/affinis,Centrarchiformes,Terapontidae,Amniataba,-33.1,7.3,1.2,0.1,SE,3,Muscle
ID_0104,12090,Salmon catfish,Bleekeriella leptaspis,Siluriformes,Ariidae,Bleekeriella,-27.7,8.4,0.1,0.2,SE,7,Muscle
ID_0104,25669,Kubuna hardyhead,Craterocephalus randi,Atheriniformes,Atherinidae,Craterocephalus,-29,6,NA,NA,SE,1,Muscle
ID_0104,14863,Mouth almighty,Glossamia aprion,Kurtiformes,Apogonidae,Glossamia,-29.7,8.1,0.4,0.1,SE,10,Muscle
ID_0104,NA,NA,Glossogobius sp,Gobiiformes,Gobiidae,Glossogobius,-34,6.1,0.3,0.4,SE,2,Muscle
ID_0104,25733,Röemer's grunter,Hephaestus roemeri,Centrarchiformes,Terapontidae,Hephaestus,-28.8,6.9,NA,NA,SE,1,Muscle
ID_0104,1441,Papuan black snapper,Lutjanus goldiei,Eupercaria/misc,Lutjanidae,Lutjanus,-29.5,8.5,NA,NA,SE,1,Muscle
ID_0104,13102,Rainbow fish,Melanotaenia splendida,Atheriniformes,Melanotaeniidae,Melanotaenia,-28.2,8.1,NA,NA,SE,1,Muscle
ID_0104,NA,NA,Nematalosa sp,Clupeiformes,Dorosomatidae,Nematalosa,-34.1,6.6,0.56,0.14,SE,18,Muscle
ID_0104,12094,Narrowfront tandan,Neosilurus ater,Siluriformes,Plotosidae,Neosilurus,-31.1,7.3,0.6,0.3,SE,10,Muscle
ID_0104,26422,Blackbanded gauvina,Oxyeleotris herwerdenii,Gobiiformes,Butidae,Oxyeleotris,-28.8,7.4,0.3,0.4,SE,5,Muscle
ID_0104,25495,Thick-lipped catfish,Pachyula crassilabris,Siluriformes,Ariidae,Pachyula,-30.1,5.7,NA,NA,SE,1,Muscle
ID_0104,25498,Broad-snouted catfish,Papuarius latirostris,Siluriformes,Ariidae,Papuarius,-26.6,7.2,0.5,0.5,SE,6,Muscle
ID_0104,15140,Giant glassfish,Parambassis gulliveri,Ovalentaria/misc,Ambassidae,Parambassis,-28.2,8.1,0.9,0.3,SE,5,Muscle
ID_0104,7861,Diamond mullet,Planiliza alata,Mugiliformes,Mugilidae,Planiliza,-29.6,6.6,NA,NA,SE,1,Muscle
ID_0104,12098,Papuan ell-catfish,Plotosus papuensis,Siluriformes,Plotosidae,Plotosus,-29.4,6.7,1.5,0.4,SE,5,Muscle
ID_0104,25567,Merauke tandan,Porochilus meraukensis,Siluriformes,Plotosidae,Porochilus,-36,7.4,NA,NA,SE,1,Muscle
ID_0104,7536,Australian bonytongue,Scleropages jardinii,Osteoglossiformes,Osteoglossidae,Scleropages,-29.4,8.4,0.1,0.1,SE,2,Muscle
ID_0104,8817,Longtom,Strongylura krefftii,Beloniformes,Belonidae,Strongylura,-31.7,10.3,0.9,0.5,SE,3,Muscle
ID_0104,598,New Guinea thryssa,Thryssa scratchleyi,Clupeiformes,Engraulidae,Thryssa,-29.2,9,0.2,0.1,SE,9,Muscle
ID_0104,8079,Spotted archerfish,Toxotes chatareus,Carangaria/misc,Toxotidae,Toxotes,-27.9,8.4,0.3,0.2,SE,7,Muscle
ID_0104,25761,Lake grunter,Variichthys lacustris,Centrarchiformes,Terapontidae,Variichthys,-33.1,6.8,0.7,0.2,SE,10,Muscle
ID_0105,NA,Barred/Tiger Grunter,Amniataba percoides/affinis,Centrarchiformes,Terapontidae,Amniataba,-32.6,8,NA,NA,SE,1,Muscle
ID_0105,25669,Kubuna hardyhead,Craterocephalus randi,Atheriniformes,Atherinidae,Craterocephalus,-32.46,6.98,0.23,0.1,SE,36,Muscle
ID_0105,14863,Mouth almighty,Glossamia aprion,Kurtiformes,Apogonidae,Glossamia,-32.57,6.67,0.37,0.15,SE,18,Muscle
ID_0105,NA,NA,Glossogobius sp,Gobiiformes,Gobiidae,Glossogobius,-26.6,4.7,1.7,0.2,SE,2,Muscle
ID_0105,13102,Eastern rainbow fish,Melanotaenia splendida,Atheriniformes,Melanotaeniidae,Melanotaenia,-32.4,7.6,0.21,0.08,SE,29,Muscle
ID_0105,8079,Spotted archerfish,Toxotes chatareus,Carangaria/misc,Toxotidae,Toxotes,-28.1,8.8,NA,NA,SE,1,Muscle
ID_0106,12090,Salmon catfish,Bleekeriella leptaspis,Siluriformes,Ariidae,Bleekeriella,-29,9,0.5,0.3,SE,10,Muscle
ID_0106,25669,Kubuna hardyhead,Craterocephalus randi,Atheriniformes,Atherinidae,Craterocephalus,-28.4,6,0.3,0.2,SE,10,Muscle
ID_0106,14863,Mouth almighty,Glossamia aprion,Kurtiformes,Apogonidae,Glossamia,-32.2,7.3,1.3,0.3,SE,6,Muscle
ID_0106,227,Oxeye tarpon,Megalops cyprinoides,Elopiformes,Megalopidae,Megalops,-29.4,9.9,0.3,0.2,SE,11,Muscle
ID_0106,13102,Rainbow fish,Melanotaenia splendida,Atheriniformes,Melanotaeniidae,Melanotaenia,-30.9,6,1.5,1,SE,2,Muscle
ID_0106,NA,NA,Nematalosa sp,Clupeiformes,Dorosomatidae,Nematalosa,-32.57,5.67,NA,NA,NA,1,Muscle
ID_0106,22589,NA,Neoarius berneyi,Siluriformes,Ariidae,Neoarius,-30.7,7.1,0.3,0.2,SE,11,Muscle
ID_0106,12094,Narrowfront tandan,Neosilurus ater,Siluriformes,Plotosidae,Neosilurus,-28.7,6.8,0.6,0.4,SE,2,Muscle
ID_0106,26422,Blackbanded gauvina,Oxyeleotris herwerdenii,Gobiiformes,Butidae,Oxyeleotris,-30,7.4,0.29,0.12,SE,30,Muscle
ID_0106,25567,Merauke tandan,Porochilus meraukensis,Siluriformes,Plotosidae,Porochilus,-33.9,6.8,0.7,0.1,SE,5,Muscle
ID_0106,7536,Australian bonytongue,Scleropages jardinii,Osteoglossiformes,Osteoglossidae,Scleropages,-28.6,8.3,0.3,0.3,SE,5,Muscle
ID_0106,8817,Longtom,Strongylura krefftii,Beloniformes,Belonidae,Strongylura,-30.7,8.9,NA,NA,NA,1,Muscle
ID_0106,8079,Spotted archerfish,Toxotes chatareus,Carangaria/misc,Toxotidae,Toxotes,-25.9,8.4,0.2,0.1,SE,10,Muscle
ID_0107,25669,Kubuna hardyhead,Craterocephalus randi,Atheriniformes,Atherinidae,Craterocephalus,-29.8,6.1,0.6,0.4,SE,5,Muscle
ID_0107,14863,Mouth almighty,Glossamia aprion,Kurtiformes,Apogonidae,Glossamia,-33.5,6.8,0.3,0.2,SE,5,Muscle
ID_0107,NA,NA,Nematalosa sp,Clupeiformes,Dorosomatidae,Nematalosa,-33.2,7.3,1.5,0.6,SE,2,Muscle
ID_0107,8079,Spotted archerfish,Toxotes chatareus,Carangaria/misc,Toxotidae,Toxotes,-28,7.1,NA,NA,NA,1,Muscle
ID_0107,25761,NA,Variichthys lacustris,Centrarchiformes,Terapontidae,Variichthys,-32.6,7.3,0.1,0.3,SE,2,Muscle
ID_0108,2405,Silversides,Alestes baremoze,Characiformes,Alestidae,Alestes,-19.1,8.4,1.4,0.8,SD,23,Muscle
ID_0108,5462,Bayad,Bagrus bajad,Siluriformes,Bagridae,Bagrus,-18.2,10,1.1,1.2,SD,16,Muscle
ID_0108,5235,NA,Brycinus nurse,Characiformes,Alestidae,Brycinus,-19,10.1,1,1,SD,14,Muscle
ID_0108,1934,Sharptooth catfish,Clarias gariepinus,Siluriformes,Clariidae,Clarias,-19.25,9.95,0.35,0.64,SD,2,Muscle
ID_0108,1390,Redbelly tilapia,Coptodon zillii,Cichliformes,Cichlidae,Coptodon,-12,4.5,1.1,0.7,SD,5,Muscle
ID_0108,11594,NA,Engraulicypris bredoi,Cypriniformes,Danionidae,Engraulicypris,-18.9,10.25,0.14,0.21,SD,2,Muscle
ID_0108,4496,Elongate tigerfish,Hydrocynus forskahlii,Characiformes,Alestidae,Hydrocynus,-17.5,11.6,0.3,0.5,SD,22,Muscle
ID_0108,11320,NA,Labeobarbus bynni,Cypriniformes,Cyprinidae,Labeobarbus,-20.2,6.8,0.14,0.57,SD,2,Muscle
ID_0108,9897,NA,Lates macrophthalmus,Carangaria/misc,Latidae,Lates,-18.4,9.3,0.7,1.1,SD,19,Muscle
ID_0108,347,Nile perch,Lates niloticus,Carangaria/misc,Latidae,Lates,-18.2,9.7,1.7,1.1,SD,30,Muscle
ID_0108,5082,NA,Marcusenius cyprinoides,Osteoglossiformes,Mormyridae,Marcusenius,-24.1,5.9,NA,NA,NA,1,Muscle
ID_0108,10959,NA,Mormyrus caschive,Osteoglossiformes,Mormyridae,Mormyrus,-20.6,7.4,1.2,0.7,SD,4,Muscle
ID_0108,1413,Blue spotted tilapia,Oreochromis leucostictus,Cichliformes,Cichlidae,Oreochromis,-19.8,4.7,1.2,0.5,SD,3,Muscle
ID_0108,2,Nile tilapia,Oreochromis niloticus,Cichliformes,Cichlidae,Oreochromis,-18.3,5,2.7,0.8,SD,14,Muscle
ID_0108,5024,Gray bichir,Polypterus senegalus,Polypteriformes,Polypteridae,Polypterus,-19.5,9.6,1.5,1.1,SD,4,Muscle
ID_0108,1389,NA,Sarotherodon galilaeus,Cichliformes,Cichlidae,Sarotherodon,-17.5,3.7,1.7,0.4,SD,5,Muscle
ID_0108,12914,Silver catfish,Schilbe intermedius,Siluriformes,Schilbeidae,Schilbe,-18.1,8.5,0.4,0.2,SD,8,Muscle
ID_0108,9563,NA,Synodontis frontosus,Siluriformes,Mochokidae,Synodontis,-21.9,8.4,NA,NA,NA,1,Muscle
ID_0108,2458,Wahrindi,Synodontis schall,Siluriformes,Mochokidae,Synodontis,-20.2,8.9,1,0.8,SD,5,Muscle
ID_0108,NA,NA,ThoracochromisxHaplochromis,Cichliformes,Cichlidae,NA,-19.1,8.1,1.1,0.6,SD,11,Muscle
ID_0109,35,European eel,Anguilla anguilla,Anguilliformes,Anguillidae,Anguilla,-22.55,7.37,0.7,0.9,SD,33,Muscle
ID_0109,358,Perch,Perca fluviatilis,Perciformes/Percoidei,Percidae,Perca,-22.51,6.84,0.63,0.28,SD,NA,Muscle
ID_0109,272,Roach,Rutilus rutilus,Cypriniformes,Leuciscidae,Rutilus,-23.95,7.26,NA,NA,NA,1,Muscle
ID_0109,269,Tench,Tinca tinca,Cypriniformes,Tincidae,Tinca,-21.42,5.82,NA,NA,NA,1,Muscle
ID_0110,35,European eel,Anguilla anguilla,Anguilliformes,Anguillidae,Anguilla,-31.14,11.17,0.7,0.71,SD,11,Muscle
ID_0110,270,Crucian carp,Carassius carassius,Cypriniformes,Cyprinidae,Carassius,-29.93,10.76,0.23,0.53,SD,NA,Muscle
ID_0110,4474,Ruffe,Gymnocephalus cernua,Perciformes/Percoidei,Percidae,Gymnocephalus,-29.99,12.56,0.27,0.14,SD,NA,Muscle
ID_0110,358,Perch,Perca fluviatilis,Perciformes/Percoidei,Percidae,Perca,-30.15,13.59,0.16,0.78,SD,NA,Muscle
ID_0110,272,Roach,Rutilus rutilus,Cypriniformes,Leuciscidae,Rutilus,-30.75,13.25,0.62,0.81,SD,NA,Muscle
ID_0110,2951,Rudd,Scardinius erythrophthalmus,Cypriniformes,Leuciscidae,Scardinius,-28.94,11.59,0.45,0.64,SD,NA,Muscle
ID_0111,2965,White sucker,Catostomus commersonii,Cypriniformes,Catostomidae,Catostomus,-17.46,7.72,1.57,1.46,SD,9,Muscle
ID_0111,258,Northern pike,Esox lucius,Esociformes,Esocidae,Esox,-16.25,11.43,0.45,3.04,SD,5,Muscle
ID_0111,3445,Johnny darter,Etheostoma nigrum,Perciformes/Percoidei,Percidae,Etheostoma,-17.67,5.61,1.01,1.8,SD,7,Muscle
ID_0111,2867,Spottail shiner,Notropis hudsonius,Cypriniformes,Leuciscidae,Notropis,-17.49,7.94,1.32,1.76,SD,5,Muscle
ID_0111,3516,Walleye,Sander vitreus,Perciformes/Percoidei,Percidae,Sander,-18.13,10.93,1.34,2.09,SD,6,Muscle
ID_0112,2965,White sucker,Catostomus commersonii,Cypriniformes,Catostomidae,Catostomus,-18.78,12.35,2.1,0.6,SD,8,Muscle
ID_0112,258,Northern pike,Esox lucius,Esociformes,Esocidae,Esox,-17.25,13.57,2.32,0.64,SD,7,Muscle
ID_0112,3445,Johnny darter,Etheostoma nigrum,Perciformes/Percoidei,Percidae,Etheostoma,-18.9,12.71,1.59,0.85,SD,8,Muscle
ID_0112,2867,Spottail shiner,Notropis hudsonius,Cypriniformes,Leuciscidae,Notropis,-17.14,12.19,1.31,0.41,SD,4,Muscle
ID_0112,3516,Walleye,Sander vitreus,Perciformes/Percoidei,Percidae,Sander,-19.32,13.93,0.94,0.46,SD,4,Muscle
ID_0113,2743,Central stoneroller,Campostoma anomalum,Cypriniformes,Leuciscidae,Campostoma,-27.53,5.26,NA,NA,NA,NA,NA
ID_0113,3468,Orangethroat darter,Etheostoma spectabile,Perciformes/Percoidei,Percidae,Etheostoma,-26.85,7.3,NA,NA,NA,NA,NA
ID_0113,3377,Longear sunfish,Lepomis megalotis,Centrarchiformes,Centrarchidae,Lepomis,-25.15,6.69,NA,NA,NA,NA,NA
ID_0113,3030,Slender madtom,Noturus exilis,Siluriformes,Ictaluridae,Noturus,-24.79,7.59,NA,NA,NA,NA,NA
ID_0114,2743,Central stoneroller,Campostoma anomalum,Cypriniformes,Leuciscidae,Campostoma,-23.34,4.12,NA,NA,NA,NA,NA
ID_0114,3468,Orangethroat darter,Etheostoma spectabile,Perciformes/Percoidei,Percidae,Etheostoma,-25.25,6.81,NA,NA,NA,NA,NA
ID_0114,3377,Longear sunfish,Lepomis megalotis,Centrarchiformes,Centrarchidae,Lepomis,-23.95,6.03,NA,NA,NA,NA,NA
ID_0114,3030,Slender madtom,Noturus exilis,Siluriformes,Ictaluridae,Noturus,-24.28,7.1,NA,NA,NA,NA,NA
ID_0115,2743,Central stoneroller,Campostoma anomalum,Cypriniformes,Leuciscidae,Campostoma,-26.66,5.33,NA,NA,NA,NA,Whole
ID_0115,3468,Orangethroat darter,Etheostoma spectabile,Perciformes/Percoidei,Percidae,Etheostoma,-24.17,6.8,NA,NA,NA,NA,Whole
ID_0115,3377,Longear sunfish,Lepomis megalotis,Centrarchiformes,Centrarchidae,Lepomis,-23.69,6.11,NA,NA,NA,NA,Whole
ID_0115,3030,Slender madtom,Noturus exilis,Siluriformes,Ictaluridae,Noturus,-25.28,8.43,NA,NA,NA,NA,Whole
ID_0116,2743,Central stoneroller,Campostoma anomalum,Cypriniformes,Leuciscidae,Campostoma,-25.84,4.65,NA,NA,NA,NA,Whole
ID_0116,3468,Orangethroat darter,Etheostoma spectabile,Perciformes/Percoidei,Percidae,Etheostoma,-24.99,5.97,NA,NA,NA,NA,Whole
ID_0116,3377,Longear sunfish,Lepomis megalotis,Centrarchiformes,Centrarchidae,Lepomis,-23.71,5.64,NA,NA,NA,NA,Whole
ID_0116,3030,Slender madtom,Noturus exilis,Siluriformes,Ictaluridae,Noturus,-24.78,5.52,NA,NA,NA,NA,Whole
ID_0117,2743,Central stoneroller,Campostoma anomalum,Cypriniformes,Leuciscidae,Campostoma,-25.51,4.68,NA,NA,NA,NA,Whole
ID_0117,3468,Orangethroat darter,Etheostoma spectabile,Perciformes/Percoidei,Percidae,Etheostoma,-23.62,6.22,NA,NA,NA,NA,Whole
ID_0117,3377,Longear sunfish,Lepomis megalotis,Centrarchiformes,Centrarchidae,Lepomis,-23.91,5.67,NA,NA,NA,NA,Whole
ID_0117,3030,Slender madtom,Noturus exilis,Siluriformes,Ictaluridae,Noturus,-24.28,6.61,NA,NA,NA,NA,Whole
ID_0118,2743,Central stoneroller,Campostoma anomalum,Cypriniformes,Leuciscidae,Campostoma,-29.93,5.9,NA,NA,NA,NA,Whole
ID_0118,3468,Orangethroat darter,Etheostoma spectabile,Perciformes/Percoidei,Percidae,Etheostoma,-28.53,8.56,NA,NA,NA,NA,Whole
ID_0118,3377,Longear sunfish,Lepomis megalotis,Centrarchiformes,Centrarchidae,Lepomis,-29.08,7.87,NA,NA,NA,NA,Whole
ID_0118,3030,Slender madtom,Noturus exilis,Siluriformes,Ictaluridae,Noturus,-25.74,7.62,NA,NA,NA,NA,Whole
ID_0119,2743,Central stoneroller,Campostoma anomalum,Cypriniformes,Leuciscidae,Campostoma,-28.89,5.74,NA,NA,NA,NA,Whole
ID_0119,3468,Orangethroat darter,Etheostoma spectabile,Perciformes/Percoidei,Percidae,Etheostoma,-28.08,8.19,NA,NA,NA,NA,Whole
ID_0119,3377,Longear sunfish,Lepomis megalotis,Centrarchiformes,Centrarchidae,Lepomis,-26.9,7.32,NA,NA,NA,NA,Whole
ID_0119,3030,Slender madtom,Noturus exilis,Siluriformes,Ictaluridae,Noturus,-26.17,7.65,NA,NA,NA,NA,Whole
ID_0120,2743,Central stoneroller,Campostoma anomalum,Cypriniformes,Leuciscidae,Campostoma,-30.18,5.64,NA,NA,NA,NA,Whole
ID_0120,3468,Orangethroat darter,Etheostoma spectabile,Perciformes/Percoidei,Percidae,Etheostoma,-27.64,8.01,NA,NA,NA,NA,Whole
ID_0120,3377,Longear sunfish,Lepomis megalotis,Centrarchiformes,Centrarchidae,Lepomis,-26.56,6.72,NA,NA,NA,NA,Whole
ID_0120,3030,Slender madtom,Noturus exilis,Siluriformes,Ictaluridae,Noturus,-26.8,7.74,NA,NA,NA,NA,Whole
ID_0121,2743,Central stoneroller,Campostoma anomalum,Cypriniformes,Leuciscidae,Campostoma,-29.38,4.75,NA,NA,NA,NA,Whole
ID_0121,3468,Orangethroat darter,Etheostoma spectabile,Perciformes/Percoidei,Percidae,Etheostoma,-26.97,7.19,NA,NA,NA,NA,Whole
ID_0121,3377,Longear sunfish,Lepomis megalotis,Centrarchiformes,Centrarchidae,Lepomis,-25.68,6.44,NA,NA,NA,NA,Whole
ID_0121,3030,Slender madtom,Noturus exilis,Siluriformes,Ictaluridae,Noturus,-26.27,7.37,NA,NA,NA,NA,Whole
ID_0122,2743,Central stoneroller,Campostoma anomalum,Cypriniformes,Leuciscidae,Campostoma,-26.96,5.9,NA,NA,NA,NA,Whole
ID_0122,3468,Orangethroat darter,Etheostoma spectabile,Perciformes/Percoidei,Percidae,Etheostoma,-26.11,7.7,NA,NA,NA,NA,Whole
ID_0122,3377,Longear sunfish,Lepomis megalotis,Centrarchiformes,Centrarchidae,Lepomis,-23.75,6.93,NA,NA,NA,NA,Whole
ID_0122,3030,Slender madtom,Noturus exilis,Siluriformes,Ictaluridae,Noturus,-24.11,8.32,NA,NA,NA,NA,Whole
ID_0123,2743,Central stoneroller,Campostoma anomalum,Cypriniformes,Leuciscidae,Campostoma,-27.36,6.08,NA,NA,NA,NA,Whole
ID_0123,3468,Orangethroat darter,Etheostoma spectabile,Perciformes/Percoidei,Percidae,Etheostoma,-25.21,8.45,NA,NA,NA,NA,Whole
ID_0123,3377,Longear sunfish,Lepomis megalotis,Centrarchiformes,Centrarchidae,Lepomis,-23.96,7.54,NA,NA,NA,NA,Whole
ID_0123,3030,Slender madtom,Noturus exilis,Siluriformes,Ictaluridae,Noturus,-24.43,8.2,NA,NA,NA,NA,Whole
ID_0124,2743,Central stoneroller,Campostoma anomalum,Cypriniformes,Leuciscidae,Campostoma,-29.06,6.34,NA,NA,NA,NA,Whole
ID_0124,3468,Orangethroat darter,Etheostoma spectabile,Perciformes/Percoidei,Percidae,Etheostoma,-25.61,8.1,NA,NA,NA,NA,Whole
ID_0124,3377,Longear sunfish,Lepomis megalotis,Centrarchiformes,Centrarchidae,Lepomis,-23.98,7.41,NA,NA,NA,NA,Whole
ID_0124,3030,Slender madtom,Noturus exilis,Siluriformes,Ictaluridae,Noturus,-25.58,9.46,NA,NA,NA,NA,Whole
ID_0125,2743,Central stoneroller,Campostoma anomalum,Cypriniformes,Leuciscidae,Campostoma,-28.12,5.8,NA,NA,NA,NA,Whole
ID_0125,3468,Orangethroat darter,Etheostoma spectabile,Perciformes/Percoidei,Percidae,Etheostoma,-26.73,7.97,NA,NA,NA,NA,Whole
ID_0125,3377,Longear sunfish,Lepomis megalotis,Centrarchiformes,Centrarchidae,Lepomis,-25.91,7.1,NA,NA,NA,NA,Whole
ID_0125,3030,Slender madtom,Noturus exilis,Siluriformes,Ictaluridae,Noturus,-25.89,8.21,NA,NA,NA,NA,Whole
ID_0126,2743,Central stoneroller,Campostoma anomalum,Cypriniformes,Leuciscidae,Campostoma,-22.61,6.43,NA,NA,NA,NA,Whole
ID_0126,3468,Orangethroat darter,Etheostoma spectabile,Perciformes/Percoidei,Percidae,Etheostoma,-23.68,7.9,NA,NA,NA,NA,Whole
ID_0126,3377,Longear sunfish,Lepomis megalotis,Centrarchiformes,Centrarchidae,Lepomis,-23.71,4.41,NA,NA,NA,NA,Whole
ID_0126,3030,Slender madtom,Noturus exilis,Siluriformes,Ictaluridae,Noturus,-25.03,8.51,NA,NA,NA,NA,Whole
ID_0127,3577,Freshwater drum,Aplodinotus grunniens,Eupercaria/misc,Sciaenidae,Aplodinotus,-27.6,14.93,NA,NA,NA,NA,Muscle
ID_0127,1604,Gizzard Shad,Dorosoma cepedianum,Clupeiformes,Dorosomatidae,Dorosoma,-28.64,12.9,NA,NA,NA,NA,Muscle
ID_0127,290,Channel catfish,Ictalurus punctatus,Siluriformes,Ictaluridae,Ictalurus,-26.67,13.94,NA,NA,NA,NA,Muscle
ID_0127,3385,Largemouth bass,Micropterus salmoides,Centrarchiformes,Centrarchidae,Micropterus,-25.85,16.16,NA,NA,NA,NA,Muscle
ID_0127,3308,White bass,Morone chrysops,Eupercaria/misc,Moronidae,Morone,-27.18,15.57,NA,NA,NA,NA,Muscle
ID_0127,3388,Black crappie,Pomoxis nigromaculatus,Centrarchiformes,Centrarchidae,Pomoxis,-25.46,17.39,NA,NA,NA,NA,Muscle
ID_0128,3577,Freshwater drum,Aplodinotus grunniens,Eupercaria/misc,Sciaenidae,Aplodinotus,-25.24,11.72,NA,NA,NA,NA,Muscle
ID_0128,1604,Gizzard Shad,Dorosoma cepedianum,Clupeiformes,Dorosomatidae,Dorosoma,-26.05,16.32,NA,NA,NA,NA,Muscle
ID_0128,290,Channel catfish,Ictalurus punctatus,Siluriformes,Ictaluridae,Ictalurus,-25.3,15.49,NA,NA,NA,NA,Muscle
ID_0128,3385,Largemouth bass,Micropterus salmoides,Centrarchiformes,Centrarchidae,Micropterus,-25.51,16.16,NA,NA,NA,NA,Muscle
ID_0128,3308,White bass,Morone chrysops,Eupercaria/misc,Moronidae,Morone,-26.22,15.84,NA,NA,NA,NA,Muscle
ID_0128,3388,Black crappie,Pomoxis nigromaculatus,Centrarchiformes,Centrarchidae,Pomoxis,-25.76,16.36,NA,NA,NA,NA,Muscle
ID_0129,3577,Freshwater drum,Aplodinotus grunniens,Eupercaria/misc,Sciaenidae,Aplodinotus,-25.49,13.69,NA,NA,NA,NA,Muscle
ID_0129,1604,Gizzard Shad,Dorosoma cepedianum,Clupeiformes,Dorosomatidae,Dorosoma,-27.83,12.55,NA,NA,NA,NA,Muscle
ID_0129,290,Channel catfish,Ictalurus punctatus,Siluriformes,Ictaluridae,Ictalurus,-20.91,12,NA,NA,NA,NA,Muscle
ID_0129,3385,Largemouth bass,Micropterus salmoides,Centrarchiformes,Centrarchidae,Micropterus,-24.92,14,NA,NA,NA,NA,Muscle
ID_0129,3308,White bass,Morone chrysops,Eupercaria/misc,Moronidae,Morone,-28.21,16.72,NA,NA,NA,NA,Muscle
ID_0129,3051,Flathead catfish,Pylodictis olivaris,Siluriformes,Ictaluridae,Pylodictis,-22.99,13.89,NA,NA,NA,NA,Muscle
ID_0130,3577,Freshwater drum,Aplodinotus grunniens,Eupercaria/misc,Sciaenidae,Aplodinotus,-25.48,12.46,NA,NA,NA,NA,Muscle
ID_0130,1604,Gizzard Shad,Dorosoma cepedianum,Clupeiformes,Dorosomatidae,Dorosoma,-28.1,13.34,NA,NA,NA,NA,Muscle
ID_0130,290,Channel catfish,Ictalurus punctatus,Siluriformes,Ictaluridae,Ictalurus,-23.79,11.31,NA,NA,NA,NA,Muscle
ID_0130,3385,Largemouth bass,Micropterus salmoides,Centrarchiformes,Centrarchidae,Micropterus,-26.66,15.24,NA,NA,NA,NA,Muscle
ID_0130,3308,White bass,Morone chrysops,Eupercaria/misc,Moronidae,Morone,-28.59,16.79,NA,NA,NA,NA,Muscle
ID_0130,3051,Flathead catfish,Pylodictis olivaris,Siluriformes,Ictaluridae,Pylodictis,-25.26,13.71,NA,NA,NA,NA,Muscle
ID_0131,1604,Gizzard Shad,Dorosoma cepedianum,Clupeiformes,Dorosomatidae,Dorosoma,-29.01,15.99,NA,NA,NA,NA,Muscle
ID_0131,3374,Orangespotted sunfish,Lepomis humilis,Centrarchiformes,Centrarchidae,Lepomis,-26.79,14.68,NA,NA,NA,NA,Muscle
ID_0131,3385,Largemouth bass,Micropterus salmoides,Centrarchiformes,Centrarchidae,Micropterus,-26.95,17.66,NA,NA,NA,NA,Muscle
ID_0131,2824,Emerald shiner,Notropis atherinoides,Cypriniformes,Leuciscidae,Notropis,-26.18,14.36,NA,NA,NA,NA,Muscle
ID_0132,1604,Gizzard Shad,Dorosoma cepedianum,Clupeiformes,Dorosomatidae,Dorosoma,-26.6,14.34,NA,NA,NA,NA,Muscle
ID_0132,3374,Orangespotted sunfish,Lepomis humilis,Centrarchiformes,Centrarchidae,Lepomis,-28.86,15.01,NA,NA,NA,NA,Muscle
ID_0132,3385,Largemouth bass,Micropterus salmoides,Centrarchiformes,Centrarchidae,Micropterus,-26.59,16.67,NA,NA,NA,NA,Muscle
ID_0132,2824,Emerald shiner,Notropis atherinoides,Cypriniformes,Leuciscidae,Notropis,-26.27,15.04,NA,NA,NA,NA,Muscle
ID_0133,2743,Central stoneroller,Campostoma anomalum,Cypriniformes,Leuciscidae,Campostoma,-32.7,9.3,NA,NA,SE,1,Muscle
ID_0133,2928,Redbelly dace,Chrosomus erythrogaster,Cypriniformes,Leuciscidae,Chrosomus,-24.4,7.7,NA,2.03,SE,NA,Muscle
ID_0133,3468,Orangethroat darter,Etheostoma spectabile,Perciformes/Percoidei,Percidae,Etheostoma,-28.7,8.2,0.51,0.5,SE,NA,Muscle
ID_0133,2952,Creek chub,Semotilus atromaculatus,Cypriniformes,Leuciscidae,Semotilus,-25.6,11.4,NA,NA,SE,1,Muscle
ID_0134,2743,Central stoneroller,Campostoma anomalum,Cypriniformes,Leuciscidae,Campostoma,-26.5,12.1,NA,NA,SE,1,Muscle
ID_0134,2928,Redbelly dace,Chrosomus erythrogaster,Cypriniformes,Leuciscidae,Chrosomus,-28.4,10.7,0.1,0.17,SE,3,Muscle
ID_0134,3468,Orangethroat darter,Etheostoma spectabile,Perciformes/Percoidei,Percidae,Etheostoma,-27.3,12,0.72,0.07,SE,3,Muscle
ID_0134,2952,Creek chub,Semotilus atromaculatus,Cypriniformes,Leuciscidae,Semotilus,-27.3,10.6,2.2,1.06,SE,3,Muscle
ID_0135,11159,Pike cichlid,Crenicichla lepidota,Cichliformes,Cichlidae,Crenicichla,-26.72,10.5,NA,NA,NA,NA,Muscle
ID_0135,56557,Pike cichlid,Crenicichla punctata,Cichliformes,Cichlidae,Crenicichla,-25.98,10.96,NA,NA,NA,NA,Muscle
ID_0135,4751,Peral cichlid,Geophagus brasiliensis,Cichliformes,Cichlidae,Geophagus,-28.31,8.04,NA,NA,NA,NA,Muscle
ID_0135,4757,Trahira,Hoplias malabaricus,Characiformes,Erythrinidae,Hoplias,-26.08,10.19,NA,NA,NA,NA,Muscle
ID_0135,50667,NA,Loricariichthys anus,Siluriformes,Loricariidae,Loricariichthys,-27.21,9.73,NA,NA,NA,NA,Muscle
ID_0135,52621,Dog-tooth characid,Oligosarcus robustus,Characiformes,Characidae,Oligosarcus,-26.63,11.5,NA,NA,NA,NA,Muscle
ID_0135,23451,NA,Pimelodus maculatus,Siluriformes,Pimelodidae,Pimelodus,-26.61,11.12,NA,NA,NA,NA,Muscle
ID_0135,8080,Characid,Psalidodon fasciatus,Characiformes,Characidae,Psalidodon,-26.27,11.28,NA,NA,NA,NA,Muscle
ID_0135,53683,Southern driftwood catfish,Trachelyopterus lucenai,Siluriformes,Auchenipteridae,Trachelyopterus,-25.98,9.63,NA,NA,NA,NA,Muscle
ID_0136,3577,Freshwater drum,Aplodinotus grunniens,Eupercaria/misc,Sciaenidae,Aplodinotus,-26.01,15.28,NA,NA,SE,NA,Muscle
ID_0136,1604,Gizzard Shad,Dorosoma cepedianum,Clupeiformes,Dorosomatidae,Dorosoma,-25.45,13.45,NA,NA,SE,NA,Muscle
ID_0136,290,Channel catfish,Ictalurus punctatus,Siluriformes,Ictaluridae,Ictalurus,-25.35,15.1,NA,NA,SE,NA,Muscle
ID_0136,2992,Smallmouth buffalo,Ictiobus bubalus,Cypriniformes,Catostomidae,Ictiobus,-25.16,15.14,NA,NA,SE,NA,Muscle
ID_0136,3375,Bluegill,Lepomis macrochirus,Centrarchiformes,Centrarchidae,Lepomis,-27.82,16.36,NA,NA,SE,NA,Muscle
ID_0136,3308,White bass,Morone chrysops,Eupercaria/misc,Moronidae,Morone,-25.92,16.22,NA,NA,SE,NA,Muscle
ID_0137,3577,Freshwater drum,Aplodinotus grunniens,Eupercaria/misc,Sciaenidae,Aplodinotus,-26.06,14.85,NA,NA,SE,NA,Muscle
ID_0137,1604,Gizzard Shad,Dorosoma cepedianum,Clupeiformes,Dorosomatidae,Dorosoma,-25.44,14.48,NA,NA,SE,NA,Muscle
ID_0137,2667,Mooneye,Hiodon tergisus,Hiodontiformes,Hiodontidae,Hiodon,-26.1,14.51,NA,NA,SE,NA,Muscle
ID_0137,290,Channel catfish,Ictalurus punctatus,Siluriformes,Ictaluridae,Ictalurus,-25.1,14.92,NA,NA,SE,NA,Muscle
ID_0137,3375,Bluegill,Lepomis macrochirus,Centrarchiformes,Centrarchidae,Lepomis,-25.27,15.8,NA,NA,SE,NA,Muscle
ID_0137,3308,White bass,Morone chrysops,Eupercaria/misc,Moronidae,Morone,-24.95,16.61,NA,NA,SE,NA,Muscle
ID_0138,3577,Freshwater drum,Aplodinotus grunniens,Eupercaria/misc,Sciaenidae,Aplodinotus,-24.24,15.98,NA,NA,SE,NA,Muscle
ID_0138,1450,Common carp,Cyprinus carpio,Cypriniformes,Cyprinidae,Cyprinus,-23.9,15.14,NA,NA,SE,NA,Muscle
ID_0138,1604,Gizzard Shad,Dorosoma cepedianum,Clupeiformes,Dorosomatidae,Dorosoma,-25.95,14.27,NA,NA,SE,NA,Muscle
ID_0138,290,Channel catfish,Ictalurus punctatus,Siluriformes,Ictaluridae,Ictalurus,-23.6,15.34,NA,NA,SE,NA,Muscle
ID_0138,2992,Smallmouth buffalo,Ictiobus bubalus,Cypriniformes,Catostomidae,Ictiobus,-24.32,15.5,NA,NA,SE,NA,Muscle
ID_0138,2597,Florida gar,Lepisosteus platostomus,Lepisosteiformes,Lepisosteidae,Lepisosteus,-25.39,18.69,NA,NA,SE,NA,Muscle
ID_0138,3375,Bluegill,Lepomis macrochirus,Centrarchiformes,Centrarchidae,Lepomis,-27.92,14.99,NA,NA,SE,NA,Muscle
ID_0138,3308,White bass,Morone chrysops,Eupercaria/misc,Moronidae,Morone,-25.83,16.7,NA,NA,SE,NA,Muscle
ID_0139,3577,Freshwater drum,Aplodinotus grunniens,Eupercaria/misc,Sciaenidae,Aplodinotus,-24.48,16.79,NA,NA,SE,NA,Muscle
ID_0139,1604,Gizzard Shad,Dorosoma cepedianum,Clupeiformes,Dorosomatidae,Dorosoma,-26.44,13.65,NA,NA,SE,NA,Muscle
ID_0139,290,Channel catfish,Ictalurus punctatus,Siluriformes,Ictaluridae,Ictalurus,-24.6,15.51,NA,NA,SE,NA,Muscle
ID_0139,2992,Smallmouth buffalo,Ictiobus bubalus,Cypriniformes,Catostomidae,Ictiobus,-26.28,15.24,NA,NA,SE,NA,Muscle
ID_0139,3308,White bass,Morone chrysops,Eupercaria/misc,Moronidae,Morone,-26.87,16.6,NA,NA,SE,NA,Muscle
ID_0140,27290,Oopu nakea goby,Awaous guamensis,Gobiiformes,Gobiidae,Awaous,-17.5,6.9,1.3,NA,SD,3,Muscle
ID_0140,6335,Oopu akupa goby,Eleotris sandwicensis,Gobiiformes,Eleotridae,Eleotris,-18.4,7,0.68,0.08,SD,5,Muscle
ID_0140,6343,Oopu alamoo,Lentipes concolor,Gobiiformes,Gobiidae,Lentipes,-17.7,7.8,0.6,0.33,SD,8,Muscle
ID_0140,6347,Stimpson's goby,Sicyopterus stimpsoni,Gobiiformes,Gobiidae,Sicyopterus,-17.1,5.3,1.02,NA,SD,8,Muscle
ID_0141,27290,Oopu nakea goby,Awaous guamensis,Gobiiformes,Gobiidae,Awaous,-18.3,7,1,0.3,SD,3,Muscle
ID_0141,6335,Oopu akupa goby,Eleotris sandwicensis,Gobiiformes,Eleotridae,Eleotris,-19.6,7.5,NA,NA,SD,1,Muscle
ID_0141,6343,Oopu alamoo,Lentipes concolor,Gobiiformes,Gobiidae,Lentipes,-19.5,7.3,1,0.43,SD,5,Muscle
ID_0141,6347,Stimpson's goby,Sicyopterus stimpsoni,Gobiiformes,Gobiidae,Sicyopterus,-14.6,5.5,NA,NA,SD,1,Muscle
ID_0142,258,Northern pike,Esox lucius,Esociformes,Esocidae,Esox,-30.6,13.9,0.1,0.2,SD,4,Muscle
ID_0142,358,Perch,Perca fluviatilis,Perciformes/Percoidei,Percidae,Perca,-31,12.4,0.6,0.9,SD,10,Muscle
ID_0142,272,Roach,Rutilus rutilus,Cypriniformes,Leuciscidae,Rutilus,-29.9,11,2.3,1.1,SD,18,Muscle
ID_0142,247,Arctic charr,Salvelinus alpinus,Salmoniformes,Salmonidae,Salvelinus,-35.1,14,1.4,0.6,SD,10,Muscle
ID_0143,232,European whitefish,Coregonus lavaretus,Salmoniformes,Salmonidae,Coregonus,-32.6,13.4,1,0.6,SD,23,Muscle
ID_0143,258,Northern pike,Esox lucius,Esociformes,Esocidae,Esox,-29.7,13.5,0.3,0.3,SD,6,Muscle
ID_0143,358,Perch,Perca fluviatilis,Perciformes/Percoidei,Percidae,Perca,-30.2,13.4,0.5,0.5,SD,11,Muscle
ID_0143,272,Roach,Rutilus rutilus,Cypriniformes,Leuciscidae,Rutilus,-28.7,10.9,1.6,1.1,SD,9,Muscle
ID_0143,247,Arctic charr,Salvelinus alpinus,Salmoniformes,Salmonidae,Salvelinus,-34,13.8,1,0.6,SD,9,Muscle
ID_0144,232,European whitefish,Coregonus lavaretus,Salmoniformes,Salmonidae,Coregonus,-31.7,12.9,0.7,0.9,SD,35,Muscle
ID_0144,258,Northern pike,Esox lucius,Esociformes,Esocidae,Esox,-30.4,12.8,0,0.2,SD,4,Muscle
ID_0144,272,Roach,Rutilus rutilus,Cypriniformes,Leuciscidae,Rutilus,-30,10.9,1.3,1.1,SD,24,Muscle
ID_0144,247,Arctic charr,Salvelinus alpinus,Salmoniformes,Salmonidae,Salvelinus,-34.6,13.3,1,0.9,SD,9,Muscle
ID_0145,232,European whitefish,Coregonus lavaretus,Salmoniformes,Salmonidae,Coregonus,-33.5,13,0.3,0.5,SD,5,Muscle
ID_0145,258,Northern pike,Esox lucius,Esociformes,Esocidae,Esox,-30.4,13.2,0.5,0.5,SD,32,Muscle
ID_0145,358,Perch,Perca fluviatilis,Perciformes/Percoidei,Percidae,Perca,-31.4,12.8,1.6,0.5,SD,10,Muscle
ID_0145,272,Roach,Rutilus rutilus,Cypriniformes,Leuciscidae,Rutilus,-29.1,9.9,1.6,1.2,SD,4,Muscle
ID_0145,247,Arctic charr,Salvelinus alpinus,Salmoniformes,Salmonidae,Salvelinus,-34.4,13.4,1.3,0.5,SD,8,Muscle
ID_0146,1275,Giant mottled eel,Anguilla marmorata,Anguilliformes,Anguillidae,Anguilla,-23.4,18.4,0.3,0.4,SD,5,Muscle
ID_0146,1276,African longfin eel,Anguilla mossambica,Anguilliformes,Anguillidae,Anguilla,-25.5,16.1,1.4,2.8,SD,4,Muscle
ID_0146,1934,Sharptooth catfish,Clarias gariepinus,Siluriformes,Clariidae,Clarias,-25.7,15.9,2.4,1.7,SD,29,Muscle
ID_0146,1450,Common carp,Cyprinus carpio,Cypriniformes,Cyprinidae,Cyprinus,-24.4,15.7,1.6,1.5,SD,4,Muscle
ID_0146,3215,Mosquitofish,Gambusia affinis,Cyprinodontiformes,Poeciliidae,Gambusia,-23.3,15.2,0.2,1,SD,5,Muscle
ID_0146,1556,Gilchrist's round herring,Gilchristella aestuaria,Clupeiformes,Ehiravidae,Gilchristella,-30,18.3,0.5,0.4,SD,9,Muscle
ID_0146,9947,River goby,Glossogobius callidus,Gobiiformes,Gobiidae,Glossogobius,-27.7,15.8,2.3,1.8,SD,8,Muscle
ID_0146,5129,Orange River mudfish,Labeo capensis,Cypriniformes,Cyprinidae,Labeo,-26.9,13.2,0.9,0.4,SD,4,Muscle
ID_0146,7577,Moggel,Labeo umbratus,Cypriniformes,Cyprinidae,Labeo,-28.7,13.9,2,2.4,SD,26,Muscle
ID_0146,4818,Smallmouth yellowfish,Labeobarbus aeneus,Cypriniformes,Cyprinidae,Labeobarbus,-25.8,13.7,2,1.2,SD,47,Muscle
ID_0146,7858,Full moony,Monodactylus falciformis,Eupercaria/misc,Monodactylidae,Monodactylus,-26.8,18.2,3.4,1.5,SD,4,Muscle
ID_0146,785,Flathead grey mullet,Mugil cephalus,Mugiliformes,Mugilidae,Mugil,-31.7,16.9,1.3,1.4,SD,3,Muscle
ID_0146,3,Mozambique tilapia,Oreochromis mossambicus,Cichliformes,Cichlidae,Oreochromis,-28.5,16.8,NA,NA,SD,1,Muscle
ID_0146,4816,Large-scaled mullet,Planiliza macrolepis,Mugiliformes,Mugilidae,Planiliza,-31.6,17.9,NA,NA,SD,1,Muscle
ID_0146,5126,Smallspotted grunter,Pomadasys commersonnii,Eupercaria/misc,Haemulidae,Pomadasys,-23.1,16.7,NA,NA,SD,1,Muscle
ID_0146,9985,Knysna sandgoby,Psammogobius knysnaensis,Gobiiformes,Gobiidae,Psammogobius,-23.4,16.6,0.5,0.2,SD,3,Muscle
ID_0146,6334,Freshwater mullet,Pseudomyxus capensis,Mugiliformes,Mugilidae,Pseudomyxus,-26.2,16.7,3.2,0.6,SD,10,Muscle
ID_0146,6346,Checked goby,Redigobius dewaali,Gobiiformes,Gobiidae,Redigobius,-24.6,16.7,0.4,0.3,SD,3,Muscle
ID_0146,5535,Cape stumpnose,Rhabdosargus holubi,Eupercaria/misc,Sparidae,Rhabdosargus,-23.8,17.2,2,1,SD,5,Muscle
ID_0146,4719,Banded tilapia,Tilapia sparrmanii,Cichliformes,Cichlidae,Tilapia,-27.8,15,1.3,0.9,SD,6,Muscle
ID_0147,1275,Giant mottled eel,Anguilla marmorata,Anguilliformes,Anguillidae,Anguilla,-23.2,18.7,NA,NA,SD,1,Muscle
ID_0147,1276,African longfin eel,Anguilla mossambica,Anguilliformes,Anguillidae,Anguilla,-29.1,19.5,1.3,1.8,SD,5,Muscle
ID_0147,1934,Sharptooth catfish,Clarias gariepinus,Siluriformes,Clariidae,Clarias,-27.5,18.4,1.8,1.9,SD,24,Muscle
ID_0147,1450,Common carp,Cyprinus carpio,Cypriniformes,Cyprinidae,Cyprinus,-30,17.8,1.4,1.6,SD,5,Muscle
ID_0147,12345,Goldie barb,Enteromius pallidus,Cypriniformes,Cyprinidae,Enteromius,-28.8,18.4,1.1,0.9,SD,17,Muscle
ID_0147,1556,Gilchrist's round herring,Gilchristella aestuaria,Clupeiformes,Ehiravidae,Gilchristella,-30.3,17.7,0.7,1.1,SD,2,Muscle
ID_0147,9947,River goby,Glossogobius callidus,Gobiiformes,Gobiidae,Glossogobius,-28.8,18.4,1.2,0.5,SD,12,Muscle
ID_0147,7858,Full moony,Monodactylus falciformis,Eupercaria/misc,Monodactylidae,Monodactylus,-30.6,19.7,1.8,0.9,SD,5,Muscle
ID_0147,785,Flathead grey mullet,Mugil cephalus,Mugiliformes,Mugilidae,Mugil,-34,15.6,NA,NA,SD,1,Muscle
ID_0147,3,Mozambique tilapia,Oreochromis mossambicus,Cichliformes,Cichlidae,Oreochromis,-28.3,16.1,2.6,1.2,SD,11,Muscle
ID_0147,6334,Freshwater mullet,Pseudomyxus capensis,Mugiliformes,Mugilidae,Pseudomyxus,-30.1,18,2.3,0.9,SD,12,Muscle
ID_0147,5535,Cape stumpnose,Rhabdosargus holubi,Eupercaria/misc,Sparidae,Rhabdosargus,-28.9,16.1,NA,NA,SD,1,Muscle
ID_0147,4719,Banded tilapia,Tilapia sparrmanii,Cichliformes,Cichlidae,Tilapia,-29.3,16.3,1.1,1.5,SD,12,Muscle
ID_0148,1934,Sharptooth catfish,Clarias gariepinus,Siluriformes,Clariidae,Clarias,-26.4,18.9,0.4,0.5,SD,NA,Muscle
ID_0148,1450,Common carp,Cyprinus carpio,Cypriniformes,Cyprinidae,Cyprinus,-24.6,16.7,0.8,0.5,SD,NA,Muscle
ID_0148,7577,Moggel,Labeo umbratus,Cypriniformes,Cyprinidae,Labeo,-24.7,18.2,0.8,0.5,SD,NA,Muscle
ID_0148,4818,Smallmouth yellowfish,Labeobarbus aeneus,Cypriniformes,Cyprinidae,Labeobarbus,-26.8,15.8,1.2,1.1,SD,NA,Muscle
ID_0149,1583,Alewife,Alosa pseudoharengus,Clupeiformes,Alosidae,Alosa,-30,9.4,NA,NA,NA,NA,Muscle
ID_0149,291,Black bullhead,Ameiurus melas,Siluriformes,Ictaluridae,Ameiurus,-29.9,10.3,NA,NA,NA,NA,Muscle
ID_0149,3022,Brown bullhead,Ameiurus nebulosus,Siluriformes,Ictaluridae,Ameiurus,-29.1,11.5,NA,NA,NA,NA,Muscle
ID_0149,2965,White sucker,Catostomus commersonii,Cypriniformes,Catostomidae,Catostomus,-30.4,8.8,NA,NA,NA,NA,Muscle
ID_0149,1450,Common carp,Cyprinus carpio,Cypriniformes,Cyprinidae,Cyprinus,-29.7,9.3,NA,NA,NA,NA,Muscle
ID_0149,258,Northern pike,Esox lucius,Esociformes,Esocidae,Esox,-29.2,11.7,NA,NA,NA,NA,Muscle
ID_0149,3445,Johnny darter,Etheostoma nigrum,Perciformes/Percoidei,Percidae,Etheostoma,-27.9,10.2,NA,NA,NA,NA,Muscle
ID_0149,3308,White bass,Morone chrysops,Eupercaria/misc,Moronidae,Morone,-30.3,9.7,NA,NA,NA,NA,Muscle
ID_0149,2824,Emerald shiner,Notropis atherinoides,Cypriniformes,Leuciscidae,Notropis,-29.1,10.2,NA,NA,NA,NA,Muscle
ID_0149,2867,Spottail shiner,Notropis hudsonius,Cypriniformes,Leuciscidae,Notropis,-29.3,9.9,NA,NA,NA,NA,Muscle
ID_0149,253,Rainbow smelt,Osmerus mordax,Osmeriformes,Osmeridae,Osmerus,-28.6,9.5,NA,NA,NA,NA,Muscle
ID_0149,359,Yellow perch,Perca flavescens,Perciformes/Percoidei,Percidae,Perca,-29.5,10.3,NA,NA,NA,NA,Muscle
ID_0149,3489,Logperch,Percina caprodes,Perciformes/Percoidei,Percidae,Percina,-28.65,8.8,NA,NA,NA,NA,Muscle
ID_0149,3065,Trout perch,Percopsis omiscomaycus,Percopsiformes,Percopsidae,Percopsis,-31,9.9,NA,NA,NA,NA,Muscle
ID_0149,3388,Black crappie,Pomoxis nigromaculatus,Centrarchiformes,Centrarchidae,Pomoxis,-28.8,12.1,NA,NA,NA,NA,Muscle
ID_0149,3516,Walleye,Sander vitreus,Perciformes/Percoidei,Percidae,Sander,-28.1,10.9,NA,NA,NA,NA,Muscle
ID_0150,2962,Longnose sucker,Catostomus catostomus,Cypriniformes,Catostomidae,Catostomus,-24.8,8.4,NA,NA,NA,NA,Muscle
ID_0150,235,Lake cisco,Coregonus artedi,Salmoniformes,Salmonidae,Coregonus,-26.2,7.8,NA,NA,NA,NA,Muscle
ID_0150,239,Rainbow trout,Oncorhynchus mykiss,Salmoniformes,Salmonidae,Oncorhynchus,-24.4,8.3,NA,NA,NA,NA,Muscle
ID_0150,253,Rainbow smelt,Osmerus mordax,Osmeriformes,Osmeridae,Osmerus,-25.15,6.75,NA,NA,NA,NA,Muscle
ID_0150,248,Lake trout,Salvelinus namaycush,Salmoniformes,Salmonidae,Salvelinus,-24.8,10.3,NA,NA,NA,NA,Muscle
ID_0150,3516,Walleye,Sander vitreus,Perciformes/Percoidei,Percidae,Sander,-23.65,9.7,NA,NA,NA,NA,Muscle
ID_0151,2191,NA,Alticorpus macrocleithrum,Cichliformes,Cichlidae,Alticorpus,-23.95,8.49,0.77,0.39,SD,7,Muscle
ID_0151,2192,NA,Alticorpus mentale,Cichliformes,Cichlidae,Alticorpus,-23.29,7.74,1.43,1.24,SD,6,Muscle
ID_0151,2296,NA,Copadichromis virginalis,Cichliformes,Cichlidae,Copadichromis,-23.02,6.33,0.29,0.56,SD,6,Muscle
ID_0151,57569,NA,Diplotaxodon limnothrissa,Cichliformes,Cichlidae,Diplotaxodon,-22.23,7.13,0.56,0.77,SD,6,Muscle
ID_0151,52731,NA,Diplotaxodon macrops,Cichliformes,Cichlidae,Diplotaxodon,-21.63,8.49,0.56,0.4,SD,7,Muscle
ID_0151,2154,NA,Lethrinops argenteus,Cichliformes,Cichlidae,Lethrinops,-20.02,6.97,0.66,0.49,SD,6,Muscle
ID_0151,2158,NA,Lethrinops gossei,Cichliformes,Cichlidae,Lethrinops,-22.66,8.07,1.12,0.46,SD,7,Muscle
ID_0151,2235,NA,Mylochromis anaphyrmus,Cichliformes,Cichlidae,Mylochromis,-20.17,6.56,0.25,0.13,SD,6,Muscle
ID_0151,2310,NA,Taeniolethrinops praeorbitalis,Cichliformes,Cichlidae,Taeniolethrinops,-19.12,6.62,1.21,0.63,SD,7,Muscle
ID_0152,57150,South American catfish2,Auchenipterus osteomystax,Siluriformes,Auchenipteridae,Auchenipterus,-29.2,10.69,1.2,NA,NA,9,Muscle
ID_0152,48470,Mandi,Iheringichthys labrosus,Siluriformes,Pimelodidae,Iheringichthys,-29.9,11.71,2.34,NA,NA,9,Muscle
ID_0152,12330,Threespot leporinus,Leporinus friderici,Characiformes,Anostomidae,Leporinus,-28.3,6.95,1.19,NA,NA,7,Muscle
ID_0152,52573,NA,Leporinus lacustris,Characiformes,Anostomidae,Leporinus,-28.4,11.03,2.29,NA,NA,12,Muscle
ID_0152,50677,NA,Loricariichthys platymetopon,Siluriformes,Loricariidae,Loricariichthys,-28,7.97,2.19,NA,NA,10,Muscle
ID_0152,53266,Characin,Schizodon borellii,Characiformes,Anostomidae,Schizodon,-26.8,6.61,2.46,NA,NA,6,Muscle
ID_0152,55016,Piranha,Serrasalmus marginatus,Characiformes,Serrasalmidae,Serrasalmus,-27.6,5.93,1.42,NA,NA,9,Muscle
ID_0153,295,NA,Anguilla japonica,Anguilliformes,Anguillidae,Anguilla,-18.1,15.5,NA,NA,NA,1,Muscle/Whole
ID_0153,271,Goldfish,Carassius auratus,Cypriniformes,Cyprinidae,Carassius,-19.2,10.9,2.2,0.4,SD,3,Muscle/Whole
ID_0153,4799,Snakehead,Channa argus,Anabantiformes,Channidae,Channa,-19.7,17.2,0.7,0.5,SD,3,Muscle/Whole
ID_0153,46610,NA,Chanodichthys dabryi,Cypriniformes,Xenocyprididae,Chanodichthys,-23.2,18.4,NA,NA,NA,1,Muscle/Whole
ID_0153,4635,Predatory carp,Chanodichthys erythropterus,Cypriniformes,Xenocyprididae,Chanodichthys,-22.3,15.5,0.6,0.3,SD,3,Muscle/Whole
ID_0153,46706,NA,Chanodichthys mongolicus,Cypriniformes,Xenocyprididae,Chanodichthys,-23,16.5,NA,NA,NA,1,Muscle/Whole
ID_0153,630,NA,Coilia nasus,Clupeiformes,Engraulidae,Coilia,-22.5,15.8,1.3,0.5,SD,4,Muscle/Whole
ID_0153,79,Grass carp,Ctenopharyngodon idella,Cypriniformes,Xenocyprididae,Ctenopharyngodon,-22.9,9.9,0.6,0.5,SD,3,Muscle/Whole
ID_0153,46708,Topmouth culter,Culter alburnus,Cypriniformes,Xenocyprididae,Culter,-23.8,17.8,0.2,0.8,SD,3,Muscle/Whole
ID_0153,1450,Common carp,Cyprinus carpio,Cypriniformes,Cyprinidae,Cyprinus,-20.8,12.5,0.5,0.2,SD,3,Muscle/Whole
ID_0153,12068,Yellowcheek carp,Elopichthys bambusa,Cypriniformes,Xenocyprididae,Elopichthys,-23.9,18.6,NA,NA,NA,1,Muscle/Whole
ID_0153,4752,Spotted steed,Hemibarbus maculatus,Cypriniformes,Gobionidae,Hemibarbus,-19.7,15.2,1.2,0.6,SD,3,Muscle/Whole
ID_0153,4755,Sharpbelly,Hemiculter leucisculus,Cypriniformes,Xenocyprididae,Hemiculter,-23.5,15,0.9,0.8,SD,4,Muscle/Whole
ID_0153,274,Silver carp,Hypophthalmichthys molitrix,Cypriniformes,Xenocyprididae,Hypophthalmichthys,-24.7,11.2,0.8,0.3,SD,3,Muscle/Whole
ID_0153,275,Bighead carp,Hypophthalmichthys nobilis,Cypriniformes,Xenocyprididae,Hypophthalmichthys,-25.7,12.1,1.2,0.6,SD,3,Muscle/Whole
ID_0153,285,Wuchang bream,Megalobrama amblycephala,Cypriniformes,Xenocyprididae,Megalobrama,-23.4,10.7,0.4,0.6,SD,3,Muscle/Whole
ID_0153,4602,Black carp,Mylopharyngodon piceus,Cypriniformes,Xenocyprididae,Mylopharyngodon,-20.2,13.5,0.6,0.3,SD,3,Muscle/Whole
ID_0153,47135,NA,Neosalanx jordani,Osmeriformes,Salangidae,Neosalanx,-24.9,12,0.5,0.2,SD,3,Muscle/Whole
ID_0153,282,White amur bream,Parabramis pekinensis,Cypriniformes,Xenocyprididae,Parabramis,-23.9,11.1,0.6,0.6,SD,3,Muscle/Whole
ID_0153,54127,NA,Paracanthobrama guichenoti,Cypriniformes,Gobionidae,Paracanthobrama,-19.1,13.2,1,0.3,SD,3,Muscle/Whole
ID_0153,12236,Clearhead icefish,Protosalanx hyalocranius,Osmeriformes,Salangidae,Protosalanx,-24.8,13.7,0.2,0.1,SD,3,Muscle/Whole
ID_0153,56111,NA,Pseudobrama simoni,Cypriniformes,Xenocyprididae,Pseudobrama,-25.1,13.2,0.4,0.2,SD,3,Muscle/Whole
ID_0153,4691,Stone moroko,Pseudorasbora parva,Cypriniformes,Gobionidae,Pseudorasbora,-24,14.2,0.2,0.2,SD,4,Muscle/Whole
ID_0153,6566,Amur catfish,Silurus asotus,Siluriformes,Siluridae,Silurus,-19.6,14.8,2.4,0.1,SD,3,Muscle/Whole
ID_0153,28054,Mandarin fish,Siniperca chuatsi,Centrarchiformes,Sinipercidae,Siniperca,-18.4,16.6,1.3,0,SD,3,Muscle/Whole
ID_0153,55170,Big-eye mandarin fish,Siniperca knerii,Centrarchiformes,Sinipercidae,Siniperca,-19.6,15.6,0.3,2,SD,2,Muscle/Whole
ID_0153,28052,Yellow catfish,Tachysurus fulvidraco,Siluriformes,Bagridae,Tachysurus,-20.2,14.5,0.4,0.3,SD,4,Muscle/Whole
ID_0154,2740,Mexican tetra,Astyanax mexicanus,Characiformes,Characidae,Astyanax,-22.24,12.81,NA,NA,NA,NA,Fin
ID_0154,6249,Pupfish,Cyprinodon bifasciatus,Cyprinodontiformes,Cyprinodontidae,Cyprinodon,-24.62,16.91,NA,NA,NA,NA,Fin
ID_0154,27087,Mosquitofish,Gambusia marshi,Cyprinodontiformes,Poeciliidae,Gambusia,-24.55,16.13,NA,NA,NA,NA,Fin
ID_0154,6320,Cichlid,Herichthys minckleyi,Cichliformes,Cichlidae,Herichthys,-23.17,16.02,NA,NA,NA,NA,Fin
ID_0154,NA,NA,Micropterus sp,Centrarchiformes,Centrarchidae,Micropterus,-22.98,19.79,NA,NA,NA,NA,Fin
ID_0154,62877,Exotic cichlid,Rubricatochromis guttatus,Cichliformes,Cichlidae,Rubricatochromis,-23.98,17.27,NA,NA,NA,NA,Fin
ID_0155,2965,White sucker,Catostomus commersonii,Cypriniformes,Catostomidae,Catostomus,-27.9,7.1,NA,NA,NA,NA,Muscle
ID_0155,2927,Northern Redbelly dace,Chrosomus eos,Cypriniformes,Leuciscidae,Chrosomus,-29.5,7.8,NA,NA,NA,NA,Muscle
ID_0155,4083,Sculpin,Cottus ricei,Perciformes/Cottoidei,Cottidae,Cottus,-27.3,7.4,NA,NA,NA,NA,Muscle
ID_0155,2748,Lake chub,Couesius plumbeus,Cypriniformes,Leuciscidae,Couesius,-25.4,6.9,NA,NA,NA,NA,Muscle
ID_0155,3271,Five spine stickleback,Culaea inconstans,Perciformes/Gasterosteoidei,Gasterosteidae,Culaea,-30,8,NA,NA,NA,NA,Muscle
ID_0155,3420,Iowa darter,Etheostoma exile,Perciformes/Percoidei,Percidae,Etheostoma,-30.5,10.6,NA,NA,NA,NA,Muscle
ID_0155,2521,American brook lamprey,Lethenteron appendix,Petromyzontiformes,Petromyzontidae,Lethenteron,-24,3,NA,NA,NA,NA,Muscle
ID_0155,310,Burbot,Lota lota,Gadiformes,Lotidae,Lota,-30.4,8.5,NA,NA,NA,NA,Muscle
ID_0155,3489,Logperch,Percina caprodes,Perciformes/Percoidei,Percidae,Percina,-25.9,7.6,NA,NA,NA,NA,Muscle
ID_0155,3065,Trout perch,Percopsis omiscomaycus,Percopsiformes,Percopsidae,Percopsis,-23.8,8.1,NA,NA,NA,NA,Muscle
ID_0155,2943,Blacknose dace,Rhinichthys atratulus,Cypriniformes,Leuciscidae,Rhinichthys,-25.2,7.5,NA,NA,NA,NA,Muscle
ID_0155,2944,Longnose dace,Rhinichthys cataractae,Cypriniformes,Leuciscidae,Rhinichthys,-27.6,7,NA,NA,NA,NA,Muscle
ID_0155,246,Brook trout,Salvelinus fontinalis,Salmoniformes,Salmonidae,Salvelinus,-26.5,7.7,NA,NA,NA,NA,Muscle
ID_0155,2952,Creek chub,Semotilus atromaculatus,Cypriniformes,Leuciscidae,Semotilus,-25.8,7.5,NA,NA,NA,NA,Muscle
ID_0156,2965,White sucker,Catostomus commersonii,Cypriniformes,Catostomidae,Catostomus,-24,7,NA,NA,NA,NA,Muscle
ID_0156,2927,Northern Redbelly dace,Chrosomus eos,Cypriniformes,Leuciscidae,Chrosomus,-27.2,7.9,NA,NA,NA,NA,Muscle
ID_0156,4083,Sculpin,Cottus ricei,Perciformes/Cottoidei,Cottidae,Cottus,-27.8,7.6,NA,NA,NA,NA,Muscle
ID_0156,2748,Lake chub,Couesius plumbeus,Cypriniformes,Leuciscidae,Couesius,-25.9,7.5,NA,NA,NA,NA,Muscle
ID_0156,3271,Five spine stickleback,Culaea inconstans,Perciformes/Gasterosteoidei,Gasterosteidae,Culaea,-28.8,8,NA,NA,NA,NA,Muscle
ID_0156,3420,Lowa darter,Etheostoma exile,Perciformes/Percoidei,Percidae,Etheostoma,-28.5,10.6,NA,NA,NA,NA,Muscle
ID_0156,2521,American brook lamprey,Lethenteron appendix,Petromyzontiformes,Petromyzontidae,Lethenteron,-25.5,2.9,NA,NA,NA,NA,Muscle
ID_0156,310,Burbot,Lota lota,Gadiformes,Lotidae,Lota,-29.4,9.1,NA,NA,NA,NA,Muscle
ID_0156,3489,Logperch,Percina caprodes,Perciformes/Percoidei,Percidae,Percina,-28.4,8.4,NA,NA,NA,NA,Muscle
ID_0156,3065,Trout perch,Percopsis omiscomaycus,Percopsiformes,Percopsidae,Percopsis,-24.6,8.2,NA,NA,NA,NA,Muscle
ID_0156,2943,Blacknose dace,Rhinichthys atratulus,Cypriniformes,Leuciscidae,Rhinichthys,-26.1,7.1,NA,NA,NA,NA,Muscle
ID_0156,2944,Longnose dace,Rhinichthys cataractae,Cypriniformes,Leuciscidae,Rhinichthys,-27.5,7.1,NA,NA,NA,NA,Muscle
ID_0156,246,Brook trout,Salvelinus fontinalis,Salmoniformes,Salmonidae,Salvelinus,-26.2,7,NA,NA,NA,NA,Muscle
ID_0156,2952,Creek chub,Semotilus atromaculatus,Cypriniformes,Leuciscidae,Semotilus,-25.5,7.3,NA,NA,NA,NA,Muscle
ID_0157,2965,White sucker,Catostomus commersonii,Cypriniformes,Catostomidae,Catostomus,-28,9.5,NA,NA,NA,NA,Muscle
ID_0157,4083,Sculpin,Cottus ricei,Perciformes/Cottoidei,Cottidae,Cottus,-32,11.7,NA,NA,NA,NA,Muscle
ID_0157,2748,Lake chub,Couesius plumbeus,Cypriniformes,Leuciscidae,Couesius,-29.2,10,NA,NA,NA,NA,Muscle
ID_0157,3271,Five spine stickleback,Culaea inconstans,Perciformes/Gasterosteoidei,Gasterosteidae,Culaea,-30,10.2,NA,NA,NA,NA,Muscle
ID_0157,3420,Iowa darter,Etheostoma exile,Perciformes/Percoidei,Percidae,Etheostoma,-26.8,7.7,NA,NA,NA,NA,Muscle
ID_0157,310,Burbot,Lota lota,Gadiformes,Lotidae,Lota,-30,10.8,NA,NA,NA,NA,Muscle
ID_0157,3065,Trout perch,Percopsis omiscomaycus,Percopsiformes,Percopsidae,Percopsis,-30,11.6,NA,NA,NA,NA,Muscle
ID_0157,2944,Longnose dace,Rhinichthys cataractae,Cypriniformes,Leuciscidae,Rhinichthys,-30.5,9.8,NA,NA,NA,NA,Muscle
ID_0157,246,Brook trout,Salvelinus fontinalis,Salmoniformes,Salmonidae,Salvelinus,-30.9,10.7,NA,NA,NA,NA,Muscle
ID_0158,2965,White sucker,Catostomus commersonii,Cypriniformes,Catostomidae,Catostomus,-28.6,9.5,NA,NA,NA,NA,Muscle
ID_0158,2927,Northern Redbelly dace,Chrosomus eos,Cypriniformes,Leuciscidae,Chrosomus,-30.2,7.3,NA,NA,NA,NA,Muscle
ID_0158,4083,Sculpin,Cottus ricei,Perciformes/Cottoidei,Cottidae,Cottus,-32.4,11.6,NA,NA,NA,NA,Muscle
ID_0158,2748,Lake chub,Couesius plumbeus,Cypriniformes,Leuciscidae,Couesius,-28.9,9.5,NA,NA,NA,NA,Muscle
ID_0158,3271,Five spine stickleback,Culaea inconstans,Perciformes/Gasterosteoidei,Gasterosteidae,Culaea,-28.7,9.6,NA,NA,NA,NA,Muscle
ID_0158,3420,Iowa darter,Etheostoma exile,Perciformes/Percoidei,Percidae,Etheostoma,-28.2,8.5,NA,NA,NA,NA,Muscle
ID_0158,310,Burbot,Lota lota,Gadiformes,Lotidae,Lota,-28.8,11.5,NA,NA,NA,NA,Muscle
ID_0158,3489,Logperch,Percina caprodes,Perciformes/Percoidei,Percidae,Percina,-28.1,10.4,NA,NA,NA,NA,Muscle
ID_0158,3065,Trout perch,Percopsis omiscomaycus,Percopsiformes,Percopsidae,Percopsis,-29.6,10.1,NA,NA,NA,NA,Muscle
ID_0158,2944,Longnose dace,Rhinichthys cataractae,Cypriniformes,Leuciscidae,Rhinichthys,-30.3,10,NA,NA,NA,NA,Muscle
ID_0158,246,Brook trout,Salvelinus fontinalis,Salmoniformes,Salmonidae,Salvelinus,-30.4,11,NA,NA,NA,NA,Muscle
ID_0159,3022,Brown bullhead,Ameiurus nebulosus,Siluriformes,Ictaluridae,Ameiurus,-25.4,14.3,0.7,0.1,SD,3,Muscle
ID_0159,2972,Largescale sucker,Catostomus macrocheilus,Cypriniformes,Catostomidae,Catostomus,-25.3,13.2,2.3,0.7,SD,4,Muscle
ID_0159,4061,Coastrange sculpin,Cottus aleuticus,Perciformes/Cottoidei,Cottidae,Cottus,-23,12.5,0.5,0.55,SD,10,Muscle
ID_0159,4062,Prickly sculpin,Cottus asper,Perciformes/Cottoidei,Cottidae,Cottus,-23.28,12.7,2.58,0.62,SD,57,Muscle
ID_0159,1450,Common carp,Cyprinus carpio,Cypriniformes,Cyprinidae,Cyprinus,-26.6,10.4,NA,NA,NA,1,Muscle
ID_0159,2420,Three-spined stickleback,Gasterosteus aculeatus,Perciformes/Gasterosteoidei,Gasterosteidae,Gasterosteus,-31.21,16.72,0.9,0.66,SD,18,Muscle
ID_0159,3372,Pumpkinseed sunfish,Lepomis gibbosus,Centrarchiformes,Centrarchidae,Lepomis,-25,14.3,2.6,0.9,SD,4,Muscle
ID_0159,3382,Smallmouth bass,Micropterus dolomieu,Centrarchiformes,Centrarchidae,Micropterus,-22.9,15.8,1.8,0.5,SD,8,Muscle
ID_0159,2804,Peamouth chub,Mylocheilus caurinus,Cypriniformes,Leuciscidae,Mylocheilus,-28.4,14.5,0.7,0.3,SD,5,Muscle
ID_0159,2688,Cutthroat trout,Oncorhynchus clarkii,Salmoniformes,Salmonidae,Oncorhynchus,-27.14,16.06,1.57,0.75,SD,23,Muscle
ID_0159,239,Rainbow trout,Oncorhynchus mykiss,Salmoniformes,Salmonidae,Oncorhynchus,-22.5,13.1,NA,NA,NA,1,Muscle
ID_0159,243,Kokanee,Oncorhynchus nerka,Salmoniformes,Salmonidae,Oncorhynchus,-29.8,15.9,0.1,0.3,SD,3,Muscle
ID_0159,244,Chinook Salmon,Oncorhynchus tshawytscha,Salmoniformes,Salmonidae,Oncorhynchus,-24.47,14.47,1.57,0.6,SD,15,Muscle
ID_0159,359,Yellow perch,Perca flavescens,Perciformes/Percoidei,Percidae,Perca,-28.26,14.88,1.7,0.58,SD,43,Muscle
ID_0159,NA,Crappie,Pomoxis sp,Centrarchiformes,Centrarchidae,Pomoxis,-27.7,16,0,0.9,SD,3,Muscle
ID_0159,2685,Mountain whitefish,Prosopium williamsoni,Salmoniformes,Salmonidae,Prosopium,-22.9,11.7,0.6,1.8,SD,3,Muscle
ID_0159,2940,Northern pike minnow,Ptychocheilus oregonensis,Cypriniformes,Leuciscidae,Ptychocheilus,-26.63,15.68,1.09,1.21,SD,21,Muscle
ID_0159,2698,Longfin smelt,Spirinchus thaleichthys,Osmeriformes,Osmeridae,Spirinchus,-30.05,17.19,1.49,0.53,SD,41,Muscle
ID_0160,2962,Longnose sucker,Catostomus catostomus,Cypriniformes,Catostomidae,Catostomus,-21.87,7.25,0.92,0.43,SE,5,Muscle
ID_0160,2804,Peamouth chub,Mylocheilus caurinus,Cypriniformes,Leuciscidae,Mylocheilus,-26.88,7.79,0.35,0.26,SE,5,Muscle
ID_0160,2688,Cutthroat trout,Oncorhynchus clarkii,Salmoniformes,Salmonidae,Oncorhynchus,-23.05,7.69,0.7,0.25,SE,5,Muscle
ID_0160,2685,Mountain whitefish,Prosopium williamsoni,Salmoniformes,Salmonidae,Prosopium,-25.58,7.34,0.79,0.38,SE,5,Muscle
ID_0160,2949,Redside shiner,Richardsonius balteatus,Cypriniformes,Leuciscidae,Richardsonius,-24.59,7.16,0.87,0.19,SE,4,Muscle
ID_0160,2690,Bull trout,Salvelinus confluentus,Salmoniformes,Salmonidae,Salvelinus,-23.66,10.77,0.34,0.18,SE,10,Muscle
ID_0160,248,Lake trout,Salvelinus namaycush,Salmoniformes,Salmonidae,Salvelinus,-22.53,11.94,0.4,0.25,SE,10,Muscle
ID_0161,2962,Longnose sucker,Catostomus catostomus,Cypriniformes,Catostomidae,Catostomus,-20.82,7.38,0.49,0.2,SE,5,Muscle
ID_0161,2688,Cutthroat trout,Oncorhynchus clarkii,Salmoniformes,Salmonidae,Oncorhynchus,-25.18,7.44,1.15,0.3,SE,5,Muscle
ID_0161,2685,Mountain whitefish,Prosopium williamsoni,Salmoniformes,Salmonidae,Prosopium,-24.83,7.76,0.42,0.28,SE,5,Muscle
ID_0161,2949,Redside shiner,Richardsonius balteatus,Cypriniformes,Leuciscidae,Richardsonius,-22.64,7.54,0.9,0.8,SE,4,Muscle
ID_0161,2690,Bull trout,Salvelinus confluentus,Salmoniformes,Salmonidae,Salvelinus,-22.62,10.56,0.63,0.32,SE,10,Muscle
ID_0161,248,Lake trout,Salvelinus namaycush,Salmoniformes,Salmonidae,Salvelinus,-24.95,10.9,0.65,0.35,SE,10,Muscle
ID_0162,2962,Longnose sucker,Catostomus catostomus,Cypriniformes,Catostomidae,Catostomus,-22.82,8.52,0.68,0.35,SE,10,Muscle
ID_0162,2972,Largescale sucker,Catostomus macrocheilus,Cypriniformes,Catostomidae,Catostomus,-20.48,7.95,0.33,0.26,SE,5,Muscle
ID_0162,2688,Cutthroat trout,Oncorhynchus clarkii,Salmoniformes,Salmonidae,Oncorhynchus,-24.37,8.21,0.32,0.17,SE,10,Muscle
ID_0162,2685,Mountain whitefish,Prosopium williamsoni,Salmoniformes,Salmonidae,Prosopium,-27.24,8.66,0.52,0.17,SE,10,Muscle
ID_0162,2949,Redside shiner,Richardsonius balteatus,Cypriniformes,Leuciscidae,Richardsonius,-20.67,8.75,0.39,0.26,SE,5,Muscle
ID_0162,2690,Bull trout,Salvelinus confluentus,Salmoniformes,Salmonidae,Salvelinus,-23.51,11.12,0.32,0.26,SE,20,Muscle
ID_0162,248,Lake trout,Salvelinus namaycush,Salmoniformes,Salmonidae,Salvelinus,-25.43,12.37,1.08,0.25,SE,3,Muscle
ID_0163,2962,Longnose sucker,Catostomus catostomus,Cypriniformes,Catostomidae,Catostomus,-22.02,7.55,0.72,0.49,SE,5,Muscle
ID_0163,2688,Cutthroat trout,Oncorhynchus clarkii,Salmoniformes,Salmonidae,Oncorhynchus,-24.3,8.1,1,0.35,SE,5,Muscle
ID_0163,2685,Mountain whitefish,Prosopium williamsoni,Salmoniformes,Salmonidae,Prosopium,-24.89,8.5,1.5,0.3,SE,5,Muscle
ID_0163,2949,Redside shiner,Richardsonius balteatus,Cypriniformes,Leuciscidae,Richardsonius,-24.93,8.42,0.82,0.99,SE,4,Muscle
ID_0163,2690,Bull trout,Salvelinus confluentus,Salmoniformes,Salmonidae,Salvelinus,-23.21,10.79,0.57,0.2,SE,10,Muscle
ID_0163,248,Lake trout,Salvelinus namaycush,Salmoniformes,Salmonidae,Salvelinus,-25.77,11.49,0.84,0.36,SE,3,Muscle
ID_0164,2962,Longnose sucker,Catostomus catostomus,Cypriniformes,Catostomidae,Catostomus,-20.48,7.96,0.36,0.33,SE,5,Muscle
ID_0164,2688,Cutthroat trout,Oncorhynchus clarkii,Salmoniformes,Salmonidae,Oncorhynchus,-24.59,8.56,0.81,0.54,SE,5,Muscle
ID_0164,2685,Mountain whitefish,Prosopium williamsoni,Salmoniformes,Salmonidae,Prosopium,-25.28,9.09,0.65,0.19,SE,5,Muscle
ID_0164,2940,Northern pike minnow,Ptychocheilus oregonensis,Cypriniformes,Leuciscidae,Ptychocheilus,-21.04,8.97,0.21,0.08,SE,5,Muscle
ID_0164,2949,Redside shiner,Richardsonius balteatus,Cypriniformes,Leuciscidae,Richardsonius,-21.63,8.82,0.21,0.2,SE,5,Muscle
ID_0164,2690,Bull trout,Salvelinus confluentus,Salmoniformes,Salmonidae,Salvelinus,-22.54,11.44,0.52,0.27,SE,6,Muscle
ID_0164,248,Lake trout,Salvelinus namaycush,Salmoniformes,Salmonidae,Salvelinus,-23.71,12.01,0.47,0.17,SE,10,Muscle
ID_0165,2962,Longnose sucker,Catostomus catostomus,Cypriniformes,Catostomidae,Catostomus,-21.33,8.36,0.93,0.11,SE,5,Muscle
ID_0165,2972,Largescale sucker,Catostomus macrocheilus,Cypriniformes,Catostomidae,Catostomus,-19.15,8.38,0.31,0.29,SE,5,Muscle
ID_0165,234,Lake whitefish,Coregonus clupeaformis,Salmoniformes,Salmonidae,Coregonus,-25.92,7.38,0.48,0.78,SE,4,Muscle
ID_0165,2804,Peamouth chub,Mylocheilus caurinus,Cypriniformes,Leuciscidae,Mylocheilus,-21.38,7.74,0.75,0.37,SE,5,Muscle
ID_0165,2688,Cutthroat trout,Oncorhynchus clarkii,Salmoniformes,Salmonidae,Oncorhynchus,-26.26,7.38,1.21,0.39,SE,2,Muscle
ID_0165,243,Kokanee,Oncorhynchus nerka,Salmoniformes,Salmonidae,Oncorhynchus,-29.26,6.16,0.69,0.7,SE,5,Muscle
ID_0165,2681,Pygmy whitefish,Prosopium coulterii,Salmoniformes,Salmonidae,Prosopium,-26.89,9.49,0.24,0.3,SE,5,Muscle
ID_0165,2685,Mountain whitefish,Prosopium williamsoni,Salmoniformes,Salmonidae,Prosopium,-26.11,5.88,0.95,0.21,SE,5,Muscle
ID_0165,2940,Northern pike minnow,Ptychocheilus oregonensis,Cypriniformes,Leuciscidae,Ptychocheilus,-20.61,8.55,0.65,0.38,SE,5,Muscle
ID_0165,2949,Redside shiner,Richardsonius balteatus,Cypriniformes,Leuciscidae,Richardsonius,-23.13,7.72,0.4,0.2,SE,4,Muscle
ID_0165,2690,Bull trout,Salvelinus confluentus,Salmoniformes,Salmonidae,Salvelinus,-23.1,10.14,0.63,0.28,SE,8,Muscle
ID_0165,248,Lake trout,Salvelinus namaycush,Salmoniformes,Salmonidae,Salvelinus,-25.56,11.48,0.37,0.31,SE,10,Muscle
ID_0166,2962,Longnose sucker,Catostomus catostomus,Cypriniformes,Catostomidae,Catostomus,-25.68,7.85,0.74,0.29,SE,5,Muscle
ID_0166,2688,Cutthroat trout,Oncorhynchus clarkii,Salmoniformes,Salmonidae,Oncorhynchus,-25.1,9.11,0.47,0.34,SE,5,Muscle
ID_0166,243,Kokanee,Oncorhynchus nerka,Salmoniformes,Salmonidae,Oncorhynchus,-31.05,9.93,0.22,0.87,SE,4,Muscle
ID_0166,2685,Mountain whitefish,Prosopium williamsoni,Salmoniformes,Salmonidae,Prosopium,-28.86,9.07,0.6,0.58,SE,5,Muscle
ID_0166,2690,Bull trout,Salvelinus confluentus,Salmoniformes,Salmonidae,Salvelinus,-24.02,10.96,0.66,0.37,SE,8,Muscle
ID_0166,246,Brook trout,Salvelinus fontinalis,Salmoniformes,Salmonidae,Salvelinus,-22.54,8.23,NA,NA,NA,1,Muscle
ID_0166,248,Lake trout,Salvelinus namaycush,Salmoniformes,Salmonidae,Salvelinus,-27.3,12.22,0.3,0.55,SE,10,Muscle
ID_0167,545,Bay anchovy,Anchoa mitchilli,Clupeiformes,Engraulidae,Anchoa,-28.71,10.03,1.52,0.21,SD,3,Muscle
ID_0167,60706,Banded tetra,Astyanax aeneus,Characiformes,Characidae,Astyanax,-26.13,6.8,0.77,0.57,SD,6,Muscle
ID_0167,53157,Gulf silverside,Atherinella alvarezi,Atheriniformes,Atherinopsidae,Atherinella,-29.67,6.35,3.05,1.36,SD,2,Muscle
ID_0167,7326,Tropical gar,Atractosteus tropicus,Lepisosteiformes,Lepisosteidae,Atractosteus,-27.63,10.16,2.23,0.55,SD,3,Muscle
ID_0167,1603,Mexican river gizzard shad,Dorosoma anale,Clupeiformes,Dorosomatidae,Dorosoma,-31.85,7.65,0.92,0.26,SD,3,Muscle
ID_0167,1606,Threadfin shad,Dorosoma petenense,Clupeiformes,Dorosomatidae,Dorosoma,-29.51,4.72,2.62,2.04,SD,3,Muscle
ID_0167,1053,Striped mojarra,Eugerres plumieri,Eupercaria/misc,Gerreidae,Eugerres,-31.5,8.6,NA,NA,SD,1,Muscle
ID_0167,4798,Mayan cichlid,Mayaheros urophthalmus,Cichliformes,Cichlidae,Mayaheros,-28.43,6.54,4.12,0.01,SD,2,Muscle
ID_0167,785,Flathead grey mullet,Mugil cephalus,Mugiliformes,Mugilidae,Mugil,-20.65,9.37,NA,NA,SD,1,Muscle
ID_0167,NA,NA,Oreochromis sp,Cichliformes,Cichlidae,Oreochromis,-32.5,5.23,0.12,0.64,SD,2,Muscle
ID_0167,26787,Montecristo cichlid,Oscura heterospila,Cichliformes,Cichlidae,Oscura,-27.09,7.7,3.55,2.85,SD,4,Muscle
ID_0167,7325,Yellowjacket cichlid,Parachromis friedrichsthalii,Cichliformes,Cichlidae,Parachromis,-29.82,6.25,NA,NA,SD,1,Muscle
ID_0167,26812,Yellow cichlid,Thorichthys helleri,Cichliformes,Cichlidae,Thorichthys,-30.01,7.37,0.87,0.43,SD,5,Muscle
ID_0167,4676,Firemouth cichlid,Thorichthys meeki,Cichliformes,Cichlidae,Thorichthys,-29.49,8.23,2.64,2.68,SD,3,Muscle
ID_0167,26814,Blackgullet cichlid,Thorichthys pasionis,Cichliformes,Cichlidae,Thorichthys,-31.28,7.38,NA,NA,SD,1,Muscle
ID_0167,26815,Chiapas cichlid,Thorichthys socolofi,Cichliformes,Cichlidae,Thorichthys,-30.21,5.98,0.58,0.5,SD,3,Muscle
ID_0167,4693,Yellowbelly cichlid,Trichromis salvini,Cichliformes,Cichlidae,Trichromis,-27.99,4.1,1.02,5.75,SD,3,Muscle
ID_0167,12322,NA,Vieja melanurus,Cichliformes,Cichlidae,Vieja,-29.2,6.76,0.76,0.2,SD,3,Muscle
ID_0168,3018,White catfish,Ameiurus catus,Siluriformes,Ictaluridae,Ameiurus,-26.76,10.04,0.66,1.38,SD,3,Muscle
ID_0168,3022,Brown bullhead,Ameiurus nebulosus,Siluriformes,Ictaluridae,Ameiurus,-29.26,10.01,NA,NA,NA,1,Muscle
ID_0168,2974,Sacramento sucker,Catostomus occidentalis,Cypriniformes,Catostomidae,Catostomus,-25.54,7.28,NA,NA,NA,1,Muscle
ID_0168,4074,Riffle sculpin,Cottus gulosus,Perciformes/Cottoidei,Cottidae,Cottus,-26.65,7.96,3.2,1.03,SD,15,Muscle
ID_0168,1606,Threadfin shad,Dorosoma petenense,Clupeiformes,Dorosomatidae,Dorosoma,-30.38,9.01,0.84,0.49,SD,13,Muscle
ID_0168,290,Channel catfish,Ictalurus punctatus,Siluriformes,Ictaluridae,Ictalurus,-26.38,9.26,1.03,1.11,SD,6,Muscle
ID_0168,3371,Green sunfish,Lepomis cyanellus,Centrarchiformes,Centrarchidae,Lepomis,-26,7.74,0.41,1.09,SD,4,Muscle
ID_0168,3375,Bluegill,Lepomis macrochirus,Centrarchiformes,Centrarchidae,Lepomis,-29.14,7.25,1.68,0.9,SD,18,Muscle
ID_0168,3382,Smallmouth bass,Micropterus dolomieu,Centrarchiformes,Centrarchidae,Micropterus,-28.7,8.66,1.67,1.47,SD,4,Muscle
ID_0168,3384,Alabama spotted bass,Micropterus punctulatus,Centrarchiformes,Centrarchidae,Micropterus,-28.03,9.55,1.61,1.16,SD,53,Muscle
ID_0168,3385,Largemouth bass,Micropterus salmoides,Centrarchiformes,Centrarchidae,Micropterus,-29.02,9.93,2.2,1.35,SD,3,Muscle
ID_0168,276,Golden shiner,Notemigonus crysoleucas,Cypriniformes,Leuciscidae,Notemigonus,-21.13,8.01,2.65,1.3,SD,6,Muscle
ID_0168,239,Rainbow trout,Oncorhynchus mykiss,Salmoniformes,Salmonidae,Oncorhynchus,-24.29,9.44,1.97,0.48,SD,6,Muscle
ID_0168,244,Chinook Salmon,Oncorhynchus tshawytscha,Salmoniformes,Salmonidae,Oncorhynchus,-28.06,11.44,0.86,0.52,SD,9,Muscle
ID_0168,3387,White crappie,Pomoxis annularis,Centrarchiformes,Centrarchidae,Pomoxis,-26.31,11.06,0.19,0.26,SD,3,Muscle
ID_0168,3388,Black crappie,Pomoxis nigromaculatus,Centrarchiformes,Centrarchidae,Pomoxis,-27.02,9.96,NA,NA,NA,1,Muscle
ID_0168,2938,Sacramento pikeminnow,Ptychocheilus grandis,Cypriniformes,Leuciscidae,Ptychocheilus,-27.03,8.1,1.24,2.03,SD,3,Muscle
ID_0168,238,Brown trout,Salmo trutta,Salmoniformes,Salmonidae,Salmo,-29.02,10.54,NA,NA,NA,1,Muscle
ID_0169,2438,Bubu,Auchenoglanis occidentalis,Siluriformes,Claroteidae,Auchenoglanis,-22.8,8.6,1.2,0.4,SD,7,Muscle
ID_0169,2440,NA,Chrysichthys nigrodigitatus,Siluriformes,Claroteidae,Chrysichthys,-24.5,9.3,1.6,0.7,SD,9,Muscle
ID_0169,5269,NA,Citharinus citharus,Characiformes,Citharinidae,Citharinus,-27,5.7,1.1,0.2,SD,5,Muscle
ID_0169,1390,Redbelly tilapia,Coptodon zillii,Cichliformes,Cichlidae,Coptodon,-15.1,6.7,2,0.9,SD,9,Muscle
ID_0169,2390,NA,Hemichromis fasciatus,Cichliformes,Cichlidae,Hemichromis,-21.8,10.9,1.7,0.9,SD,10,Muscle
ID_0169,4496,Elongate tigerfish,Hydrocynus forskahlii,Characiformes,Alestidae,Hydrocynus,-22.7,11.8,0.93,0.4,SD,11,Muscle
ID_0169,2436,NA,Labeo senegalensis,Cypriniformes,Cyprinidae,Labeo,-22.6,7,2.2,1.7,SD,8,Muscle
ID_0169,NA,NA,Pellonula spp,Clupeiformes,Dorosomatidae,Pellonula,-23.7,8.2,0.3,0.5,SD,10,Muscle
ID_0169,1389,NA,Sarotherodon galilaeus,Cichliformes,Cichlidae,Sarotherodon,-21.7,7.2,0.7,0.4,SD,13,Muscle
ID_0169,2447,NA,Schilbe mystus,Siluriformes,Schilbeidae,Schilbe,-21.5,10,1.1,0.3,SD,18,Muscle
ID_0169,9517,Moustache catfish,Synodontis membranaceus,Siluriformes,Mochokidae,Synodontis,-26.3,8.9,1.9,0.8,SD,11,Muscle
ID_0169,2458,Wahrindi,Synodontis schall,Siluriformes,Mochokidae,Synodontis,-21.6,9.9,1.3,0.2,SD,3,Muscle
ID_0170,2438,Bubu,Auchenoglanis occidentalis,Siluriformes,Claroteidae,Auchenoglanis,-22.4,8.5,1.1,0.5,SD,10,Muscle
ID_0170,2440,NA,Chrysichthys nigrodigitatus,Siluriformes,Claroteidae,Chrysichthys,-25.8,9,2.3,1.3,SD,7,Muscle
ID_0170,5269,NA,Citharinus citharus,Characiformes,Citharinidae,Citharinus,-25.7,8.3,1.6,0.5,SD,5,Muscle
ID_0170,1390,Redbelly tilapia,Coptodon zillii,Cichliformes,Cichlidae,Coptodon,-20.9,9,2.9,2.2,SD,13,Muscle
ID_0170,4496,Elongate tigerfish,Hydrocynus forskahlii,Characiformes,Alestidae,Hydrocynus,-22.6,12.1,1.1,1.1,SD,10,Muscle
ID_0170,2436,NA,Labeo senegalensis,Cypriniformes,Cyprinidae,Labeo,-21.2,7.9,0.7,0.5,SD,10,Muscle
ID_0170,2447,NA,Schilbe mystus,Siluriformes,Schilbeidae,Schilbe,-21,10.3,1.1,0.4,SD,10,Muscle
ID_0170,9517,Moustache catfish,Synodontis membranaceus,Siluriformes,Mochokidae,Synodontis,-24.5,9,1,0.9,SD,10,Muscle
ID_0171,2438,Bubu,Auchenoglanis occidentalis,Siluriformes,Claroteidae,Auchenoglanis,-23.6,8.4,0.6,0.2,SD,4,Muscle
ID_0171,2440,NA,Chrysichthys nigrodigitatus,Siluriformes,Claroteidae,Chrysichthys,-23.3,7.5,5.9,1,SD,4,Muscle
ID_0171,5269,NA,Citharinus citharus,Characiformes,Citharinidae,Citharinus,-25.1,6.5,0.6,0.1,SD,2,Muscle
ID_0171,1390,Redbelly tilapia,Coptodon zillii,Cichliformes,Cichlidae,Coptodon,-17.2,6.8,0.8,1.3,SD,4,Muscle
ID_0171,2390,NA,Hemichromis fasciatus,Cichliformes,Cichlidae,Hemichromis,-24,11,0.1,0.1,SD,2,Muscle
ID_0171,4496,Elongate tigerfish,Hydrocynus forskahlii,Characiformes,Alestidae,Hydrocynus,-24.5,10.7,0.6,0.2,SD,7,Muscle
ID_0171,2436,NA,Labeo senegalensis,Cypriniformes,Cyprinidae,Labeo,-21.3,6.7,1.1,0.2,SD,9,Muscle
ID_0171,1389,NA,Sarotherodon galilaeus,Cichliformes,Cichlidae,Sarotherodon,-23,7.2,1,0.2,SD,5,Muscle
ID_0171,2447,NA,Schilbe mystus,Siluriformes,Schilbeidae,Schilbe,-23.5,9.3,0.8,0.3,SD,10,Muscle
ID_0171,9517,Moustache catfish,Synodontis membranaceus,Siluriformes,Mochokidae,Synodontis,-25.6,9.8,0.4,0.3,SD,9,Muscle
ID_0171,2458,Wahrindi,Synodontis schall,Siluriformes,Mochokidae,Synodontis,-24.4,8.7,1.9,0.8,SD,5,Muscle
ID_0172,2438,Bubu,Auchenoglanis occidentalis,Siluriformes,Claroteidae,Auchenoglanis,-23.1,8.4,0.2,0.1,SD,3,Muscle
ID_0172,2440,NA,Chrysichthys nigrodigitatus,Siluriformes,Claroteidae,Chrysichthys,-23.2,9.1,1.3,0.4,SD,4,Muscle
ID_0172,1390,Redbelly tilapia,Coptodon zillii,Cichliformes,Cichlidae,Coptodon,-14.8,7.3,0.3,0.3,SD,3,Muscle
ID_0172,2390,NA,Hemichromis fasciatus,Cichliformes,Cichlidae,Hemichromis,-23.5,11.2,1,0.2,SD,4,Muscle
ID_0172,2436,NA,Labeo senegalensis,Cypriniformes,Cyprinidae,Labeo,-21.8,6.8,0.3,0.2,SD,2,Muscle
ID_0172,2447,NA,Schilbe mystus,Siluriformes,Schilbeidae,Schilbe,-22.3,9.5,1.3,0.5,SD,9,Muscle
ID_0172,9517,Moustache catfish,Synodontis membranaceus,Siluriformes,Mochokidae,Synodontis,-24.2,10,0.2,0.3,SD,7,Muscle
ID_0173,2980,Tahoe sucker,Catostomus tahoensis,Cypriniformes,Catostomidae,Catostomus,-13.41,6.14,0.41,0.21,SE,2,Muscle
ID_0173,2688,Cutthroat trout,Oncorhynchus clarkii,Salmoniformes,Salmonidae,Oncorhynchus,-23.82,8.35,0.22,0.87,SE,5,Muscle
ID_0173,2685,Mountain whitefish,Prosopium williamsoni,Salmoniformes,Salmonidae,Prosopium,-18.14,7.01,1.62,0.21,SE,2,Muscle
ID_0173,2947,Speckled dace,Rhinichthys osculus,Cypriniformes,Leuciscidae,Rhinichthys,-11.56,6.18,NA,NA,NA,1,Muscle
ID_0173,2757,Tui chub,Siphateles bicolor,Cypriniformes,Leuciscidae,Siphateles,-21.92,7.32,0.29,0.1,SE,6,Muscle
ID_0174,2980,Tahoe sucker,Catostomus tahoensis,Cypriniformes,Catostomidae,Catostomus,-13.65,6.21,2.06,0.21,SE,2,Muscle
ID_0174,2688,Cutthroat trout,Oncorhynchus clarkii,Salmoniformes,Salmonidae,Oncorhynchus,-23.98,7.98,0.53,0.35,SE,6,Muscle
ID_0174,2685,Mountain whitefish,Prosopium williamsoni,Salmoniformes,Salmonidae,Prosopium,-17.46,6.91,1.16,0.46,SE,10,Muscle
ID_0174,2947,Speckled dace,Rhinichthys osculus,Cypriniformes,Leuciscidae,Rhinichthys,-19.72,6.72,0.46,0.18,SE,6,Muscle
ID_0174,2757,Tui chub,Siphateles bicolor,Cypriniformes,Leuciscidae,Siphateles,-23.86,7.49,0.09,0.05,SE,4,Muscle
ID_0175,2980,Tahoe sucker,Catostomus tahoensis,Cypriniformes,Catostomidae,Catostomus,-16.68,6.77,0.7,0.19,SE,9,Muscle
ID_0175,276,Golden shiner,Notemigonus crysoleucas,Cypriniformes,Leuciscidae,Notemigonus,-21.57,8.03,0.21,0.29,SE,20,Muscle
ID_0175,2685,Mountain whitefish,Prosopium williamsoni,Salmoniformes,Salmonidae,Prosopium,-17.27,7.55,1.24,0.16,SE,5,Muscle
ID_0175,2947,Speckled dace,Rhinichthys osculus,Cypriniformes,Leuciscidae,Rhinichthys,-15.75,6.91,1.18,0.34,SE,15,Muscle
ID_0175,2757,Tui chub,Siphateles bicolor,Cypriniformes,Leuciscidae,Siphateles,-22.48,7.22,0.48,0.22,SE,10,Muscle
ID_0176,2980,Tahoe sucker,Catostomus tahoensis,Cypriniformes,Catostomidae,Catostomus,-11.96,6.13,0.67,0.29,SE,3,Muscle
ID_0176,4066,Paiute sculpin,Cottus beldingii,Perciformes/Cottoidei,Cottidae,Cottus,-20.32,7.53,0.73,0.28,SE,11,Muscle
ID_0176,276,Golden shiner,Notemigonus crysoleucas,Cypriniformes,Leuciscidae,Notemigonus,-21.7,6.9,0.2,0.07,SE,36,Muscle
ID_0176,2947,Speckled dace,Rhinichthys osculus,Cypriniformes,Leuciscidae,Rhinichthys,-15.63,7.22,0.36,0.21,SE,12,Muscle
ID_0176,248,Lake trout,Salvelinus namaycush,Salmoniformes,Salmonidae,Salvelinus,-21,9.23,1.03,0.41,SE,5,Muscle
ID_0176,2757,Tui chub,Siphateles bicolor,Cypriniformes,Leuciscidae,Siphateles,-19.04,7.37,0.44,0.1,SE,22,Muscle
ID_0177,2980,Tahoe sucker,Catostomus tahoensis,Cypriniformes,Catostomidae,Catostomus,-15.54,5.12,0.53,0.13,SE,16,Muscle
ID_0177,4066,Paiute sculpin,Cottus beldingii,Perciformes/Cottoidei,Cottidae,Cottus,-21.96,6.61,NA,NA,NA,1,Muscle
ID_0177,276,Golden shiner,Notemigonus crysoleucas,Cypriniformes,Leuciscidae,Notemigonus,-23.93,5.39,0.16,0.13,SE,2,Muscle
ID_0177,243,Kokanee,Oncorhynchus nerka,Salmoniformes,Salmonidae,Oncorhynchus,-25.15,6.34,0.3,0.13,SE,9,Muscle
ID_0177,2685,Mountain whitefish,Prosopium williamsoni,Salmoniformes,Salmonidae,Prosopium,-22.96,6.04,0.28,0.2,SE,3,Muscle
ID_0177,2947,Speckled dace,Rhinichthys osculus,Cypriniformes,Leuciscidae,Rhinichthys,-20.13,5.63,0.42,0.47,SE,5,Muscle
ID_0177,238,Brown trout,Salmo trutta,Salmoniformes,Salmonidae,Salmo,-21.4,8.17,0.17,0.78,SE,2,Muscle
ID_0177,248,Lake trout,Salvelinus namaycush,Salmoniformes,Salmonidae,Salvelinus,-23.3,7.38,0.49,0.21,SE,37,Muscle
ID_0177,2757,Tui chub,Siphateles bicolor,Cypriniformes,Leuciscidae,Siphateles,-22.69,6.37,0.81,0.35,SE,3,Muscle
ID_0178,2980,Tahoe sucker,Catostomus tahoensis,Cypriniformes,Catostomidae,Catostomus,-25.59,6.52,1.36,0.21,SE,16,Muscle
ID_0178,276,Golden shiner,Notemigonus crysoleucas,Cypriniformes,Leuciscidae,Notemigonus,-27.53,6.67,0.21,0.1,SE,10,Muscle
ID_0178,2688,Cutthroat trout,Oncorhynchus clarkii,Salmoniformes,Salmonidae,Oncorhynchus,-31.29,7.16,0.51,0.17,SE,10,Muscle
ID_0178,2947,Speckled dace,Rhinichthys osculus,Cypriniformes,Leuciscidae,Rhinichthys,-22.01,6.49,1.84,0.41,SE,6,Muscle
ID_0178,238,Brown trout,Salmo trutta,Salmoniformes,Salmonidae,Salmo,-26.73,8.57,0.75,0.32,SE,4,Muscle
ID_0178,2757,Tui chub,Siphateles bicolor,Cypriniformes,Leuciscidae,Siphateles,-26.13,5.56,NA,NA,NA,1,Muscle
ID_0179,2420,Three-spined stickleback,Gasterosteus aculeatus,Perciformes/Gasterosteoidei,Gasterosteidae,Gasterosteus,-24.7,8.63,2.48,0.95,SD,NA,Muscle
ID_0179,2682,Round whitefish,Prosopium cylindraceum,Salmoniformes,Salmonidae,Prosopium,-19.05,10.2,1.04,0.33,SD,NA,Muscle
ID_0179,3273,Ninespine stickleback,Pungitius pungitius,Perciformes/Gasterosteoidei,Gasterosteidae,Pungitius,-18.42,7.75,1.38,0.1,SD,NA,Muscle
ID_0179,247,Arctic charr,Salvelinus alpinus,Salmoniformes,Salmonidae,Salvelinus,-25.73,8.33,1.86,1.17,SD,NA,Muscle
ID_0179,248,Lake trout,Salvelinus namaycush,Salmoniformes,Salmonidae,Salvelinus,-22.02,11.7,2.77,1.4,SD,NA,Muscle
ID_0180,1583,Alewife,Alosa pseudoharengus,Clupeiformes,Alosidae,Alosa,-23.48,10.52,0.23,0.5,SD,NA,Muscle
ID_0180,2670,Bloater,Coregonus hoyi,Salmoniformes,Salmonidae,Coregonus,-24.21,12.47,0.42,0.54,SD,NA,Muscle
ID_0180,310,Burbot,Lota lota,Gadiformes,Lotidae,Lota,-22.09,16.23,NA,NA,NA,1,Muscle
ID_0180,4124,Deepwater sculpin,Myoxocephalus thompsonii,Perciformes/Cottoidei,Cottidae,Myoxocephalus,-24.41,13.69,0.25,0.34,SD,NA,Muscle
ID_0180,2682,Round whitefish,Prosopium cylindraceum,Salmoniformes,Salmonidae,Prosopium,-24.51,12.59,1.46,0.34,SD,NA,Muscle
ID_0180,236,Atlantic Salmon,Salmo salar,Salmoniformes,Salmonidae,Salmo,-21.22,13.13,NA,NA,NA,1,Muscle
ID_0180,248,Lake trout,Salvelinus namaycush,Salmoniformes,Salmonidae,Salvelinus,-21.68,14.05,0.77,0.84,SD,NA,Muscle
ID_0181,3577,Freshwater drum,Aplodinotus grunniens,Eupercaria/misc,Sciaenidae,Aplodinotus,-27.17,16.06,NA,NA,NA,NA,Muscle
ID_0181,1450,Common carp,Cyprinus carpio,Cypriniformes,Cyprinidae,Cyprinus,-27.13,14.51,NA,NA,NA,NA,Muscle
ID_0181,1604,Gizzard Shad,Dorosoma cepedianum,Clupeiformes,Dorosomatidae,Dorosoma,-30.09,15.6,NA,NA,NA,NA,Muscle
ID_0181,2992,Smallmouth buffalo,Ictiobus bubalus,Cypriniformes,Catostomidae,Ictiobus,-28.32,17.03,NA,NA,NA,NA,Muscle
ID_0181,3375,Bluegill,Lepomis macrochirus,Centrarchiformes,Centrarchidae,Lepomis,-26.56,16.63,NA,NA,NA,NA,Muscle
ID_0181,3308,White bass,Morone chrysops,Eupercaria/misc,Moronidae,Morone,-28.63,17.35,NA,NA,NA,NA,Muscle
ID_0182,3577,Freshwater drum,Aplodinotus grunniens,Eupercaria/misc,Sciaenidae,Aplodinotus,-25.3,15.74,NA,NA,NA,NA,Muscle
ID_0182,1450,Common carp,Cyprinus carpio,Cypriniformes,Cyprinidae,Cyprinus,-24.17,14.18,NA,NA,NA,NA,Muscle
ID_0182,1604,Gizzard Shad,Dorosoma cepedianum,Clupeiformes,Dorosomatidae,Dorosoma,-28.57,13.57,NA,NA,NA,NA,Muscle
ID_0182,290,Channel catfish,Ictalurus punctatus,Siluriformes,Ictaluridae,Ictalurus,-25.8,14.85,NA,NA,NA,NA,Muscle
ID_0182,2992,Smallmouth buffalo,Ictiobus bubalus,Cypriniformes,Catostomidae,Ictiobus,-27.67,14.33,NA,NA,NA,NA,Muscle
ID_0182,2993,Bigmouth Buffalo,Ictiobus cyprinellus,Cypriniformes,Catostomidae,Ictiobus,-28.27,13.45,NA,NA,NA,NA,Muscle
ID_0182,2597,Florida gar,Lepisosteus platostomus,Lepisosteiformes,Lepisosteidae,Lepisosteus,-28.77,16.32,NA,NA,NA,NA,Muscle
ID_0182,3375,Bluegill,Lepomis macrochirus,Centrarchiformes,Centrarchidae,Lepomis,-28.51,15.07,NA,NA,NA,NA,Muscle
ID_0182,3308,White bass,Morone chrysops,Eupercaria/misc,Moronidae,Morone,-28.44,15.83,NA,NA,NA,NA,Muscle
ID_0183,3018,White catfish,Ameiurus catus,Siluriformes,Ictaluridae,Ameiurus,-7.83,11,1.12,0.5,SD,NA,Muscle
ID_0183,3022,Brown bullhead,Ameiurus nebulosus,Siluriformes,Ictaluridae,Ameiurus,-9.84,10.81,0.04,1.07,SD,NA,Muscle
ID_0183,1604,Gizzard Shad,Dorosoma cepedianum,Clupeiformes,Dorosomatidae,Dorosoma,-8.6,8.76,0.66,0.95,SD,NA,Muscle
ID_0183,3224,Least killifish,Heterandria formosa,Cyprinodontiformes,Poeciliidae,Heterandria,-9.88,9.93,NA,NA,NA,1,Muscle
ID_0183,2598,Florida gar,Lepisosteus platyrhincus,Lepisosteiformes,Lepisosteidae,Lepisosteus,-8.06,13.87,0.62,0.5,SD,NA,Muscle
ID_0183,3370,Redbreast sunfish,Lepomis auritus,Centrarchiformes,Centrarchidae,Lepomis,-8.14,9.14,0.23,0.35,SD,NA,Muscle
ID_0183,3375,Bluegill,Lepomis macrochirus,Centrarchiformes,Centrarchidae,Lepomis,-8.91,10.06,0.12,0.54,SD,NA,Muscle
ID_0183,3385,Largemouth bass,Micropterus salmoides,Centrarchiformes,Centrarchidae,Micropterus,-9.18,12.64,1.74,0.57,SD,NA,Muscle
ID_0183,1387,Blue tilapia,Oreochromis aureus,Cichliformes,Cichlidae,Oreochromis,-15.66,10.47,4.75,2.08,SD,NA,Muscle
ID_0183,3388,Black crappie,Pomoxis nigromaculatus,Centrarchiformes,Centrarchidae,Pomoxis,-8.6,11.16,0.93,0.63,SD,NA,Muscle
ID_0184,1390,Redbelly tilapia,Coptodon zillii,Cichliformes,Cichlidae,Coptodon,-18.08,6.29,0.7,0.7,SD,4,Muscle
ID_0184,347,Nile perch,Lates niloticus,Carangaria/misc,Latidae,Lates,-14.53,7.06,2.65,2.65,SD,16,Muscle
ID_0184,2,Nile tilapia,Oreochromis niloticus,Cichliformes,Cichlidae,Oreochromis,-16.84,5.65,1.89,1.89,SD,19,Muscle
ID_0184,281,Silver cyprinid,Rastrineobola argentea,Cypriniformes,Danionidae,Rastrineobola,-16.62,7.65,3.63,3.63,SD,2,Muscle
ID_0185,NA,NA,Aulonocara sp,Cichliformes,Cichlidae,Aulonocara,-10.42,4.83,NA,NA,NA,1,Muscle
ID_0185,1397,Redbreast tilapia,Coptodon rendalli,Cichliformes,Cichlidae,Coptodon,-19.35,5.31,NA,NA,NA,1,Muscle
ID_0185,2214,Painted dragon,Ctenopharynx pictus,Cichliformes,Cichlidae,Ctenopharynx,-12.08,4.22,NA,NA,NA,1,Muscle
ID_0185,2219,Giant hap,Hemitilapia oxyrhynchus,Cichliformes,Cichlidae,Hemitilapia,-14.98,3.24,NA,NA,NA,1,Muscle
ID_0185,5409,Redeye labeo,Labeo cylindricus,Cypriniformes,Cyprinidae,Labeo,-7.18,1.54,NA,NA,NA,1,Muscle
ID_0185,2325,Blue mbuna,Labeotropheus fuelleborni,Cichliformes,Cichlidae,Labeotropheus,-7.51,2.88,NA,NA,NA,1,Muscle
ID_0185,8345,Zebra mbuna,Maylandia zebra,Cichliformes,Cichlidae,Maylandia,-20.35,3.67,NA,NA,NA,1,Muscle
ID_0185,2042,Karonga tilapia,Oreochromis karongae,Cichliformes,Cichlidae,Oreochromis,-17.96,2.79,1.48,0.53,SD,2,Muscle
ID_0185,2045,NA,Oreochromis lidole,Cichliformes,Cichlidae,Oreochromis,-19.97,3.56,1.64,1.1,SD,3,Muscle
ID_0185,2044,Kasawala,Oreochromis squamipinnis,Cichliformes,Cichlidae,Oreochromis,-12.93,1.68,NA,NA,NA,1,Muscle
ID_0185,2354,NA,Petrotilapia nigra,Cichliformes,Cichlidae,Petrotilapia,-14.55,3.49,NA,NA,NA,1,Muscle
ID_0185,2123,Spindle hap,Protomelas taeniolatus,Cichliformes,Cichlidae,Protomelas,-11.42,4.34,NA,NA,NA,1,Muscle
ID_0185,2310,NA,Taeniolethrinops praeorbitalis,Cichliformes,Cichlidae,Taeniolethrinops,-12.75,4.32,0.12,0.06,SD,2,Muscle
ID_0185,2217,NA,Trematocranus placodon,Cichliformes,Cichlidae,Trematocranus,-16.9,5.63,1.04,0.09,SD,2,Muscle
ID_0185,2381,NA,Tropheops tropheops,Cichliformes,Cichlidae,Tropheops,-6.28,3.35,NA,NA,NA,1,Muscle
ID_0186,2965,White sucker,Catostomus commersonii,Cypriniformes,Catostomidae,Catostomus,-26.16,7.34,2.64,0.69,SD,10,Muscle
ID_0186,235,Lake cisco,Coregonus artedi,Salmoniformes,Salmonidae,Coregonus,-31.11,7.65,1.03,0.67,SD,5,Muscle
ID_0186,258,Northern pike,Esox lucius,Esociformes,Esocidae,Esox,-27.27,9.91,0.4,0.52,SD,4,Muscle
ID_0186,359,Yellow perch,Perca flavescens,Perciformes/Percoidei,Percidae,Perca,-29.24,7.77,1.19,0.36,SD,2,Muscle
ID_0187,2965,White sucker,Catostomus commersonii,Cypriniformes,Catostomidae,Catostomus,-22.63,6.36,2.13,0.59,SD,10,Muscle
ID_0187,2927,Northern Redbelly dace,Chrosomus eos,Cypriniformes,Leuciscidae,Chrosomus,-26.96,6.7,1.4,0.07,SD,3,Muscle
ID_0187,2929,NA,Chrosomus neogaeus,Cypriniformes,Leuciscidae,Chrosomus,-24,5.42,0.23,0.59,SD,3,Muscle
ID_0187,248,Lake trout,Salvelinus namaycush,Salmoniformes,Salmonidae,Salvelinus,-28.48,9.8,0.19,0.56,SD,4,Muscle
ID_0188,2962,Longnose sucker,Catostomus catostomus,Cypriniformes,Catostomidae,Catostomus,-28.56,7.58,2.1,0.33,SD,3,Muscle
ID_0188,2965,White sucker,Catostomus commersonii,Cypriniformes,Catostomidae,Catostomus,-22.07,6.85,1.78,0.63,SD,10,Muscle
ID_0188,235,Lake cisco,Coregonus artedi,Salmoniformes,Salmonidae,Coregonus,-26.78,6.15,1.09,0.73,SD,6,Muscle
ID_0188,234,Lake whitefish,Coregonus clupeaformis,Salmoniformes,Salmonidae,Coregonus,-27.19,7.62,2.66,0.7,SD,6,Muscle
ID_0188,258,Northern pike,Esox lucius,Esociformes,Esocidae,Esox,-24.3,9.24,1.6,1.32,SD,3,Muscle
ID_0188,310,Burbot,Lota lota,Gadiformes,Lotidae,Lota,-25.59,10.07,0.46,0.3,SD,6,Muscle
ID_0188,248,Lake trout,Salvelinus namaycush,Salmoniformes,Salmonidae,Salvelinus,-26.33,10.24,0.08,0.24,SD,2,Muscle
ID_0188,3516,Walleye,Sander vitreus,Perciformes/Percoidei,Percidae,Sander,-24.43,9.49,0.52,0.47,SD,6,Muscle
ID_0189,12336,NA,Acestrorhynchus microlepis,Characiformes,Acestrorhynchidae,Acestrorhynchus,-30.57,9.36,NA,NA,NA,NA,Muscle
ID_0189,12273,NA,Aequidens metae,Cichliformes,Cichlidae,Aequidens,-31.26,6.88,NA,NA,NA,NA,Muscle
ID_0189,1673,NA,Anchoviella guianensis,Clupeiformes,Engraulidae,Anchoviella,-31.76,10.8,NA,NA,NA,NA,Muscle
ID_0189,12406,NA,Boulengerella lucius,Characiformes,Ctenoluciidae,Boulengerella,-29.52,9.5,NA,NA,NA,NA,Muscle
ID_0189,51257,NA,Curimata incompta,Characiformes,Curimatidae,Curimata,-35.94,6.09,NA,NA,NA,NA,Muscle
ID_0189,51877,NA,Curimatella dorsalis,Characiformes,Curimatidae,Curimatella,-32.55,9.14,NA,NA,NA,NA,Muscle
ID_0189,4781,Redstriped eartheater,Geophagus surinamensis,Cichliformes,Cichlidae,Geophagus,-31.92,9.01,NA,NA,NA,NA,Muscle
ID_0189,3057,NA,Hypostomus plecostomus,Siluriformes,Loricariidae,Hypostomus,-25.63,6.81,NA,NA,NA,NA,Muscle
ID_0189,5352,NA,Leporinus fasciatus,Characiformes,Anostomidae,Leporinus,-31.99,8.56,NA,NA,NA,NA,Muscle
ID_0189,63642,NA,Loricariichthys brunneus,Siluriformes,Loricariidae,Loricariichthys,-30.77,7.41,NA,NA,NA,NA,Muscle
ID_0189,26474,NA,Moenkhausia intermedia,Characiformes,Characidae,Moenkhausia,-33.02,9.43,NA,NA,NA,NA,Muscle
ID_0189,12977,Silver dollar fish,Mylossoma duriventre,Characiformes,Serrasalmidae,Mylossoma,-24.55,5.16,NA,NA,NA,NA,Muscle
ID_0189,12108,NA,Oxydoras niger,Siluriformes,Doradidae,Oxydoras,-29.09,7.1,NA,NA,NA,NA,Muscle
ID_0189,7556,Bloch's catfish,Pimelodus blochii,Siluriformes,Pimelodidae,Pimelodus,-30.85,9.57,NA,NA,NA,NA,Muscle
ID_0189,56443,NA,Psectrogaster ciliata,Characiformes,Curimatidae,Psectrogaster,-34.76,8.89,NA,NA,NA,NA,Muscle
ID_0189,8697,NA,Rhaphiodon vulpinus,Characiformes,Cynodontidae,Rhaphiodon,-27.09,10.07,NA,NA,NA,NA,Muscle
ID_0189,1526,NA,Rhinosardinia amazonica,Clupeiformes,Dorosomatidae,Rhinosardinia,-31.82,9.73,NA,NA,NA,NA,Muscle
ID_0189,NA,NA,Schizodon sp,Characiformes,Anostomidae,Schizodon,-30.22,9.12,NA,NA,NA,NA,Muscle
ID_0189,53149,NA,Semaprochilodus laticeps,Characiformes,Prochilodontidae,Semaprochilodus,-32.03,6.66,NA,NA,NA,NA,Muscle
ID_0189,23283,Stout sardine,Steindachnerina argentea,Characiformes,Curimatidae,Steindachnerina,-35.35,7.11,NA,NA,NA,NA,Muscle
ID_0189,NA,NA,Tetragonopterinae,Characiformes,Characidae,NA,-31.35,9.44,NA,NA,NA,NA,Muscle
ID_0189,12976,NA,Triportheus angulatus,Characiformes,Triportheidae,Triportheus,-26.44,8.55,NA,NA,NA,NA,Muscle
ID_0190,2964,Bridgelip sucker,Catostomus columbianus,Cypriniformes,Catostomidae,Catostomus,-27.75,10,0.35,0.6,SE,2,Muscle
ID_0190,2972,Largescale sucker,Catostomus macrocheilus,Cypriniformes,Catostomidae,Catostomus,-25.25,10.58,0.08,0.03,SE,19,Muscle
ID_0190,234,Lake whitefish,Coregonus clupeaformis,Salmoniformes,Salmonidae,Coregonus,-29.09,10.61,0.14,0.21,SE,20,Muscle
ID_0190,NA,Sculpin,Cottus sp,Perciformes/Cottoidei,Cottidae,Cottus,-25.81,10.97,0.21,0.12,SE,20,Muscle
ID_0190,1450,Common carp,Cyprinus carpio,Cypriniformes,Cyprinidae,Cyprinus,-25.34,10.23,0.33,0.14,SE,18,Muscle
ID_0190,310,Burbot,Lota lota,Gadiformes,Lotidae,Lota,-27.92,12.24,0.08,0.14,SE,17,Muscle
ID_0190,3382,Smallmouth bass,Micropterus dolomieu,Centrarchiformes,Centrarchidae,Micropterus,-25.79,10.85,0.16,0.16,SE,22,Muscle
ID_0190,239,Rainbow trout,Oncorhynchus mykiss,Salmoniformes,Salmonidae,Oncorhynchus,-26.35,10.43,0.41,0.19,SE,32,Muscle
ID_0190,243,Kokanee,Oncorhynchus nerka,Salmoniformes,Salmonidae,Oncorhynchus,-28.73,10.42,0.23,0.23,SE,6,Muscle
ID_0190,359,Yellow perch,Perca flavescens,Perciformes/Percoidei,Percidae,Perca,-27.23,11.38,0.18,0.34,SE,19,Muscle
ID_0190,2940,Northern pike minnow,Ptychocheilus oregonensis,Cypriniformes,Leuciscidae,Ptychocheilus,-26.39,10.85,0.36,0.31,SE,12,Muscle
ID_0190,246,Brook trout,Salvelinus fontinalis,Salmoniformes,Salmonidae,Salvelinus,-26.54,10.33,0.67,0.43,SE,7,Muscle
ID_0190,3516,Walleye,Sander vitreus,Perciformes/Percoidei,Percidae,Sander,-26.13,12,0.11,0.15,SE,43,Muscle
ID_0191,35,European eel,Anguilla anguilla,Anguilliformes,Anguillidae,Anguilla,-27.13,16.89,1.75,0.36,SD,5,Muscle
ID_0191,4478,Gudgeon,Gobio gobio,Cypriniformes,Gobionidae,Gobio,-28.71,18.33,0.08,0.04,SD,2,Muscle
ID_0191,358,Perch,Perca fluviatilis,Perciformes/Percoidei,Percidae,Perca,-27.55,19.53,1.11,0.62,SD,4,Muscle
ID_0191,1341,Flounder,Platichthys flesus,Pleuronectiformes,Pleuronectidae,Platichthys,-27.03,17.42,1.27,0.05,SD,2,Muscle
ID_0191,272,Roach,Rutilus rutilus,Cypriniformes,Leuciscidae,Rutilus,-26.82,18.33,0.41,0.45,SD,4,Muscle
ID_0192,4688,NA,Astatoreochromis alluaudi,Cichliformes,Cichlidae,Astatoreochromis,-18.71,4.99,1.17,0.23,SD,3,NA
ID_0192,11430,NA,Enteromius neumayeri,Cypriniformes,Cyprinidae,Enteromius,-22.12,5.56,NA,NA,NA,1,NA
ID_0192,347,Nile perch,Lates niloticus,Carangaria/misc,Latidae,Lates,-18.24,6.41,0.22,0.2,SD,9,NA
ID_0192,2,Nile tilapia,Oreochromis niloticus,Cichliformes,Cichlidae,Oreochromis,-17.38,2.78,NA,NA,NA,1,NA
ID_0192,NA,Brassy sp,NA,NA,NA,NA,-17.44,4.5,NA,NA,NA,1,NA
ID_0192,NA,Blue sp,NA,NA,NA,NA,-19.39,5.34,NA,NA,NA,1,NA
ID_0192,NA,Blue small eye,NA,NA,NA,NA,-18.97,5.37,0.6,0.31,SD,3,NA
ID_0192,NA,Brassy sp_large,NA,NA,NA,NA,-18.92,5.51,0.49,0.36,SD,2,NA
ID_0192,NA,Blue red chest,NA,NA,NA,NA,-18.24,5.88,0.24,0.57,SD,3,NA
ID_0192,NA,Yellow Red sp,NA,NA,NA,NA,-18.59,5.64,0.22,0.04,SD,2,NA
ID_0192,NA,True Blue sp,NA,NA,NA,NA,-17.95,5.34,NA,NA,NA,1,NA
ID_0193,9323,NA,Bathybagrus stappersii,Siluriformes,Claroteidae,Bathybagrus,-18.64,7.39,0.27,0.11,SD,2,Muscle
ID_0193,8140,NA,Bathybates fasciatus,Cichliformes,Cichlidae,Bathybates,-18.29,7.23,NA,NA,NA,1,Muscle
ID_0193,8144,NA,Bathybates leo,Cichliformes,Cichlidae,Bathybates,-20.21,6.68,NA,NA,NA,1,Muscle
ID_0193,6008,NA,Boulengerochromis microlepis,Cichliformes,Cichlidae,Boulengerochromis,-20.39,7.21,NA,NA,NA,1,Muscle
ID_0193,8578,NA,Gnathochromis permaxillaris,Cichliformes,Cichlidae,Gnathochromis,-20.71,4.82,NA,NA,NA,1,Muscle
ID_0193,8582,NA,Grammatotria lemairii,Cichliformes,Cichlidae,Grammatotria,-16.67,4.95,NA,NA,NA,1,Muscle
ID_0193,9697,NA,Lamprichthys tanganicanus,Cyprinodontiformes,Procatopodidae,Lamprichthys,-20.09,5.84,NA,NA,NA,1,Muscle
ID_0193,9898,NA,Lates mariae,Carangaria/misc,Latidae,Lates,-20.43,7.29,0.81,0.1,SD,2,Muscle
ID_0193,4801,NA,Lates microlepis,Carangaria/misc,Latidae,Lates,-22.07,6.37,2.56,1.24,SD,3,Muscle
ID_0193,4498,NA,Lates stappersii,Carangaria/misc,Latidae,Lates,-20.5,5.35,NA,NA,NA,1,Muscle
ID_0193,8638,NA,Limnotilapia dardennii,Cichliformes,Cichlidae,Limnotilapia,-18.33,6.06,NA,NA,NA,1,Muscle
ID_0193,2087,NA,Malapterurus electricus,Siluriformes,Malapteruridae,Malapterurus,-19.94,6.54,NA,NA,NA,1,Muscle
ID_0193,10057,NA,Mastacembelus cunningtoni,Synbranchiformes,Mastacembelidae,Mastacembelus,-18.22,6.9,2.24,0.44,SD,2,Muscle
ID_0193,1440,NA,Oreochromis tanganicae,Cichliformes,Cichlidae,Oreochromis,-14.92,3.81,NA,NA,NA,1,Muscle
ID_0193,10818,NA,Polypterus congicus,Polypteriformes,Polypteridae,Polypterus,-23.02,12.61,NA,NA,NA,1,Muscle
ID_0193,1549,NA,Stolothrissa tanganicae,Clupeiformes,Dorosomatidae,Stolothrissa,-21.39,4.33,0.17,0.12,SD,4,Whole
ID_0193,9596,NA,Synodontis multipunctatus,Siluriformes,Mochokidae,Synodontis,-21.94,5.21,NA,NA,NA,1,Muscle
ID_0193,9135,NA,Tylochromis polylepis,Cichliformes,Cichlidae,Tylochromis,-16.3,5.16,NA,NA,NA,1,Muscle
ID_0193,NA,BOU sp,NA,NA,NA,NA,-20.02,5.43,NA,NA,NA,1,Muscle
ID_0193,NA,CTE sp,NA,NA,NA,NA,-26.6,8.7,NA,NA,NA,1,Muscle
ID_0194,NA,NA,Cottus sp,Perciformes/Cottoidei,Cottidae,Cottus,-21.69,3.39,1.87,0.13,SD,12,Muscle
ID_0194,NA,NA,Cottus spp,Perciformes/Cottoidei,Cottidae,Cottus,-22.57,3.71,1.2,0.25,SD,25,Muscle
ID_0194,2688,Cutthroat trout,Oncorhynchus clarkii,Salmoniformes,Salmonidae,Oncorhynchus,-23.84,6.24,0.29,0.19,SD,9,Muscle
ID_0194,239,Rainbow trout,Oncorhynchus mykiss,Salmoniformes,Salmonidae,Oncorhynchus,-23.67,5.93,0.52,0.33,SD,4,Muscle
ID_0194,2947,Speckled dace,Rhinichthys osculus,Cypriniformes,Leuciscidae,Rhinichthys,-21.61,3.83,2.98,0.58,SD,24,Muscle
ID_0195,4078,Reticulate sculpin,Cottus perplexus,Perciformes/Cottoidei,Cottidae,Cottus,-27.79,12.04,1.78,0.59,SD,48,Muscle
ID_0195,3215,Mosquitofish,Gambusia affinis,Cyprinodontiformes,Poeciliidae,Gambusia,-28.14,10.63,2.04,0.68,SD,18,Muscle
ID_0195,2688,Cutthroat trout,Oncorhynchus clarkii,Salmoniformes,Salmonidae,Oncorhynchus,-25.03,11.18,1.95,1.12,SD,7,Muscle
ID_0195,2949,Redside shiner,Richardsonius balteatus,Cypriniformes,Leuciscidae,Richardsonius,-27.6,9.6,0.48,0.27,SD,6,Muscle
ID_0196,4521,Eastern mosquitofish,Gambusia holbrooki,Cyprinodontiformes,Poeciliidae,Gambusia,-29.25,9.16,1.88,1.23,SD,48,Muscle
ID_0196,3370,Redbreast sunfish,Lepomis auritus,Centrarchiformes,Centrarchidae,Lepomis,-28.12,11.9,0.15,0.12,SD,2,Muscle
ID_0196,3372,Pumpkinseed sunfish,Lepomis gibbosus,Centrarchiformes,Centrarchidae,Lepomis,-28.6,10.35,0.23,1.61,SD,2,Muscle
ID_0196,3379,Spotted Sunfish,Lepomis punctatus,Centrarchiformes,Centrarchidae,Lepomis,-28.14,9.35,1.4,1.12,SD,18,Muscle
ID_0196,3385,Largemouth bass,Micropterus salmoides,Centrarchiformes,Centrarchidae,Micropterus,-26.18,12.15,1.05,1.48,SD,10,Muscle
ID_0197,4521,Eastern mosquitofish,Gambusia holbrooki,Cyprinodontiformes,Poeciliidae,Gambusia,-28.07,8.69,1.88,1.04,SD,24,Muscle
ID_0197,3370,Redbreast sunfish,Lepomis auritus,Centrarchiformes,Centrarchidae,Lepomis,-25.95,9.17,1.24,0.66,SD,10,Muscle
ID_0197,3379,Spotted Sunfish,Lepomis punctatus,Centrarchiformes,Centrarchidae,Lepomis,-27.22,10.14,1.67,1,SD,26,Muscle
ID_0197,3385,Largemouth bass,Micropterus salmoides,Centrarchiformes,Centrarchidae,Micropterus,-29.3,13.14,1.11,0.98,SD,15,Muscle
ID_0197,3226,Sailfin Molly,Poecilia latipinna,Cyprinodontiformes,Poeciliidae,Poecilia,-28.44,8.44,1.33,0.6,SD,24,Muscle
ID_0198,3204,Seminole Killifish,Fundulus seminolis,Cyprinodontiformes,Fundulidae,Fundulus,-27.88,12.97,1.63,0.69,SD,12,Muscle
ID_0198,4521,Eastern mosquitofish,Gambusia holbrooki,Cyprinodontiformes,Poeciliidae,Gambusia,-28.93,12.24,1.11,1.33,SD,23,Muscle
ID_0198,3370,Redbreast sunfish,Lepomis auritus,Centrarchiformes,Centrarchidae,Lepomis,-28.75,13.43,1.25,1.04,SD,6,Muscle
ID_0198,3373,Warmouth,Lepomis gulosus,Centrarchiformes,Centrarchidae,Lepomis,-28.63,11.86,NA,NA,SD,1,Muscle
ID_0198,3375,Bluegill,Lepomis macrochirus,Centrarchiformes,Centrarchidae,Lepomis,-27.19,11.13,1.16,0.48,SD,5,Muscle
ID_0198,3379,Spotted Sunfish,Lepomis punctatus,Centrarchiformes,Centrarchidae,Lepomis,-27.12,13.24,1.66,0.92,SD,24,Muscle
ID_0198,3385,Largemouth bass,Micropterus salmoides,Centrarchiformes,Centrarchidae,Micropterus,-27.97,14.47,0.45,0.2,SD,8,Muscle
ID_0198,2885,Coastal shiner,Notropis petersoni,Cypriniformes,Leuciscidae,Notropis,-29.51,13.39,0.6,0.52,SD,12,Muscle
ID_0199,NA,NA,Clupeoides sp,Clupeiformes,Ehiravidae,Clupeoides,-25.09,15.4,0.59,1.05,SD,6,Muscle
ID_0199,16120,NA,Cyclocheilichthys armatus,Cypriniformes,Cyprinidae,Cyclocheilichthys,-26.08,13.3,0.29,1.85,SD,2,Muscle
ID_0199,NA,Species 1,Cynoglossus sp,Pleuronectiformes,Cynoglossidae,Cynoglossus,-24.98,15.12,0.27,0.65,SD,3,Muscle
ID_0199,NA,Species 2,Cynoglossus sp,Pleuronectiformes,Cynoglossidae,Cynoglossus,-24.88,15.9,0.2,0.38,SD,3,Muscle
ID_0199,10013,Broadhead sleeper,Eleotris melanosoma,Gobiiformes,Eleotridae,Eleotris,-25.99,14.81,0.1,0.18,SD,2,Muscle
ID_0199,8250,Golden tank goby,Glossogobius aureus,Gobiiformes,Gobiidae,Glossogobius,-24.89,14.17,0.84,1.18,SD,21,Muscle
ID_0199,58032,Bagrid catfish,Hemibagrus filamentus,Siluriformes,Bagridae,Hemibagrus,-25.29,13.9,NA,NA,SD,1,Muscle
ID_0199,17441,NA,Osteochilus microcephalus,Cypriniformes,Cyprinidae,Osteochilus,-27.78,12.7,NA,NA,SD,1,Muscle
ID_0199,16235,Duskyfin glassy perchlet,Parambassis wolffii,Ovalentaria/misc,Ambassidae,Parambassis,-25.53,14.5,0.19,2.29,SD,2,Muscle
ID_0199,8055,Rice-paddy eel,Pisodonophis boro,Anguilliformes,Ophichthidae,Pisodonophis,-24.79,14.61,0.27,0.69,SD,6,Muscle
ID_0199,8318,Paradise threadfin,Polynemus paradiseus,Carangaria/misc,Polynemidae,Polynemus,-25.4,16.91,0.49,0.71,SD,12,Muscle
ID_0199,12001,Shortbarbel pangasius,Pseudolais micronemus,Siluriformes,Pangasiidae,Pseudolais,-24.28,10.29,NA,NA,SD,1,Muscle
ID_0199,16203,Serrated anal-spline carp,Puntioplites proctozystron,Cypriniformes,Cyprinidae,Puntioplites,-25.38,14.5,0.6,0.91,SD,4,Muscle
ID_0199,27064,Pale rasbora,Rasbora aurotaenia,Cypriniformes,Danionidae,Rasbora,-24.78,10.48,0.3,0.1,SD,3,Muscle
ID_0199,58095,NA,Stenogobius mekongensis,Gobiiformes,Gobiidae,Stenogobius,-25.37,13.6,1.93,1.78,SD,3,Muscle
ID_0200,1583,Alewife,Alosa pseudoharengus,Clupeiformes,Alosidae,Alosa,-30,9.4,NA,NA,NA,NA,Muscle
ID_0200,2965,White sucker,Catostomus commersonii,Cypriniformes,Catostomidae,Catostomus,-30.4,8.8,NA,NA,NA,NA,Muscle
ID_0200,258,Northern pike,Esox lucius,Esociformes,Esocidae,Esox,-29.2,11.7,NA,NA,NA,NA,Muscle
ID_0200,4474,Ruffe,Gymnocephalus cernua,Perciformes/Percoidei,Percidae,Gymnocephalus,-30.4,9.2,NA,NA,NA,NA,Muscle
ID_0200,355,White perch,Morone americana,Eupercaria/misc,Moronidae,Morone,-29.25,10.45,NA,NA,NA,NA,Muscle
ID_0200,359,Yellow perch,Perca flavescens,Perciformes/Percoidei,Percidae,Perca,-29.5,10.3,NA,NA,NA,NA,Muscle
ID_0201,3361,Rock bass,Ambloplites rupestris,Centrarchiformes,Centrarchidae,Ambloplites,-18.28,14.85,NA,NA,NA,NA,Muscle
ID_0201,2600,Bowfin,Amia calva,Amiiformes,Amiidae,Amia,-19.52,15.46,NA,NA,NA,NA,Muscle
ID_0201,258,Northern pike,Esox lucius,Esociformes,Esocidae,Esox,-18.8,15.46,NA,NA,NA,NA,Muscle
ID_0201,3382,Smallmouth bass,Micropterus dolomieu,Centrarchiformes,Centrarchidae,Micropterus,-18.42,15.65,NA,NA,NA,NA,Muscle
ID_0201,12019,Round goby,Neogobius melanostomus,Gobiiformes,Gobiidae,Neogobius,-18.37,12.31,NA,NA,NA,NA,Muscle
ID_0201,276,Golden shiner,Notemigonus crysoleucas,Cypriniformes,Leuciscidae,Notemigonus,-22.43,12.56,NA,NA,NA,NA,Muscle
ID_0201,359,Yellow perch,Perca flavescens,Perciformes/Percoidei,Percidae,Perca,-19.6,15.09,NA,NA,NA,NA,Muscle
ID_0201,3516,Walleye,Sander vitreus,Perciformes/Percoidei,Percidae,Sander,-20.87,15.3,NA,NA,NA,NA,Muscle
ID_0202,3361,Rock bass,Ambloplites rupestris,Centrarchiformes,Centrarchidae,Ambloplites,-18.48,14.79,NA,NA,NA,NA,Muscle
ID_0202,2600,Bowfin,Amia calva,Amiiformes,Amiidae,Amia,-19.01,15,NA,NA,NA,NA,Muscle
ID_0202,258,Northern pike,Esox lucius,Esociformes,Esocidae,Esox,-19.33,15.32,NA,NA,NA,NA,Muscle
ID_0202,3382,Smallmouth bass,Micropterus dolomieu,Centrarchiformes,Centrarchidae,Micropterus,-19.34,15.54,NA,NA,NA,NA,Muscle
ID_0202,12019,Round goby,Neogobius melanostomus,Gobiiformes,Gobiidae,Neogobius,-18.99,11.98,NA,NA,NA,NA,Muscle
ID_0202,276,Golden shiner,Notemigonus crysoleucas,Cypriniformes,Leuciscidae,Notemigonus,-21.09,11.9,NA,NA,NA,NA,Muscle
ID_0202,359,Yellow perch,Perca flavescens,Perciformes/Percoidei,Percidae,Perca,-19.42,14.47,NA,NA,NA,NA,Muscle
ID_0202,3516,Walleye,Sander vitreus,Perciformes/Percoidei,Percidae,Sander,-20.3,15.43,NA,NA,NA,NA,Muscle
ID_0203,3361,Rock bass,Ambloplites rupestris,Centrarchiformes,Centrarchidae,Ambloplites,-18.06,14.65,NA,NA,NA,NA,Muscle
ID_0203,2600,Bowfin,Amia calva,Amiiformes,Amiidae,Amia,-18.19,16.46,NA,NA,NA,NA,Muscle
ID_0203,258,Northern pike,Esox lucius,Esociformes,Esocidae,Esox,-19.36,15.2,NA,NA,NA,NA,Muscle
ID_0203,12019,Round goby,Neogobius melanostomus,Gobiiformes,Gobiidae,Neogobius,-17.81,12.34,NA,NA,NA,NA,Muscle
ID_0203,276,Golden shiner,Notemigonus crysoleucas,Cypriniformes,Leuciscidae,Notemigonus,-21.57,12.72,NA,NA,NA,NA,Muscle
ID_0203,359,Yellow perch,Perca flavescens,Perciformes/Percoidei,Percidae,Perca,-18.32,14.46,NA,NA,NA,NA,Muscle
ID_0203,3516,Walleye,Sander vitreus,Perciformes/Percoidei,Percidae,Sander,-21.31,16.13,NA,NA,NA,NA,Muscle
ID_0204,26382,NA,Comephorus baikalensis,Perciformes/Cottoidei,Cottidae,Comephorus,-26.3,13.4,0.7,0.7,SD,34,NA
ID_0204,26384,NA,Comephorus dybowskii,Perciformes/Cottoidei,Cottidae,Comephorus,-26.5,13,0.5,0.4,SD,62,NA
ID_0204,2669,NA,Coregonus autumnalis,Salmoniformes,Salmonidae,Coregonus,-25.5,10,0.8,0.6,SD,21,NA
ID_0204,4495,NA,Cottocomephorus grewingkii,Perciformes/Cottoidei,Cottidae,Cottocomephorus,-26.3,11.8,0.4,0.7,SD,6,NA
ID_0204,26381,NA,Cottocomephorus inermis,Perciformes/Cottoidei,Cottidae,Cottocomephorus,-26.1,13.7,0.4,0.3,SD,3,NA
ID_0205,2962,Longnose sucker,Catostomus catostomus,Cypriniformes,Catostomidae,Catostomus,-26.37,6.09,NA,NA,NA,NA,Muscle
ID_0205,2965,White sucker,Catostomus commersonii,Cypriniformes,Catostomidae,Catostomus,-14.38,6.27,NA,NA,NA,NA,Muscle
ID_0205,235,Lake cisco,Coregonus artedi,Salmoniformes,Salmonidae,Coregonus,-24.7,7.12,NA,NA,NA,NA,Muscle
ID_0205,234,Lake whitefish,Coregonus clupeaformis,Salmoniformes,Salmonidae,Coregonus,-18.4,6.12,NA,NA,NA,NA,Muscle
ID_0205,2670,Deepwater coregonines,Coregonus hoyi,Salmoniformes,Salmonidae,Coregonus,-25.72,7.59,NA,NA,NA,NA,Muscle
ID_0205,310,Burbot,Lota lota,Gadiformes,Lotidae,Lota,-23.68,10.22,NA,NA,NA,NA,Muscle
ID_0205,2530,Sea lamprey,Petromyzon marinus,Petromyzontiformes,Petromyzontidae,Petromyzon,-22.12,10.96,NA,NA,NA,NA,Muscle
ID_0205,248,Lake trout,Salvelinus namaycush,Salmoniformes,Salmonidae,Salvelinus,-23.68,10.61,NA,NA,NA,NA,Muscle
ID_0205,248,Lake trout,Salvelinus namaycush,Salmoniformes,Salmonidae,Salvelinus,-23.83,9.08,NA,NA,NA,NA,Muscle
ID_0206,2962,Longnose sucker,Catostomus catostomus,Cypriniformes,Catostomidae,Catostomus,-17.26,4.35,NA,NA,NA,NA,Muscle
ID_0206,2965,White sucker,Catostomus commersonii,Cypriniformes,Catostomidae,Catostomus,-17.04,5.16,NA,NA,NA,NA,Muscle
ID_0206,235,Lake cisco,Coregonus artedi,Salmoniformes,Salmonidae,Coregonus,-24.73,8.07,NA,NA,NA,NA,Muscle
ID_0206,234,Lake whitefish,Coregonus clupeaformis,Salmoniformes,Salmonidae,Coregonus,-21.28,6.21,NA,NA,NA,NA,Muscle
ID_0206,2670,Deepwater coregonines,Coregonus hoyi,Salmoniformes,Salmonidae,Coregonus,-24.15,6.46,NA,NA,NA,NA,Muscle
ID_0206,310,Burbot,Lota lota,Gadiformes,Lotidae,Lota,-22.84,8.82,NA,NA,NA,NA,Muscle
ID_0206,245,Coho Salmon,Oncorhynchus kisutch,Salmoniformes,Salmonidae,Oncorhynchus,-23.35,6.43,NA,NA,NA,NA,Muscle
ID_0206,2530,Sea lamprey,Petromyzon marinus,Petromyzontiformes,Petromyzontidae,Petromyzon,-22.22,10.92,NA,NA,NA,NA,Muscle
ID_0206,248,Lake trout,Salvelinus namaycush,Salmoniformes,Salmonidae,Salvelinus,-22.11,10.01,NA,NA,NA,NA,Muscle
ID_0206,248,Lake trout,Salvelinus namaycush,Salmoniformes,Salmonidae,Salvelinus,-22.84,8.82,NA,NA,NA,NA,Muscle
ID_0207,2962,Longnose sucker,Catostomus catostomus,Cypriniformes,Catostomidae,Catostomus,-21.75,5.24,NA,NA,NA,NA,Muscle
ID_0207,235,Lake cisco,Coregonus artedi,Salmoniformes,Salmonidae,Coregonus,-24.84,7.07,NA,NA,NA,NA,Muscle
ID_0207,234,Lake whitefish,Coregonus clupeaformis,Salmoniformes,Salmonidae,Coregonus,-24.01,6.38,NA,NA,NA,NA,Muscle
ID_0207,2670,Deepwater coregonines,Coregonus hoyi,Salmoniformes,Salmonidae,Coregonus,-24.66,7.47,NA,NA,NA,NA,Muscle
ID_0207,310,Burbot,Lota lota,Gadiformes,Lotidae,Lota,-23.83,8.34,NA,NA,NA,NA,Muscle
ID_0207,2530,Sea lamprey,Petromyzon marinus,Petromyzontiformes,Petromyzontidae,Petromyzon,-22.39,11.25,NA,NA,NA,NA,Muscle
ID_0207,248,Lake trout,Salvelinus namaycush,Salmoniformes,Salmonidae,Salvelinus,-22.49,9.11,NA,NA,NA,NA,Muscle
ID_0207,248,Lake trout,Salvelinus namaycush,Salmoniformes,Salmonidae,Salvelinus,-23.17,7.84,NA,NA,NA,NA,Muscle
ID_0208,2962,Longnose sucker,Catostomus catostomus,Cypriniformes,Catostomidae,Catostomus,-22.47,5.42,NA,NA,NA,NA,Muscle
ID_0208,2965,White sucker,Catostomus commersonii,Cypriniformes,Catostomidae,Catostomus,-17.69,6.22,NA,NA,NA,NA,Muscle
ID_0208,235,Lake cisco,Coregonus artedi,Salmoniformes,Salmonidae,Coregonus,-25.22,7.09,NA,NA,NA,NA,Muscle
ID_0208,234,Lake whitefish,Coregonus clupeaformis,Salmoniformes,Salmonidae,Coregonus,-24.96,7.03,NA,NA,NA,NA,Muscle
ID_0208,2670,Deepwater coregonines,Coregonus hoyi,Salmoniformes,Salmonidae,Coregonus,-25.43,7.72,NA,NA,NA,NA,Muscle
ID_0208,310,Burbot,Lota lota,Gadiformes,Lotidae,Lota,-23.33,8.95,NA,NA,NA,NA,Muscle
ID_0208,2530,Sea lamprey,Petromyzon marinus,Petromyzontiformes,Petromyzontidae,Petromyzon,-22,10.93,NA,NA,NA,NA,Muscle
ID_0208,248,Lake trout,Salvelinus namaycush,Salmoniformes,Salmonidae,Salvelinus,-22.82,9.3,NA,NA,NA,NA,Muscle
ID_0208,248,Lake trout,Salvelinus namaycush,Salmoniformes,Salmonidae,Salvelinus,-23.62,8.72,NA,NA,NA,NA,Muscle
ID_0209,2962,Longnose sucker,Catostomus catostomus,Cypriniformes,Catostomidae,Catostomus,-24.54,7.05,NA,NA,NA,NA,Muscle
ID_0209,2965,White sucker,Catostomus commersonii,Cypriniformes,Catostomidae,Catostomus,-14.74,6.74,NA,NA,NA,NA,Muscle
ID_0209,235,Lake cisco,Coregonus artedi,Salmoniformes,Salmonidae,Coregonus,-24.47,6.62,NA,NA,NA,NA,Muscle
ID_0209,234,Lake whitefish,Coregonus clupeaformis,Salmoniformes,Salmonidae,Coregonus,-25.05,7.32,NA,NA,NA,NA,Muscle
ID_0209,2670,Deepwater coregonines,Coregonus hoyi,Salmoniformes,Salmonidae,Coregonus,-25.41,7.65,NA,NA,NA,NA,Muscle
ID_0209,310,Burbot,Lota lota,Gadiformes,Lotidae,Lota,-24.14,9.7,NA,NA,NA,NA,Muscle
ID_0209,2530,Sea lamprey,Petromyzon marinus,Petromyzontiformes,Petromyzontidae,Petromyzon,-21.85,10.8,NA,NA,NA,NA,Muscle
ID_0209,248,Lake trout,Salvelinus namaycush,Salmoniformes,Salmonidae,Salvelinus,-23.05,10.35,NA,NA,NA,NA,Muscle
ID_0209,248,Lake trout,Salvelinus namaycush,Salmoniformes,Salmonidae,Salvelinus,-23.56,9.17,NA,NA,NA,NA,Muscle
ID_0210,2962,Longnose sucker,Catostomus catostomus,Cypriniformes,Catostomidae,Catostomus,-26.37,6.09,NA,NA,NA,NA,Muscle
ID_0210,2965,White sucker,Catostomus commersonii,Cypriniformes,Catostomidae,Catostomus,-14.37,6.27,NA,NA,NA,NA,Muscle
ID_0210,235,Lake cisco,Coregonus artedi,Salmoniformes,Salmonidae,Coregonus,-24.67,7.12,NA,NA,NA,NA,Muscle
ID_0210,234,Lake whitefish,Coregonus clupeaformis,Salmoniformes,Salmonidae,Coregonus,-18.44,6.13,NA,NA,NA,NA,Muscle
ID_0210,2670,Deepwater coregonines,Coregonus hoyi,Salmoniformes,Salmonidae,Coregonus,-25.65,7.59,NA,NA,NA,NA,Muscle
ID_0210,310,Burbot,Lota lota,Gadiformes,Lotidae,Lota,-23.69,10.21,NA,NA,NA,NA,Muscle
ID_0210,2530,Sea lamprey,Petromyzon marinus,Petromyzontiformes,Petromyzontidae,Petromyzon,-20.76,9.48,NA,NA,NA,NA,Muscle
ID_0210,248,Lake trout,Salvelinus namaycush,Salmoniformes,Salmonidae,Salvelinus,-23.47,10.62,NA,NA,NA,NA,Muscle
ID_0210,248,Lake trout,Salvelinus namaycush,Salmoniformes,Salmonidae,Salvelinus,-23.8,9.06,NA,NA,NA,NA,Muscle
ID_0211,25640,NA,Curimata inornata,Characiformes,Curimatidae,Curimata,-32.7,9.1,0.7,1.7,SD,3,Muscle
ID_0211,25780,Acara,Geophagus proximus,Cichliformes,Cichlidae,Geophagus,-29.4,9.6,1.5,0.7,SD,5,Muscle
ID_0211,25721,NA,Hemiodus unimaculatus,Characiformes,Hemiodontidae,Hemiodus,-29.9,8.8,1.8,1,SD,10,Muscle
ID_0211,4501,Red piranha,Pygocentrus nattereri,Characiformes,Serrasalmidae,Pygocentrus,-27.6,11.9,1.6,1.1,SD,4,Muscle
ID_0212,25640,NA,Curimata inornata,Characiformes,Curimatidae,Curimata,-30.7,8.1,1.3,0.7,SD,5,Muscle
ID_0212,25780,Acara,Geophagus proximus,Cichliformes,Cichlidae,Geophagus,-27.2,9,3,0.4,SD,4,Muscle
ID_0212,25721,NA,Hemiodus unimaculatus,Characiformes,Hemiodontidae,Hemiodus,-30,8.7,2.8,1.7,SD,4,Muscle
ID_0212,4501,Red piranha,Pygocentrus nattereri,Characiformes,Serrasalmidae,Pygocentrus,-27.1,12,0.7,0.6,SD,4,Muscle
ID_0213,25721,NA,Hemiodus unimaculatus,Characiformes,Hemiodontidae,Hemiodus,-27.9,9.2,3.4,1.4,SD,3,Muscle
ID_0213,4310,Silver croaker,Plagioscion squamosissimus,Eupercaria/misc,Sciaenidae,Plagioscion,-28.7,13.4,0.6,0.7,SD,5,Muscle
ID_0213,4501,Red piranha,Pygocentrus nattereri,Characiformes,Serrasalmidae,Pygocentrus,-27.6,12.2,1.3,1.2,SD,6,Muscle
ID_0213,23448,Characin,Schizodon fasciatus,Characiformes,Anostomidae,Schizodon,-31.3,10.4,4.1,1.2,SD,5,Muscle
ID_0214,25721,NA,Hemiodus unimaculatus,Characiformes,Hemiodontidae,Hemiodus,-27.8,9.5,1.6,1.7,SD,3,Muscle
ID_0214,4310,Silver croaker,Plagioscion squamosissimus,Eupercaria/misc,Sciaenidae,Plagioscion,-26.7,12.6,1.1,0.9,SD,4,Muscle
ID_0214,4501,Red piranha,Pygocentrus nattereri,Characiformes,Serrasalmidae,Pygocentrus,-26.7,12.5,0.4,0.3,SD,3,Muscle
ID_0214,23448,Characin,Schizodon fasciatus,Characiformes,Anostomidae,Schizodon,-26,10.2,2.9,0.4,SD,3,Muscle
ID_0215,2972,Largescale sucker,Catostomus macrocheilus,Cypriniformes,Catostomidae,Catostomus,-15.13,7.27,NA,NA,NA,NA,Muscle
ID_0215,4068,Slimy sculpin,Cottus cognatus,Perciformes/Cottoidei,Cottidae,Cottus,-20.49,8.04,NA,NA,NA,NA,Muscle
ID_0215,2420,Three-spined stickleback,Gasterosteus aculeatus,Perciformes/Gasterosteoidei,Gasterosteidae,Gasterosteus,-22.27,8.32,NA,NA,NA,NA,Muscle
ID_0215,310,Burbot,Lota lota,Gadiformes,Lotidae,Lota,-22.62,10.3,NA,NA,NA,NA,Muscle
ID_0215,3382,Smallmouth bass,Micropterus dolomieu,Centrarchiformes,Centrarchidae,Micropterus,-16.91,9.91,NA,NA,NA,NA,Muscle
ID_0215,2804,Peamouth chub,Mylocheilus caurinus,Cypriniformes,Leuciscidae,Mylocheilus,-21.59,6.41,NA,NA,NA,NA,Muscle
ID_0215,2688,Cutthroat trout,Oncorhynchus clarkii,Salmoniformes,Salmonidae,Oncorhynchus,-22.68,7.58,NA,NA,NA,NA,Muscle
ID_0215,239,Rainbow trout,Oncorhynchus mykiss,Salmoniformes,Salmonidae,Oncorhynchus,-21.43,9.1,NA,NA,NA,NA,Muscle
ID_0215,243,Kokanee,Oncorhynchus nerka,Salmoniformes,Salmonidae,Oncorhynchus,-25.01,7.04,NA,NA,NA,NA,Muscle
ID_0215,244,Chinook Salmon,Oncorhynchus tshawytscha,Salmoniformes,Salmonidae,Oncorhynchus,-24.29,9.24,NA,NA,NA,NA,Muscle
ID_0215,2940,Northern pike minnow,Ptychocheilus oregonensis,Cypriniformes,Leuciscidae,Ptychocheilus,-18.34,9.56,NA,NA,NA,NA,Muscle
ID_0215,248,Lake trout,Salvelinus namaycush,Salmoniformes,Salmonidae,Salvelinus,-23.23,10.54,NA,NA,NA,NA,Muscle
ID_0216,235,Lake Herring (Cisco),Coregonus artedi,Salmoniformes,Salmonidae,Coregonus,-30.26,11.61,0.55,0.68,SD,9,Muscle
ID_0216,234,Lake whitefish,Coregonus clupeaformis,Salmoniformes,Salmonidae,Coregonus,-24.54,9.54,3.07,1.26,SD,19,Muscle
ID_0216,4068,Slimy sculpin,Cottus cognatus,Perciformes/Cottoidei,Cottidae,Cottus,-23.36,8.98,1.83,1.24,SD,6,Muscle
ID_0216,4083,Spoonhead sculpin,Cottus ricei,Perciformes/Cottoidei,Cottidae,Cottus,-24.3,9.78,2.83,1.24,SD,6,Muscle
ID_0216,2748,Lake Chub,Couesius plumbeus,Cypriniformes,Leuciscidae,Couesius,-22.61,8.79,1.05,0.72,SD,10,Muscle
ID_0216,258,Northern pike,Esox lucius,Esociformes,Esocidae,Esox,-22.87,10.3,1.33,1.15,SD,19,Muscle
ID_0216,310,Burbot,Lota lota,Gadiformes,Lotidae,Lota,-24.94,13.53,0.69,0.58,SD,12,Muscle
ID_0216,4124,Deepwater sculpin,Myoxocephalus thompsonii,Perciformes/Cottoidei,Cottidae,Myoxocephalus,-28.4,11.26,0.56,0.33,SD,9,Muscle
ID_0216,3065,Trout perch,Percopsis omiscomaycus,Percopsiformes,Percopsidae,Percopsis,-20.93,8.07,1.18,0.53,SD,10,Muscle
ID_0216,3273,Ninespine stickleback,Pungitius pungitius,Perciformes/Gasterosteoidei,Gasterosteidae,Pungitius,-24.33,8.33,1.08,0.31,SD,3,Muscle
ID_0216,248,Lake trout,Salvelinus namaycush,Salmoniformes,Salmonidae,Salvelinus,-26.68,13.89,0.65,0.93,SD,13,Muscle
ID_0217,235,Lake Herring (Cisco),Coregonus artedi,Salmoniformes,Salmonidae,Coregonus,-28.18,9.7,1.59,0.49,SD,10,Muscle
ID_0217,234,Lake whitefish,Coregonus clupeaformis,Salmoniformes,Salmonidae,Coregonus,-23.18,8.46,3.25,1.37,SD,20,Muscle
ID_0217,4068,Slimy sculpin,Cottus cognatus,Perciformes/Cottoidei,Cottidae,Cottus,-23.35,8.95,1.34,0.7,SD,4,Muscle
ID_0217,4083,Spoonhead sculpin,Cottus ricei,Perciformes/Cottoidei,Cottidae,Cottus,-21.58,7.23,NA,NA,NA,1,Muscle
ID_0217,258,Northern pike,Esox lucius,Esociformes,Esocidae,Esox,-22.53,10,1.83,1.1,SD,11,Muscle
ID_0217,310,Burbot,Lota lota,Gadiformes,Lotidae,Lota,-25.67,13.15,0.58,0.42,SD,13,Muscle
ID_0217,4124,Deepwater sculpin,Myoxocephalus thompsonii,Perciformes/Cottoidei,Cottidae,Myoxocephalus,-27.76,10.18,0.39,0.96,SD,3,Muscle
ID_0217,3065,Trout perch,Percopsis omiscomaycus,Percopsiformes,Percopsidae,Percopsis,-19.96,7.43,1.03,0.73,SD,10,Muscle
ID_0217,3273,Ninespine stickleback,Pungitius pungitius,Perciformes/Gasterosteoidei,Gasterosteidae,Pungitius,-25.54,8.59,1.1,0.6,SD,5,Muscle
ID_0217,248,Lake trout,Salvelinus namaycush,Salmoniformes,Salmonidae,Salvelinus,-26.08,12.77,1.44,0.83,SD,17,Muscle
ID_0218,235,Lake Herring (Cisco),Coregonus artedi,Salmoniformes,Salmonidae,Coregonus,-29.37,13.55,1.12,0.52,SD,9,Muscle
ID_0218,234,Lake whitefish,Coregonus clupeaformis,Salmoniformes,Salmonidae,Coregonus,-23,8.98,1.87,0.57,SD,18,Muscle
ID_0218,4068,Slimy sculpin,Cottus cognatus,Perciformes/Cottoidei,Cottidae,Cottus,-25.02,10.32,4.68,2.64,SD,4,Muscle
ID_0218,2748,Lake Chub,Couesius plumbeus,Cypriniformes,Leuciscidae,Couesius,-23.95,10.75,0.58,0.36,SD,6,Muscle
ID_0218,258,Northern pike,Esox lucius,Esociformes,Esocidae,Esox,-23.42,12.07,0.99,1.43,SD,18,Muscle
ID_0218,310,Burbot,Lota lota,Gadiformes,Lotidae,Lota,-24.25,15.4,0.81,0.58,SD,18,Muscle
ID_0218,4124,Deepwater sculpin,Myoxocephalus thompsonii,Perciformes/Cottoidei,Cottidae,Myoxocephalus,-28.63,13.21,0.49,0.21,SD,3,Muscle
ID_0218,3065,Trout perch,Percopsis omiscomaycus,Percopsiformes,Percopsidae,Percopsis,-23.23,9.76,1.38,1.4,SD,10,Muscle
ID_0218,3273,Ninespine stickleback,Pungitius pungitius,Perciformes/Gasterosteoidei,Gasterosteidae,Pungitius,-24.89,11.66,2.09,1.41,SD,3,Muscle
ID_0218,248,Lake trout,Salvelinus namaycush,Salmoniformes,Salmonidae,Salvelinus,-26.78,16.19,1.26,0.64,SD,8,Muscle
ID_0219,235,Lake Herring (Cisco),Coregonus artedi,Salmoniformes,Salmonidae,Coregonus,-29.45,9.24,0.89,0.76,SD,10,Muscle
ID_0219,234,Lake whitefish,Coregonus clupeaformis,Salmoniformes,Salmonidae,Coregonus,-24.2,8.63,3.45,1.04,SD,20,Muscle
ID_0219,4068,Slimy sculpin,Cottus cognatus,Perciformes/Cottoidei,Cottidae,Cottus,-18.53,6.97,2.86,1.54,SD,3,Muscle
ID_0219,4083,Spoonhead sculpin,Cottus ricei,Perciformes/Cottoidei,Cottidae,Cottus,-23.34,7.38,1.85,0.78,SD,4,Muscle
ID_0219,258,Northern pike,Esox lucius,Esociformes,Esocidae,Esox,-21.87,9.36,1.52,1.02,SD,11,Muscle
ID_0219,310,Burbot,Lota lota,Gadiformes,Lotidae,Lota,-24.85,12.38,1.2,0.49,SD,14,Muscle
ID_0219,4124,Deepwater sculpin,Myoxocephalus thompsonii,Perciformes/Cottoidei,Cottidae,Myoxocephalus,-26.96,9.28,0.85,0.39,SD,10,Muscle
ID_0219,3065,Trout perch,Percopsis omiscomaycus,Percopsiformes,Percopsidae,Percopsis,-19.09,7.48,0.31,0.28,SD,6,Muscle
ID_0219,3273,Ninespine stickleback,Pungitius pungitius,Perciformes/Gasterosteoidei,Gasterosteidae,Pungitius,-24.17,9.22,1.35,0.37,SD,5,Muscle
ID_0219,248,Lake trout,Salvelinus namaycush,Salmoniformes,Salmonidae,Salvelinus,-26.15,11.74,1.11,1.69,SD,15,Muscle
ID_0220,3577,Freshwater drum,Aplodinotus grunniens,Eupercaria/misc,Sciaenidae,Aplodinotus,-28.1,10.2,1,0.8,SD,6,Muscle
ID_0220,2712,Chain pickerel,Esox niger,Esociformes,Esocidae,Esox,-28.1,10.5,1,0.8,SD,6,Muscle
ID_0220,290,Channel catfish,Ictalurus punctatus,Siluriformes,Ictaluridae,Ictalurus,-28,8,1.33,1.5,SD,3,Muscle
ID_0220,1076,Spotted gar,Lepisosteus osseus,Lepisosteiformes,Lepisosteidae,Lepisosteus,-28.1,11.9,0.57,0.5,SD,5,Muscle
ID_0220,3375,Bluegill,Lepomis macrochirus,Centrarchiformes,Centrarchidae,Lepomis,-29.4,10.9,0.75,0.6,SD,6,Muscle
ID_0220,3378,Redear sunfish,Lepomis microlophus,Centrarchiformes,Centrarchidae,Lepomis,-29.5,9,1.47,0.8,SD,13,Muscle
ID_0220,3385,Largemouth bass,Micropterus salmoides,Centrarchiformes,Centrarchidae,Micropterus,-28.1,10.7,1.35,0.4,SD,44,Muscle
ID_0220,3309,Yellow bass,Morone mississippiensis,Eupercaria/misc,Moronidae,Morone,-29.3,9,0.68,0.6,SD,5,Muscle
ID_0221,3577,Freshwater drum,Aplodinotus grunniens,Eupercaria/misc,Sciaenidae,Aplodinotus,-27.9,9.7,0.87,1.3,SD,18,Muscle
ID_0221,1604,Gizzard Shad,Dorosoma cepedianum,Clupeiformes,Dorosomatidae,Dorosoma,-28.4,7.7,1.65,0.55,SD,29,Muscle
ID_0221,290,Channel catfish,Ictalurus punctatus,Siluriformes,Ictaluridae,Ictalurus,-28.5,8.5,0.8,0.8,SD,27,Muscle
ID_0221,1076,Spotted gar,Lepisosteus osseus,Lepisosteiformes,Lepisosteidae,Lepisosteus,-28,11.2,0.44,0.67,SD,19,Muscle
ID_0221,3375,Bluegill,Lepomis macrochirus,Centrarchiformes,Centrarchidae,Lepomis,-28.1,8.6,0.57,0.95,SD,14,Muscle
ID_0221,3378,Redear sunfish,Lepomis microlophus,Centrarchiformes,Centrarchidae,Lepomis,-29.1,8.6,0.34,0.8,SD,5,Muscle
ID_0221,3385,Largemouth bass,Micropterus salmoides,Centrarchiformes,Centrarchidae,Micropterus,-28.4,10.8,1.05,0.7,SD,47,Muscle
ID_0221,3308,White bass,Morone chrysops,Eupercaria/misc,Moronidae,Morone,-27.2,9.7,0.7,0.23,SD,21,Muscle
ID_0221,3309,Yellow bass,Morone mississippiensis,Eupercaria/misc,Moronidae,Morone,-28.4,9.1,2.23,0.32,SD,39,Muscle
ID_0222,1934,Sharptooth catfish,Clarias gariepinus,Siluriformes,Clariidae,Clarias,-24,8.2,NA,NA,NA,1,Muscle
ID_0222,1390,Redbelly tilapia,Coptodon zillii,Cichliformes,Cichlidae,Coptodon,-23,4.9,NA,NA,NA,1,Muscle
ID_0222,NA,NA,Haplochromis sp,Cichliformes,Cichlidae,Haplochromis,-22.2,8.1,NA,NA,NA,1,Muscle
ID_0222,347,Nile perch,Lates niloticus,Carangaria/misc,Latidae,Lates,-19,8.9,0.9,1.3,SD,9,Muscle
ID_0222,1413,Blue spotted tilapia,Oreochromis leucostictus,Cichliformes,Cichlidae,Oreochromis,-21.7,5.4,1.1,0.3,SD,4,Muscle
ID_0222,2,Nile tilapia,Oreochromis niloticus,Cichliformes,Cichlidae,Oreochromis,-19.5,5.7,1,0.6,SD,8,Muscle
ID_0222,8734,Marbled lungfish,Protopterus aethiopicus,Ceratodontiformes,Protopteridae,Protopterus,-22,7.8,NA,NA,NA,1,Muscle
ID_0223,3375,Bluegill,Lepomis macrochirus,Centrarchiformes,Centrarchidae,Lepomis,-21.67,17.34,1.72,0.26,SD,5,Muscle
ID_0223,3378,Redear sunfish,Lepomis microlophus,Centrarchiformes,Centrarchidae,Lepomis,-19.94,16.42,2.45,0.63,SD,38,Muscle
ID_0223,3212,Rainwater killifish,Lucania parva,Cyprinodontiformes,Fundulidae,Lucania,-19.25,16.49,1.66,0.42,SD,8,Muscle
ID_0223,3385,Largemouth bass,Micropterus salmoides,Centrarchiformes,Centrarchidae,Micropterus,-17.62,17.3,1.79,0.72,SD,6,Muscle
ID_0223,3388,Black crappie,Pomoxis nigromaculatus,Centrarchiformes,Centrarchidae,Pomoxis,-20.36,16.08,NA,NA,SD,1,Muscle
ID_0223,56294,Shimofori goby,Tridentiger bifasciatus,Gobiiformes,Gobiidae,Tridentiger,-22.7,14.78,1.71,0.35,SD,2,Muscle
ID_0224,3375,Bluegill,Lepomis macrochirus,Centrarchiformes,Centrarchidae,Lepomis,-22.3,17.89,1.1,0.97,SD,2,Muscle
ID_0224,3378,Redear sunfish,Lepomis microlophus,Centrarchiformes,Centrarchidae,Lepomis,-20.09,16.08,3.4,0.92,SD,6,Muscle
ID_0224,3212,Rainwater killifish,Lucania parva,Cyprinodontiformes,Fundulidae,Lucania,-19.66,15.87,1.89,0.65,SD,12,Muscle
ID_0224,3241,Mississippi silverside,Menidia beryllina,Atheriniformes,Atherinopsidae,Menidia,-25.67,16.96,2.4,0.61,SD,73,Muscle
ID_0224,3385,Largemouth bass,Micropterus salmoides,Centrarchiformes,Centrarchidae,Micropterus,-15.75,17.06,NA,NA,SD,1,Muscle
ID_0224,56294,Shimofori goby,Tridentiger bifasciatus,Gobiiformes,Gobiidae,Tridentiger,-21.82,14.43,NA,NA,SD,1,Muscle
ID_0225,346,Barramundi,Lates calcarifer,Carangaria/misc,Latidae,Lates,-28.2,8.4,1,0.5,SD,33,Muscle
ID_0225,1613,NA,Nematalosa flyensis,Clupeiformes,Dorosomatidae,Nematalosa,-32.4,4.9,0.8,0.6,SD,11,Muscle
ID_0225,1617,NA,Nematalosa papuensis,Clupeiformes,Dorosomatidae,Nematalosa,-30.5,4.3,1.8,1.2,SD,14,Muscle
ID_0225,22589,NA,Neoarius berneyi,Siluriformes,Ariidae,Neoarius,-28.6,7.4,1.7,0.8,SD,15,Muscle
ID_0225,8817,Longtom,Strongylura krefftii,Beloniformes,Belonidae,Strongylura,-29.2,8.8,1.5,0.5,SD,9,Muscle
ID_0225,598,New Guinea thryssa,Thryssa scratchleyi,Clupeiformes,Engraulidae,Thryssa,-30.1,8.7,1.5,1.5,SD,5,Muscle
ID_0225,8079,Spotted archerfish,Toxotes chatareus,Carangaria/misc,Toxotidae,Toxotes,-25.9,7.5,1.7,0.5,SD,9,Muscle
ID_0226,296,American eel,Anguilla rostrata,Anguilliformes,Anguillidae,Anguilla,-22.76,10.99,0.31,0.51,SD,2,NA
ID_0226,50323,River goby,Awaous banana,Gobiiformes,Gobiidae,Awaous,-19.28,10.08,0.24,0.83,SD,4,NA
ID_0226,55038,Smallscaled spinycheek sleeper,Eleotris perniger,Gobiiformes,Eleotridae,Eleotris,-18.66,9.75,0.8,0.95,SD,18,NA
ID_0226,3831,Bigmouth sleeper,Gobiomorus dormitor,Gobiiformes,Eleotridae,Gobiomorus,-22.19,12.7,0.69,0.83,SD,2,NA
ID_0226,23400,Spotted algae-eating goby,Sicydium punctatum,Gobiiformes,Gobiidae,Sicydium,-20.74,8.82,NA,NA,SD,1,NA
ID_0227,268,Common bream,Abramis brama,Cypriniformes,Leuciscidae,Abramis,-29.8,10.62,0.15,0.1,SD,13,Muscle
ID_0227,271,Goldfish,Carassius auratus,Cypriniformes,Cyprinidae,Carassius,-29.7,11.38,0.15,0.1,SD,14,Muscle
ID_0227,1450,Common carp,Cyprinus carpio,Cypriniformes,Cyprinidae,Cyprinus,-28.26,11.53,0.14,0.09,SD,7,Muscle
ID_0227,258,Northern pike,Esox lucius,Esociformes,Esocidae,Esox,-31.02,13.43,0.17,0.12,SD,6,Muscle
ID_0227,272,Roach,Rutilus rutilus,Cypriniformes,Leuciscidae,Rutilus,-28.49,11.74,0.15,0.1,SD,11,Muscle
ID_0227,360,Pikeperch,Sander lucioperca,Perciformes/Percoidei,Percidae,Sander,-31.14,13.28,0.16,0.12,SD,7,Muscle
ID_0228,3361,Rock bass,Ambloplites rupestris,Centrarchiformes,Centrarchidae,Ambloplites,-16.68,11.28,2.52,0.62,SD,11,Muscle
ID_0228,NA,Bullhead,Ameiurus sp,Siluriformes,Ictaluridae,Ameiurus,-18.13,10.15,1.37,1.27,SD,9,Muscle
ID_0228,258,Northern pike,Esox lucius,Esociformes,Esocidae,Esox,-16.86,13.32,1.41,0.67,SD,8,Muscle
ID_0228,2711,Muskellunge,Esox masquinongy,Esociformes,Esocidae,Esox,-16.15,12.34,1.7,0.53,SD,4,Muscle
ID_0228,3190,Banded killifish,Fundulus diaphanus,Cyprinodontiformes,Fundulidae,Fundulus,-16.26,11.26,0.43,0.67,SD,8,Muscle
ID_0228,3372,Pumpkinseed sunfish,Lepomis gibbosus,Centrarchiformes,Centrarchidae,Lepomis,-16.73,11.21,0.91,0.52,SD,6,Muscle
ID_0228,2864,Blackchin shiner,Notropis heterodon,Cypriniformes,Leuciscidae,Notropis,-18.76,9.75,0.83,0.47,SD,5,Muscle
ID_0228,359,Yellow perch,Perca flavescens,Perciformes/Percoidei,Percidae,Perca,-16.55,11.15,2.02,0.79,SD,11,Muscle
ID_0228,2931,Bluntnose minnow,Pimephales notatus,Cypriniformes,Leuciscidae,Pimephales,-16.75,10.91,0.97,0.65,SD,5,Muscle
ID_0229,2965,White sucker,Catostomus commersonii,Cypriniformes,Catostomidae,Catostomus,-17.02,9.69,1.85,0.96,SD,26,Muscle
ID_0229,235,Lake cisco,Coregonus artedi,Salmoniformes,Salmonidae,Coregonus,-19.83,10.57,0.91,0.36,SD,10,Muscle
ID_0229,2867,Spottail shiner,Notropis hudsonius,Cypriniformes,Leuciscidae,Notropis,-19.46,9.28,1.65,0.54,SD,99,Muscle
ID_0229,253,Rainbow smelt,Osmerus mordax,Osmeriformes,Osmeridae,Osmerus,-23.07,10.5,1.07,0.87,SD,97,Muscle
ID_0229,359,Yellow perch,Perca flavescens,Perciformes/Percoidei,Percidae,Perca,-18.85,9.28,2.08,0.75,SD,68,Muscle
ID_0229,3065,Trout perch,Percopsis omiscomaycus,Percopsiformes,Percopsidae,Percopsis,-18.07,10.13,1.36,0.68,SD,84,Muscle
ID_0229,3273,Ninespine stickleback,Pungitius pungitius,Perciformes/Gasterosteoidei,Gasterosteidae,Pungitius,-22.89,10.3,1.11,0.41,SD,20,Muscle
ID_0229,248,Lake trout,Salvelinus namaycush,Salmoniformes,Salmonidae,Salvelinus,-24.28,13.17,1.32,0.41,SD,23,Muscle
ID_0229,3516,Walleye,Sander vitreus,Perciformes/Percoidei,Percidae,Sander,-21.44,11.96,1.6,0.33,SD,12,Muscle
ID_0230,4471,White bream,Blicca bjoerkna,Cypriniformes,Leuciscidae,Blicca,-29.01,14.04,0.78,0.09,SD,3,Muscle/Fin
ID_0230,1450,Common carp,Cyprinus carpio,Cypriniformes,Cyprinidae,Cyprinus,-26.79,13.65,0.85,0.25,SD,2,Muscle/Fin
ID_0230,258,Northern pike,Esox lucius,Esociformes,Esocidae,Esox,-29.3,13.59,NA,NA,NA,1,Muscle/Fin
ID_0230,358,Perch,Perca fluviatilis,Perciformes/Percoidei,Percidae,Perca,-27.82,15.65,NA,NA,NA,1,Muscle/Fin
ID_0230,272,Roach,Rutilus rutilus,Cypriniformes,Leuciscidae,Rutilus,-28.06,13.15,0.77,0.49,SD,3,Muscle/Fin
ID_0230,360,Pikeperch,Sander lucioperca,Perciformes/Percoidei,Percidae,Sander,-27.91,14.96,0.43,0.54,SD,2,Muscle/Fin
ID_0231,268,Common bream,Abramis brama,Cypriniformes,Leuciscidae,Abramis,-26.26,7.76,0.14,0.11,SD,3,Muscle/Fin
ID_0231,4471,White bream,Blicca bjoerkna,Cypriniformes,Leuciscidae,Blicca,-25.78,7.7,1.08,0.79,SD,2,Muscle/Fin
ID_0231,258,Northern pike,Esox lucius,Esociformes,Esocidae,Esox,-25.73,10.04,0.04,0.67,SD,2,Muscle/Fin
ID_0231,4474,Ruffe,Gymnocephalus cernua,Perciformes/Percoidei,Percidae,Gymnocephalus,-28.02,9.36,0.51,0.35,SD,3,Muscle/Fin
ID_0231,3372,Pumpkinseed sunfish,Lepomis gibbosus,Centrarchiformes,Centrarchidae,Lepomis,-24.23,9.18,0.84,0.7,SD,3,Muscle/Fin
ID_0231,358,Perch,Perca fluviatilis,Perciformes/Percoidei,Percidae,Perca,-25.29,9.4,0.29,0.55,SD,2,Muscle/Fin
ID_0231,272,Roach,Rutilus rutilus,Cypriniformes,Leuciscidae,Rutilus,-27.23,8.94,0.5,0.02,SD,3,Muscle/Fin
ID_0231,360,Pikeperch,Sander lucioperca,Perciformes/Percoidei,Percidae,Sander,-26.7,11.03,1.08,1.46,SD,3,Muscle/Fin
ID_0231,2951,Rudd,Scardinius erythrophthalmus,Cypriniformes,Leuciscidae,Scardinius,-24.16,7.84,0.15,0.81,SD,2,Muscle/Fin
ID_0231,4482,Common chub,Squalius cephalus,Cypriniformes,Leuciscidae,Squalius,-23.34,8.2,0.21,1.22,SD,4,Muscle/Fin
ID_0231,269,Tench,Tinca tinca,Cypriniformes,Tincidae,Tinca,-25.54,8.53,0.51,0.16,SD,3,Muscle/Fin
ID_0232,268,Common bream,Abramis brama,Cypriniformes,Leuciscidae,Abramis,-29.63,10.58,0.4,0.59,SD,3,Muscle/Fin
ID_0232,4730,Bleak,Alburnus alburnus,Cypriniformes,Leuciscidae,Alburnus,-23.99,11.53,0.55,0.62,SD,5,Muscle/Fin
ID_0232,258,Northern pike,Esox lucius,Esociformes,Esocidae,Esox,-23.76,15.15,0.4,1.87,SD,3,Muscle/Fin
ID_0232,4474,Ruffe,Gymnocephalus cernua,Perciformes/Percoidei,Percidae,Gymnocephalus,-33.36,9.57,6.07,2.65,SD,3,Muscle/Fin
ID_0232,358,Perch,Perca fluviatilis,Perciformes/Percoidei,Percidae,Perca,-23.66,14.44,0.73,0.62,SD,9,Muscle/Fin
ID_0232,272,Roach,Rutilus rutilus,Cypriniformes,Leuciscidae,Rutilus,-25.86,12.56,0.86,0.53,SD,5,Muscle/Fin
ID_0232,360,Pikeperch,Sander lucioperca,Perciformes/Percoidei,Percidae,Sander,-24.12,15.68,0.48,0.54,SD,10,Muscle/Fin
ID_0233,4730,Bleak,Alburnus alburnus,Cypriniformes,Leuciscidae,Alburnus,-29.58,7.68,0.27,0.05,SD,3,Muscle/Fin
ID_0233,4471,White bream,Blicca bjoerkna,Cypriniformes,Leuciscidae,Blicca,-24.58,10.51,1.95,0.77,SD,3,Muscle/Fin
ID_0233,358,Perch,Perca fluviatilis,Perciformes/Percoidei,Percidae,Perca,-27.19,9.37,0.59,0.93,SD,3,Muscle/Fin
ID_0233,272,Roach,Rutilus rutilus,Cypriniformes,Leuciscidae,Rutilus,-26.66,9.65,0.67,0.99,SD,5,Muscle/Fin
ID_0233,360,Pikeperch,Sander lucioperca,Perciformes/Percoidei,Percidae,Sander,-26.69,10.67,0.71,0.92,SD,3,Muscle/Fin
ID_0233,4482,Common chub,Squalius cephalus,Cypriniformes,Leuciscidae,Squalius,-24.08,10,0.89,0.76,SD,3,Muscle/Fin
ID_0234,258,Northern pike,Esox lucius,Esociformes,Esocidae,Esox,-26.78,12.39,0.93,1.34,SD,2,Muscle/Fin
ID_0234,358,Perch,Perca fluviatilis,Perciformes/Percoidei,Percidae,Perca,-26.9,11.88,0.61,0.54,SD,4,Muscle/Fin
ID_0234,272,Roach,Rutilus rutilus,Cypriniformes,Leuciscidae,Rutilus,-26.49,10.66,0.29,0.38,SD,4,Muscle/Fin
ID_0234,2951,Rudd,Scardinius erythrophthalmus,Cypriniformes,Leuciscidae,Scardinius,-24.65,9.85,0.17,0.39,SD,4,Muscle/Fin
ID_0234,4482,Common chub,Squalius cephalus,Cypriniformes,Leuciscidae,Squalius,-25.78,10.16,NA,NA,NA,1,Muscle/Fin
ID_0235,291,Black bullhead,Ameiurus melas,Siluriformes,Ictaluridae,Ameiurus,-27.36,14.68,2.32,0.48,SD,3,Muscle/Fin
ID_0235,4471,White bream,Blicca bjoerkna,Cypriniformes,Leuciscidae,Blicca,-25.99,14.69,0.41,0.16,SD,3,Muscle/Fin
ID_0235,358,Perch,Perca fluviatilis,Perciformes/Percoidei,Percidae,Perca,-24.06,15.35,0.53,0.47,SD,3,Muscle/Fin
ID_0235,272,Roach,Rutilus rutilus,Cypriniformes,Leuciscidae,Rutilus,-25.82,12.97,0.15,0.12,SD,3,Muscle/Fin
ID_0235,360,Pikeperch,Sander lucioperca,Perciformes/Percoidei,Percidae,Sander,-22.27,16.9,0.67,0.32,SD,6,Muscle/Fin
ID_0236,268,Common bream,Abramis brama,Cypriniformes,Leuciscidae,Abramis,-25.17,12.95,0.79,0.78,SD,3,Muscle/Fin
ID_0236,4730,Bleak,Alburnus alburnus,Cypriniformes,Leuciscidae,Alburnus,-25.21,12.51,0.37,0.19,SD,3,Muscle/Fin
ID_0236,291,Black bullhead,Ameiurus melas,Siluriformes,Ictaluridae,Ameiurus,-27.9,13.72,2.2,0.82,SD,3,Muscle/Fin
ID_0236,4474,Ruffe,Gymnocephalus cernua,Perciformes/Percoidei,Percidae,Gymnocephalus,-28.24,12.73,0.75,0.09,SD,3,Muscle/Fin
ID_0236,358,Perch,Perca fluviatilis,Perciformes/Percoidei,Percidae,Perca,-25.95,14.91,0.43,0.68,SD,2,Muscle/Fin
ID_0236,272,Roach,Rutilus rutilus,Cypriniformes,Leuciscidae,Rutilus,-25.35,12.18,0.55,0.85,SD,3,Muscle/Fin
ID_0236,360,Pikeperch,Sander lucioperca,Perciformes/Percoidei,Percidae,Sander,-22.98,15.28,0.56,0.31,SD,3,Muscle/Fin
ID_0236,2951,Rudd,Scardinius erythrophthalmus,Cypriniformes,Leuciscidae,Scardinius,-27.23,10.73,0.59,1.11,SD,3,Muscle/Fin
ID_0236,289,European catfish,Silurus glanis,Siluriformes,Siluridae,Silurus,-24.21,13.71,0.66,0.95,SD,2,Muscle/Fin
ID_0237,268,Common bream,Abramis brama,Cypriniformes,Leuciscidae,Abramis,-28.88,10.49,NA,NA,NA,1,Muscle/Fin
ID_0237,258,Northern pike,Esox lucius,Esociformes,Esocidae,Esox,-29,10.95,0.19,0.8,SD,3,Muscle/Fin
ID_0237,358,Perch,Perca fluviatilis,Perciformes/Percoidei,Percidae,Perca,-29.35,11.4,0.62,0.75,SD,3,Muscle/Fin
ID_0237,272,Roach,Rutilus rutilus,Cypriniformes,Leuciscidae,Rutilus,-24.42,7.56,1.51,2.33,SD,3,Muscle/Fin
ID_0237,2951,Rudd,Scardinius erythrophthalmus,Cypriniformes,Leuciscidae,Scardinius,-20.15,3.85,4.04,3.08,SD,2,Muscle/Fin
ID_0237,269,Tench,Tinca tinca,Cypriniformes,Tincidae,Tinca,-28.16,9.3,1.58,0.45,SD,3,Muscle/Fin
ID_0238,4471,White bream,Blicca bjoerkna,Cypriniformes,Leuciscidae,Blicca,-25.3,13.04,0.88,0.21,SD,4,Muscle/Fin
ID_0238,358,Perch,Perca fluviatilis,Perciformes/Percoidei,Percidae,Perca,-26.2,13.1,0.16,0.7,SD,4,Muscle/Fin
ID_0238,272,Roach,Rutilus rutilus,Cypriniformes,Leuciscidae,Rutilus,-28.9,12.3,0.83,0.25,SD,3,Muscle/Fin
ID_0238,360,Pikeperch,Sander lucioperca,Perciformes/Percoidei,Percidae,Sander,-26.08,16.2,1.26,1.9,SD,4,Muscle/Fin
ID_0239,268,Common bream,Abramis brama,Cypriniformes,Leuciscidae,Abramis,-26.94,17.12,1.73,0.8,SD,10,Muscle/Fin
ID_0239,4730,Bleak,Alburnus alburnus,Cypriniformes,Leuciscidae,Alburnus,-28.42,17.19,0.62,0.56,SD,5,Muscle/Fin
ID_0239,4471,White bream,Blicca bjoerkna,Cypriniformes,Leuciscidae,Blicca,-28.79,17.65,1.18,0.34,SD,10,Muscle/Fin
ID_0239,6376,Prussian carp,Carassius gibelio,Cypriniformes,Cyprinidae,Carassius,-24.99,17.39,2.33,0.51,SD,10,Muscle/Fin
ID_0239,1450,Common carp,Cyprinus carpio,Cypriniformes,Cyprinidae,Cyprinus,-24,15.97,0.71,0.76,SD,2,Muscle/Fin
ID_0239,258,Northern pike,Esox lucius,Esociformes,Esocidae,Esox,-24.68,18.97,NA,NA,NA,1,Muscle/Fin
ID_0239,3372,Pumpkinseed sunfish,Lepomis gibbosus,Centrarchiformes,Centrarchidae,Lepomis,-22,19.02,0.38,0.47,SD,2,Muscle/Fin
ID_0239,358,Perch,Perca fluviatilis,Perciformes/Percoidei,Percidae,Perca,-26.45,18.98,1.49,0.39,SD,4,Muscle/Fin
ID_0239,272,Roach,Rutilus rutilus,Cypriniformes,Leuciscidae,Rutilus,-28.63,17.43,0.77,0.32,SD,11,Muscle/Fin
ID_0239,360,Pikeperch,Sander lucioperca,Perciformes/Percoidei,Percidae,Sander,-24.85,20.2,0.91,0.32,SD,16,Muscle/Fin
ID_0239,2951,Rudd,Scardinius erythrophthalmus,Cypriniformes,Leuciscidae,Scardinius,-26.76,16.51,0.45,0.51,SD,4,Muscle/Fin
ID_0240,268,Common bream,Abramis brama,Cypriniformes,Leuciscidae,Abramis,-24.12,16.13,0.62,0.43,SD,7,Muscle/Fin
ID_0240,291,Black bullhead,Ameiurus melas,Siluriformes,Ictaluridae,Ameiurus,-28.95,18.01,1.13,0.76,SD,4,Muscle/Fin
ID_0240,4471,White bream,Blicca bjoerkna,Cypriniformes,Leuciscidae,Blicca,-23.71,16.52,0.38,0.22,SD,5,Muscle/Fin
ID_0240,6376,Prussian carp,Carassius gibelio,Cypriniformes,Cyprinidae,Carassius,-25.13,16.34,0.8,0.53,SD,3,Muscle/Fin
ID_0240,1450,Common carp,Cyprinus carpio,Cypriniformes,Cyprinidae,Cyprinus,-24.23,14.53,NA,NA,NA,1,Muscle/Fin
ID_0240,258,Northern pike,Esox lucius,Esociformes,Esocidae,Esox,-24.67,18.25,0.73,0.49,SD,6,Muscle/Fin
ID_0240,3372,Pumpkinseed sunfish,Lepomis gibbosus,Centrarchiformes,Centrarchidae,Lepomis,-24.74,17.23,0.67,0.67,SD,6,Muscle/Fin
ID_0240,358,Perch,Perca fluviatilis,Perciformes/Percoidei,Percidae,Perca,-24.73,16.8,1.09,1.01,SD,10,Muscle/Fin
ID_0240,272,Roach,Rutilus rutilus,Cypriniformes,Leuciscidae,Rutilus,-26.8,16.04,1.98,0.63,SD,10,Muscle/Fin
ID_0240,360,Pikeperch,Sander lucioperca,Perciformes/Percoidei,Percidae,Sander,-24.62,20.2,0.46,0.66,SD,7,Muscle/Fin
ID_0241,268,Common bream,Abramis brama,Cypriniformes,Leuciscidae,Abramis,-20.11,11.29,2.12,0.72,SD,3,Muscle/Fin
ID_0241,291,Black bullhead,Ameiurus melas,Siluriformes,Ictaluridae,Ameiurus,-28.22,14.43,1.76,1.43,SD,3,Muscle/Fin
ID_0241,4474,Ruffe,Gymnocephalus cernua,Perciformes/Percoidei,Percidae,Gymnocephalus,-26.68,16.27,0.31,0.68,SD,2,Muscle/Fin
ID_0241,358,Perch,Perca fluviatilis,Perciformes/Percoidei,Percidae,Perca,-24.25,14.44,0.84,0.68,SD,3,Muscle/Fin
ID_0241,272,Roach,Rutilus rutilus,Cypriniformes,Leuciscidae,Rutilus,-26.8,16.04,1.98,0.63,SD,10,Muscle/Fin
ID_0241,272,Roach,Rutilus rutilus,Cypriniformes,Leuciscidae,Rutilus,-19.83,11.41,1.68,1.19,SD,4,Muscle/Fin
ID_0241,360,Pikeperch,Sander lucioperca,Perciformes/Percoidei,Percidae,Sander,-24.28,15.37,1.12,0.1,SD,3,Muscle/Fin
ID_0241,289,European catfish,Silurus glanis,Siluriformes,Siluridae,Silurus,-22.93,14.59,NA,NA,NA,1,Muscle/Fin
ID_0241,269,Tench,Tinca tinca,Cypriniformes,Tincidae,Tinca,-21.87,11.39,NA,NA,NA,1,Muscle/Fin
ID_0242,4474,Ruffe,Gymnocephalus cernua,Perciformes/Percoidei,Percidae,Gymnocephalus,-27.35,16.48,1.55,0.48,SD,3,Muscle/Fin
ID_0242,358,Perch,Perca fluviatilis,Perciformes/Percoidei,Percidae,Perca,-30.74,16.8,0.4,0.39,SD,3,Muscle/Fin
ID_0242,272,Roach,Rutilus rutilus,Cypriniformes,Leuciscidae,Rutilus,-29.37,15.32,1.16,0.42,SD,3,Muscle/Fin
ID_0242,2951,Rudd,Scardinius erythrophthalmus,Cypriniformes,Leuciscidae,Scardinius,-26.14,13.52,2.14,0.61,SD,3,Muscle/Fin
ID_0243,268,Common bream,Abramis brama,Cypriniformes,Leuciscidae,Abramis,-24.72,10.06,0.67,0.99,SD,5,Muscle/Fin
ID_0243,4730,Bleak,Alburnus alburnus,Cypriniformes,Leuciscidae,Alburnus,-26.8,9.39,0.09,0.21,SD,3,Muscle/Fin
ID_0243,3372,Pumpkinseed sunfish,Lepomis gibbosus,Centrarchiformes,Centrarchidae,Lepomis,-21.3,9.45,0.39,0.47,SD,3,Muscle/Fin
ID_0243,358,Perch,Perca fluviatilis,Perciformes/Percoidei,Percidae,Perca,-25.01,10.46,0.66,0.75,SD,2,Muscle/Fin
ID_0243,272,Roach,Rutilus rutilus,Cypriniformes,Leuciscidae,Rutilus,-24.94,8.59,1.07,0.25,SD,5,Muscle/Fin
ID_0243,360,Pikeperch,Sander lucioperca,Perciformes/Percoidei,Percidae,Sander,-24.95,11.08,1.75,1.35,SD,3,Muscle/Fin
ID_0244,1450,Common carp,Cyprinus carpio,Cypriniformes,Cyprinidae,Cyprinus,-26.41,10.52,2.66,1.22,SD,5,Muscle/Fin
ID_0244,4478,Gudgeon,Gobio gobio,Cypriniformes,Gobionidae,Gobio,-24.06,10.98,0.88,0.83,SD,8,Muscle/Fin
ID_0244,3372,Pumpkinseed sunfish,Lepomis gibbosus,Centrarchiformes,Centrarchidae,Lepomis,-25.17,11.33,1.89,0.57,SD,9,Muscle/Fin
ID_0244,358,Perch,Perca fluviatilis,Perciformes/Percoidei,Percidae,Perca,-23.48,14.1,0.65,0.17,SD,2,Muscle/Fin
ID_0244,272,Roach,Rutilus rutilus,Cypriniformes,Leuciscidae,Rutilus,-24.73,11.42,0.77,0.72,SD,10,Muscle/Fin
ID_0244,2951,Rudd,Scardinius erythrophthalmus,Cypriniformes,Leuciscidae,Scardinius,-23.53,11.34,0.65,0.18,SD,5,Muscle/Fin
ID_0244,4482,Common chub,Squalius cephalus,Cypriniformes,Leuciscidae,Squalius,-23.47,9.29,0.6,0.25,SD,5,Muscle/Fin
ID_0245,291,Black bullhead,Ameiurus melas,Siluriformes,Ictaluridae,Ameiurus,-30.6,13.83,0.26,0.12,SD,3,Muscle/Fin
ID_0245,4471,White bream,Blicca bjoerkna,Cypriniformes,Leuciscidae,Blicca,-23.81,13.07,1.29,0.27,SD,3,Muscle/Fin
ID_0245,4474,Ruffe,Gymnocephalus cernua,Perciformes/Percoidei,Percidae,Gymnocephalus,-25.28,14.64,1.46,0.75,SD,3,Muscle/Fin
ID_0245,358,Perch,Perca fluviatilis,Perciformes/Percoidei,Percidae,Perca,-26.04,12.92,0.37,0.46,SD,3,Muscle/Fin
ID_0245,272,Roach,Rutilus rutilus,Cypriniformes,Leuciscidae,Rutilus,-23.27,12.79,0.12,0.13,SD,3,Muscle/Fin
ID_0245,2951,Rudd,Scardinius erythrophthalmus,Cypriniformes,Leuciscidae,Scardinius,-25.14,10.67,0.83,0.28,SD,3,Muscle/Fin
ID_0246,3022,Brown bullhead,Ameiurus nebulosus,Siluriformes,Ictaluridae,Ameiurus,-24.8,0.9,1.6,0.1,SD,4,Muscle
ID_0246,2972,Largescale sucker,Catostomus macrocheilus,Cypriniformes,Catostomidae,Catostomus,-24.1,0.6,0.6,0.3,SD,3,Muscle
ID_0246,3372,Pumpkinseed sunfish,Lepomis gibbosus,Centrarchiformes,Centrarchidae,Lepomis,-22,1.3,1.3,0.8,SD,3,Muscle
ID_0246,3382,Smallmouth bass,Micropterus dolomieu,Centrarchiformes,Centrarchidae,Micropterus,-24.4,5.3,0.7,0.4,SD,5,Muscle
ID_0246,2804,Peamouth chub,Mylocheilus caurinus,Cypriniformes,Leuciscidae,Mylocheilus,-26.2,2.4,1.2,0.6,SD,5,Muscle
ID_0246,2688,Cutthroat trout,Oncorhynchus clarkii,Salmoniformes,Salmonidae,Oncorhynchus,-27.43,4.23,1.03,0.8,SD,24,Muscle
ID_0246,243,Kokanee,Oncorhynchus nerka,Salmoniformes,Salmonidae,Oncorhynchus,-30.28,4.15,1.52,0.61,SD,17,Muscle
ID_0246,244,Chinook Salmon,Oncorhynchus tshawytscha,Salmoniformes,Salmonidae,Oncorhynchus,-31.4,3.9,1.2,0.2,SD,2,Muscle
ID_0246,359,Yellow perch,Perca flavescens,Perciformes/Percoidei,Percidae,Perca,-26.49,3.07,1.48,0.85,SD,21,Muscle
ID_0246,2940,Northern pike minnow,Ptychocheilus oregonensis,Cypriniformes,Leuciscidae,Ptychocheilus,-25.54,4.69,0.55,0.43,SD,11,Muscle
ID_0247,4475,Twospot astyanax,Astyanax bimaculatus,Characiformes,Characidae,Astyanax,-25.51,8.84,0.66,0.68,SD,3,Muscle
ID_0247,27958,NA,Bryconops melanurus,Characiformes,Iguanodectidae,Bryconops,-28.95,10.71,0.46,0.24,SD,2,Muscle
ID_0247,12375,Argentine humphead,Gymnogeophagus balzanii,Cichliformes,Cichlidae,Gymnogeophagus,-27.92,9.46,NA,NA,NA,1,Muscle
ID_0247,55704,NA,Hemiodus orthonops,Characiformes,Hemiodontidae,Hemiodus,-29.35,9.41,0.74,0.83,SD,3,Muscle
ID_0247,NA,NA,Hypostomus sp,Siluriformes,Loricariidae,Hypostomus,-29.44,8.77,0.79,0.86,SD,2,Muscle
ID_0247,11940,NA,Metynnis maculatus,Characiformes,Serrasalmidae,Metynnis,-32.9,8.83,0.93,0.39,SD,3,Muscle
ID_0247,53328,NA,Metynnis mola,Characiformes,Serrasalmidae,Metynnis,-27.07,9.18,1.71,0.73,SD,2,Muscle
ID_0247,12390,Bandtail tetra,Moenkhausia dichroura,Characiformes,Characidae,Moenkhausia,-31.38,11.43,1.1,0.13,SD,3,Muscle
ID_0247,51156,NA,Myloplus levis,Characiformes,Serrasalmidae,Myloplus,-26.39,7.7,NA,NA,NA,1,Muscle
ID_0247,62851,NA,Pimelodus argenteus,Siluriformes,Pimelodidae,Pimelodus,-29.39,11.05,0.99,0.14,SD,3,Muscle
ID_0247,53345,NA,Poptella paraguayensis,Characiformes,Characidae,Poptella,-28.89,10.8,0.58,0.29,SD,3,Muscle
ID_0247,53109,NA,Psectrogaster curviventris,Characiformes,Curimatidae,Psectrogaster,-29.26,9.08,0.41,0.72,SD,3,Muscle
ID_0247,55016,NA,Serrasalmus marginatus,Characiformes,Serrasalmidae,Serrasalmus,-27.72,12.33,NA,NA,NA,1,Muscle
ID_0247,11973,Speckeled piranha,Serrasalmus spilopleura,Characiformes,Serrasalmidae,Serrasalmus,-27.08,10.38,0.18,0.74,SD,3,Muscle
ID_0247,50532,NA,Sturisoma robustum,Siluriformes,Loricariidae,Sturisoma,-28.15,9.88,0.13,0.1,SD,2,Muscle
ID_0247,4502,NA,Tetragonopterus argenteus,Characiformes,Characidae,Tetragonopterus,-28.8,10.49,1.05,0.42,SD,3,Muscle
ID_0247,56686,NA,Triportheus nematurus,Characiformes,Triportheidae,Triportheus,-26.52,10.53,0.5,0.2,SD,2,Muscle
ID_0247,NA,Ro sp,NA,NA,NA,NA,-28.11,12.24,0.36,0.2,SD,3,Muscle
ID_0247,NA,Pa bo sp,NA,NA,NA,NA,-26.94,11.41,NA,NA,NA,1,Muscle
ID_0248,52503,NA,Acestrorhynchus pantaneiro,Characiformes,Acestrorhynchidae,Acestrorhynchus,-27.66,9.29,0.39,0.9,SD,3,Muscle
ID_0248,4475,Twospot astyanax,Astyanax bimaculatus,Characiformes,Characidae,Astyanax,-25.23,7.54,1.8,0.4,SD,3,Muscle
ID_0248,52994,NA,Brycon hilarii,Characiformes,Bryconidae,Brycon,-24.07,7.4,1.26,1.3,SD,3,Muscle
ID_0248,11936,NA,Catoprion mento,Characiformes,Serrasalmidae,Catoprion,-26.4,11.79,NA,NA,NA,1,Muscle
ID_0248,46745,NA,Chaetobranchopsis australis,Cichliformes,Cichlidae,Chaetobranchopsis,-35.14,7.63,NA,NA,NA,1,Muscle
ID_0248,51877,NA,Curimatella dorsalis,Characiformes,Curimatidae,Curimatella,-31.22,9.09,0.22,0.26,SD,3,Muscle
ID_0248,12375,Argentine humphead,Gymnogeophagus balzanii,Cichliformes,Cichlidae,Gymnogeophagus,-27.72,8.97,2.92,0.31,SD,3,Muscle
ID_0248,12330,Threespot leporinus,Leporinus friderici,Characiformes,Anostomidae,Leporinus,-29.51,7.3,1.08,0.41,SD,3,Muscle
ID_0248,53328,NA,Metynnis mola,Characiformes,Serrasalmidae,Metynnis,-30.41,8.8,0.72,0.85,SD,3,Muscle
ID_0248,12390,Bandtail tetra,Moenkhausia dichroura,Characiformes,Characidae,Moenkhausia,-31.9,10.71,0.59,1.12,SD,3,Muscle
ID_0248,10674,NA,Moenkhausia sanctaefilomenae,Characiformes,Characidae,Moenkhausia,-27.08,9.26,1.12,0.37,SD,2,Muscle
ID_0248,53345,NA,Poptella paraguayensis,Characiformes,Characidae,Poptella,-30.02,9.38,0.64,1.65,SD,3,Muscle
ID_0248,53101,NA,Potamorhina squamoralevis,Characiformes,Curimatidae,Potamorhina,-31.17,6.18,2.51,0.83,SD,3,Muscle
ID_0248,53109,NA,Psectrogaster curviventris,Characiformes,Curimatidae,Psectrogaster,-34.58,8.11,2.83,0.79,SD,3,Muscle
ID_0248,57778,Pantanal eartheater,Satanoperca pappaterra,Cichliformes,Cichlidae,Satanoperca,-27.5,8.29,3.5,1.59,SD,3,Muscle
ID_0248,55016,NA,Serrasalmus marginatus,Characiformes,Serrasalmidae,Serrasalmus,-30.38,9.68,NA,NA,NA,1,Muscle
ID_0248,11973,Speckeled piranha,Serrasalmus spilopleura,Characiformes,Serrasalmidae,Serrasalmus,-29.08,10.07,0.57,1.21,SD,3,Muscle
ID_0248,50532,NA,Sturisoma robustum,Siluriformes,Loricariidae,Sturisoma,-28.52,9.76,1.06,0.46,SD,3,Muscle
ID_0248,56686,NA,Triportheus nematurus,Characiformes,Triportheidae,Triportheus,-25.75,8.59,1.23,0.39,SD,3,Muscle
ID_0249,8109,Yellowfin bream,Acanthopagrus australis,Eupercaria/misc,Sparidae,Acanthopagrus,-24.69,13.03,1.07,0.29,SD,3,Muscle
ID_0249,16808,Northern snubnose garfish,Arrhamphus sclerolepis,Beloniformes,Hemiramphidae,Arrhamphus,-24.16,13.51,0.49,0.46,SD,4,Muscle
ID_0249,22508,Greenback gauvina,Bunaka gyrinoides,Gobiiformes,Eleotridae,Bunaka,-24.61,11.13,2.67,0.74,SD,3,Muscle
ID_0249,61527,Snakehead gudgeon,Giuris margaritaceus,Gobiiformes,Eleotridae,Giuris,-21.5,12.03,NA,NA,NA,1,Muscle
ID_0249,6432,Sooty grunter,Hephaestus fuliginosus,Centrarchiformes,Terapontidae,Hephaestus,-21.97,11.57,0.84,0.51,SD,4,Muscle
ID_0249,62539,Khaki grunter,Hephaestus tulliensis,Centrarchiformes,Terapontidae,Hephaestus,-22.01,11.94,2.83,1.16,SD,2,Muscle
ID_0249,22755,Empire gudgeon,Hypseleotris compressa,Gobiiformes,Eleotridae,Hypseleotris,-21.97,11.57,0.84,0.51,SD,4,Muscle
ID_0249,346,Barramundi,Lates calcarifer,Carangaria/misc,Latidae,Lates,-23.55,14.47,0.41,0.22,SD,2,Muscle
ID_0249,1407,Mangrove red snapper,Lutjanus argentimaculatus,Eupercaria/misc,Lutjanidae,Lutjanus,-22.93,14.41,1.19,1.13,SD,3,Muscle
ID_0249,13102,Rainbow fish,Melanotaenia splendida,Atheriniformes,Melanotaeniidae,Melanotaenia,-25.27,11.43,NA,NA,SD,1,Muscle
ID_0249,785,Flathead grey mullet,Mugil cephalus,Mugiliformes,Mugilidae,Mugil,-23.18,13.47,0.6,0.97,SD,2,Muscle
ID_0249,1612,Bony bream,Nematalosa erebi,Clupeiformes,Dorosomatidae,Nematalosa,-25.57,12,0.05,0.48,SD,2,Muscle
ID_0249,12094,Narrowfront tandan,Neosilurus ater,Siluriformes,Plotosidae,Neosilurus,-22.79,12.47,0.98,0.53,SD,4,Muscle
ID_0249,2489,Spotted Tilapia,Pelmatolapia mariae,Cichliformes,Cichlidae,Pelmatolapia,-26.29,11.84,0.24,0.59,SD,2,Muscle
ID_0249,11818,Speckled dace,Redigobius bikolanus,Gobiiformes,Gobiidae,Redigobius,-25.87,10.61,0.76,0.5,SD,3,Muscle
ID_0249,12101,Eel-tailed catfish,Tandanus tandanus,Siluriformes,Plotosidae,Tandanus,-23.13,10.52,NA,NA,SD,1,Muscle
ID_0250,15124,Sailfin glassfish,Ambassis agrammus,Ovalentaria/misc,Ambassidae,Ambassis,-25.75,13.39,0.5,0.3,SD,4,Muscle
ID_0250,52402,Roman nose goby,Awaous acritosus,Gobiiformes,Gobiidae,Awaous,-25.29,13.07,1.39,0.81,SD,3,Muscle
ID_0250,22508,Greenback gauvina,Bunaka gyrinoides,Gobiiformes,Eleotridae,Bunaka,-23.98,10.9,0.45,0.19,SD,2,Muscle
ID_0250,22666,Fly-specked hardyhead,Craterocephalus stercusmuscarum,Atheriniformes,Atherinidae,Craterocephalus,-24.83,12.19,1.57,2.31,SD,2,Muscle
ID_0250,4463,Whipfin silverbiddy,Gerres filamentosus,Eupercaria/misc,Gerreidae,Gerres,-25.56,13.58,0.66,0.57,SD,4,Muscle
ID_0250,62539,Khaki grunter,Hephaestus tulliensis,Centrarchiformes,Terapontidae,Hephaestus,-23.34,11.18,0.64,0.61,SD,2,Muscle
ID_0250,22755,Empire gudgeon,Hypseleotris compressa,Gobiiformes,Eleotridae,Hypseleotris,-22.81,11.01,3.53,0.4,SD,3,Muscle
ID_0250,346,Barramundi,Lates calcarifer,Carangaria/misc,Latidae,Lates,-23.95,13.48,1.1,0.22,SD,2,Muscle
ID_0250,1407,Mangrove red snapper,Lutjanus argentimaculatus,Eupercaria/misc,Lutjanidae,Lutjanus,-24.19,14.6,0.76,0.2,SD,2,Muscle
ID_0250,13102,Rainbow fish,Melanotaenia splendida,Atheriniformes,Melanotaeniidae,Melanotaenia,-22.59,12.02,1.94,0.74,SD,7,Muscle
ID_0250,785,Flathead grey mullet,Mugil cephalus,Mugiliformes,Mugilidae,Mugil,-24.7,11.98,NA,NA,SD,1,Muscle
ID_0250,1612,Bony bream,Nematalosa erebi,Clupeiformes,Dorosomatidae,Nematalosa,-26.71,11.23,1.28,0.83,SD,6,Muscle
ID_0250,12094,Narrowfront tandan,Neosilurus ater,Siluriformes,Plotosidae,Neosilurus,-22.73,12.81,0.46,0.34,SD,3,Muscle
ID_0250,2489,Spotted Tilapia,Pelmatolapia mariae,Cichliformes,Cichlidae,Pelmatolapia,-25.31,11.58,2.56,0.61,SD,4,Muscle
ID_0250,22750,Pacific blue-eye,Pseudomugil signifer,Atheriniformes,Pseudomugilidae,Pseudomugil,-24.55,9.63,1.1,1.51,SD,3,Muscle
ID_0250,11818,Speckled dace,Redigobius bikolanus,Gobiiformes,Gobiidae,Redigobius,-26.25,11.3,1.33,1.49,SD,5,Muscle
ID_0251,291,Black bullhead,Ameiurus melas,Siluriformes,Ictaluridae,Ameiurus,-25.37,14.71,NA,NA,NA,NA,Muscle
ID_0251,1450,Common carp,Cyprinus carpio,Cypriniformes,Cyprinidae,Cyprinus,-26.75,14.48,NA,NA,NA,NA,Muscle
ID_0251,290,Channel catfish,Ictalurus punctatus,Siluriformes,Ictaluridae,Ictalurus,-23.43,14.62,NA,NA,NA,NA,Muscle
ID_0251,3385,Largemouth bass,Micropterus salmoides,Centrarchiformes,Centrarchidae,Micropterus,-24.78,15.45,NA,NA,NA,NA,Muscle
ID_0251,3388,Black crappie,Pomoxis nigromaculatus,Centrarchiformes,Centrarchidae,Pomoxis,-26.53,15.81,NA,NA,NA,NA,Muscle
ID_0251,3516,Walleye,Sander vitreus,Perciformes/Percoidei,Percidae,Sander,-24.27,16.81,NA,NA,NA,NA,Muscle
ID_0252,35,European eel,Anguilla anguilla,Anguilliformes,Anguillidae,Anguilla,-28.81,10.51,1.23,0.34,SD,NA,NA
ID_0252,258,Northern pike,Esox lucius,Esociformes,Esocidae,Esox,-24.7,11.48,0.16,0.25,SD,NA,NA
ID_0252,2420,Three-spined stickleback,Gasterosteus aculeatus,Perciformes/Gasterosteoidei,Gasterosteidae,Gasterosteus,-25.61,8.87,1.42,0.93,SD,NA,NA
ID_0252,4661,Minnow,Phoxinus phoxinus,Cypriniformes,Leuciscidae,Phoxinus,-27.79,8.95,2.37,1.01,SD,NA,NA
ID_0252,49294,Ferox trout,Salmo ferox,Salmoniformes,Salmonidae,Salmo,-25.81,13.72,1.5,0.72,SD,NA,NA
ID_0252,236,Atlantic Salmon,Salmo salar,Salmoniformes,Salmonidae,Salmo,-19.41,10.6,0.55,0.55,SD,NA,NA
ID_0252,238,Brown trout,Salmo trutta,Salmoniformes,Salmonidae,Salmo,-25.81,11.23,1.23,1.86,SD,NA,NA
ID_0252,247,Arctic charr,Salvelinus alpinus,Salmoniformes,Salmonidae,Salvelinus,-27.43,11.44,0.71,0.51,SD,NA,NA
ID_0253,14863,Mouth almighty,Glossamia aprion,Kurtiformes,Apogonidae,Glossamia,-23.41,9.42,0.53,0.78,SD,NA,Muscle
ID_0253,4800,Spangled perch,Leiopotherapon unicolor,Centrarchiformes,Terapontidae,Leiopotherapon,-22.64,7.53,1.12,1.11,SD,NA,Muscle
ID_0253,13102,Rainbow fish,Melanotaenia splendida,Atheriniformes,Melanotaeniidae,Melanotaenia,-23.8,7.87,0.92,0.93,SD,NA,Muscle
ID_0253,NA,Sleepy cod,Oxyeleotris sp,Gobiiformes,Butidae,Oxyeleotris,-23.85,8.39,1.17,0.44,SD,NA,Muscle
ID_0254,14925,Barred grunter,Amniataba percoides,Centrarchiformes,Terapontidae,Amniataba,-25.04,8.68,NA,NA,NA,NA,Muscle
ID_0254,6432,Sooty grunter,Hephaestus fuliginosus,Centrarchiformes,Terapontidae,Hephaestus,-28.07,9.24,NA,NA,NA,NA,Muscle
ID_0254,4800,Spangled perch,Leiopotherapon unicolor,Centrarchiformes,Terapontidae,Leiopotherapon,-23.19,8.73,NA,NA,NA,NA,Muscle
ID_0254,13102,Rainbow fish,Melanotaenia splendida,Atheriniformes,Melanotaeniidae,Melanotaenia,-24.99,8.89,NA,NA,NA,NA,Muscle
ID_0254,NA,Sleepy cod,Oxyeleotris sp,Gobiiformes,Butidae,Oxyeleotris,-24.89,9.52,NA,NA,NA,NA,Muscle
ID_0255,6432,Sooty grunter,Hephaestus fuliginosus,Centrarchiformes,Terapontidae,Hephaestus,-31.61,12.4,NA,NA,SD,1,Muscle
ID_0255,346,Barramundi,Lates calcarifer,Carangaria/misc,Latidae,Lates,-22.18,11.58,NA,NA,SD,1,Muscle
ID_0255,4800,Spangled perch,Leiopotherapon unicolor,Centrarchiformes,Terapontidae,Leiopotherapon,-23.21,9.21,1.17,0.55,SD,NA,Muscle
ID_0255,13102,Rainbow fish,Melanotaenia splendida,Atheriniformes,Melanotaeniidae,Melanotaenia,-23.5,9.88,NA,NA,SD,1,Muscle
ID_0255,1612,Bony bream,Nematalosa erebi,Clupeiformes,Dorosomatidae,Nematalosa,-28.6,10.11,0.58,0.15,SD,NA,Muscle
ID_0255,NA,Sleepy cod,Oxyeleotris sp,Gobiiformes,Butidae,Oxyeleotris,-22.96,10.73,0.05,0,SD,NA,Muscle
ID_0255,10623,Leathery grunter,Scortum hillii,Centrarchiformes,Terapontidae,Scortum,-24.91,10.95,1.36,1.44,SD,NA,Muscle
ID_0256,346,Barramundi,Lates calcarifer,Carangaria/misc,Latidae,Lates,-21.3,11.13,1.61,0.4,SD,NA,Muscle
ID_0256,4800,Spangled perch,Leiopotherapon unicolor,Centrarchiformes,Terapontidae,Leiopotherapon,-21.25,11.13,0.53,0.37,SD,NA,Muscle
ID_0256,13102,Rainbow fish,Melanotaenia splendida,Atheriniformes,Melanotaeniidae,Melanotaenia,-25.24,9.95,1.99,0.22,SD,NA,Muscle
ID_0256,1612,Bony bream,Nematalosa erebi,Clupeiformes,Dorosomatidae,Nematalosa,-27.38,8.74,1.8,1.18,SD,NA,Muscle
ID_0256,NA,Sleepy cod,Oxyeleotris sp,Gobiiformes,Butidae,Oxyeleotris,-23.83,10.95,2.38,0.37,SD,NA,Muscle
ID_0256,10607,Gilbert's grunter,Pingalla gilberti,Centrarchiformes,Terapontidae,Pingalla,-27.87,10.7,NA,NA,SD,1,Muscle
ID_0256,8817,Longtom,Strongylura krefftii,Beloniformes,Belonidae,Strongylura,-20.52,11.39,0.49,0.44,SD,NA,Muscle
ID_0256,8079,Spotted archerfish,Toxotes chatareus,Carangaria/misc,Toxotidae,Toxotes,-22.71,9.99,0.05,0.04,SD,NA,Muscle
ID_0257,NA,NA,Ambassis sp,Ovalentaria/misc,Ambassidae,Ambassis,-23.89,10.38,NA,NA,NA,NA,Muscle
ID_0257,14863,Mouth almighty,Glossamia aprion,Kurtiformes,Apogonidae,Glossamia,-25.08,11.12,NA,NA,NA,NA,Muscle
ID_0257,4800,Spangled perch,Leiopotherapon unicolor,Centrarchiformes,Terapontidae,Leiopotherapon,-21.74,9.92,NA,NA,NA,NA,Muscle
ID_0257,13102,Rainbow fish,Melanotaenia splendida,Atheriniformes,Melanotaeniidae,Melanotaenia,-21.67,9.64,NA,NA,NA,NA,Muscle
ID_0257,1612,Bony bream,Nematalosa erebi,Clupeiformes,Dorosomatidae,Nematalosa,-26.27,11.11,NA,NA,NA,NA,Muscle
ID_0257,NA,Sleepy cod,Oxyeleotris sp,Gobiiformes,Butidae,Oxyeleotris,-24.71,10.38,NA,NA,NA,NA,Muscle
ID_0258,346,Barramundi,Lates calcarifer,Carangaria/misc,Latidae,Lates,-22.42,9.23,0.41,0.36,SD,5,Muscle
ID_0258,4800,Spangled perch,Leiopotherapon unicolor,Centrarchiformes,Terapontidae,Leiopotherapon,-22.73,9.06,1.32,0.14,SD,3,Muscle
ID_0258,13102,Rainbow fish,Melanotaenia splendida,Atheriniformes,Melanotaeniidae,Melanotaenia,-25.36,8.43,NA,NA,SD,1,Muscle
ID_0258,1611,Western Pacific gizzard shad,Nematalosa come,Clupeiformes,Dorosomatidae,Nematalosa,-32.63,7.35,1.86,0.64,SD,5,Muscle
ID_0258,22641,Hyrtl's tandan,Neosilurus hyrtlii,Siluriformes,Plotosidae,Neosilurus,-26.69,7.99,2.83,0.6,SD,2,Muscle
ID_0258,61654,Giant gudgeon,Oxyeleotris selheimi,Gobiiformes,Butidae,Oxyeleotris,-24.37,8.47,0.69,0.3,SD,3,Muscle
ID_0258,8817,Longtom,Strongylura krefftii,Beloniformes,Belonidae,Strongylura,-22.57,9.33,0.58,0.69,SD,2,Muscle
ID_0259,NA,NA,Ambassis sp,Ovalentaria/misc,Ambassidae,Ambassis,-33.12,8.63,0.68,1.07,SD,2,Muscle
ID_0259,346,Barramundi,Lates calcarifer,Carangaria/misc,Latidae,Lates,-25.4,9.81,1.6,0.04,SD,3,Muscle
ID_0259,4800,Spangled perch,Leiopotherapon unicolor,Centrarchiformes,Terapontidae,Leiopotherapon,-22.95,8.49,1.91,1.25,SD,2,Muscle
ID_0259,13102,Rainbow fish,Melanotaenia splendida,Atheriniformes,Melanotaeniidae,Melanotaenia,-22.22,8.35,NA,NA,SD,1,Muscle
ID_0259,1611,Western Pacific gizzard shad,Nematalosa come,Clupeiformes,Dorosomatidae,Nematalosa,-33.05,7.83,NA,NA,SD,1,Muscle
ID_0259,22641,Hyrtl's tandan,Neosilurus hyrtlii,Siluriformes,Plotosidae,Neosilurus,-24.86,6.4,1.4,0.23,SD,3,Muscle
ID_0259,61654,Giant gudgeon,Oxyeleotris selheimi,Gobiiformes,Butidae,Oxyeleotris,-23.65,7.62,0.35,1.06,SD,2,Muscle
ID_0259,NA,Sleepy cod,Oxyeleotris sp,Gobiiformes,Butidae,Oxyeleotris,-24.48,7.65,NA,NA,SD,1,Muscle
ID_0259,8817,Longtom,Strongylura krefftii,Beloniformes,Belonidae,Strongylura,-24.06,9.51,NA,NA,SD,1,Muscle
ID_0260,4727,Blue acara,Andinoacara pulcher,Cichliformes,Cichlidae,Andinoacara,-24.75,8.3,2.33,0.66,SD,2,Muscle
ID_0260,12220,Black ghost knifefish,Apteronotus albifrons,Gymnotiformes,Apteronotidae,Apteronotus,-22.81,7.98,0.2,0.74,SD,5,Muscle
ID_0260,51050,Characid,Astyanax integer,Characiformes,Characidae,Astyanax,-23.53,9.38,0.46,0.95,SD,15,Muscle
ID_0260,51838,NA,Brycon whitei,Characiformes,Bryconidae,Brycon,-22.82,8.08,0.54,0.32,SD,9,Muscle
ID_0260,46738,Yellow mojarra,Caquetaia kraussii,Cichliformes,Cichlidae,Caquetaia,-21.55,10.34,0.64,0.17,SD,2,Muscle
ID_0260,47820,NA,Cetopsorhamdia insidiosa,Siluriformes,Heptapteridae,Cetopsorhamdia,-22.5,9.89,1.2,0.37,SD,4,Muscle
ID_0260,50053,Rubbernose pleco,Chaetostoma milesi,Siluriformes,Loricariidae,Chaetostoma,-23.28,8.87,3.22,0.25,SD,4,Muscle
ID_0260,12329,Halfbanded pike cichlid,Crenicichla geayi,Cichliformes,Cichlidae,Crenicichla,-22.6,9.01,1.56,0.07,SD,2,Muscle
ID_0260,13261,Porthole shovelnose catfish,Hemisorubim platyrhynchos,Siluriformes,Pimelodidae,Hemisorubim,-20.59,10.17,NA,NA,SD,1,Muscle
ID_0260,4757,Trahira,Hoplias malabaricus,Characiformes,Erythrinidae,Hoplias,-21.75,9.79,1.48,1.13,SD,2,Muscle
ID_0260,13255,NA,Leporellus vittatus,Characiformes,Anostomidae,Leporellus,-22.7,9.29,0.85,0.04,SD,2,Muscle
ID_0260,51328,Striped leporinus,Leporinus striatus,Characiformes,Anostomidae,Leporinus,-22.4,10.77,1.84,0.03,SD,3,Muscle
ID_0260,48776,NA,Ochmacanthus alternus,Siluriformes,Trichomycteridae,Ochmacanthus,-23.43,11.85,NA,NA,SD,1,Muscle
ID_0260,56970,Striped parodong,Parodon apolinari,Characiformes,Parodontidae,Parodon,-18.04,9.09,0.59,0.59,SD,14,Muscle
ID_0260,50864,NA,Piabucina erythrinoides,Characiformes,Lebiasinidae,Piabucina,-25.14,7.37,0.05,0.13,SD,4,Muscle
ID_0260,7556,Bloch's catfish,Pimelodus blochii,Siluriformes,Pimelodidae,Pimelodus,-21.68,8.92,0.46,0.88,SD,3,Muscle
ID_0260,50650,Smooth back river stingray,Potamotrygon orbignyi,Myliobatiformes,Potamotrygonidae,Potamotrygon,-21.05,10.54,1.2,0.01,SD,2,Muscle
ID_0260,51243,Coporo,Prochilodus mariae,Characiformes,Prochilodontidae,Prochilodus,-27.3,7.5,1.37,1.1,SD,15,Muscle
ID_0260,NA,NA,Rhamdella sp,Siluriformes,Heptapteridae,Rhamdella,-23.33,9.49,0.42,0.19,SD,6,Muscle
ID_0260,23351,South American catfish,Rhamdia quelen,Siluriformes,Heptapteridae,Rhamdia,-25.58,7.22,2.51,0.43,SD,3,Muscle
ID_0260,51188,Tabarana,Salminus hilarii,Characiformes,Bryconidae,Salminus,-22.04,10.87,1.01,0.36,SD,12,Muscle
ID_0260,53275,NA,Schizodon isognathus,Characiformes,Anostomidae,Schizodon,-24.13,7.69,0.49,0.94,SD,3,Muscle
ID_0260,11970,Redeye piranha,Serrasalmus rhombeus,Characiformes,Serrasalmidae,Serrasalmus,-21.9,11.23,0.61,0.56,SD,3,Muscle
ID_0260,23283,Stout sardine,Steindachnerina argentea,Characiformes,Curimatidae,Steindachnerina,-30.22,7.04,0.54,0.42,SD,6,Muscle
ID_0261,3361,Rock bass,Ambloplites rupestris,Centrarchiformes,Centrarchidae,Ambloplites,-24,14.7,1,1.2,SD,6,NA
ID_0261,290,Channel catfish,Ictalurus punctatus,Siluriformes,Ictaluridae,Ictalurus,-23.3,12.7,NA,NA,SD,1,NA
ID_0261,3371,Green sunfish,Lepomis cyanellus,Centrarchiformes,Centrarchidae,Lepomis,-22.6,9.5,0.5,0.9,SD,15,NA
ID_0261,3375,Bluegill,Lepomis macrochirus,Centrarchiformes,Centrarchidae,Lepomis,-23,9.9,10.3,5.2,SD,18,NA
ID_0261,3382,Smallmouth bass,Micropterus dolomieu,Centrarchiformes,Centrarchidae,Micropterus,-23.4,11,1.6,2.3,SD,67,NA
ID_0261,3385,Largemouth bass,Micropterus salmoides,Centrarchiformes,Centrarchidae,Micropterus,-23.6,13,1.1,1.2,SD,5,NA
ID_0261,239,Rainbow trout,Oncorhynchus mykiss,Salmoniformes,Salmonidae,Oncorhynchus,-17.9,11.1,1.2,0.4,SD,10,NA
ID_0261,3387,Crappie,Pomoxis annularis,Centrarchiformes,Centrarchidae,Pomoxis,-25.2,11.4,0.7,0.2,SD,2,NA
ID_0261,3051,Flathead catfish,Pylodictis olivaris,Siluriformes,Ictaluridae,Pylodictis,-24.3,11.4,0.9,2.4,SD,19,NA
ID_0261,238,Brown trout,Salmo trutta,Salmoniformes,Salmonidae,Salmo,-25.4,10.9,NA,NA,NA,12,NA
ID_0262,297,Shortfin eel,Anguilla australis,Anguilliformes,Anguillidae,Anguilla,-24.34,11.31,NA,NA,NA,NA,NA
ID_0262,3215,Mosquitofish,Gambusia affinis,Cyprinodontiformes,Poeciliidae,Gambusia,-28.32,12.12,NA,NA,NA,NA,NA
ID_0262,10353,Common bully,Gobiomorphus cotidianus,Gobiiformes,Eleotridae,Gobiomorphus,-27.31,12.32,NA,NA,NA,NA,NA
ID_0262,12243,Common smelt,Retropinna retropinna,Osmeriformes,Retropinnidae,Retropinna,-24.97,12.05,NA,NA,NA,NA,NA
ID_0263,297,Shortfin eel,Anguilla australis,Anguilliformes,Anguillidae,Anguilla,-25.82,13.44,NA,NA,NA,NA,NA
ID_0263,3215,Mosquitofish,Gambusia affinis,Cyprinodontiformes,Poeciliidae,Gambusia,-29.1,14.33,NA,NA,NA,NA,NA
ID_0263,10353,Common bully,Gobiomorphus cotidianus,Gobiiformes,Eleotridae,Gobiomorphus,-26.35,13.77,NA,NA,NA,NA,NA
ID_0263,785,Flathead grey mullet,Mugil cephalus,Mugiliformes,Mugilidae,Mugil,-20,12.07,NA,NA,NA,NA,NA
ID_0263,12243,Common smelt,Retropinna retropinna,Osmeriformes,Retropinnidae,Retropinna,-26,12.96,NA,NA,NA,NA,NA
ID_0264,297,Shortfin eel,Anguilla australis,Anguilliformes,Anguillidae,Anguilla,-24.68,11.38,NA,NA,NA,NA,NA
ID_0264,3215,Mosquitofish,Gambusia affinis,Cyprinodontiformes,Poeciliidae,Gambusia,-23.59,9.75,NA,NA,NA,NA,NA
ID_0264,10353,Common bully,Gobiomorphus cotidianus,Gobiiformes,Eleotridae,Gobiomorphus,-24.35,10.98,NA,NA,NA,NA,NA
ID_0264,785,Flathead grey mullet,Mugil cephalus,Mugiliformes,Mugilidae,Mugil,-17.03,12.18,NA,NA,NA,NA,NA
ID_0264,12243,Common smelt,Retropinna retropinna,Osmeriformes,Retropinnidae,Retropinna,-22.53,11.61,NA,NA,NA,NA,NA
ID_0265,297,Shortfin eel,Anguilla australis,Anguilliformes,Anguillidae,Anguilla,-24.62,11.37,NA,NA,NA,NA,NA
ID_0265,3215,Mosquitofish,Gambusia affinis,Cyprinodontiformes,Poeciliidae,Gambusia,-24.13,8.92,NA,NA,NA,NA,NA
ID_0265,10353,Common bully,Gobiomorphus cotidianus,Gobiiformes,Eleotridae,Gobiomorphus,-25.29,11.1,NA,NA,NA,NA,NA
ID_0265,12243,Common smelt,Retropinna retropinna,Osmeriformes,Retropinnidae,Retropinna,-23.8,12,NA,NA,NA,NA,NA
ID_0266,297,Shortfin eel,Anguilla australis,Anguilliformes,Anguillidae,Anguilla,-26.42,10.67,NA,NA,NA,NA,NA
ID_0266,3215,Mosquitofish,Gambusia affinis,Cyprinodontiformes,Poeciliidae,Gambusia,-26.41,12.86,NA,NA,NA,NA,NA
ID_0266,10353,Common bully,Gobiomorphus cotidianus,Gobiiformes,Eleotridae,Gobiomorphus,-27.25,12.49,NA,NA,NA,NA,NA
ID_0266,785,Flathead grey mullet,Mugil cephalus,Mugiliformes,Mugilidae,Mugil,-18.15,11.87,NA,NA,NA,NA,NA
ID_0266,12243,Common smelt,Retropinna retropinna,Osmeriformes,Retropinnidae,Retropinna,-24.63,11.96,NA,NA,NA,NA,NA
ID_0267,297,Shortfin eel,Anguilla australis,Anguilliformes,Anguillidae,Anguilla,-25.94,10.53,NA,NA,NA,NA,NA
ID_0267,3215,Mosquitofish,Gambusia affinis,Cyprinodontiformes,Poeciliidae,Gambusia,-30.46,12.07,NA,NA,NA,NA,NA
ID_0267,10353,Common bully,Gobiomorphus cotidianus,Gobiiformes,Eleotridae,Gobiomorphus,-28,12.12,NA,NA,NA,NA,NA
ID_0267,785,Flathead grey mullet,Mugil cephalus,Mugiliformes,Mugilidae,Mugil,-17.25,12.28,NA,NA,NA,NA,NA
ID_0267,12243,Common smelt,Retropinna retropinna,Osmeriformes,Retropinnidae,Retropinna,-22.59,12.55,NA,NA,NA,NA,NA
ID_0268,3215,Mosquitofish,Gambusia affinis,Cyprinodontiformes,Poeciliidae,Gambusia,-27.08,13.21,NA,NA,NA,NA,NA
ID_0268,10353,Common bully,Gobiomorphus cotidianus,Gobiiformes,Eleotridae,Gobiomorphus,-26.18,12.67,NA,NA,NA,NA,NA
ID_0268,785,Flathead grey mullet,Mugil cephalus,Mugiliformes,Mugilidae,Mugil,-20.47,10.67,NA,NA,NA,NA,NA
ID_0268,12243,Common smelt,Retropinna retropinna,Osmeriformes,Retropinnidae,Retropinna,-25.43,12.94,NA,NA,NA,NA,NA
ID_0269,297,Shortfin eel,Anguilla australis,Anguilliformes,Anguillidae,Anguilla,-24.57,11.65,NA,NA,NA,NA,NA
ID_0269,3215,Mosquitofish,Gambusia affinis,Cyprinodontiformes,Poeciliidae,Gambusia,-22.53,12.06,NA,NA,NA,NA,NA
ID_0269,10353,Common bully,Gobiomorphus cotidianus,Gobiiformes,Eleotridae,Gobiomorphus,-23.82,12.94,NA,NA,NA,NA,NA
ID_0269,10353,Common bully,Gobiomorphus cotidianus,Gobiiformes,Eleotridae,Gobiomorphus,-22.53,12.96,NA,NA,NA,NA,NA
ID_0269,785,Flathead grey mullet,Mugil cephalus,Mugiliformes,Mugilidae,Mugil,-22.86,11.54,NA,NA,NA,NA,NA
ID_0270,50310,NA,Ancistrus taunayi,Siluriformes,Loricariidae,Ancistrus,-25.6,11.3,1.5,0.5,SD,5,Muscle
ID_0270,NA,NA,Astyanax sp,Characiformes,Characidae,Astyanax,-21.6,10.8,0.6,0.6,SD,5,Muscle
ID_0270,61660,NA,Australoheros scitulus,Cichliformes,Cichlidae,Australoheros,-18.3,10.5,0.6,0.3,SD,5,Muscle
ID_0270,51335,Tetra,Bryconamericus iheringii,Characiformes,Characidae,Bryconamericus,-19.8,10.5,1,0.3,SD,6,Muscle
ID_0270,46824,Blacklipped pike cichlid,Crenicichla celidochilus,Cichliformes,Cichlidae,Crenicichla,-18.9,12.9,0.9,0.1,SD,10,Muscle
ID_0270,11159,Pike cichlid,Crenicichla lepidota,Cichliformes,Cichlidae,Crenicichla,-20.9,11.3,1.3,0.1,SD,15,Muscle
ID_0270,46881,NA,Crenicichla minuano,Cichliformes,Cichlidae,Crenicichla,-22.1,11.4,0.6,0.5,SD,18,Muscle
ID_0270,46885,NA,Crenicichla missioneira,Cichliformes,Cichlidae,Crenicichla,-19,12.2,0.6,0.5,SD,13,Muscle
ID_0270,46911,Pike cichlid,Crenicichla scottii,Cichliformes,Cichlidae,Crenicichla,-19.9,11.7,0.3,0.2,SD,11,Muscle
ID_0270,46915,NA,Crenicichla tendybaguassu,Cichliformes,Cichlidae,Crenicichla,-18.5,11.7,0.5,0.3,SD,5,Muscle
ID_0270,12377,Smooth-cheek eartheater,Gymnogeophagus gymnogenys,Cichliformes,Cichlidae,Gymnogeophagus,-17.2,9.4,1.3,0.7,SD,7,Muscle
ID_0270,52194,NA,Gymnogeophagus meridionalis,Cichliformes,Cichlidae,Gymnogeophagus,-20.6,10.7,1.1,0.1,SD,4,Muscle
ID_0270,NA,NA,Gymnogeophagus sp,Cichliformes,Cichlidae,Gymnogeophagus,-18.9,10.9,NA,NA,SD,1,Muscle
ID_0270,47802,NA,Heptapterus mustelinus,Siluriformes,Heptapteridae,Heptapterus,-20.6,12.2,0.6,0.1,SD,2,Muscle
ID_0270,50704,Giant trahira,Hoplias lacerdae,Characiformes,Erythrinidae,Hoplias,-18.1,14.1,1.1,0.9,SD,3,Muscle
ID_0270,53518,NA,Hypostomus uruguayensis,Siluriformes,Loricariidae,Hypostomus,-16.7,9.9,NA,NA,SD,1,Muscle
ID_0270,58474,Parrot leporinus,Leporinus amae,Characiformes,Anostomidae,Leporinus,-19.5,10.8,0.5,0.6,SD,3,Muscle
ID_0270,52621,Dog-tooth characid,Oligosarcus robustus,Characiformes,Characidae,Oligosarcus,-20.6,13.5,0.7,0.5,SD,2,Muscle
ID_0270,13056,Streaked prochilod,Prochilodus lineatus,Characiformes,Prochilodontidae,Prochilodus,-21.9,8.3,0.6,0.5,SD,2,Muscle
ID_0270,23351,South American catfish,Rhamdia quelen,Siluriformes,Heptapteridae,Rhamdia,-21.6,10.9,NA,NA,SD,1,Muscle
ID_0270,NA,NA,Rineloricaria sp,Siluriformes,Loricariidae,Rineloricaria,-18,11.1,0.2,0.4,SD,3,Muscle
ID_0270,11973,Speckeled piranha,Serrasalmus spilopleura,Characiformes,Serrasalmidae,Serrasalmus,-20.4,13.5,0.6,0.1,SD,2,Muscle
ID_0270,13280,Noja,Trachelyopterus galeatus,Siluriformes,Auchenipteridae,Trachelyopterus,-22.1,10.8,NA,NA,SD,1,Muscle
ID_0271,3615,Convict cichlid,Amatitlania nigrofasciata,Cichliformes,Cichlidae,Amatitlania,-23.59,10.48,0.72,0.38,SD,4,NA
ID_0271,27290,Oopu nakea goby,Awaous guamensis,Gobiiformes,Gobiidae,Awaous,-22.99,9.67,NA,NA,SD,1,NA
ID_0271,293,Chinese catfish,Clarias fuscus,Siluriformes,Clariidae,Clarias,-23.51,10.22,0.58,1.41,SD,4,NA
ID_0271,3215,Mosquitofish,Gambusia affinis,Cyprinodontiformes,Poeciliidae,Gambusia,-25.13,8.95,0.91,0.13,SD,3,NA
ID_0271,3016,Oriental weatherfish,Misgurnus anguillicaudatus,Cypriniformes,Cobitidae,Misgurnus,-22.79,9.38,2.5,0.92,SD,2,NA
ID_0271,3228,Guppy,Poecilia reticulata,Cyprinodontiformes,Poeciliidae,Poecilia,-23.88,8.81,0.54,0.75,SD,3,NA
ID_0271,NA,Liberty/Mexican molly,Poecilia sp,Cyprinodontiformes,Poeciliidae,Poecilia,-24.79,9.58,0.76,0.45,SD,4,NA
ID_0271,3231,Green swordtail,Xiphophorus hellerii,Cyprinodontiformes,Poeciliidae,Xiphophorus,-25.09,9.29,1.56,0.67,SD,3,NA
ID_0272,27290,Oopu nakea goby,Awaous guamensis,Gobiiformes,Gobiidae,Awaous,-22,10.52,0.79,0.45,SD,3,NA
ID_0272,6335,Oopu akupa goby,Eleotris sandwicensis,Gobiiformes,Eleotridae,Eleotris,-20.7,9.23,0.4,0.61,SD,3,NA
ID_0272,5157,Hawaiian flagtail,Kuhlia sandvicensis,Centrarchiformes,Kuhliidae,Kuhlia,-22.79,10.13,0.92,0.34,SD,4,NA
ID_0272,785,Flathead grey mullet,Mugil cephalus,Mugiliformes,Mugilidae,Mugil,-19.77,4.3,0.5,0.58,SD,3,NA
ID_0272,3228,Guppy,Poecilia reticulata,Cyprinodontiformes,Poeciliidae,Poecilia,-24.58,8.61,NA,NA,SD,1,NA
ID_0272,NA,Liberty/Mexican molly,Poecilia sp,Cyprinodontiformes,Poeciliidae,Poecilia,-22.9,9.77,0.57,0.83,SD,3,NA
ID_0272,56268,Oopu naniha goby,Stenogobius hawaiiensis,Gobiiformes,Gobiidae,Stenogobius,-24.72,9.42,1.16,2.91,SD,2,NA
ID_0273,6335,Oopu akupa goby,Eleotris sandwicensis,Gobiiformes,Eleotridae,Eleotris,-22.06,6.49,1.12,0.91,SD,3,NA
ID_0273,5157,Hawaiian flagtail,Kuhlia sandvicensis,Centrarchiformes,Kuhliidae,Kuhlia,-22.76,9.17,1.41,0.35,SD,3,NA
ID_0273,3385,Largemouth bass,Micropterus salmoides,Centrarchiformes,Centrarchidae,Micropterus,-24.19,11.11,NA,NA,SD,1,NA
ID_0273,785,Flathead grey mullet,Mugil cephalus,Mugiliformes,Mugilidae,Mugil,-22.77,7.63,3.65,0.55,SD,3,NA
ID_0273,NA,NA,OreochromisxSarotherodon,Cichliformes,Cichlidae,NA,-25.14,8.02,0.06,0.52,SD,2,NA
ID_0273,NA,Liberty/Mexican molly,Poecilia sp,Cyprinodontiformes,Poeciliidae,Poecilia,-30.18,8.18,5,1.47,SD,3,NA
ID_0273,56268,Oopu naniha goby,Stenogobius hawaiiensis,Gobiiformes,Gobiidae,Stenogobius,-26.11,8.67,0.64,0.61,SD,3,NA
ID_0274,457,Peacock bass,Cichla ocellaris,Cichliformes,Cichlidae,Cichla,-22.28,12.36,NA,NA,SD,1,NA
ID_0274,293,Chinese catfish,Clarias fuscus,Siluriformes,Clariidae,Clarias,-22.31,9.21,NA,NA,SD,1,NA
ID_0274,6335,Oopu 'akupa goby,Eleotris sandwicensis,Gobiiformes,Eleotridae,Eleotris,-22.37,8.6,0.76,0.58,SD,3,NA
ID_0274,3215,Mosquitofish,Gambusia affinis,Cyprinodontiformes,Poeciliidae,Gambusia,-27.19,7.48,NA,NA,SD,1,NA
ID_0274,5157,Hawaiian flagtail,Kuhlia sandvicensis,Centrarchiformes,Kuhliidae,Kuhlia,-21.89,10.05,1.27,0.25,SD,2,NA
ID_0274,3382,Smallmouth bass,Micropterus dolomieu,Centrarchiformes,Centrarchidae,Micropterus,-23.58,12.16,NA,NA,SD,1,NA
ID_0274,3385,Largemouth bass,Micropterus salmoides,Centrarchiformes,Centrarchidae,Micropterus,-23.58,12.14,NA,NA,SD,1,NA
ID_0274,785,Flathead grey mullet,Mugil cephalus,Mugiliformes,Mugilidae,Mugil,-22.43,8.05,2.66,1.8,SD,2,NA
ID_0274,3228,Guppy,Poecilia reticulata,Cyprinodontiformes,Poeciliidae,Poecilia,-25.73,7.46,NA,NA,SD,1,NA
ID_0274,NA,Liberty/Mexican molly,Poecilia sp,Cyprinodontiformes,Poeciliidae,Poecilia,-26.75,8,1.46,1.58,SD,3,NA
ID_0274,56268,Oopu naniha goby,Stenogobius hawaiiensis,Gobiiformes,Gobiidae,Stenogobius,-23.31,8.57,1.67,1.82,SD,3,NA
ID_0275,293,Chinese catfish,Clarias fuscus,Siluriformes,Clariidae,Clarias,-24.03,10.69,0.87,0.03,SD,3,NA
ID_0275,7777,BronZe catfish,Corydoras aeneus,Siluriformes,Callichthyidae,Corydoras,-26.5,12.64,2.59,0.64,SD,3,NA
ID_0275,3215,Mosquitofish,Gambusia affinis,Cyprinodontiformes,Poeciliidae,Gambusia,-22.21,11.45,2.88,1.22,SD,3,NA
ID_0275,3382,Smallmouth bass,Micropterus dolomieu,Centrarchiformes,Centrarchidae,Micropterus,-23.54,13.29,1.65,0.6,SD,3,NA
ID_0275,NA,NA,OreochromisxSarotherodon,Cichliformes,Cichlidae,NA,-25.47,9.54,1.04,1.1,SD,3,NA
ID_0276,293,Chinese catfish,Clarias fuscus,Siluriformes,Clariidae,Clarias,-24.55,10.58,2.4,0.91,SD,2,NA
ID_0276,3215,Mosquitofish,Gambusia affinis,Cyprinodontiformes,Poeciliidae,Gambusia,-22.93,12.1,3.4,0.56,SD,3,NA
ID_0276,3382,Smallmouth bass,Micropterus dolomieu,Centrarchiformes,Centrarchidae,Micropterus,-24.52,13.8,NA,NA,SD,1,NA
ID_0276,NA,NA,OreochromisxSarotherodon,Cichliformes,Cichlidae,NA,-23.66,11.8,1.92,1.12,SD,2,NA
ID_0276,3231,Green swordtail,Xiphophorus hellerii,Cyprinodontiformes,Poeciliidae,Xiphophorus,-30.44,10.9,0.59,1.43,SD,2,NA
ID_0277,1934,Sharptooth catfish,Clarias gariepinus,Siluriformes,Clariidae,Clarias,-23.29,14.46,0.84,0.87,SD,NA,Muscle
ID_0277,1450,Common carp,Cyprinus carpio,Cypriniformes,Cyprinidae,Cyprinus,-22.45,13.33,0.89,0.58,SD,22,Muscle
ID_0277,8600,Chubbyhead barb,Enteromius anoplus,Cypriniformes,Cyprinidae,Enteromius,-19.29,12.65,0.76,0.43,SD,NA,Muscle
ID_0277,5129,Orange River mudfish,Labeo capensis,Cypriniformes,Cyprinidae,Labeo,-22.42,13.9,1.1,1.83,SD,NA,Muscle
ID_0277,7577,Moggel,Labeo umbratus,Cypriniformes,Cyprinidae,Labeo,-24.66,11.13,0.36,0.6,SD,NA,Muscle
ID_0277,4818,Smallmouth yellowfish,Labeobarbus aeneus,Cypriniformes,Cyprinidae,Labeobarbus,-23.6,14.19,0.74,0.87,SD,NA,Muscle
ID_0277,4673,Largemouth yellowfish,Labeobarbus kimberleyensis,Cypriniformes,Cyprinidae,Labeobarbus,-21.85,15.28,0.26,0.36,SD,NA,Muscle
ID_0278,291,Black bullhead,Ameiurus melas,Siluriformes,Ictaluridae,Ameiurus,-24.69,15.95,1.23,1.57,SD,34,Muscle
ID_0278,1450,Common carp,Cyprinus carpio,Cypriniformes,Cyprinidae,Cyprinus,-24.89,13.53,2.19,1.22,SD,35,Muscle
ID_0278,290,Channel catfish,Ictalurus punctatus,Siluriformes,Ictaluridae,Ictalurus,-23.15,16.06,1.12,0.71,SD,54,Muscle
ID_0278,3371,Green sunfish,Lepomis cyanellus,Centrarchiformes,Centrarchidae,Lepomis,-26.25,14.76,2.25,1.76,SD,13,Muscle
ID_0278,3375,Bluegill,Lepomis macrochirus,Centrarchiformes,Centrarchidae,Lepomis,-23.96,15.27,1.47,0.84,SD,26,Muscle
ID_0278,3308,White bass,Morone chrysops,Eupercaria/misc,Moronidae,Morone,-24.63,17.95,0.75,0.91,SD,62,Muscle
ID_0278,359,Yellow perch,Perca flavescens,Perciformes/Percoidei,Percidae,Perca,-25.42,15.15,0.87,1.93,SD,21,Muscle
ID_0278,4785,Fathead minnow,Pimephales promelas,Cypriniformes,Leuciscidae,Pimephales,-25.59,16.48,1.3,1.19,SD,28,Muscle
ID_0278,3388,Black crappie,Pomoxis nigromaculatus,Centrarchiformes,Centrarchidae,Pomoxis,-25.64,15.97,1.79,1.33,SD,34,Muscle
ID_0278,3516,Walleye,Sander vitreus,Perciformes/Percoidei,Percidae,Sander,-23.73,17.47,1.18,1.07,SD,54,Muscle
ID_0279,3577,Freshwater drum,Aplodinotus grunniens,Eupercaria/misc,Sciaenidae,Aplodinotus,-22.6,7.9,0.6,1,SD,13,Muscle
ID_0279,2962,Longnose sucker,Catostomus catostomus,Cypriniformes,Catostomidae,Catostomus,-21,6.7,0.8,1,SD,7,Muscle
ID_0279,2965,White sucker,Catostomus commersonii,Cypriniformes,Catostomidae,Catostomus,-21.4,6.8,1.5,1.2,SD,55,Muscle
ID_0279,235,Lake cisco,Coregonus artedi,Salmoniformes,Salmonidae,Coregonus,-23.1,8.1,1.5,1.8,SD,101,Muscle
ID_0279,234,Lake whitefish,Coregonus clupeaformis,Salmoniformes,Salmonidae,Coregonus,-20.4,8,1.6,1.6,SD,36,Muscle
ID_0279,258,Northern pike,Esox lucius,Esociformes,Esocidae,Esox,-21.8,9.5,1.8,1.2,SD,11,Muscle
ID_0279,3308,White bass,Morone chrysops,Eupercaria/misc,Moronidae,Morone,-23.5,8.2,1.5,2.2,SD,18,Muscle
ID_0279,2824,Emerald shiner,Notropis atherinoides,Cypriniformes,Leuciscidae,Notropis,-23.4,7.7,1.3,1.4,SD,92,Muscle
ID_0279,253,Rainbow smelt,Osmerus mordax,Osmeriformes,Osmeridae,Osmerus,-22.2,8.2,0.8,1.3,SD,241,Muscle
ID_0279,359,Yellow perch,Perca flavescens,Perciformes/Percoidei,Percidae,Perca,-21.4,9.8,1.4,2.3,SD,29,Muscle
ID_0279,3065,Trout perch,Percopsis omiscomaycus,Percopsiformes,Percopsidae,Percopsis,-22.1,8,1.2,0.9,SD,20,Muscle
ID_0279,3273,Ninespine stickleback,Pungitius pungitius,Perciformes/Gasterosteoidei,Gasterosteidae,Pungitius,-22.9,7.1,1.2,2,SD,18,Muscle
ID_0279,3515,Sauger,Sander canadensis,Perciformes/Percoidei,Percidae,Sander,-21.9,10.4,1.2,1.4,SD,34,Muscle
ID_0279,3516,Walleye,Sander vitreus,Perciformes/Percoidei,Percidae,Sander,-21.5,10.2,1.1,1.3,SD,124,Muscle
ID_0280,3577,Freshwater drum,Aplodinotus grunniens,Eupercaria/misc,Sciaenidae,Aplodinotus,-18.8,4.9,1.1,1.7,SD,64,Muscle
ID_0280,2962,Longnose sucker,Catostomus catostomus,Cypriniformes,Catostomidae,Catostomus,-19.1,5.4,0.4,0.8,SD,4,Muscle
ID_0280,2965,White sucker,Catostomus commersonii,Cypriniformes,Catostomidae,Catostomus,-18.5,4.1,1.5,1.6,SD,8,Muscle
ID_0280,235,Lake cisco,Coregonus artedi,Salmoniformes,Salmonidae,Coregonus,-19.1,4,1.4,1.7,SD,169,Muscle
ID_0280,258,Northern pike,Esox lucius,Esociformes,Esocidae,Esox,-18.8,6.8,0.7,1.3,SD,20,Muscle
ID_0280,2666,Goldeye,Hiodon alosoides,Hiodontiformes,Hiodontidae,Hiodon,-19.8,5.7,1,1.4,SD,120,Muscle
ID_0280,2667,Mooneye,Hiodon tergisus,Hiodontiformes,Hiodontidae,Hiodon,-19.4,5.8,0.1,1.6,SD,2,Muscle
ID_0280,310,Burbot,Lota lota,Gadiformes,Lotidae,Lota,-18.1,6.7,0.9,2.2,SD,5,Muscle
ID_0280,3308,White bass,Morone chrysops,Eupercaria/misc,Moronidae,Morone,-19.3,7.1,1,1.6,SD,90,Muscle
ID_0280,2824,Emerald shiner,Notropis atherinoides,Cypriniformes,Leuciscidae,Notropis,-19.5,3.7,0.9,1.5,SD,60,Muscle
ID_0280,253,Rainbow smelt,Osmerus mordax,Osmeriformes,Osmeridae,Osmerus,-19.6,5.6,0.5,1.9,SD,26,Muscle
ID_0280,359,Yellow perch,Perca flavescens,Perciformes/Percoidei,Percidae,Perca,-18.7,4.9,1.4,1.4,SD,56,Muscle
ID_0280,3065,Trout perch,Percopsis omiscomaycus,Percopsiformes,Percopsidae,Percopsis,-19.6,4.9,0.4,1.2,SD,31,Muscle
ID_0280,3515,Sauger,Sander canadensis,Perciformes/Percoidei,Percidae,Sander,-17.9,6.5,1.6,1.4,SD,111,Muscle
ID_0280,3516,Walleye,Sander vitreus,Perciformes/Percoidei,Percidae,Sander,-17.4,5.6,1.6,1.8,SD,152,Muscle
ID_0281,2439,Bullhead,Cottus gobio,Perciformes/Cottoidei,Cottidae,Cottus,-22.02,7.76,NA,NA,NA,1,Muscle/Liver
ID_0281,2420,Three-spined stickleback,Gasterosteus aculeatus,Perciformes/Gasterosteoidei,Gasterosteidae,Gasterosteus,-24.51,8.48,NA,NA,NA,1,Muscle/Liver
ID_0281,1341,Flounder,Platichthys flesus,Pleuronectiformes,Pleuronectidae,Platichthys,-23.45,7.36,2.4,0.79,SD,12,Muscle/Liver
ID_0281,236,Atlantic Salmon,Salmo salar,Salmoniformes,Salmonidae,Salmo,-20.6,13.12,0.94,0.15,SD,NA,Muscle/Liver
ID_0281,238,Brown trout,Salmo trutta,Salmoniformes,Salmonidae,Salmo,-25.98,8.06,0.87,1.33,SD,9,Muscle/Liver
ID_0281,247,Arctic charr,Salvelinus alpinus,Salmoniformes,Salmonidae,Salvelinus,-27.12,10.31,0.96,0.99,SD,9,Muscle/Liver
ID_0281,4605,Grayling,Thymallus thymallus,Salmoniformes,Salmonidae,Thymallus,-25.22,8.16,0.87,0.44,SD,26,Muscle/Liver
ID_0282,2965,White sucker,Catostomus commersonii,Cypriniformes,Catostomidae,Catostomus,-21.75,9.14,0.44,1.27,SD,7,Muscle
ID_0282,290,Channel catfish,Ictalurus punctatus,Siluriformes,Ictaluridae,Ictalurus,-23.12,7.7,NA,NA,SD,1,Muscle
ID_0282,10173,Flathead chub,Platygobio gracilis,Cypriniformes,Leuciscidae,Platygobio,-21.36,8.48,0.19,0.54,SD,2,Muscle
ID_0282,2944,Longnose dace,Rhinichthys cataractae,Cypriniformes,Leuciscidae,Rhinichthys,-22.6,9.82,0.61,1.14,SD,5,Muscle
ID_0283,2965,White sucker,Catostomus commersonii,Cypriniformes,Catostomidae,Catostomus,-18.52,11.23,1.88,0.72,SD,5,Muscle
ID_0283,2876,Red shiner,Cyprinella lutrensis,Cypriniformes,Leuciscidae,Cyprinella,-19.78,13.01,2.16,2.65,SD,4,Muscle
ID_0283,3215,Mosquitofish,Gambusia affinis,Cyprinodontiformes,Poeciliidae,Gambusia,-19.78,12.98,NA,NA,SD,1,Muscle
ID_0283,290,Channel catfish,Ictalurus punctatus,Siluriformes,Ictaluridae,Ictalurus,-21.28,12.87,0.38,1.22,SD,3,Muscle
ID_0283,4785,Fathead minnow,Pimephales promelas,Cypriniformes,Leuciscidae,Pimephales,-19.87,10.43,2.78,0.99,SD,5,Muscle
ID_0283,10173,Flathead chub,Platygobio gracilis,Cypriniformes,Leuciscidae,Platygobio,-19.11,11.48,1.46,0.41,SD,5,Muscle
ID_0283,2944,Longnose dace,Rhinichthys cataractae,Cypriniformes,Leuciscidae,Rhinichthys,-20.63,12.4,0.83,0.89,SD,5,Muscle
ID_0284,3021,Yellow bullhead,Ameiurus natalis,Siluriformes,Ictaluridae,Ameiurus,-16.85,12.4,0.47,0.75,SD,2,Muscle
ID_0284,2957,River carpsucker,Carpiodes carpio,Cypriniformes,Catostomidae,Carpiodes,-16.48,13.13,0.85,1.92,SD,2,Muscle
ID_0284,2876,Red shiner,Cyprinella lutrensis,Cypriniformes,Leuciscidae,Cyprinella,-17.76,10.97,0.48,0.75,SD,5,Muscle
ID_0284,1450,Common carp,Cyprinus carpio,Cypriniformes,Cyprinidae,Cyprinus,-15.42,11.05,NA,NA,SD,1,Muscle
ID_0284,3215,Mosquitofish,Gambusia affinis,Cyprinodontiformes,Poeciliidae,Gambusia,-17.54,12.41,0.91,0.37,SD,3,Muscle
ID_0284,290,Channel catfish,Ictalurus punctatus,Siluriformes,Ictaluridae,Ictalurus,-16.96,14.4,NA,NA,SD,1,Muscle
ID_0284,4785,Fathead minnow,Pimephales promelas,Cypriniformes,Leuciscidae,Pimephales,-17.6,12.48,1.04,2.53,SD,6,Muscle
ID_0284,10173,Flathead chub,Platygobio gracilis,Cypriniformes,Leuciscidae,Platygobio,-18.97,12.58,NA,NA,SD,1,Muscle
ID_0285,2957,River carpsucker,Carpiodes carpio,Cypriniformes,Catostomidae,Carpiodes,-16.82,16.2,0.54,0.46,SD,5,Muscle
ID_0285,2876,Red shiner,Cyprinella lutrensis,Cypriniformes,Leuciscidae,Cyprinella,-17.24,15.29,0.4,0.3,SD,5,Muscle
ID_0285,1450,Common carp,Cyprinus carpio,Cypriniformes,Cyprinidae,Cyprinus,-16.35,15.35,0.79,0.06,SD,2,Muscle
ID_0285,3215,Mosquitofish,Gambusia affinis,Cyprinodontiformes,Poeciliidae,Gambusia,-17.87,14.29,2.04,1.6,SD,4,Muscle
ID_0285,290,Channel catfish,Ictalurus punctatus,Siluriformes,Ictaluridae,Ictalurus,-18.06,15.2,1.01,2.65,SD,2,Muscle
ID_0285,4785,Fathead minnow,Pimephales promelas,Cypriniformes,Leuciscidae,Pimephales,-15.89,15.99,0.24,0.68,SD,3,Muscle
ID_0286,2965,White sucker,Catostomus commersonii,Cypriniformes,Catostomidae,Catostomus,-17.98,14.39,NA,NA,SD,1,Muscle
ID_0286,2876,Red shiner,Cyprinella lutrensis,Cypriniformes,Leuciscidae,Cyprinella,-16.78,14.44,0.83,0.51,SD,6,Muscle
ID_0286,1450,Common carp,Cyprinus carpio,Cypriniformes,Cyprinidae,Cyprinus,-16.98,13.57,1.02,0.42,SD,5,Muscle
ID_0286,3215,Mosquitofish,Gambusia affinis,Cyprinodontiformes,Poeciliidae,Gambusia,-15.96,14.45,0.68,0.56,SD,5,Muscle
ID_0287,2957,River carpsucker,Carpiodes carpio,Cypriniformes,Catostomidae,Carpiodes,-20.1,15.81,NA,NA,SD,1,Muscle
ID_0287,2876,Red shiner,Cyprinella lutrensis,Cypriniformes,Leuciscidae,Cyprinella,-20.51,15.75,1.35,0.53,SD,11,Muscle
ID_0287,1450,Common carp,Cyprinus carpio,Cypriniformes,Cyprinidae,Cyprinus,-18.74,14.77,0.71,0.01,SD,2,Muscle
ID_0287,3387,White crappie,Pomoxis annularis,Centrarchiformes,Centrarchidae,Pomoxis,-22.59,12.95,0.13,0.69,SD,2,Muscle
ID_0288,7579,Inanga,Galaxias maculatus,Galaxiiformes,Galaxiidae,Galaxias,-26,8.7,1.3,0.8,SD,15,Muscle
ID_0288,47142,Big puyen,Galaxias platei,Galaxiiformes,Galaxiidae,Galaxias,-22.5,8.9,NA,NA,NA,1,Muscle
ID_0288,50822,Patagonian silverside,Odontesthes hatcheri,Atheriniformes,Atherinopsidae,Odontesthes,-26.4,8.87,2.53,1.7,SD,3,Muscle
ID_0288,11975,Velvet catfish,Olivaichthys viedmensis,Siluriformes,Diplomystidae,Olivaichthys,-26.4,8.7,1.5,0.6,SD,7,Muscle
ID_0288,239,Rainbow trout,Oncorhynchus mykiss,Salmoniformes,Salmonidae,Oncorhynchus,-24.3,12,1.2,0.5,SD,7,Muscle
ID_0288,12129,Creole perch,Percichthys trucha,Centrarchiformes,Percichthyidae,Percichthys,-24.9,11.2,2.6,1,SD,18,Muscle
ID_0288,246,Brook trout,Salvelinus fontinalis,Salmoniformes,Salmonidae,Salvelinus,-26.81,11.77,2.84,0.57,SD,9,Muscle
ID_0289,7579,Inanga,Galaxias maculatus,Galaxiiformes,Galaxiidae,Galaxias,-22.5,8.3,1.4,0.7,SD,12,Muscle
ID_0289,47142,Big puyen,Galaxias platei,Galaxiiformes,Galaxiidae,Galaxias,-19.4,9.7,NA,NA,NA,1,Muscle
ID_0289,50822,Patagonian silverside,Odontesthes hatcheri,Atheriniformes,Atherinopsidae,Odontesthes,-22.6,7.9,3,2.1,SD,2,Muscle
ID_0289,239,Rainbow trout,Oncorhynchus mykiss,Salmoniformes,Salmonidae,Oncorhynchus,-23.35,9.35,1.92,0.84,SD,16,Muscle
ID_0289,12129,Creole perch,Percichthys trucha,Centrarchiformes,Percichthyidae,Percichthys,-23.43,9.19,1.3,0.6,SD,18,Muscle
ID_0289,238,Brown trout,Salmo trutta,Salmoniformes,Salmonidae,Salmo,-23.5,11.5,NA,NA,NA,1,Muscle
ID_0289,246,Brook trout,Salvelinus fontinalis,Salmoniformes,Salmonidae,Salvelinus,-23.63,10.63,1.5,0.97,SD,9,Muscle
ID_0290,26382,NA,Comephorus baikalensis,Perciformes/Cottoidei,Cottidae,Comephorus,-26.7,13.5,0.9,0.2,SD,7,Muscle
ID_0290,26384,NA,Comephorus dybowskii,Perciformes/Cottoidei,Cottidae,Comephorus,-26.8,13.2,0.5,0.4,SD,6,Muscle
ID_0290,2669,NA,Coregonus autumnalis,Salmoniformes,Salmonidae,Coregonus,-25.1,11.2,0.3,0.2,SD,6,Muscle
ID_0290,4495,NA,Cottocomephorus grewingkii,Perciformes/Cottoidei,Cottidae,Cottocomephorus,-29.3,12.3,0.6,0.1,SD,5,Muscle
ID_0290,26381,NA,Cottocomephorus inermis,Perciformes/Cottoidei,Cottidae,Cottocomephorus,-27.9,13.3,0.9,0.7,SD,4,Muscle
ID_0290,2693,Arctic grayling,Thymallus arcticus,Salmoniformes,Salmonidae,Thymallus,-18.4,11.1,4.2,1.3,SD,2,Muscle
ID_0291,271,Goldfish,Carassius auratus,Cypriniformes,Cyprinidae,Carassius,-21.39,10.87,0.34,0.75,SE,3,NA
ID_0291,1450,Common carp,Cyprinus carpio,Cypriniformes,Cyprinidae,Cyprinus,-20.23,9.24,0.28,0.27,SE,3,NA
ID_0291,6566,Amur catfish,Silurus asotus,Siluriformes,Siluridae,Silurus,-22.2,11.35,0.84,1.62,SE,3,NA
ID_0291,54974,NA,Squalidus argentatus,Cypriniformes,Gobionidae,Squalidus,-21.9,11,0.52,0.32,SE,3,NA
ID_0291,50943,NA,Tachysurus nitidus,Siluriformes,Bagridae,Tachysurus,-28.18,11.69,0.49,0.08,SE,3,NA
ID_0292,271,Goldfish,Carassius auratus,Cypriniformes,Cyprinidae,Carassius,-24.58,10.89,1.18,1.01,SE,3,NA
ID_0292,1450,Common carp,Cyprinus carpio,Cypriniformes,Cyprinidae,Cyprinus,-23.07,11.03,0.74,0.87,SE,3,NA
ID_0292,6566,Amur catfish,Silurus asotus,Siluriformes,Siluridae,Silurus,-20.43,12.85,0.27,0.58,SE,3,NA
ID_0292,54974,NA,Squalidus argentatus,Cypriniformes,Gobionidae,Squalidus,-23.28,11.56,0.8,0.49,SE,3,NA
ID_0292,50943,NA,Tachysurus nitidus,Siluriformes,Bagridae,Tachysurus,-20.96,12.05,0.92,0.37,SE,3,NA
ID_0293,271,Goldfish,Carassius auratus,Cypriniformes,Cyprinidae,Carassius,-21.39,10.87,0.34,0.75,SE,3,NA
ID_0293,1450,Common carp,Cyprinus carpio,Cypriniformes,Cyprinidae,Cyprinus,-20.23,9.24,0.28,0.27,SE,3,NA
ID_0293,52976,NA,Hemibagrus macropterus,Siluriformes,Bagridae,Hemibagrus,-21.12,11.37,0.15,0.63,SE,2,NA
ID_0293,60480,NA,Parabotia bimaculatus,Cypriniformes,Botiidae,Parabotia,-22.69,11.93,NA,NA,NA,1,NA
ID_0293,50760,NA,Pelteobagrus eupogon,Siluriformes,Bagridae,Pelteobagrus,-21.74,10.62,NA,NA,NA,1,NA
ID_0293,50950,NA,Pseudobagrus vachellii,Siluriformes,Bagridae,Pseudobagrus,-21.35,10.25,NA,NA,NA,1,NA
ID_0293,6566,Amur catfish,Silurus asotus,Siluriformes,Siluridae,Silurus,-20.43,12.85,0.27,0.58,SE,3,NA
ID_0293,54974,NA,Squalidus argentatus,Cypriniformes,Gobionidae,Squalidus,-21.9,11,0.52,0.32,SE,3,NA
ID_0293,50943,NA,Tachysurus nitidus,Siluriformes,Bagridae,Tachysurus,-20.96,12.05,0.92,0.37,SE,2,NA
ID_0294,271,Goldfish,Carassius auratus,Cypriniformes,Cyprinidae,Carassius,-20.95,8.6,0.42,1.04,SE,3,NA
ID_0294,1450,Common carp,Cyprinus carpio,Cypriniformes,Cyprinidae,Cyprinus,-22.72,10.17,0.32,0.15,SE,3,NA
ID_0294,52976,NA,Hemibagrus macropterus,Siluriformes,Bagridae,Hemibagrus,-20.32,10.24,0.32,0.2,SE,3,NA
ID_0294,4752,Spotted steed,Hemibarbus maculatus,Cypriniformes,Gobionidae,Hemibarbus,-21.65,9.95,0.02,0.63,SE,3,NA
ID_0294,56026,NA,Hemiculter tchangi,Cypriniformes,Xenocyprididae,Hemiculter,-21.96,8.32,0.58,0.83,SE,3,NA
ID_0294,50950,NA,Pseudobagrus vachellii,Siluriformes,Bagridae,Pseudobagrus,-19.69,9.25,NA,NA,NA,1,NA
ID_0294,6566,Amur catfish,Silurus asotus,Siluriformes,Siluridae,Silurus,-19.82,11.09,NA,NA,NA,1,NA
ID_0294,55170,Big-eye mandarin fish,Siniperca knerii,Centrarchiformes,Sinipercidae,Siniperca,-22.23,11.43,NA,NA,NA,1,NA
ID_0294,54974,NA,Squalidus argentatus,Cypriniformes,Gobionidae,Squalidus,-20.4,10.91,0.26,0.45,SE,3,NA
ID_0294,50943,NA,Tachysurus nitidus,Siluriformes,Bagridae,Tachysurus,-20.39,10.29,0.22,0.59,SE,2,NA
ID_0295,271,Goldfish,Carassius auratus,Cypriniformes,Cyprinidae,Carassius,-22.23,10.94,0.52,0.52,SE,6,NA
ID_0295,46706,NA,Chanodichthys mongolicus,Cypriniformes,Xenocyprididae,Chanodichthys,-24.05,12.88,0.16,0.27,SE,16,NA
ID_0295,1450,Common carp,Cyprinus carpio,Cypriniformes,Cyprinidae,Cyprinus,-22.41,10.06,1.11,0.59,SE,6,NA
ID_0295,52976,NA,Hemibagrus macropterus,Siluriformes,Bagridae,Hemibagrus,-21.12,11.37,0.15,0.63,SE,2,NA
ID_0295,50950,NA,Pseudobagrus vachellii,Siluriformes,Bagridae,Pseudobagrus,-21.77,10.1,0.53,0.07,SE,3,NA
ID_0295,6566,Amur catfish,Silurus asotus,Siluriformes,Siluridae,Silurus,-21.13,12.25,0.53,0.7,SE,5,NA
ID_0295,50943,NA,Tachysurus nitidus,Siluriformes,Bagridae,Tachysurus,-23.06,11.88,1.29,0.18,SE,4,NA
ID_0296,271,Goldfish,Carassius auratus,Cypriniformes,Cyprinidae,Carassius,-19.05,13.9,0.73,0.15,SE,6,NA
ID_0296,46706,NA,Chanodichthys mongolicus,Cypriniformes,Xenocyprididae,Chanodichthys,-22.62,14.88,0.59,0.63,SE,3,NA
ID_0296,1450,Common carp,Cyprinus carpio,Cypriniformes,Cyprinidae,Cyprinus,-21.02,13.97,1.71,0.58,SE,4,NA
ID_0296,52976,NA,Hemibagrus macropterus,Siluriformes,Bagridae,Hemibagrus,-20.32,13.79,0.32,0.39,SE,3,NA
ID_0296,50950,NA,Pseudobagrus vachellii,Siluriformes,Bagridae,Pseudobagrus,-21.88,12.9,1.11,0.06,SE,3,NA
ID_0296,6566,Amur catfish,Silurus asotus,Siluriformes,Siluridae,Silurus,-19.86,14.43,0.04,0.05,SE,4,NA
ID_0296,50943,NA,Tachysurus nitidus,Siluriformes,Bagridae,Tachysurus,-22.35,14.15,1.96,0.27,SE,4,NA
ID_0297,6707,NA,Astatotilapia calliptera,Cichliformes,Cichlidae,Astatotilapia,-17.29,8.35,0.21,0.15,SE,2,Muscle
ID_0297,2246,NA,Buccochromis atritaeniatus,Cichliformes,Cichlidae,Buccochromis,-20.14,8.34,0.2,0.22,SE,4,Muscle
ID_0297,2245,NA,Buccochromis heterotaenia,Cichliformes,Cichlidae,Buccochromis,-18.78,7.79,NA,NA,NA,1,Muscle
ID_0297,2242,Stripeback hap,Buccochromis nototaenia,Cichliformes,Cichlidae,Buccochromis,-20.62,8.87,0.04,0.21,SE,3,Muscle
ID_0297,2249,NA,Champsochromis caeruleus,Cichliformes,Cichlidae,Champsochromis,-21.75,8.04,0.03,0.32,SE,2,Muscle
ID_0297,2288,NA,Copadichromis chrysonotus,Cichliformes,Cichlidae,Copadichromis,-20.83,8.05,0.14,0.14,SE,13,Muscle
ID_0297,2296,NA,Copadichromis virginalis,Cichliformes,Cichlidae,Copadichromis,-21.07,7.83,0.2,0.13,SE,10,Muscle
ID_0297,2213,Blackspot climbing perch,Ctenopharynx intermedius,Cichliformes,Cichlidae,Ctenopharynx,-20.91,7.47,0.16,0.09,SE,3,Muscle
ID_0297,2214,Painted dragon,Ctenopharynx pictus,Cichliformes,Cichlidae,Ctenopharynx,-19.29,6.94,NA,NA,NA,1,Muscle
ID_0297,57569,NA,Diplotaxodon limnothrissa,Cichliformes,Cichlidae,Diplotaxodon,-22.06,7.11,0.3,0.42,SE,5,Muscle
ID_0297,5138,Lake Malawi sardine,Engraulicypris sardella,Cypriniformes,Danionidae,Engraulicypris,-23.25,6.14,0.22,0.23,SE,4,Whole
ID_0297,2270,NA,Fossorochromis rostratus,Cichliformes,Cichlidae,Fossorochromis,-20.2,6.23,NA,NA,NA,1,Muscle
ID_0297,2219,Giant hap,Hemitilapia oxyrhynchus,Cichliformes,Cichlidae,Hemitilapia,-20.75,5.77,0.63,0.17,SE,6,Muscle
ID_0297,2170,NA,Lethrinops macrochir,Cichliformes,Cichlidae,Lethrinops,-20.52,9.22,0.37,0.11,SE,3,Muscle
ID_0297,2291,NA,Mchenga eucinostomus,Cichliformes,Cichlidae,Mchenga,-21.15,7.35,0.14,0.15,SE,6,Muscle
ID_0297,2229,NA,Mylochromis lateristriga,Cichliformes,Cichlidae,Mylochromis,-21.78,6.82,1.74,0.51,SE,3,Muscle
ID_0297,2274,NA,Nimbochromis livingstonii,Cichliformes,Cichlidae,Nimbochromis,-20.02,8.34,NA,NA,NA,1,Muscle
ID_0297,2277,NA,Nimbochromis polystigma,Cichliformes,Cichlidae,Nimbochromis,-19.31,7.74,0.22,0.28,SE,2,Muscle
ID_0297,NA,NA,Nyassachromis argyrosomus,Perciformes,Sciaenidae,NA,-20.71,7.37,NA,NA,NA,1,Muscle
ID_0297,5418,Lake Salmon,Opsaridium microlepis,Cypriniformes,Danionidae,Opsaridium,-19,6.83,NA,NA,NA,1,Muscle
ID_0297,2042,Karonga tilapia,Oreochromis karongae,Cichliformes,Cichlidae,Oreochromis,-18.56,3.82,0.94,0.5,SE,5,Muscle
ID_0297,2150,NA,Placidochromis subocularis,Cichliformes,Cichlidae,Placidochromis,-18.25,7.42,0.37,0.04,SE,2,Muscle
ID_0297,2116,Cichlids,Protomelas similis,Cichliformes,Cichlidae,Protomelas,-18.95,7.36,1.25,0.85,SE,3,Muscle
ID_0297,2125,Cichlids,Protomelas triaenodon,Cichliformes,Cichlidae,Protomelas,-21.37,8.62,NA,NA,NA,1,Muscle
ID_0297,2362,NA,Pseudotropheus elegans,Cichliformes,Cichlidae,Pseudotropheus,-20.28,6.9,0.28,0.21,SE,2,Muscle
ID_0297,NA,NA,Rhamphochromis sp,Cichliformes,Cichlidae,Rhamphochromis,-21.63,8.12,0.19,0.2,SE,10,Muscle
ID_0297,2209,NA,Stigmatochromis woodi,Cichliformes,Cichlidae,Stigmatochromis,-20.06,9.3,NA,NA,NA,1,Muscle
ID_0297,2216,Haplochromis placodon pointed head,Trematocranus microstoma,Cichliformes,Cichlidae,Trematocranus,-19.79,7.71,NA,NA,NA,1,Muscle
ID_0297,2217,NA,Trematocranus placodon,Cichliformes,Cichlidae,Trematocranus,-17.82,7.19,0.4,0.35,SE,5,Muscle
ID_0298,2965,White sucker,Catostomus commersonii,Cypriniformes,Catostomidae,Catostomus,-23.2,11.3,0.7,0.1,SD,3,Muscle
ID_0298,234,Lake whitefish,Coregonus clupeaformis,Salmoniformes,Salmonidae,Coregonus,-24,13,0.8,0.7,SD,12,Muscle
ID_0298,3271,Brook stickleback,Culaea inconstans,Perciformes/Gasterosteoidei,Gasterosteidae,Culaea,-17.6,8.5,1.4,0.4,SD,3,Muscle
ID_0298,258,Northern pike,Esox lucius,Esociformes,Esocidae,Esox,-23,13.7,0.6,1.1,SD,6,Muscle
ID_0298,3420,Iowa darter,Etheostoma exile,Perciformes/Percoidei,Percidae,Etheostoma,-15,7.7,0.3,0.4,SD,3,Muscle
ID_0298,310,Burbot,Lota lota,Gadiformes,Lotidae,Lota,-22.7,10.1,0.3,1.5,SD,4,Muscle
ID_0298,2867,Spottail shiner,Notropis hudsonius,Cypriniformes,Leuciscidae,Notropis,-23.4,10.5,0.5,0.4,SD,3,Muscle
ID_0298,359,Yellow perch,Perca flavescens,Perciformes/Percoidei,Percidae,Perca,-23.7,12.8,0.8,1.1,SD,9,Muscle
ID_0299,1934,Sharptooth catfish,Clarias gariepinus,Siluriformes,Clariidae,Clarias,-18.7,8.8,NA,NA,NA,1,Muscle
ID_0299,1390,Redbelly tilapia,Coptodon zillii,Cichliformes,Cichlidae,Coptodon,-17,5.6,1.3,1.5,SD,7,Muscle
ID_0299,NA,NA,Haplochromis sp,Cichliformes,Cichlidae,Haplochromis,-16.7,9.8,1.1,0.8,SD,9,Muscle
ID_0299,347,Nile perch,Lates niloticus,Carangaria/misc,Latidae,Lates,-16.2,9.4,1.6,1.2,SD,18,Muscle
ID_0299,1413,Blue spotted tilapia,Oreochromis leucostictus,Cichliformes,Cichlidae,Oreochromis,-17.1,8.5,1.1,0.8,SD,5,Muscle
ID_0299,2,Nile tilapia,Oreochromis niloticus,Cichliformes,Cichlidae,Oreochromis,-16.3,7.7,1.5,1.5,SD,24,Muscle
ID_0299,8734,Marbled lungfish,Protopterus aethiopicus,Ceratodontiformes,Protopteridae,Protopterus,-16.1,10.5,1.1,1.3,SD,9,Muscle
ID_0299,281,Silver cyprinid,Rastrineobola argentea,Cypriniformes,Danionidae,Rastrineobola,-15.9,1.6,NA,NA,NA,1,Muscle
ID_0299,9533,Fischer's Victoria squeaker,Synodontis afrofischeri,Siluriformes,Mochokidae,Synodontis,-17,10.2,1.5,0.6,SD,8,Muscle
ID_0299,9638,Lake Victoria squeaker,Synodontis victoriae,Siluriformes,Mochokidae,Synodontis,-16.1,9,0.8,2.3,SD,7,Muscle
ID_0300,4688,NA,Astatoreochromis alluaudi,Cichliformes,Cichlidae,Astatoreochromis,-16,7.4,NA,NA,NA,1,Muscle
ID_0300,6519,NA,Bagrus docmak,Siluriformes,Bagridae,Bagrus,-14.2,9.3,NA,NA,NA,1,Muscle
ID_0300,4648,NA,Brycinus sadleri,Characiformes,Alestidae,Brycinus,-16.7,9.5,NA,NA,NA,1,Muscle
ID_0300,1390,Redbelly tilapia,Coptodon zillii,Cichliformes,Cichlidae,Coptodon,-13.6,6.4,1.5,1.3,SD,10,Muscle
ID_0300,NA,NA,Haplochromis sp,Cichliformes,Cichlidae,Haplochromis,-15.4,7.6,1.5,0.7,SD,8,Muscle
ID_0300,347,Nile perch,Lates niloticus,Carangaria/misc,Latidae,Lates,-15.3,7.9,1.2,1,SD,23,Muscle
ID_0300,8767,NA,Mormyrus kannume,Osteoglossiformes,Mormyridae,Mormyrus,-14.6,8.1,0.5,0.3,SD,5,Muscle
ID_0300,1413,Blue spotted tilapia,Oreochromis leucostictus,Cichliformes,Cichlidae,Oreochromis,-15.4,4.3,1.77,0.21,SD,2,Muscle
ID_0300,2,Nile tilapia,Oreochromis niloticus,Cichliformes,Cichlidae,Oreochromis,-13.8,4.6,1,0.7,SD,24,Muscle
ID_0300,1430,NA,Oreochromis variabilis,Cichliformes,Cichlidae,Oreochromis,-14.5,4,0.6,0.5,SD,9,Muscle
ID_0300,8734,Marbled lungfish,Protopterus aethiopicus,Ceratodontiformes,Protopteridae,Protopterus,-16.4,8.2,0.9,1.7,SD,10,Muscle
ID_0300,281,Silver cyprinid,Rastrineobola argentea,Cypriniformes,Danionidae,Rastrineobola,-14,6.9,0.8,0.4,SD,5,Muscle
ID_0300,9533,Fischer's Victoria squeaker,Synodontis afrofischeri,Siluriformes,Mochokidae,Synodontis,-15.4,8.3,0.04,0.1,SD,3,Muscle
ID_0300,9638,Lake Victoria squeaker,Synodontis victoriae,Siluriformes,Mochokidae,Synodontis,-16.9,7.5,0.3,0.4,SD,4,Muscle
ID_0301,1583,Alewife,Alosa pseudoharengus,Clupeiformes,Alosidae,Alosa,-22.5,12.5,0.25,0.42,SE,4,Muscle
ID_0301,4068,Slimy sculpin,Cottus cognatus,Perciformes/Cottoidei,Cottidae,Cottus,-27.5,14.5,0.66,0.47,SE,8,Muscle
ID_0301,253,Rainbow smelt,Osmerus mordax,Osmeriformes,Osmeridae,Osmerus,-25.5,14.9,0.99,0.91,SE,5,Muscle
ID_0301,248,Lake trout,Salvelinus namaycush,Salmoniformes,Salmonidae,Salvelinus,-22.98,17.98,0.48,0.38,SE,16,Muscle
ID_0302,1583,Alewife,Alosa pseudoharengus,Clupeiformes,Alosidae,Alosa,-22.4,12.8,0.27,0.69,SE,4,Muscle
ID_0302,4068,Slimy sculpin,Cottus cognatus,Perciformes/Cottoidei,Cottidae,Cottus,-25.3,15.8,0.31,0.52,SE,4,Muscle
ID_0302,12019,Round goby,Neogobius melanostomus,Gobiiformes,Gobiidae,Neogobius,-20.9,13.5,0.94,0.39,SE,5,Muscle
ID_0302,253,Rainbow smelt,Osmerus mordax,Osmeriformes,Osmeridae,Osmerus,-24.1,15.3,0.19,0.26,SE,4,Muscle
ID_0302,248,Lake trout,Salvelinus namaycush,Salmoniformes,Salmonidae,Salvelinus,-22.21,17.88,0.69,0.65,SE,19,Muscle
ID_0303,1583,Alewife,Alosa pseudoharengus,Clupeiformes,Alosidae,Alosa,-22.3,12.9,0.81,0.75,SD,23,Muscle
ID_0303,4068,Slimy sculpin,Cottus cognatus,Perciformes/Cottoidei,Cottidae,Cottus,-24.1,16.1,0.24,0.51,SD,13,Muscle
ID_0303,12019,Round goby,Neogobius melanostomus,Gobiiformes,Gobiidae,Neogobius,-21.4,12.8,1.66,1.3,SD,25,Muscle
ID_0303,253,Rainbow smelt,Osmerus mordax,Osmeriformes,Osmeridae,Osmerus,-23.9,14.4,0.46,0.37,SD,10,Muscle
ID_0303,248,Lake trout,Salvelinus namaycush,Salmoniformes,Salmonidae,Salvelinus,-21.7,17,0.6,0.88,SD,419,Muscle
ID_0304,2962,Longnose sucker,Catostomus catostomus,Cypriniformes,Catostomidae,Catostomus,-21.97,7.57,1.08,0.92,SD,12,Muscle
ID_0304,234,Lake whitefish,Coregonus clupeaformis,Salmoniformes,Salmonidae,Coregonus,-26.25,8.22,1.56,1.15,SD,36,Muscle
ID_0304,2678,Cisco,Coregonus sardinella,Salmoniformes,Salmonidae,Coregonus,-28.99,7.87,3.02,0.47,SD,14,Muscle
ID_0304,258,Northern pike,Esox lucius,Esociformes,Esocidae,Esox,-24.62,9.62,0.45,0.75,SD,10,Muscle
ID_0304,310,Burbot,Lota lota,Gadiformes,Lotidae,Lota,-26.89,12.06,0.73,0.59,SD,32,Muscle
ID_0304,2682,Round whitefish,Prosopium cylindraceum,Salmoniformes,Salmonidae,Prosopium,-23.68,7.16,2.03,0.76,SD,8,Muscle
ID_0304,248,Lake trout,Salvelinus namaycush,Salmoniformes,Salmonidae,Salvelinus,-28.56,12.38,1.75,0.84,SD,34,Muscle
ID_0305,2962,Longnose sucker,Catostomus catostomus,Cypriniformes,Catostomidae,Catostomus,-21.35,8.15,0.83,0.56,SD,14,Muscle
ID_0305,234,Lake whitefish,Coregonus clupeaformis,Salmoniformes,Salmonidae,Coregonus,-25.01,9.27,1.37,0.45,SD,15,Muscle
ID_0305,2678,Cisco,Coregonus sardinella,Salmoniformes,Salmonidae,Coregonus,-29.61,8.68,0.37,0.39,SD,22,Muscle
ID_0305,258,Northern pike,Esox lucius,Esociformes,Esocidae,Esox,-24.69,10.83,0.71,0.52,SD,5,Muscle
ID_0305,310,Burbot,Lota lota,Gadiformes,Lotidae,Lota,-27.45,12.34,0.8,0.41,SD,18,Muscle
ID_0305,2682,Round whitefish,Prosopium cylindraceum,Salmoniformes,Salmonidae,Prosopium,-24.34,8.05,2.64,0.87,SD,6,Muscle
ID_0305,248,Lake trout,Salvelinus namaycush,Salmoniformes,Salmonidae,Salvelinus,-29.29,13.49,2.36,0.33,SD,6,Muscle
ID_0306,2962,Longnose sucker,Catostomus catostomus,Cypriniformes,Catostomidae,Catostomus,-21.14,8.62,0.29,0.75,SD,6,Muscle
ID_0306,234,Lake whitefish,Coregonus clupeaformis,Salmoniformes,Salmonidae,Coregonus,-24.65,9.38,1.41,0.71,SD,13,Muscle
ID_0306,2678,Cisco,Coregonus sardinella,Salmoniformes,Salmonidae,Coregonus,-29.9,8.99,0.29,0.61,SD,2,Muscle
ID_0306,258,Northern pike,Esox lucius,Esociformes,Esocidae,Esox,-25.32,11.09,0.73,0.21,SD,5,Muscle
ID_0306,310,Burbot,Lota lota,Gadiformes,Lotidae,Lota,-27.41,12.41,0.47,0.41,SD,30,Muscle
ID_0306,2682,Round whitefish,Prosopium cylindraceum,Salmoniformes,Salmonidae,Prosopium,-25.21,7.65,3.17,0.85,SD,20,Muscle
ID_0306,248,Lake trout,Salvelinus namaycush,Salmoniformes,Salmonidae,Salvelinus,-27.92,13.18,1.39,0.39,SD,17,Muscle
ID_0307,22891,NA,Acheilognathus rhombeus,Cypriniformes,Acheilognathidae,Acheilognathus,-26.3,11.8,2,1.8,SD,10,Muscle
ID_0307,22923,NA,Biwia zezera,Cypriniformes,Gobionidae,Biwia,-29.2,12.9,NA,NA,NA,1,Muscle
ID_0307,22909,NA,Gnathopogon elongatus,Cypriniformes,Gobionidae,Gnathopogon,-29.1,14.8,0.4,1.2,SD,5,Muscle
ID_0307,3385,Largemouth bass,Micropterus salmoides,Centrarchiformes,Centrarchidae,Micropterus,-29.1,16.5,1.2,0.4,SD,28,Muscle
ID_0307,4691,Stone moroko,Pseudorasbora parva,Cypriniformes,Gobionidae,Pseudorasbora,-28.6,14.9,0.9,0.6,SD,5,Muscle
ID_0308,22891,NA,Acheilognathus rhombeus,Cypriniformes,Acheilognathidae,Acheilognathus,-26.8,12.2,1.6,1.3,SD,5,Muscle
ID_0308,22923,NA,Biwia zezera,Cypriniformes,Gobionidae,Biwia,-28.6,13.6,0.5,0.9,SD,4,Muscle
ID_0308,22909,NA,Gnathopogon elongatus,Cypriniformes,Gobionidae,Gnathopogon,-29,14.9,0.6,1.1,SD,5,Muscle
ID_0308,3385,Largemouth bass,Micropterus salmoides,Centrarchiformes,Centrarchidae,Micropterus,-29.8,16.1,1.2,0.7,SD,27,Muscle
ID_0308,4691,Stone moroko,Pseudorasbora parva,Cypriniformes,Gobionidae,Pseudorasbora,-28.7,14.8,0.6,1.1,SD,5,Muscle
ID_0309,22891,NA,Acheilognathus rhombeus,Cypriniformes,Acheilognathidae,Acheilognathus,-26.2,12.2,2.5,0.7,SD,5,Muscle
ID_0309,22923,NA,Biwia zezera,Cypriniformes,Gobionidae,Biwia,-27.5,12.5,1.2,0.3,SD,3,Muscle
ID_0309,22909,NA,Gnathopogon elongatus,Cypriniformes,Gobionidae,Gnathopogon,-28.9,14.8,0.6,0.9,SD,5,Muscle
ID_0309,3385,Largemouth bass,Micropterus salmoides,Centrarchiformes,Centrarchidae,Micropterus,-29.3,16,1.3,0.8,SD,26,Muscle
ID_0309,4691,Stone moroko,Pseudorasbora parva,Cypriniformes,Gobionidae,Pseudorasbora,-28,14.9,1.1,0.9,SD,5,Muscle
ID_0310,22891,NA,Acheilognathus rhombeus,Cypriniformes,Acheilognathidae,Acheilognathus,-26.6,12.5,0.5,0.4,SD,4,Muscle
ID_0310,22909,NA,Gnathopogon elongatus,Cypriniformes,Gobionidae,Gnathopogon,-26.7,15,0.4,0.3,SD,5,Muscle
ID_0310,3385,Largemouth bass,Micropterus salmoides,Centrarchiformes,Centrarchidae,Micropterus,-28.5,15,0.8,0.6,SD,36,Muscle
ID_0310,4691,Stone moroko,Pseudorasbora parva,Cypriniformes,Gobionidae,Pseudorasbora,-27,13.6,1.8,1.4,SD,4,Muscle
ID_0311,54380,NA,Acheilognathus macropterus,Cypriniformes,Acheilognathidae,Acheilognathus,-24.9,11.5,1.7,0.5,SD,5,NA
ID_0311,54709,NA,Acheilognathus tonkinensis,Cypriniformes,Acheilognathidae,Acheilognathus,-23.7,11.6,1.1,1.4,SD,5,NA
ID_0311,271,Goldfish,Carassius auratus,Cypriniformes,Cyprinidae,Carassius,-23.3,14.2,1.3,0.5,SD,5,NA
ID_0311,4799,Snakehead,Channa argus,Anabantiformes,Channidae,Channa,-23.1,15.8,NA,NA,NA,1,NA
ID_0311,46706,NA,Chanodichthys mongolicus,Cypriniformes,Xenocyprididae,Chanodichthys,-23.8,16.2,1.6,0.5,SD,5,NA
ID_0311,630,NA,Coilia nasus,Clupeiformes,Engraulidae,Coilia,-26.1,13.9,1.6,1.7,SD,5,NA
ID_0311,79,Grass carp,Ctenopharyngodon idella,Cypriniformes,Xenocyprididae,Ctenopharyngodon,-24.4,12.5,0.9,0.1,SD,5,NA
ID_0311,46708,Topmouth culter,Culter alburnus,Cypriniformes,Xenocyprididae,Culter,-22.5,16.8,NA,NA,NA,1,NA
ID_0311,1450,Common carp,Cyprinus carpio,Cypriniformes,Cyprinidae,Cyprinus,-22.9,14.2,2,1.2,SD,5,NA
ID_0311,12068,Yellowcheek carp,Elopichthys bambusa,Cypriniformes,Xenocyprididae,Elopichthys,-23.1,15.9,NA,NA,NA,1,NA
ID_0311,4752,Spotted steed,Hemibarbus maculatus,Cypriniformes,Gobionidae,Hemibarbus,-23.3,13.9,0.9,0.8,SD,5,NA
ID_0311,22529,Tsan tiu,Hemiculter bleekeri,Cypriniformes,Xenocyprididae,Hemiculter,-27.7,13.6,1.2,0.3,SD,5,NA
ID_0311,4755,Sharpbelly,Hemiculter leucisculus,Cypriniformes,Xenocyprididae,Hemiculter,-27,13.4,0.4,0.5,SD,5,NA
ID_0311,274,Silver carp,Hypophthalmichthys molitrix,Cypriniformes,Xenocyprididae,Hypophthalmichthys,-27.8,12,1.8,1.1,SD,6,NA
ID_0311,275,Bighead carp,Hypophthalmichthys nobilis,Cypriniformes,Xenocyprididae,Hypophthalmichthys,-26,13.3,1.3,0.2,SD,5,NA
ID_0311,16952,NA,Hyporhamphus gernaerti,Beloniformes,Hemiramphidae,Hyporhamphus,-27.1,14.9,0.4,1.7,SD,5,NA
ID_0311,3016,Oriental weatherfish,Misgurnus anguillicaudatus,Cypriniformes,Cobitidae,Misgurnus,-26.1,13.6,NA,NA,NA,1,NA
ID_0311,54884,NA,Neosalanx tangkahkeii,Osmeriformes,Salangidae,Neosalanx,-26.6,14.2,0.6,0.6,SD,5,NA
ID_0311,54978,NA,Rhinogobio typus,Cypriniformes,Gobionidae,Rhinogobio,-23.1,14.7,NA,NA,NA,1,NA
ID_0311,15825,NA,Rhinogobius giurinus,Gobiiformes,Gobiidae,Rhinogobius,-25.1,13.7,1.7,0.7,SD,5,NA
ID_0311,4784,Rosy bitterling,Rhodeus ocellatus,Cypriniformes,Acheilognathidae,Rhodeus,-22.6,11.5,0.6,0.2,SD,5,NA
ID_0311,47139,Icefish,Salanx prognathus,Osmeriformes,Salangidae,Salanx,-25.5,16.2,1.2,0.5,SD,5,NA
ID_0311,12225,NA,Sarcocheilichthys nigripinnis,Cypriniformes,Gobionidae,Sarcocheilichthys,-24.1,14.3,0.8,0.5,SD,5,NA
ID_0311,47349,NA,Sarcocheilichthys sinensis,Cypriniformes,Gobionidae,Sarcocheilichthys,-23.8,13.6,NA,NA,NA,1,NA
ID_0311,47352,Chinese lizard gudgeon,Saurogobio dabryi,Cypriniformes,Gobionidae,Saurogobio,-25.4,14.6,0.7,0.7,SD,5,NA
ID_0311,55397,NA,Saurogobio dumerili,Cypriniformes,Gobionidae,Saurogobio,-25.2,13.9,1,0.7,SD,5,NA
ID_0311,28054,Mandarin fish,Siniperca chuatsi,Centrarchiformes,Sinipercidae,Siniperca,-23.1,16,1.3,0.8,SD,5,NA
ID_0311,28052,Yellow catfish,Tachysurus fulvidraco,Siluriformes,Bagridae,Tachysurus,-26.1,14,1.5,0.3,SD,5,NA
ID_0312,46824,Blacklipped pike cichlid,Crenicichla celidochilus,Cichliformes,Cichlidae,Crenicichla,-18.6,12.3,0.7,0.9,SD,18,Muscle
ID_0312,46881,NA,Crenicichla minuano,Cichliformes,Cichlidae,Crenicichla,-22.1,11.4,0.8,0.5,SD,18,Muscle
ID_0312,46885,NA,Crenicichla missioneira,Cichliformes,Cichlidae,Crenicichla,-19.1,11.9,0.6,0.5,SD,21,Muscle
ID_0312,46911,Pike cichlid,Crenicichla scottii,Cichliformes,Cichlidae,Crenicichla,-19.8,11.6,0.6,0.5,SD,15,Muscle
ID_0312,NA,NA,Crenicichla sp,Cichliformes,Cichlidae,Crenicichla,-20.6,11,1.3,0.5,SD,21,Muscle
ID_0312,46915,NA,Crenicichla tendybaguassu,Cichliformes,Cichlidae,Crenicichla,-18.5,11.7,0.5,0.3,SD,5,Muscle
ID_0313,2405,Silversides,Alestes baremoze,Characiformes,Alestidae,Alestes,-20,2.9,NA,NA,NA,1,Muscle
ID_0313,5462,Bayad,Bagrus bajad,Siluriformes,Bagridae,Bagrus,-18.1,2.95,0.35,0.57,SD,2,Muscle
ID_0313,5235,NA,Brycinus nurse,Characiformes,Alestidae,Brycinus,-19,3,0.6,0.3,SD,13,Muscle
ID_0313,1390,Redbelly tilapia,Coptodon zillii,Cichliformes,Cichlidae,Coptodon,-15.8,2.3,2.3,0.7,SD,6,Muscle
ID_0313,11594,NA,Engraulicypris bredoi,Cypriniformes,Danionidae,Engraulicypris,-19.7,2.9,0.5,0.4,SD,6,Muscle
ID_0313,4496,Elongate tigerfish,Hydrocynus forskahlii,Characiformes,Alestidae,Hydrocynus,-18.6,3.2,0,0.64,SD,2,Muscle
ID_0313,11548,NA,Labeo horie,Cypriniformes,Cyprinidae,Labeo,-19.3,2.7,NA,NA,NA,1,Muscle
ID_0313,11320,NA,Labeobarbus bynni,Cypriniformes,Cyprinidae,Labeobarbus,-19.6,2.6,0.49,0,SD,2,Muscle
ID_0313,9897,NA,Lates macrophthalmus,Carangaria/misc,Latidae,Lates,-19.4,3.1,0.6,0.9,SD,4,Muscle
ID_0313,347,Nile perch,Lates niloticus,Carangaria/misc,Latidae,Lates,-19.1,3.1,0.6,0.9,SD,6,Muscle
ID_0313,1413,Blue spotted tilapia,Oreochromis leucostictus,Cichliformes,Cichlidae,Oreochromis,-17.6,2.65,2.05,0.85,SD,2,Muscle
ID_0313,2,Nile tilapia,Oreochromis niloticus,Cichliformes,Cichlidae,Oreochromis,-18.5,2.2,NA,NA,NA,1,Muscle
ID_0313,12914,Silver catfish,Schilbe intermedius,Siluriformes,Schilbeidae,Schilbe,-19.5,2.8,0.1,0.2,SD,3,Muscle
ID_0314,6519,NA,Bagrus docmak,Siluriformes,Bagridae,Bagrus,-14.2,11.4,1.2,0.7,SD,9,Muscle
ID_0314,1934,Sharptooth catfish,Clarias gariepinus,Siluriformes,Clariidae,Clarias,-15.2,9.7,2,1.3,SD,9,Muscle
ID_0314,8600,NA,Enteromius anoplus,Cypriniformes,Cyprinidae,Enteromius,-12.1,8.6,2.4,1.5,SD,9,Muscle
ID_0314,NA,NA,Haplochromis sp,Cichliformes,Cichlidae,Haplochromis,-15.4,12,2,1.6,SD,6,Muscle
ID_0314,6853,NA,Haplochromis squamipinnis,Cichliformes,Cichlidae,Haplochromis,-16.2,12.6,2,1.1,SD,10,Muscle
ID_0314,1413,Blue spotted tilapia,Oreochromis leucostictus,Cichliformes,Cichlidae,Oreochromis,-16.6,6.5,0.9,0.4,SD,4,Muscle
ID_0314,2,Nile tilapia,Oreochromis niloticus,Cichliformes,Cichlidae,Oreochromis,-17.1,6.9,1.2,1,SD,15,Muscle
ID_0314,8734,Marbled lungfish,Protopterus aethiopicus,Ceratodontiformes,Protopteridae,Protopterus,-13.3,9.2,2.4,0.8,SD,10,Muscle
ID_0315,6519,NA,Bagrus docmak,Siluriformes,Bagridae,Bagrus,-8.4,8.3,1.6,0.7,SD,10,Muscle
ID_0315,1934,Sharptooth catfish,Clarias gariepinus,Siluriformes,Clariidae,Clarias,-9.7,6.2,6.1,1.2,SD,9,Muscle
ID_0315,1390,Redbelly tilapia,Coptodon zillii,Cichliformes,Cichlidae,Coptodon,-16,3,NA,NA,NA,1,Muscle
ID_0315,NA,NA,Haplochromis sp,Cichliformes,Cichlidae,Haplochromis,-7.1,8.6,2.5,1.1,SD,7,Muscle
ID_0315,6853,NA,Haplochromis squamipinnis,Cichliformes,Cichlidae,Haplochromis,-8.6,7.4,2.1,1.1,SD,6,Muscle
ID_0315,1431,NA,Oreochromis esculentus,Cichliformes,Cichlidae,Oreochromis,-16.7,2.8,5.09,0.07,SD,2,Muscle
ID_0315,1413,Blue spotted tilapia,Oreochromis leucostictus,Cichliformes,Cichlidae,Oreochromis,-10.1,3.6,2.1,0.7,SD,6,Muscle
ID_0315,2,Nile tilapia,Oreochromis niloticus,Cichliformes,Cichlidae,Oreochromis,-5.9,2.7,2.6,0.7,SD,18,Muscle
ID_0315,8734,Marbled lungfish,Protopterus aethiopicus,Ceratodontiformes,Protopteridae,Protopterus,-10.5,6.8,6.4,1,SD,9,Muscle
ID_0316,6519,NA,Bagrus docmak,Siluriformes,Bagridae,Bagrus,-10.5,6,NA,NA,NA,1,Muscle
ID_0316,1934,Sharptooth catfish,Clarias gariepinus,Siluriformes,Clariidae,Clarias,-12.8,7.2,2.9,2.4,SD,7,Muscle
ID_0316,NA,NA,Haplochromis sp,Cichliformes,Cichlidae,Haplochromis,-10.8,6,0.8,0.7,SD,10,Muscle
ID_0316,1431,NA,Oreochromis esculentus,Cichliformes,Cichlidae,Oreochromis,-10.6,4.1,0.9,0.5,SD,10,Muscle
ID_0316,1413,Blue spotted tilapia,Oreochromis leucostictus,Cichliformes,Cichlidae,Oreochromis,-13.5,4.1,1.1,0.6,SD,10,Muscle
ID_0316,2,Nile tilapia,Oreochromis niloticus,Cichliformes,Cichlidae,Oreochromis,-11,4.8,1.2,1.5,SD,15,Muscle
ID_0316,8734,Marbled lungfish,Protopterus aethiopicus,Ceratodontiformes,Protopteridae,Protopterus,-12.9,6.3,3.1,1.7,SD,10,Muscle
ID_0317,4688,NA,Astatoreochromis alluaudi,Cichliformes,Cichlidae,Astatoreochromis,-20.1,5.7,1,0.7,SD,10,Muscle
ID_0317,1390,Redbelly tilapia,Coptodon zillii,Cichliformes,Cichlidae,Coptodon,-21.2,2.9,1.7,0.85,SD,2,Muscle
ID_0317,11430,NA,Enteromius neumayeri,Cypriniformes,Cyprinidae,Enteromius,-23.8,5.7,NA,NA,NA,1,Muscle
ID_0317,NA,NA,Haplochromis sp,Cichliformes,Cichlidae,Haplochromis,-20.5,5.3,0.8,0.7,SD,10,Muscle
ID_0317,347,Nile perch,Lates niloticus,Carangaria/misc,Latidae,Lates,-19.7,7.3,0.3,0.4,SD,4,Muscle
ID_0317,2,Nile tilapia,Oreochromis niloticus,Cichliformes,Cichlidae,Oreochromis,-18.9,3.1,0.8,1.3,SD,16,Muscle
ID_0318,271,Goldfish,Carassius auratus,Cypriniformes,Cyprinidae,Carassius,-26.4,8.1,0.7,0.6,SD,4,NA
ID_0318,79,Grass carp,Ctenopharyngodon idella,Cypriniformes,Xenocyprididae,Ctenopharyngodon,-24.4,6.2,1.4,0.2,SD,2,NA
ID_0318,4755,Sharpbelly,Hemiculter leucisculus,Cypriniformes,Xenocyprididae,Hemiculter,-28.1,9.2,NA,NA,NA,1,NA
ID_0318,282,White amur bream,Parabramis pekinensis,Cypriniformes,Xenocyprididae,Parabramis,-25.9,8.4,0,0,SD,2,NA
ID_0318,50950,NA,Pseudobagrus vachellii,Siluriformes,Bagridae,Pseudobagrus,-27.7,9.6,NA,NA,NA,1,NA
ID_0318,6566,Amur catfish,Silurus asotus,Siluriformes,Siluridae,Silurus,-26.8,12.9,0.2,1.1,SD,3,NA
ID_0318,28054,Mandarin fish,Siniperca chuatsi,Centrarchiformes,Sinipercidae,Siniperca,-26.4,10.4,0.5,0.3,SD,4,NA
ID_0318,50943,NA,Tachysurus nitidus,Siluriformes,Bagridae,Tachysurus,-26.9,12.3,1.2,0.9,SD,2,NA
ID_0319,271,Goldfish,Carassius auratus,Cypriniformes,Cyprinidae,Carassius,-29.9,10.8,1.6,0.9,SD,2,NA
ID_0319,615,Yangtse grenadier anchovy,Coilia brachygnathus,Clupeiformes,Engraulidae,Coilia,-29.5,15.4,0.7,0.3,SD,2,NA
ID_0319,1450,Common carp,Cyprinus carpio,Cypriniformes,Cyprinidae,Cyprinus,-26.7,10.6,1.4,0.1,SD,2,NA
ID_0319,4755,Sharpbelly,Hemiculter leucisculus,Cypriniformes,Xenocyprididae,Hemiculter,-27.2,8.9,NA,NA,NA,1,NA
ID_0319,54998,NA,Parabotia fasciatus,Cypriniformes,Botiidae,Parabotia,-25.2,14.8,NA,NA,NA,1,NA
ID_0319,50950,NA,Pseudobagrus vachellii,Siluriformes,Bagridae,Pseudobagrus,-29.6,11.4,0.5,0.5,SD,2,NA
ID_0319,12225,NA,Sarcocheilichthys nigripinnis,Cypriniformes,Gobionidae,Sarcocheilichthys,-29.3,12,1.3,0.3,SD,2,NA
ID_0319,47352,Chinese lizard gudgeon,Saurogobio dabryi,Cypriniformes,Gobionidae,Saurogobio,-25.6,11.1,0.9,0.9,SD,2,NA
ID_0319,6566,Amur catfish,Silurus asotus,Siluriformes,Siluridae,Silurus,-28,13.4,0,0.7,SD,3,NA
ID_0319,28054,Mandarin fish,Siniperca chuatsi,Centrarchiformes,Sinipercidae,Siniperca,-28.7,14.7,0.3,0.2,SD,2,NA
ID_0319,50943,NA,Tachysurus nitidus,Siluriformes,Bagridae,Tachysurus,-27.6,15.1,0,0.5,SD,2,NA
ID_0320,271,Goldfish,Carassius auratus,Cypriniformes,Cyprinidae,Carassius,-26.9,12,0.7,NA,SD,3,NA
ID_0320,79,Grass carp,Ctenopharyngodon idella,Cypriniformes,Xenocyprididae,Ctenopharyngodon,-23.9,11.2,2.2,0.7,SD,2,NA
ID_0320,1450,Common carp,Cyprinus carpio,Cypriniformes,Cyprinidae,Cyprinus,-24.4,13.7,NA,NA,NA,1,NA
ID_0320,4755,Sharpbelly,Hemiculter leucisculus,Cypriniformes,Xenocyprididae,Hemiculter,-25.7,11.8,1.4,0.5,SD,3,NA
ID_0320,282,White amur bream,Parabramis pekinensis,Cypriniformes,Xenocyprididae,Parabramis,-28.1,15.2,NA,NA,NA,1,NA
ID_0320,50950,NA,Pseudobagrus vachellii,Siluriformes,Bagridae,Pseudobagrus,-28.2,12,NA,NA,NA,1,NA
ID_0320,12225,NA,Sarcocheilichthys nigripinnis,Cypriniformes,Gobionidae,Sarcocheilichthys,-28,13.8,NA,NA,NA,1,NA
ID_0320,6566,Amur catfish,Silurus asotus,Siluriformes,Siluridae,Silurus,-25.6,15,2.2,0.9,SD,3,NA
ID_0321,615,Yangtse grenadier anchovy,Coilia brachygnathus,Clupeiformes,Engraulidae,Coilia,-28.1,14.8,0.9,0.1,SD,3,NA
ID_0321,54998,NA,Parabotia fasciatus,Cypriniformes,Botiidae,Parabotia,-29.9,10.2,NA,NA,NA,1,NA
ID_0321,50950,NA,Pseudobagrus vachellii,Siluriformes,Bagridae,Pseudobagrus,-29.4,11.6,NA,NA,NA,1,NA
ID_0321,47352,Chinese lizard gudgeon,Saurogobio dabryi,Cypriniformes,Gobionidae,Saurogobio,-25,11.5,0.6,0.8,SD,3,NA
ID_0321,50943,NA,Tachysurus nitidus,Siluriformes,Bagridae,Tachysurus,-24.4,13.9,0.3,0,SD,2,NA
ID_0322,310,Burbot,Lota lota,Gadiformes,Lotidae,Lota,-25.05,7.18,3.56,1.7,SD,9,Muscle
ID_0322,4661,Minnow,Phoxinus phoxinus,Cypriniformes,Leuciscidae,Phoxinus,-24.91,6.69,3.43,0.46,SD,9,Muscle
ID_0322,236,Atlantic Salmon,Salmo salar,Salmoniformes,Salmonidae,Salmo,-23.44,5.84,1.44,0.32,SD,12,Muscle
ID_0322,238,Brown trout,Salmo trutta,Salmoniformes,Salmonidae,Salmo,-23.78,7.17,1.5,0.53,SD,28,Muscle
ID_0322,247,Arctic charr,Salvelinus alpinus,Salmoniformes,Salmonidae,Salvelinus,-27.24,6.78,1.41,0.5,SD,106,Muscle
ID_0322,4605,Grayling,Thymallus thymallus,Salmoniformes,Salmonidae,Thymallus,-23.41,6.11,1.52,0.29,SD,28,Muscle
ID_0323,2782,Streamline chub,Erimystax dissimilis,Cypriniformes,Leuciscidae,Erimystax,-24.22,11.71,NA,NA,NA,NA,Muscle
ID_0323,3402,Greenside darter,Etheostoma blennioides,Perciformes/Percoidei,Percidae,Etheostoma,-24.05,12.77,NA,NA,NA,NA,Muscle
ID_0323,3405,Rainbow darter,Etheostoma caeruleum,Perciformes/Percoidei,Percidae,Etheostoma,-24.55,14.26,NA,NA,NA,NA,Muscle
ID_0323,3406,Bluebreast darter,Etheostoma camurum,Perciformes/Percoidei,Percidae,Etheostoma,-24.66,13.22,NA,NA,NA,NA,Muscle
ID_0323,3445,Johnny darter,Etheostoma nigrum,Perciformes/Percoidei,Percidae,Etheostoma,-27.18,12.9,NA,NA,NA,NA,Muscle
ID_0323,3476,Tippecanoe darter,Etheostoma tippecanoe,Perciformes/Percoidei,Percidae,Etheostoma,-24.25,13.26,NA,NA,NA,NA,Muscle
ID_0323,3483,Banded darter,Etheostoma zonale,Perciformes/Percoidei,Percidae,Etheostoma,-24.21,12.92,NA,NA,NA,NA,Muscle
ID_0323,3489,Logperch,Percina caprodes,Perciformes/Percoidei,Percidae,Percina,-25.91,12.23,NA,NA,NA,NA,Muscle
ID_0323,3490,Channel darter,Percina copelandi,Perciformes/Percoidei,Percidae,Percina,-26.04,13.11,NA,NA,NA,NA,Muscle
ID_0323,3493,Gilt darter,Percina evides,Perciformes/Percoidei,Percidae,Percina,-25.23,12.59,NA,NA,NA,NA,Muscle
ID_0324,2782,Streamline chub,Erimystax dissimilis,Cypriniformes,Leuciscidae,Erimystax,-28.03,12.82,NA,NA,NA,NA,Muscle
ID_0324,3402,Greenside darter,Etheostoma blennioides,Perciformes/Percoidei,Percidae,Etheostoma,-24.57,12.53,NA,NA,NA,NA,Muscle
ID_0324,3405,Rainbow darter,Etheostoma caeruleum,Perciformes/Percoidei,Percidae,Etheostoma,-25.87,11.92,NA,NA,NA,NA,Muscle
ID_0324,3445,Johnny darter,Etheostoma nigrum,Perciformes/Percoidei,Percidae,Etheostoma,-26.64,11.43,NA,NA,NA,NA,Muscle
ID_0324,3483,Banded darter,Etheostoma zonale,Perciformes/Percoidei,Percidae,Etheostoma,-24.48,11.83,NA,NA,NA,NA,Muscle
ID_0324,3489,Logperch,Percina caprodes,Perciformes/Percoidei,Percidae,Percina,-25.52,11.89,NA,NA,NA,NA,Muscle
ID_0324,3490,Channel darter,Percina copelandi,Perciformes/Percoidei,Percidae,Percina,-26.78,12.55,NA,NA,NA,NA,Muscle
ID_0324,3490,Channel darter,Percina copelandi,Perciformes/Percoidei,Percidae,Percina,-25.13,13.34,NA,NA,NA,NA,Muscle
ID_0324,3493,Gilt darter,Percina evides,Perciformes/Percoidei,Percidae,Percina,-26.01,12.56,NA,NA,NA,NA,Muscle
ID_0325,2965,White sucker,Catostomus commersonii,Cypriniformes,Catostomidae,Catostomus,-21.98,6.52,0.77,0.29,SD,6,Muscle
ID_0325,258,Northern pike,Esox lucius,Esociformes,Esocidae,Esox,-25.27,9.29,0.69,0.36,SD,6,Muscle
ID_0325,2851,Common shiner,Luxilus cornutus,Cypriniformes,Leuciscidae,Luxilus,-25.73,7.68,0.06,0.15,SD,5,Muscle
ID_0325,2867,Spottail shiner,Notropis hudsonius,Cypriniformes,Leuciscidae,Notropis,-23.9,7.59,1.74,0.09,SD,5,Muscle
ID_0325,253,Rainbow smelt,Osmerus mordax,Osmeriformes,Osmeridae,Osmerus,-25.83,8.36,0.43,0.19,SD,10,Muscle
ID_0325,2944,Longnose dace,Rhinichthys cataractae,Cypriniformes,Leuciscidae,Rhinichthys,-22.64,5.94,0.54,0.12,SD,5,Muscle
ID_0325,248,Lake trout,Salvelinus namaycush,Salmoniformes,Salmonidae,Salvelinus,-26.75,10.38,0.3,0.11,SD,15,Muscle
ID_0326,2966,Bluehead sucker,Catostomus discobolus,Cypriniformes,Catostomidae,Catostomus,-27.24,8.88,0.87,1.6,SD,10,Fin
ID_0326,2970,Flannelmouth sucker,Catostomus latipinnis,Cypriniformes,Catostomidae,Catostomus,-24.93,9.57,0.91,0.91,SD,10,Fin
ID_0326,2756,Utah chub,Gila atraria,Cypriniformes,Leuciscidae,Gila,-23.34,10.32,NA,NA,SD,1,Fin
ID_0326,2769,Roundtail chub,Gila robusta,Cypriniformes,Leuciscidae,Gila,-24.93,9.57,0.91,0.91,SD,9,Fin
ID_0326,3371,Green sunfish,Lepomis cyanellus,Centrarchiformes,Centrarchidae,Lepomis,-24.32,8.52,NA,NA,SD,2,Fin
ID_0326,2947,Speckled dace,Rhinichthys osculus,Cypriniformes,Leuciscidae,Rhinichthys,-23.08,7.86,1.34,0.31,SD,5,Fin
ID_0327,291,Black bullhead,Ameiurus melas,Siluriformes,Ictaluridae,Ameiurus,-21.84,10.5,0.99,1.12,SD,4,Fin
ID_0327,2966,Bluehead sucker,Catostomus discobolus,Cypriniformes,Catostomidae,Catostomus,-23.95,8.7,0.46,0.3,SD,10,Fin
ID_0327,2970,Flannelmouth sucker,Catostomus latipinnis,Cypriniformes,Catostomidae,Catostomus,-21.68,8.07,0.98,0.64,SD,11,Fin
ID_0327,2876,Red shiner,Cyprinella lutrensis,Cypriniformes,Leuciscidae,Cyprinella,-22.78,8.45,0.86,0.6,SD,37,Fin
ID_0327,1450,Common carp,Cyprinus carpio,Cypriniformes,Cyprinidae,Cyprinus,-21.33,7.97,0.35,0.5,SD,5,Fin
ID_0327,2769,Roundtail chub,Gila robusta,Cypriniformes,Leuciscidae,Gila,-21.26,9.74,0.61,1.45,SD,10,Fin
ID_0327,290,Channel catfish,Ictalurus punctatus,Siluriformes,Ictaluridae,Ictalurus,-21.1,11.31,0.96,1.12,SD,10,Fin
ID_0327,3371,Green sunfish,Lepomis cyanellus,Centrarchiformes,Centrarchidae,Lepomis,-21.22,10.41,0.42,0.63,SD,7,Fin
ID_0327,4785,Fathead minnow,Pimephales promelas,Cypriniformes,Leuciscidae,Pimephales,-22.58,10.42,0.36,0.5,SD,7,Fin
ID_0327,2947,Speckled dace,Rhinichthys osculus,Cypriniformes,Leuciscidae,Rhinichthys,-22.72,8.96,1.16,0.65,SD,5,Fin
ID_0328,297,Shortfin eel,Anguilla australis,Anguilliformes,Anguillidae,Anguilla,-24.1,12.35,NA,NA,NA,NA,Muscle
ID_0328,271,Goldfish,Carassius auratus,Cypriniformes,Cyprinidae,Carassius,-21.53,13.55,NA,NA,NA,NA,Muscle
ID_0328,3215,Mosquitofish,Gambusia affinis,Cyprinodontiformes,Poeciliidae,Gambusia,-21.13,12.56,NA,NA,NA,NA,Muscle
ID_0328,10353,Common bully,Gobiomorphus cotidianus,Gobiiformes,Eleotridae,Gobiomorphus,-22.52,12.91,NA,NA,NA,NA,Muscle
ID_0328,12243,Common smelt,Retropinna retropinna,Osmeriformes,Retropinnidae,Retropinna,-23,12.08,NA,NA,NA,NA,Muscle
ID_0329,3022,Brown bullhead,Ameiurus nebulosus,Siluriformes,Ictaluridae,Ameiurus,-24.12,10.79,NA,NA,NA,NA,Muscle
ID_0329,297,Shortfin eel,Anguilla australis,Anguilliformes,Anguillidae,Anguilla,-23.56,11.36,NA,NA,NA,NA,Muscle
ID_0329,271,Goldfish,Carassius auratus,Cypriniformes,Cyprinidae,Carassius,-22.82,12.77,NA,NA,NA,NA,Muscle
ID_0329,7579,Inanga,Galaxias maculatus,Galaxiiformes,Galaxiidae,Galaxias,-24.81,10.75,NA,NA,NA,NA,Muscle
ID_0329,3215,Mosquitofish,Gambusia affinis,Cyprinodontiformes,Poeciliidae,Gambusia,-22.54,13.23,NA,NA,NA,NA,Muscle
ID_0329,10353,Common bully,Gobiomorphus cotidianus,Gobiiformes,Eleotridae,Gobiomorphus,-23.91,12.5,NA,NA,NA,NA,Muscle
ID_0329,785,Flathead grey mullet,Mugil cephalus,Mugiliformes,Mugilidae,Mugil,-22.69,11.63,NA,NA,NA,NA,Muscle
ID_0329,12243,Common smelt,Retropinna retropinna,Osmeriformes,Retropinnidae,Retropinna,-22.72,12.43,NA,NA,NA,NA,Muscle
ID_0329,2951,Rudd,Scardinius erythrophthalmus,Cypriniformes,Leuciscidae,Scardinius,-21.48,12.43,NA,NA,NA,NA,Muscle
ID_0330,297,Shortfin eel,Anguilla australis,Anguilliformes,Anguillidae,Anguilla,-23.9,11.86,NA,NA,NA,NA,Muscle
ID_0330,271,Goldfish,Carassius auratus,Cypriniformes,Cyprinidae,Carassius,-22.89,13.54,NA,NA,NA,NA,Muscle
ID_0330,7579,Inanga,Galaxias maculatus,Galaxiiformes,Galaxiidae,Galaxias,-24.15,12.81,NA,NA,NA,NA,Muscle
ID_0330,3215,Mosquitofish,Gambusia affinis,Cyprinodontiformes,Poeciliidae,Gambusia,-23.31,11.56,NA,NA,NA,NA,Muscle
ID_0330,10353,Common bully,Gobiomorphus cotidianus,Gobiiformes,Eleotridae,Gobiomorphus,-23.41,12.47,NA,NA,NA,NA,Muscle
ID_0330,785,Flathead grey mullet,Mugil cephalus,Mugiliformes,Mugilidae,Mugil,-21.95,11.33,NA,NA,NA,NA,Muscle
ID_0330,12243,Common smelt,Retropinna retropinna,Osmeriformes,Retropinnidae,Retropinna,-23.5,12.01,NA,NA,NA,NA,Muscle
ID_0331,297,Shortfin eel,Anguilla australis,Anguilliformes,Anguillidae,Anguilla,-25.31,11.8,NA,NA,NA,NA,Muscle
ID_0331,271,Goldfish,Carassius auratus,Cypriniformes,Cyprinidae,Carassius,-27.08,14.15,NA,NA,NA,NA,Muscle
ID_0331,7579,Inanga,Galaxias maculatus,Galaxiiformes,Galaxiidae,Galaxias,-24.63,11.35,NA,NA,NA,NA,Muscle
ID_0331,3215,Mosquitofish,Gambusia affinis,Cyprinodontiformes,Poeciliidae,Gambusia,-25.9,13.31,NA,NA,NA,NA,Muscle
ID_0331,10353,Common bully,Gobiomorphus cotidianus,Gobiiformes,Eleotridae,Gobiomorphus,-24.53,12.63,NA,NA,NA,NA,Muscle
ID_0331,785,Flathead grey mullet,Mugil cephalus,Mugiliformes,Mugilidae,Mugil,-22.88,12.14,NA,NA,NA,NA,Muscle
ID_0331,12243,Common smelt,Retropinna retropinna,Osmeriformes,Retropinnidae,Retropinna,-23.44,12.49,NA,NA,NA,NA,Muscle
ID_0331,2951,Rudd,Scardinius erythrophthalmus,Cypriniformes,Leuciscidae,Scardinius,-25.65,12.58,NA,NA,NA,NA,Muscle
ID_0332,297,Shortfin eel,Anguilla australis,Anguilliformes,Anguillidae,Anguilla,-23.63,12.14,NA,NA,NA,NA,Muscle
ID_0332,271,Goldfish,Carassius auratus,Cypriniformes,Cyprinidae,Carassius,-24.8,12.77,NA,NA,NA,NA,Muscle
ID_0332,1450,Common carp,Cyprinus carpio,Cypriniformes,Cyprinidae,Cyprinus,-24.28,11.83,NA,NA,NA,NA,Muscle
ID_0332,7579,Inanga,Galaxias maculatus,Galaxiiformes,Galaxiidae,Galaxias,-22.89,12.57,NA,NA,NA,NA,Muscle
ID_0332,10353,Common bully,Gobiomorphus cotidianus,Gobiiformes,Eleotridae,Gobiomorphus,-25.05,12.84,NA,NA,NA,NA,Muscle
ID_0332,785,Flathead grey mullet,Mugil cephalus,Mugiliformes,Mugilidae,Mugil,-23.35,11.75,NA,NA,NA,NA,Muscle
ID_0332,12243,Common smelt,Retropinna retropinna,Osmeriformes,Retropinnidae,Retropinna,-22.98,12.76,NA,NA,NA,NA,Muscle
ID_0333,615,Yangtse grenadier anchovy,Coilia brachygnathus,Clupeiformes,Engraulidae,Coilia,-28.63,14.94,NA,NA,NA,NA,Muscle
ID_0333,1450,Common carp,Cyprinus carpio,Cypriniformes,Cyprinidae,Cyprinus,-25.92,11.62,NA,NA,NA,NA,Muscle
ID_0333,4755,Sharpbelly,Hemiculter leucisculus,Cypriniformes,Xenocyprididae,Hemiculter,-26.66,11.15,NA,NA,NA,NA,Muscle
ID_0333,47352,Chinese lizard gudgeon,Saurogobio dabryi,Cypriniformes,Gobionidae,Saurogobio,-24.95,11.44,NA,NA,NA,NA,Muscle
ID_0333,6566,Amur catfish,Silurus asotus,Siluriformes,Siluridae,Silurus,-26.79,13.66,NA,NA,NA,NA,Muscle
ID_0333,28054,Mandarin fish,Siniperca chuatsi,Centrarchiformes,Sinipercidae,Siniperca,-27.17,11.79,NA,NA,NA,NA,Muscle
ID_0333,50943,NA,Tachysurus nitidus,Siluriformes,Bagridae,Tachysurus,-27.29,12.37,NA,NA,NA,NA,Muscle
ID_0334,615,Yangtse grenadier anchovy,Coilia brachygnathus,Clupeiformes,Engraulidae,Coilia,-25.94,17.56,NA,NA,NA,NA,Muscle
ID_0334,1450,Common carp,Cyprinus carpio,Cypriniformes,Cyprinidae,Cyprinus,-24.86,14.73,NA,NA,NA,NA,Muscle
ID_0334,4755,Sharpbelly,Hemiculter leucisculus,Cypriniformes,Xenocyprididae,Hemiculter,-24.7,12.94,NA,NA,NA,NA,Muscle
ID_0334,47352,Chinese lizard gudgeon,Saurogobio dabryi,Cypriniformes,Gobionidae,Saurogobio,-23.06,16.24,NA,NA,NA,NA,Muscle
ID_0334,6566,Amur catfish,Silurus asotus,Siluriformes,Siluridae,Silurus,-22.61,16.09,NA,NA,NA,NA,Muscle
ID_0334,28054,Mandarin fish,Siniperca chuatsi,Centrarchiformes,Sinipercidae,Siniperca,-23.71,18.2,NA,NA,NA,NA,Muscle
ID_0334,50943,NA,Tachysurus nitidus,Siluriformes,Bagridae,Tachysurus,-25.08,17.02,NA,NA,NA,NA,Muscle
ID_0335,3361,Rock bass,Ambloplites rupestris,Centrarchiformes,Centrarchidae,Ambloplites,-25.98,12.84,NA,NA,NA,NA,Muscle
ID_0335,2743,Central stoneroller,Campostoma anomalum,Cypriniformes,Leuciscidae,Campostoma,-28.92,10.02,NA,NA,NA,NA,Muscle
ID_0335,2965,White sucker,Catostomus commersonii,Cypriniformes,Catostomidae,Catostomus,-27,9.32,NA,NA,NA,NA,Muscle
ID_0335,3405,Rainbow darter,Etheostoma caeruleum,Perciformes/Percoidei,Percidae,Etheostoma,-27.9,12.56,NA,NA,NA,NA,Muscle
ID_0335,6794,NA,Haplochromis nigricans,Cichliformes,Cichlidae,Haplochromis,-26.22,11.15,NA,NA,NA,NA,Muscle
ID_0335,3377,Longear sunfish,Lepomis megalotis,Centrarchiformes,Centrarchidae,Lepomis,-25.58,11.27,NA,NA,NA,NA,Muscle
ID_0335,3382,Smallmouth bass,Micropterus dolomieu,Centrarchiformes,Centrarchidae,Micropterus,-26.5,11.73,NA,NA,NA,NA,Muscle
ID_0335,2931,Bluntnose minnow,Pimephales notatus,Cypriniformes,Leuciscidae,Pimephales,-28.86,11.11,NA,NA,NA,NA,Muscle
ID_0336,2743,Central stoneroller,Campostoma anomalum,Cypriniformes,Leuciscidae,Campostoma,-27.82,14.19,NA,NA,NA,NA,Muscle
ID_0336,2965,White sucker,Catostomus commersonii,Cypriniformes,Catostomidae,Catostomus,-27.8,10.81,NA,NA,NA,NA,Muscle
ID_0336,3377,Longear sunfish,Lepomis megalotis,Centrarchiformes,Centrarchidae,Lepomis,-24.87,14.03,NA,NA,NA,NA,Muscle
ID_0336,3384,Spotted bass,Micropterus punctulatus,Centrarchiformes,Centrarchidae,Micropterus,-25.96,14.28,NA,NA,NA,NA,Muscle
ID_0336,3385,Largemouth bass,Micropterus salmoides,Centrarchiformes,Centrarchidae,Micropterus,-25.83,13.73,NA,NA,NA,NA,Muscle
ID_0336,2931,Bluntnose minnow,Pimephales notatus,Cypriniformes,Leuciscidae,Pimephales,-25.87,16.24,NA,NA,NA,NA,Muscle
ID_0337,2743,Central stoneroller,Campostoma anomalum,Cypriniformes,Leuciscidae,Campostoma,-25.41,13.82,NA,NA,NA,NA,Muscle
ID_0337,2965,White sucker,Catostomus commersonii,Cypriniformes,Catostomidae,Catostomus,-25.7,11.34,NA,NA,NA,NA,Muscle
ID_0337,3402,Greenside darter,Etheostoma blennioides,Perciformes/Percoidei,Percidae,Etheostoma,-26.82,15.34,NA,NA,NA,NA,Muscle
ID_0337,2849,Sriped shiner,Luxilus chrysocephalus,Cypriniformes,Leuciscidae,Luxilus,-24.83,15.84,NA,NA,NA,NA,Muscle
ID_0338,50323,River goby,Awaous banana,Gobiiformes,Gobiidae,Awaous,-31.62,7.37,0.47,0.38,SD,2,Muscle
ID_0338,46458,NA,Brachyrhaphis rhabdophora,Cyprinodontiformes,Poeciliidae,Brachyrhaphis,-25.8,6.21,0,1.07,SD,2,Muscle
ID_0338,1085,Mountain mullet,Dajaus monticola,Mugiliformes,Mugilidae,Dajaus,-25.41,8.87,1.09,0.53,SD,3,Muscle
ID_0338,3828,Spotted sleeper,Eleotris picta,Gobiiformes,Eleotridae,Eleotris,-27.2,5.66,0.24,0.88,SD,3,Muscle
ID_0338,3831,Bigmouth sleeper,Gobiomorus dormitor,Gobiiformes,Eleotridae,Gobiomorus,-27.47,7.17,2.07,0.55,SD,4,Muscle
ID_0338,50984,Savage tetra,Hyphessobrycon savagei,Characiformes,Characidae,Hyphessobrycon,-28.03,6.93,NA,NA,SD,1,Muscle
ID_0338,49039,Molly,Poecilia gillii,Cyprinodontiformes,Poeciliidae,Poecilia,-32.4,6.1,1.25,0.83,SD,3,Muscle
ID_0338,47293,Barred livebearer,Poeciliopsis turrubarensis,Cyprinodontiformes,Poeciliidae,Poeciliopsis,-30.29,6.54,NA,NA,SD,1,Muscle
ID_0338,8080,Characid,Psalidodon fasciatus,Characiformes,Characidae,Psalidodon,-28.17,7.13,0.65,0.36,SD,3,Muscle
ID_0338,46202,Yellowbelly pipefish,Pseudophallus starksii,Syngnathiformes,Syngnathidae,Pseudophallus,-28.57,5.55,0.79,0.59,SD,3,Muscle
ID_0338,6412,Freshwater grunt,Rhonciscus bayanus,Eupercaria/misc,Haemulidae,Rhonciscus,-26.92,9.73,NA,NA,SD,1,Muscle
ID_0338,54404,NA,Sicydium salvini,Gobiiformes,Gobiidae,Sicydium,-29.95,5.4,2.26,0.23,SD,3,Muscle
ID_0339,50323,River goby,Awaous banana,Gobiiformes,Gobiidae,Awaous,-25.43,4.54,2.41,0.76,SD,3,Muscle
ID_0339,6428,Common snook,Centropomus nigrescens,Carangaria/misc,Centropomidae,Centropomus,-20.52,9.62,1.99,1.41,SD,3,Muscle
ID_0339,1085,Mountain mullet,Dajaus monticola,Mugiliformes,Mugilidae,Dajaus,-26.18,7.05,NA,NA,SD,1,Muscle
ID_0339,NA,NA,Diapterus sp,Eupercaria/misc,Gerreidae,Diapterus,-25.79,6.41,NA,NA,SD,1,Muscle
ID_0339,3828,Spotted sleeper,Eleotris picta,Gobiiformes,Eleotridae,Eleotris,-24.75,4.85,0.78,0.56,SD,3,Muscle
ID_0339,55725,Clingfish,Gobiesox potamius,Gobiesociformes,Gobiesocidae,Gobiesox,-25.8,5.78,2.21,1.69,SD,2,Muscle
ID_0339,3831,Bigmouth sleeper,Gobiomorus dormitor,Gobiiformes,Eleotridae,Gobiomorus,-23.96,7.13,1.76,0.56,SD,3,Muscle
ID_0339,1408,Yellow snapper,Lutjanus argentiventris,Eupercaria/misc,Lutjanidae,Lutjanus,-22.67,9.21,1.99,1.44,SD,3,Muscle
ID_0339,169,Pacific dog snapper,Lutjanus novemfasciatus,Eupercaria/misc,Lutjanidae,Lutjanus,-21.9,9.1,2.27,1.35,SD,3,Muscle
ID_0339,2481,Short-tailed pipefish,Microphis brachyurus,Syngnathiformes,Syngnathidae,Microphis,-26.18,4.64,NA,NA,SD,1,Muscle
ID_0339,47293,Barred livebearer,Poeciliopsis turrubarensis,Cyprinodontiformes,Poeciliidae,Poeciliopsis,-23.77,4.21,1.58,0.27,SD,3,Muscle
ID_0339,8080,Characid,Psalidodon fasciatus,Characiformes,Characidae,Psalidodon,-25.89,5.42,0.52,0.69,SD,3,Muscle
ID_0339,46202,Yellowbelly pipefish,Pseudophallus starksii,Syngnathiformes,Syngnathidae,Pseudophallus,-25.45,4.62,0.33,0.13,SD,2,Muscle
ID_0339,6412,Freshwater grunt,Rhonciscus bayanus,Eupercaria/misc,Haemulidae,Rhonciscus,-23.7,7.86,1.5,0.76,SD,4,Muscle
ID_0339,54404,NA,Sicydium salvini,Gobiiformes,Gobiidae,Sicydium,-30.27,3.34,3.14,0.6,SD,4,Muscle
ID_0339,4293,Bullseye puffer,Sphoeroides annulatus,Tetraodontiformes,Tetraodontidae,Sphoeroides,-22.77,7.69,NA,NA,SD,1,Muscle
ID_0339,7580,Slipper sole,Trinectes paulistanus,Pleuronectiformes,Achiridae,Trinectes,-29.11,3.45,NA,NA,SD,1,Muscle
ID_0340,46449,Knife livebearer,Alfaro cultratus,Cyprinodontiformes,Poeciliidae,Alfaro,-26.91,7.7,0.41,0.38,SD,3,Muscle
ID_0340,3615,Convict cichlid,Amatitlania nigrofasciata,Cichliformes,Cichlidae,Amatitlania,-35.99,7.46,1.73,1.3,SD,2,Muscle
ID_0340,49764,NA,Cynodonichthys isthmensis,Cyprinodontiformes,Rivulidae,Cynodonichthys,-27.37,7.22,0.83,0.64,SD,3,Muscle
ID_0340,3827,Fat sleeper,Dormitator maculatus,Gobiiformes,Eleotridae,Dormitator,-28.86,7.25,7.16,1.03,SD,3,Muscle
ID_0340,28013,Large-scaled spinycheek sleeper,Eleotris amblyopsis,Gobiiformes,Eleotridae,Eleotris,-25.77,7.29,2.55,0.13,SD,2,Muscle
ID_0340,3831,Bigmouth sleeper,Gobiomorus dormitor,Gobiiformes,Eleotridae,Gobiomorus,-25.16,10.25,0.26,1.85,SD,2,Muscle
ID_0340,27916,Guavina,Guavina guavina,Gobiiformes,Eleotridae,Guavina,-25.44,9.22,1.04,1.73,SD,2,Muscle
ID_0340,48132,NA,Gymnotus cylindricus,Gymnotiformes,Gymnotidae,Gymnotus,-32.79,7.51,4.66,0.9,SD,3,Muscle
ID_0340,12315,Rainbow cichlid,Herotilapia multispinosa,Cichliformes,Cichlidae,Herotilapia,-32.33,6.87,NA,NA,SD,1,Muscle
ID_0340,2481,Short-tailed pipefish,Microphis brachyurus,Syngnathiformes,Syngnathidae,Microphis,-24.1,7.42,NA,NA,SD,1,Muscle
ID_0340,26778,Loiselle's cichlid,Parachromis loisellei,Cichliformes,Cichlidae,Parachromis,-26.87,8.08,0.66,0.47,SD,3,Muscle
ID_0340,11961,Merry widow livebearer,Phallichthys amates,Cyprinodontiformes,Poeciliidae,Phallichthys,-37.43,5.65,0.65,0.38,SD,3,Muscle
ID_0340,49039,Molly,Poecilia gillii,Cyprinodontiformes,Poeciliidae,Poecilia,-34.78,5.83,6.27,0.97,SD,3,Muscle
ID_0340,8080,Characid,Psalidodon fasciatus,Characiformes,Characidae,Psalidodon,-26.09,7.59,0.51,1.27,SD,3,Muscle
ID_0340,23351,South American catfish,Rhamdia quelen,Siluriformes,Heptapteridae,Rhamdia,-25.14,8.63,NA,NA,SD,1,Muscle
ID_0340,1242,Checkered puffer,Sphoeroides testudineus,Tetraodontiformes,Tetraodontidae,Sphoeroides,-27.55,10.98,NA,NA,SD,1,Muscle
ID_0341,46449,Knife livebearer,Alfaro cultratus,Cyprinodontiformes,Poeciliidae,Alfaro,-25.74,11.6,0.52,0.58,SD,3,Muscle
ID_0341,4786,Midas cichlid,Amphilophus citrinellus,Cichliformes,Cichlidae,Amphilophus,-22.34,11.58,NA,NA,SD,1,Muscle
ID_0341,26765,Flier cichlid,Archocentrus centrarchus,Cichliformes,Cichlidae,Archocentrus,-24.87,11.54,1.24,0.49,SD,2,Muscle
ID_0341,NA,Silverside,Atherinella sp,Atheriniformes,Atherinopsidae,Atherinella,-21.53,9.79,0.72,0.27,SD,3,Muscle
ID_0341,7326,Tropical gar,Atractosteus tropicus,Lepisosteiformes,Lepisosteidae,Atractosteus,-23.82,14.64,NA,NA,SD,1,Muscle
ID_0341,3214,Pike killifish,Belonesox belizanus,Cyprinodontiformes,Poeciliidae,Belonesox,-26.66,13.22,0.67,0.2,SD,3,Muscle
ID_0341,8699,Machaca,Brycon guatemalensis,Characiformes,Bryconidae,Brycon,-25.74,9.81,0.16,0.42,SD,3,Muscle
ID_0341,1013,Swordspine snook,Centropomus ensiferus,Carangaria/misc,Centropomidae,Centropomus,-29.53,12.23,NA,NA,SD,1,Muscle
ID_0341,1014,Fat snook,Centropomus parallelus,Carangaria/misc,Centropomidae,Centropomus,-29.97,10.86,NA,NA,SD,1,Muscle
ID_0341,1015,Tarpon snook,Centropomus pectinatus,Carangaria/misc,Centropomidae,Centropomus,-22.31,10.38,NA,NA,SD,1,Muscle
ID_0341,345,Common snook,Centropomus undecimalis,Carangaria/misc,Centropomidae,Centropomus,-21.96,11.47,0.23,0,SD,2,Muscle
ID_0341,26759,NA,Cribroheros rostratus,Cichliformes,Cichlidae,Cribroheros,-26.67,12.22,NA,NA,SD,1,Muscle
ID_0341,NA,NA,Diapterus sp,Eupercaria/misc,Gerreidae,Diapterus,-29.7,11.18,1.21,0.71,SD,2,Muscle
ID_0341,28013,Large-scaled spinycheek sleeper,Eleotris amblyopsis,Gobiiformes,Eleotridae,Eleotris,-26.93,11.06,0.6,0.4,SD,3,Muscle
ID_0341,3829,Spinycheek sleeper,Eleotris pisonis,Gobiiformes,Eleotridae,Eleotris,-26.36,10.97,NA,NA,SD,1,Muscle
ID_0341,NA,NA,Eucinostomus sp,Eupercaria/misc,Gerreidae,Eucinostomus,-25.98,11.8,0.35,0.61,SD,3,Muscle
ID_0341,3831,Bigmouth sleeper,Gobiomorus dormitor,Gobiiformes,Eleotridae,Gobiomorus,-24.88,10.13,2.67,0.87,SD,4,Muscle
ID_0341,154,Dog snapper,Lutjanus jocu,Eupercaria/misc,Lutjanidae,Lutjanus,-24.45,12.3,NA,NA,SD,1,Muscle
ID_0341,2481,Short-tailed pipefish,Microphis brachyurus,Syngnathiformes,Syngnathidae,Microphis,-26.81,9.01,0.69,0.29,SD,3,Muscle
ID_0341,6413,Guapote,Parachromis dovii,Cichliformes,Cichlidae,Parachromis,-28.12,11.64,1.69,1.08,SD,3,Muscle
ID_0341,26778,Loiselle's cichlid,Parachromis loisellei,Cichliformes,Cichlidae,Parachromis,-27.02,11.88,0.81,0.59,SD,3,Muscle
ID_0341,49039,Molly,Poecilia gillii,Cyprinodontiformes,Poeciliidae,Poecilia,-29.7,9.97,1.2,0.05,SD,2,Muscle
ID_0341,8080,Characid,Psalidodon fasciatus,Characiformes,Characidae,Psalidodon,-26.03,10.59,0.43,0.48,SD,3,Muscle
ID_0341,1147,Burro grunt,Rhonciscus crocro,Eupercaria/misc,Haemulidae,Rhonciscus,-25.09,11.38,0.72,1.5,SD,2,Muscle
ID_0341,12399,Guatemalan headstander,Roeboides guatemalensis,Characiformes,Characidae,Roeboides,-24.38,12.28,NA,NA,SD,1,Muscle
ID_0341,12208,Blackbelt cichlid,Vieja maculicauda,Cichliformes,Cichlidae,Vieja,-29.1,11.58,NA,NA,SD,1,Muscle
ID_0342,3022,Brown bullhead,Ameiurus nebulosus,Siluriformes,Ictaluridae,Ameiurus,-26.32,8.66,0.66,0.29,SD,5,Muscle
ID_0342,2965,White sucker,Catostomus commersonii,Cypriniformes,Catostomidae,Catostomus,-27.14,6.88,0.46,0.29,SD,8,Muscle
ID_0342,NA,Dace sp ,Chrosomus sp,Cypriniformes,Leuciscidae,Chrosomus,-26.07,7.9,0.8,0.51,SD,4,Muscle
ID_0342,3273,Ninespine stickleback,Pungitius pungitius,Perciformes/Gasterosteoidei,Gasterosteidae,Pungitius,-26.26,7.38,NA,NA,NA,1,Muscle
ID_0342,246,Brook trout,Salvelinus fontinalis,Salmoniformes,Salmonidae,Salvelinus,-27.31,9.19,1.74,1.01,SD,9,Muscle
ID_0342,2952,Creek chub,Semotilus atromaculatus,Cypriniformes,Leuciscidae,Semotilus,-8.05,8.05,0.24,0.24,SD,3,Muscle
ID_0343,2965,White sucker,Catostomus commersonii,Cypriniformes,Catostomidae,Catostomus,-26.33,7.14,1.69,0.74,SD,6,Muscle
ID_0343,NA,Dace sp,Chrosomus sp,Cypriniformes,Leuciscidae,Chrosomus,-26.8,5.75,0.21,0.19,SD,2,Muscle
ID_0343,3190,Banded killifish,Fundulus diaphanus,Cyprinodontiformes,Fundulidae,Fundulus,-24.83,5.85,0.56,0.58,SD,6,Muscle
ID_0343,276,Golden shiner,Notemigonus crysoleucas,Cypriniformes,Leuciscidae,Notemigonus,-26.71,6.41,0.31,0.33,SD,4,Muscle
ID_0343,3273,Ninespine stickleback,Pungitius pungitius,Perciformes/Gasterosteoidei,Gasterosteidae,Pungitius,-29.26,6.69,0.53,0.22,SD,3,Muscle
ID_0343,236,Atlantic Salmon,Salmo salar,Salmoniformes,Salmonidae,Salmo,-27.85,9.27,1.08,0.54,SD,7,Muscle
ID_0343,246,Brook trout,Salvelinus fontinalis,Salmoniformes,Salmonidae,Salvelinus,-26.93,9.64,0.41,0.52,SD,4,Muscle
ID_0343,2952,Creek chub,Semotilus atromaculatus,Cypriniformes,Leuciscidae,Semotilus,-25.43,6.48,0.5,1.31,SD,5,Muscle
ID_0344,2965,White sucker,Catostomus commersonii,Cypriniformes,Catostomidae,Catostomus,-29.4,6.86,3.77,0.46,SD,7,Muscle
ID_0344,276,Golden shiner,Notemigonus crysoleucas,Cypriniformes,Leuciscidae,Notemigonus,-31.76,7.69,1.96,0.81,SD,2,Muscle
ID_0344,3273,Ninespine stickleback,Pungitius pungitius,Perciformes/Gasterosteoidei,Gasterosteidae,Pungitius,-29.59,7.99,0.7,0.34,SD,5,Muscle
ID_0344,246,Brook trout,Salvelinus fontinalis,Salmoniformes,Salmonidae,Salvelinus,-29.2,8.58,0.71,0.85,SD,6,Muscle
ID_0345,3022,Brown bullhead,Ameiurus nebulosus,Siluriformes,Ictaluridae,Ameiurus,-26.76,8.12,0.69,0.3,SD,4,Muscle
ID_0345,2965,White sucker,Catostomus commersonii,Cypriniformes,Catostomidae,Catostomus,-28.09,8.07,0.57,0.78,SD,3,Muscle
ID_0345,276,Golden shiner,Notemigonus crysoleucas,Cypriniformes,Leuciscidae,Notemigonus,-27.43,8.35,0.78,0.55,SD,5,Muscle
ID_0345,253,Rainbow smelt,Osmerus mordax,Osmeriformes,Osmeridae,Osmerus,-29.48,9.02,0.21,0.4,SD,3,Muscle
ID_0345,3273,Ninespine stickleback,Pungitius pungitius,Perciformes/Gasterosteoidei,Gasterosteidae,Pungitius,-28.69,8.68,1.22,0.57,SD,2,Muscle
ID_0345,246,Brook trout,Salvelinus fontinalis,Salmoniformes,Salmonidae,Salvelinus,-28.76,9.48,0.86,1.48,SD,5,Muscle
ID_0345,2952,Creek chub,Semotilus atromaculatus,Cypriniformes,Leuciscidae,Semotilus,-28.1,9.14,2.27,0.65,SD,5,Muscle
ID_0346,3022,Brown bullhead,Ameiurus nebulosus,Siluriformes,Ictaluridae,Ameiurus,-24.86,9.42,0.3,0.56,SD,5,Muscle
ID_0346,2965,White sucker,Catostomus commersonii,Cypriniformes,Catostomidae,Catostomus,-27.06,9.44,1.56,0.87,SD,4,Muscle
ID_0346,276,Golden shiner,Notemigonus crysoleucas,Cypriniformes,Leuciscidae,Notemigonus,-24.85,8.55,NA,NA,NA,1,Muscle
ID_0346,3273,Ninespine stickleback,Pungitius pungitius,Perciformes/Gasterosteoidei,Gasterosteidae,Pungitius,-25.47,9.68,NA,NA,NA,1,Muscle
ID_0346,246,Brook trout,Salvelinus fontinalis,Salmoniformes,Salmonidae,Salvelinus,-26.55,9.81,0.75,1.09,SD,7,Muscle
ID_0347,1583,Alewife,Alosa pseudoharengus,Clupeiformes,Alosidae,Alosa,-26.26,12.03,NA,NA,NA,1,Muscle
ID_0347,296,American eel,Anguilla rostrata,Anguilliformes,Anguillidae,Anguilla,-33.44,9.63,NA,NA,NA,1,Muscle
ID_0347,2965,White sucker,Catostomus commersonii,Cypriniformes,Catostomidae,Catostomus,-33.77,9.14,2.11,0.46,SD,5,Muscle
ID_0347,2748,Lake chub,Couesius plumbeus,Cypriniformes,Leuciscidae,Couesius,-31.97,8.51,NA,NA,NA,1,Muscle
ID_0347,3372,Pumpkinseed sunfish,Lepomis gibbosus,Centrarchiformes,Centrarchidae,Lepomis,-31.39,23.15,0.55,0.59,SD,5,Muscle
ID_0347,2851,Common shiner,Luxilus cornutus,Cypriniformes,Leuciscidae,Luxilus,-36.54,7.63,NA,NA,NA,1,Muscle
ID_0347,3382,Smallmouth bass,Micropterus dolomieu,Centrarchiformes,Centrarchidae,Micropterus,-30.67,11.58,0.83,0.29,SD,5,Muscle
ID_0347,253,Rainbow smelt,Osmerus mordax,Osmeriformes,Osmeridae,Osmerus,-35.53,11.26,0.63,0.7,SD,3,Muscle
ID_0347,359,Yellow perch,Perca flavescens,Perciformes/Percoidei,Percidae,Perca,-28.88,10.34,9.59,0.68,SD,9,Muscle
ID_0347,3273,Ninespine stickleback,Pungitius pungitius,Perciformes/Gasterosteoidei,Gasterosteidae,Pungitius,-30.97,9.72,0.09,0.34,SD,2,Muscle
ID_0347,246,Brook trout,Salvelinus fontinalis,Salmoniformes,Salmonidae,Salvelinus,-27.65,11.76,1.41,2.76,SD,4,Muscle
ID_0347,2953,Fall fish,Semotilus corporalis,Cypriniformes,Leuciscidae,Semotilus,-31.34,9.92,1.44,1.16,SD,7,Muscle
ID_0348,3022,Brown bullhead,Ameiurus nebulosus,Siluriformes,Ictaluridae,Ameiurus,-29.12,9.91,0.07,0.47,SD,2,Muscle
ID_0348,2965,White sucker,Catostomus commersonii,Cypriniformes,Catostomidae,Catostomus,-32.89,8.62,1.22,0.37,SD,7,Muscle
ID_0348,2748,Lake chub,Couesius plumbeus,Cypriniformes,Leuciscidae,Couesius,-29.51,7.72,2.69,1.12,SD,2,Muscle
ID_0348,3190,Banded killifish,Fundulus diaphanus,Cyprinodontiformes,Fundulidae,Fundulus,-27.69,6.84,0.67,0.19,SD,4,Muscle
ID_0348,253,Rainbow smelt,Osmerus mordax,Osmeriformes,Osmeridae,Osmerus,-30.41,10.41,0.32,0.35,SD,5,Muscle
ID_0348,3273,Ninespine stickleback,Pungitius pungitius,Perciformes/Gasterosteoidei,Gasterosteidae,Pungitius,-28.67,8.74,2.89,0.57,SD,3,Muscle
ID_0348,246,Brook trout,Salvelinus fontinalis,Salmoniformes,Salmonidae,Salvelinus,-29.22,9.62,1.62,0.95,SD,9,Muscle
ID_0348,2952,Creek chub,Semotilus atromaculatus,Cypriniformes,Leuciscidae,Semotilus,-33.89,6.84,NA,NA,NA,1,Muscle
ID_0349,2964,Bridgelip sucker,Catostomus columbianus,Cypriniformes,Catostomidae,Catostomus,-25.32,6,1.58,0.46,SD,33,Muscle
ID_0349,4061,Coastrange sculpin,Cottus aleuticus,Perciformes/Cottoidei,Cottidae,Cottus,-22.69,5.03,1.77,0.89,SD,65,Muscle
ID_0349,243,Kokanee,Oncorhynchus nerka,Salmoniformes,Salmonidae,Oncorhynchus,-26.78,6.69,0.31,0.19,SD,5,Muscle
ID_0349,2685,Mountain whitefish,Prosopium williamsoni,Salmoniformes,Salmonidae,Prosopium,-25.3,5.58,1.81,1.81,SD,53,Muscle
ID_0349,2949,Redsided shiner,Richardsonius balteatus,Cypriniformes,Leuciscidae,Richardsonius,-23.97,7.04,1.3,0.05,SD,8,Muscle
ID_0349,2690,Bull trout,Salvelinus confluentus,Salmoniformes,Salmonidae,Salvelinus,-23.44,9.48,0.87,1.05,SD,34,Muscle
ID_0350,2964,Bridgelip sucker,Catostomus columbianus,Cypriniformes,Catostomidae,Catostomus,-24.35,4.68,1.42,0.43,SD,22,Muscle
ID_0350,4061,Coastrange sculpin,Cottus aleuticus,Perciformes/Cottoidei,Cottidae,Cottus,-24.05,6.12,1.74,0.87,SD,45,Muscle
ID_0350,2685,Mountain whitefish,Prosopium williamsoni,Salmoniformes,Salmonidae,Prosopium,-24.93,4.5,2.9,0.38,SD,23,Muscle
ID_0350,2949,Redsided shiner,Richardsonius balteatus,Cypriniformes,Leuciscidae,Richardsonius,-25.39,7.38,1.31,0.52,SD,43,Muscle
ID_0350,2690,Bull trout,Salvelinus confluentus,Salmoniformes,Salmonidae,Salvelinus,-24.19,9.98,0.91,1.06,SD,23,Muscle
ID_0351,2964,Bridgelip sucker,Catostomus columbianus,Cypriniformes,Catostomidae,Catostomus,-25.36,7.25,2.62,0.82,SD,14,Muscle
ID_0351,4061,Coastrange sculpin,Cottus aleuticus,Perciformes/Cottoidei,Cottidae,Cottus,-24.03,5.61,4.43,0.89,SD,40,Muscle
ID_0351,2685,Mountain whitefish,Prosopium williamsoni,Salmoniformes,Salmonidae,Prosopium,-24.32,5.78,2.02,0.6,SD,26,Muscle
ID_0351,2690,Bull trout,Salvelinus confluentus,Salmoniformes,Salmonidae,Salvelinus,-24.32,9.66,1.71,1.18,SD,6,Muscle
ID_0352,270,Crucian carp,Carassius carassius,Cypriniformes,Cyprinidae,Carassius,-28.75,9.15,2.33,1.63,SD,2,Muscle
ID_0352,232,European whitefish,Coregonus lavaretus,Salmoniformes,Salmonidae,Coregonus,-25.61,9.58,2.7,0.98,SD,41,Muscle
ID_0352,258,Northern pike,Esox lucius,Esociformes,Esocidae,Esox,-26.25,11.05,0.44,0.93,SD,10,Muscle
ID_0352,1334,European smelt,Osmerus eperlanus,Osmeriformes,Osmeridae,Osmerus,-29.03,10.8,5.43,2.83,SD,28,Muscle
ID_0352,358,Perch,Perca fluviatilis,Perciformes/Percoidei,Percidae,Perca,-24.11,10.33,1.36,0.94,SD,26,Muscle
ID_0352,236,Atlantic Salmon,Salmo salar,Salmoniformes,Salmonidae,Salmo,-20.59,12.74,0.4,0.45,SD,14,Muscle
ID_0352,238,Brown trout,Salmo trutta,Salmoniformes,Salmonidae,Salmo,-25.01,10.15,2.45,1.54,SD,22,Muscle
ID_0352,247,Arctic charr,Salvelinus alpinus,Salmoniformes,Salmonidae,Salvelinus,-30.2,12.66,1.31,0.5,SD,27,Muscle
ID_0352,269,Tench,Tinca tinca,Cypriniformes,Tincidae,Tinca,-25.23,9.95,1.14,0.7,SD,4,Muscle
ID_0353,2927,Northern Redbelly dace,Chrosomus eos,Cypriniformes,Leuciscidae,Chrosomus,-31.73,9.97,0.46,0.15,SD,3,Muscle
ID_0353,2851,Common shiner,Luxilus cornutus,Cypriniformes,Leuciscidae,Luxilus,-29.6,9.14,0.81,0.21,SD,5,Muscle
ID_0353,2943,Blacknose dace,Rhinichthys atratulus,Cypriniformes,Leuciscidae,Rhinichthys,-32,9.3,0.71,0.42,SD,2,Muscle
ID_0353,246,Brook trout,Salvelinus fontinalis,Salmoniformes,Salmonidae,Salvelinus,-29.9,12.1,NA,NA,SD,1,Muscle
ID_0353,2952,Creek chub,Semotilus atromaculatus,Cypriniformes,Leuciscidae,Semotilus,-30.17,10.03,0.85,0.53,SD,7,Muscle
ID_0354,2927,Northern Redbelly dace,Chrosomus eos,Cypriniformes,Leuciscidae,Chrosomus,-30.33,10.5,1.28,0.08,SD,5,Muscle
ID_0354,2851,Common shiner,Luxilus cornutus,Cypriniformes,Leuciscidae,Luxilus,-28.84,9.92,0.43,0.16,SD,5,Muscle
ID_0354,2943,Blacknose dace,Rhinichthys atratulus,Cypriniformes,Leuciscidae,Rhinichthys,-30.4,10.64,0.74,0.32,SD,5,Muscle
ID_0354,2952,Creek chub,Semotilus atromaculatus,Cypriniformes,Leuciscidae,Semotilus,-28.2,10.3,0.85,0.92,SD,3,Muscle
ID_0355,2927,Northern Redbelly dace,Chrosomus eos,Cypriniformes,Leuciscidae,Chrosomus,-32.63,10.47,0.4,0.15,SD,3,Muscle
ID_0355,2851,Common shiner,Luxilus cornutus,Cypriniformes,Leuciscidae,Luxilus,-32.03,9.78,0.9,0.54,SD,6,Muscle
ID_0355,2943,Blacknose dace,Rhinichthys atratulus,Cypriniformes,Leuciscidae,Rhinichthys,-34.6,10.13,0.53,0.25,SD,3,Muscle
ID_0355,246,Brook trout,Salvelinus fontinalis,Salmoniformes,Salmonidae,Salvelinus,-27.12,10.38,1.51,0.43,SD,5,Muscle
ID_0355,2952,Creek chub,Semotilus atromaculatus,Cypriniformes,Leuciscidae,Semotilus,-29.87,10.4,0.23,0.2,SD,3,Muscle
ID_0356,2927,Northern Redbelly dace,Chrosomus eos,Cypriniformes,Leuciscidae,Chrosomus,-32.57,9.9,0.67,0.17,SD,3,Muscle
ID_0356,2851,Common shiner,Luxilus cornutus,Cypriniformes,Leuciscidae,Luxilus,-31.5,9.55,1.7,0.35,SD,2,Muscle
ID_0356,2943,Blacknose dace,Rhinichthys atratulus,Cypriniformes,Leuciscidae,Rhinichthys,-34.75,10.3,0.21,0,SD,2,Muscle
ID_0356,2952,Creek chub,Semotilus atromaculatus,Cypriniformes,Leuciscidae,Semotilus,-30.9,10.1,0.56,0.9,SD,3,Muscle
ID_0357,2927,Northern Redbelly dace,Chrosomus eos,Cypriniformes,Leuciscidae,Chrosomus,-32.9,10.83,0.6,0.1,SD,4,Muscle
ID_0357,2851,Common shiner,Luxilus cornutus,Cypriniformes,Leuciscidae,Luxilus,-31.77,11.03,0.46,0.4,SD,3,Muscle
ID_0357,2943,Blacknose dace,Rhinichthys atratulus,Cypriniformes,Leuciscidae,Rhinichthys,-35.3,11,0.16,0.26,SD,4,Muscle
ID_0357,246,Brook trout,Salvelinus fontinalis,Salmoniformes,Salmonidae,Salvelinus,-29.33,10.47,1.27,0.35,SD,3,Muscle
ID_0357,2952,Creek chub,Semotilus atromaculatus,Cypriniformes,Leuciscidae,Semotilus,-30.23,10.73,0.25,0.21,SD,3,Muscle
ID_0358,2927,Northern Redbelly dace,Chrosomus eos,Cypriniformes,Leuciscidae,Chrosomus,-33.52,10.26,0.67,0.32,SD,6,Muscle
ID_0358,2851,Common shiner,Luxilus cornutus,Cypriniformes,Leuciscidae,Luxilus,-32.82,10.04,0.81,0.34,SD,5,Muscle
ID_0358,2943,Blacknose dace,Rhinichthys atratulus,Cypriniformes,Leuciscidae,Rhinichthys,-35.07,10.5,0.55,0.26,SD,3,Muscle
ID_0358,2944,Longnose dace,Rhinichthys cataractae,Cypriniformes,Leuciscidae,Rhinichthys,-32.9,10.2,NA,NA,SD,1,Muscle
ID_0358,246,Brook trout,Salvelinus fontinalis,Salmoniformes,Salmonidae,Salvelinus,-27.31,10.16,1.22,0.36,SD,9,Muscle
ID_0358,2952,Creek chub,Semotilus atromaculatus,Cypriniformes,Leuciscidae,Semotilus,-30,10.58,0.96,0.44,SD,6,Muscle
ID_0359,2927,Northern Redbelly dace,Chrosomus eos,Cypriniformes,Leuciscidae,Chrosomus,-33.2,10,0.71,0.29,SD,4,Muscle
ID_0359,2851,Common shiner,Luxilus cornutus,Cypriniformes,Leuciscidae,Luxilus,-33.13,9.7,0.69,0.26,SD,9,Muscle
ID_0359,2943,Blacknose dace,Rhinichthys atratulus,Cypriniformes,Leuciscidae,Rhinichthys,-32.73,9.73,4.36,1.33,SD,3,Muscle
ID_0359,246,Brook trout,Salvelinus fontinalis,Salmoniformes,Salmonidae,Salvelinus,-27.5,10.41,1.24,0.51,SD,8,Muscle
ID_0359,2952,Creek chub,Semotilus atromaculatus,Cypriniformes,Leuciscidae,Semotilus,-32.09,10.07,0.37,0.29,SD,9,Muscle
ID_0360,2927,Northern Redbelly dace,Chrosomus eos,Cypriniformes,Leuciscidae,Chrosomus,-30.5,9.55,0.14,0.35,SD,2,Muscle
ID_0360,3372,Pumpkinseed sunfish,Lepomis gibbosus,Centrarchiformes,Centrarchidae,Lepomis,-31.45,10.28,0.62,0.36,SD,4,Muscle
ID_0360,2851,Common shiner,Luxilus cornutus,Cypriniformes,Leuciscidae,Luxilus,-31,8.7,NA,NA,SD,1,Muscle
ID_0360,276,Golden shiner,Notemigonus crysoleucas,Cypriniformes,Leuciscidae,Notemigonus,-30.1,10.3,NA,NA,SD,1,Muscle
ID_0360,2952,Creek chub,Semotilus atromaculatus,Cypriniformes,Leuciscidae,Semotilus,-29.35,9.82,0.48,0.54,SD,5,Muscle
ID_0361,2927,Northern Redbelly dace,Chrosomus eos,Cypriniformes,Leuciscidae,Chrosomus,-31,9.7,0.14,0.57,SD,2,Muscle
ID_0361,3372,Pumpkinseed sunfish,Lepomis gibbosus,Centrarchiformes,Centrarchidae,Lepomis,-32.18,9.95,0.22,0.1,SD,4,Muscle
ID_0361,2851,Common shiner,Luxilus cornutus,Cypriniformes,Leuciscidae,Luxilus,-31.4,9.03,0.95,0.25,SD,3,Muscle
ID_0361,276,Golden shiner,Notemigonus crysoleucas,Cypriniformes,Leuciscidae,Notemigonus,-30.1,10.4,NA,NA,SD,1,Muscle
ID_0361,2865,Blacknose shiner,Notropis heterolepis,Cypriniformes,Leuciscidae,Notropis,-30.37,9.87,0.5,0.55,SD,3,Muscle
ID_0361,2952,Creek chub,Semotilus atromaculatus,Cypriniformes,Leuciscidae,Semotilus,-29.85,9.3,0.57,0.23,SD,6,Muscle
ID_0362,3372,Pumpkinseed sunfish,Lepomis gibbosus,Centrarchiformes,Centrarchidae,Lepomis,-33,9.87,0.66,0.35,SD,3,Muscle
ID_0362,2851,Common shiner,Luxilus cornutus,Cypriniformes,Leuciscidae,Luxilus,-31.46,9.04,0.92,0.21,SD,8,Muscle
ID_0362,2943,Blacknose dace,Rhinichthys atratulus,Cypriniformes,Leuciscidae,Rhinichthys,-31.7,9.5,1.98,0.42,SD,2,Muscle
ID_0362,2952,Creek chub,Semotilus atromaculatus,Cypriniformes,Leuciscidae,Semotilus,-29.02,9.08,0.46,0.88,SD,9,Muscle
ID_0363,2927,Northern Redbelly dace,Chrosomus eos,Cypriniformes,Leuciscidae,Chrosomus,-32.1,9.93,0.62,0.35,SD,3,Muscle
ID_0363,2851,Common shiner,Luxilus cornutus,Cypriniformes,Leuciscidae,Luxilus,-31.91,9.66,1.25,0.23,SD,9,Muscle
ID_0363,276,Golden shiner,Notemigonus crysoleucas,Cypriniformes,Leuciscidae,Notemigonus,-30.73,10.53,0.31,0.15,SD,3,Muscle
ID_0363,246,Brook trout,Salvelinus fontinalis,Salmoniformes,Salmonidae,Salvelinus,-29.6,10.9,NA,NA,SD,1,Muscle
ID_0363,2952,Creek chub,Semotilus atromaculatus,Cypriniformes,Leuciscidae,Semotilus,-30.9,11,0.14,0.28,SD,4,Muscle
ID_0364,3361,Rock bass,Ambloplites rupestris,Centrarchiformes,Centrarchidae,Ambloplites,-28.1,9.1,0.7,0.42,SD,4,Muscle
ID_0364,2754,Cutlips minnow,Exoglossum maxillingua,Cypriniformes,Leuciscidae,Exoglossum,-26.9,8.37,0.58,0.43,SD,6,Muscle
ID_0364,3370,Redbreast sunfish,Lepomis auritus,Centrarchiformes,Centrarchidae,Lepomis,-26.78,9.15,0.66,0.36,SD,6,Muscle
ID_0364,2851,Common shiner,Luxilus cornutus,Cypriniformes,Leuciscidae,Luxilus,-27.85,8.35,0.21,0.07,SD,2,Muscle
ID_0365,3361,Rock bass,Ambloplites rupestris,Centrarchiformes,Centrarchidae,Ambloplites,-27.98,9.28,1.27,0.25,SD,4,Muscle
ID_0365,2754,Cutlips minnow,Exoglossum maxillingua,Cypriniformes,Leuciscidae,Exoglossum,-28.98,9.43,1.79,1.25,SD,4,Muscle
ID_0365,3370,Redbreast sunfish,Lepomis auritus,Centrarchiformes,Centrarchidae,Lepomis,-27.76,9.74,0.73,0.3,SD,5,Muscle
ID_0365,3382,Smallmouth bass,Micropterus dolomieu,Centrarchiformes,Centrarchidae,Micropterus,-28.73,9.25,1.66,0.45,SD,4,Muscle
ID_0365,2953,Fall fish,Semotilus corporalis,Cypriniformes,Leuciscidae,Semotilus,-28.38,8.6,0.35,0.14,SD,4,Muscle
ID_0366,3450,Tessellated darter,Etheostoma olmstedi,Perciformes/Percoidei,Percidae,Etheostoma,-30.9,13.7,NA,NA,SD,1,Muscle
ID_0366,3373,Warmouth,Lepomis gulosus,Centrarchiformes,Centrarchidae,Lepomis,-27.3,14.2,NA,NA,SD,1,Muscle
ID_0366,2875,Yellowfin shiner,Notropis lutipinnis,Cypriniformes,Leuciscidae,Notropis,-27.14,10.2,0.29,0.31,SD,5,Muscle
ID_0366,NA,NA,Notropis sp,Cypriniformes,Leuciscidae,Notropis,-29.3,11.2,NA,NA,SD,1,Muscle
ID_0366,3500,Blackbanded darter,Percina nigrofasciata,Perciformes/Percoidei,Percidae,Percina,-28.7,13.9,1.15,0.46,SD,3,Muscle
ID_0367,3450,Tessellated darter,Etheostoma olmstedi,Perciformes/Percoidei,Percidae,Etheostoma,-30.3,13.9,0.92,0.46,SD,3,Muscle
ID_0367,3370,Redbreast sunfish,Lepomis auritus,Centrarchiformes,Centrarchidae,Lepomis,-33.4,12.05,0.28,0.64,SD,2,Muscle
ID_0367,3375,Bluegill,Lepomis macrochirus,Centrarchiformes,Centrarchidae,Lepomis,-32.2,13,NA,NA,SD,1,Muscle
ID_0367,NA,NA,Lepomis sp,Centrarchiformes,Centrarchidae,Lepomis,-29.6,13.3,NA,NA,SD,1,Muscle
ID_0367,3385,Largemouth bass,Micropterus salmoides,Centrarchiformes,Centrarchidae,Micropterus,-28.5,15.7,NA,NA,SD,1,Muscle
ID_0367,2809,Bluehead chub,Nocomis leptocephalus,Cypriniformes,Leuciscidae,Nocomis,-28.27,11.73,0.45,0.35,SD,3,Muscle
ID_0367,NA,NA,Notropis sp,Cypriniformes,Leuciscidae,Notropis,-26.53,10.63,0.46,0.55,SD,6,Muscle
ID_0367,3500,Blackbanded derter,Percina nigrofasciata,Perciformes/Percoidei,Percidae,Percina,-29.05,14.53,1.07,0.65,SD,6,Muscle
ID_0368,296,American eel,Anguilla rostrata,Anguilliformes,Anguillidae,Anguilla,-26.7,11.8,NA,NA,SD,1,Muscle
ID_0368,2875,Yellowfin shiner,Notropis lutipinnis,Cypriniformes,Leuciscidae,Notropis,-26.68,8.78,0.19,0.22,SD,5,Muscle
ID_0368,NA,NA,Notropis sp,Cypriniformes,Leuciscidae,Notropis,-27.6,9.6,1.13,0.72,SD,3,Muscle
ID_0368,3039,Margined madtom,Noturus insignis,Siluriformes,Ictaluridae,Noturus,-29.6,11.6,1.23,0.41,SD,4,Muscle
ID_0368,3500,Blackbanded darter,Percina nigrofasciata,Perciformes/Percoidei,Percidae,Percina,-28.9,12.15,0.58,0.51,SD,4,Muscle
ID_0369,3450,Tessellated darter,Etheostoma olmstedi,Perciformes/Percoidei,Percidae,Etheostoma,-31.23,11.32,1.09,0.86,SD,6,Muscle
ID_0369,3370,Redbreast sunfish,Lepomis auritus,Centrarchiformes,Centrarchidae,Lepomis,-27.6,11.9,0.85,0.71,SD,2,Muscle
ID_0369,3373,Warmouth,Lepomis gulosus,Centrarchiformes,Centrarchidae,Lepomis,-29.3,13.6,NA,NA,SD,1,Muscle
ID_0369,2875,Yellowfin shiner,Notropis lutipinnis,Cypriniformes,Leuciscidae,Notropis,-27.67,8.98,1.13,0.76,SD,12,Muscle
ID_0369,3500,Blackbanded darter,Percina nigrofasciata,Perciformes/Percoidei,Percidae,Percina,-31.55,11.53,1.31,0.53,SD,12,Muscle
ID_0370,3370,Redbreast sunfish,Lepomis auritus,Centrarchiformes,Centrarchidae,Lepomis,-28.2,11.6,NA,NA,SD,1,Muscle
ID_0370,3375,Bluegill,Lepomis macrochirus,Centrarchiformes,Centrarchidae,Lepomis,-27,9.8,NA,NA,SD,1,Muscle
ID_0370,3385,Largemouth bass,Micropterus salmoides,Centrarchiformes,Centrarchidae,Micropterus,-29.3,14,NA,NA,SD,1,Muscle
ID_0370,2875,Yellowfin shiner,Notropis lutipinnis,Cypriniformes,Leuciscidae,Notropis,-27.77,8.63,0.76,0.31,SD,3,Muscle
ID_0370,3500,Blackbanded darter,Percina nigrofasciata,Perciformes/Percoidei,Percidae,Percina,-31.53,11.43,0.97,0.6,SD,3,Muscle
ID_0371,3017,Snail bullhead,Ameiurus brunneus,Siluriformes,Ictaluridae,Ameiurus,-28.7,12.9,NA,NA,SD,1,Muscle
ID_0371,296,American eel,Anguilla rostrata,Anguilliformes,Anguillidae,Anguilla,-29.33,11.83,1.1,0.12,SD,3,Muscle
ID_0371,3064,Pirate perch,Aphredoderus sayanus,Percopsiformes,Aphredoderidae,Aphredoderus,-29.5,11,0.14,0,SD,3,Muscle
ID_0371,2709,Redfin Pickerel,Esox americanus,Esociformes,Esocidae,Esox,-29.4,12.2,NA,NA,SD,1,Muscle
ID_0371,2712,Chain pickerel,Esox niger,Esociformes,Esocidae,Esox,-31.7,9.5,NA,NA,SD,1,Muscle
ID_0371,3370,Redbreast sunfish,Lepomis auritus,Centrarchiformes,Centrarchidae,Lepomis,-27.3,12.1,NA,NA,SD,1,Muscle
ID_0371,3385,Largemouth bass,Micropterus salmoides,Centrarchiformes,Centrarchidae,Micropterus,-29.6,13.6,NA,NA,SD,1,Muscle
ID_0371,2875,Yellowfin shiner,Notropis lutipinnis,Cypriniformes,Leuciscidae,Notropis,-27.95,9.15,0.55,0.14,SD,6,Muscle
ID_0371,NA,NA,Notropis sp,Cypriniformes,Leuciscidae,Notropis,-28.33,10.03,0.86,1.29,SD,4,Muscle
ID_0371,3039,Margined madtom,Noturus insignis,Siluriformes,Ictaluridae,Noturus,-31.3,11.9,NA,NA,SD,1,Muscle
ID_0371,3500,Blackbanded darter,Percina nigrofasciata,Perciformes/Percoidei,Percidae,Percina,-30.47,11.38,0.72,0.74,SD,4,Muscle
ID_0372,3064,Pirate perch,Aphredoderus sayanus,Percopsiformes,Aphredoderidae,Aphredoderus,-30.63,10.7,1.4,0.53,SD,3,Muscle
ID_0372,2709,Redfin Pickerel,Esox americanus,Esociformes,Esocidae,Esox,-28.6,10.5,NA,NA,SD,1,Muscle
ID_0372,3450,Tessellated darter,Etheostoma olmstedi,Perciformes/Percoidei,Percidae,Etheostoma,-29.2,11.2,NA,NA,SD,1,Muscle
ID_0372,3385,Largemouth bass,Micropterus salmoides,Centrarchiformes,Centrarchidae,Micropterus,-28.1,12.4,NA,NA,SD,1,Muscle
ID_0372,2809,Bluehead chub,Nocomis leptocephalus,Cypriniformes,Leuciscidae,Nocomis,-27.9,8.63,0.1,0.21,SD,3,Muscle
ID_0372,NA,NA,Notropis sp,Cypriniformes,Leuciscidae,Notropis,-26.8,8.83,0,0.92,SD,3,Muscle
ID_0372,3041,Speckled madtom,Noturus leptacanthus,Siluriformes,Ictaluridae,Noturus,-31.37,10.87,0.61,0.32,SD,3,Muscle
ID_0372,3500,Blackbanded darter,Percina nigrofasciata,Perciformes/Percoidei,Percidae,Percina,-30.57,11.27,0.35,0.25,SD,3,Muscle
ID_0373,NA,NA,Coregonus sp,Salmoniformes,Salmonidae,Coregonus,-28.98,8.82,0.63,0.54,SD,100,Muscle
ID_0373,3273,Ninespine stickleback,Pungitius pungitius,Perciformes/Gasterosteoidei,Gasterosteidae,Pungitius,-22.89,7.03,2.48,0.94,SD,30,Muscle
ID_0373,247,Arctic charr,Salvelinus alpinus,Salmoniformes,Salmonidae,Salvelinus,-24.47,11.65,2.8,0.7,SD,117,Muscle
ID_0373,248,Lake trout,Salvelinus namaycush,Salmoniformes,Salmonidae,Salvelinus,-23.97,11.34,2.4,0.5,SD,79,Muscle
ID_0374,3215,Mosquitofish,Gambusia affinis,Cyprinodontiformes,Poeciliidae,Gambusia,-25.74,14.53,NA,NA,SD,NA,Muscle
ID_0374,3371,Green sunfish,Lepomis cyanellus,Centrarchiformes,Centrarchidae,Lepomis,-24.65,14.32,NA,NA,SD,NA,Muscle
ID_0374,3377,Longear sunfish,Lepomis megalotis,Centrarchiformes,Centrarchidae,Lepomis,-24.65,13.93,NA,NA,SD,NA,Muscle
ID_0374,3385,Largemouth bass,Micropterus salmoides,Centrarchiformes,Centrarchidae,Micropterus,-24.83,15.51,NA,NA,SD,NA,Muscle
ID_0375,3064,Pirate perch,Aphredoderus sayanus,Percopsiformes,Aphredoderidae,Aphredoderus,-30.08,11.78,0.59,0.17,SD,4,Muscle
ID_0375,3450,Tessellated darter,Etheostoma olmstedi,Perciformes/Percoidei,Percidae,Etheostoma,-30.53,11.28,2.12,0.49,SD,4,Muscle
ID_0375,3372,Pumpkinseed sunfish,Lepomis gibbosus,Centrarchiformes,Centrarchidae,Lepomis,-30.8,10.8,NA,NA,SD,1,Muscle
ID_0375,3373,Warmouth,Lepomis gulosus,Centrarchiformes,Centrarchidae,Lepomis,-29.6,11.4,NA,NA,SD,1,Muscle
ID_0375,NA,NA,Notropis sp,Cypriniformes,Leuciscidae,Notropis,-27.48,9.88,0.54,0.51,SD,9,Muscle
ID_0375,3500,Blackbanded darter,Percina nigrofasciata,Perciformes/Percoidei,Percidae,Percina,-30.18,11.8,0.3,0.37,SD,5,Muscle
ID_0376,3021,Yellow bullhead,Ameiurus natalis,Siluriformes,Ictaluridae,Ameiurus,-27.7,12.5,NA,NA,SD,1,Muscle
ID_0376,3022,Brown bullhead,Ameiurus nebulosus,Siluriformes,Ictaluridae,Ameiurus,-28.8,12.2,NA,NA,SD,1,Muscle
ID_0376,3023,Flat bullhead,Ameiurus platycephalus,Siluriformes,Ictaluridae,Ameiurus,-29.9,11.47,0.75,0.65,SD,3,Muscle
ID_0376,3064,Pirate perch,Aphredoderus sayanus,Percopsiformes,Aphredoderidae,Aphredoderus,-29.85,12.25,1.34,0.21,SD,2,Muscle
ID_0376,2709,Redfin Pickerel,Esox americanus,Esociformes,Esocidae,Esox,-30.85,12.05,1.91,0.07,SD,2,Muscle
ID_0376,3450,Tessellated darter,Etheostoma olmstedi,Perciformes/Percoidei,Percidae,Etheostoma,-31.3,11.2,NA,NA,SD,1,Muscle
ID_0376,3372,Pumpkinseed sunfish,Lepomis gibbosus,Centrarchiformes,Centrarchidae,Lepomis,-29.1,11.5,NA,NA,SD,1,Muscle
ID_0376,3373,Warmouth,Lepomis gulosus,Centrarchiformes,Centrarchidae,Lepomis,-28.8,13.1,NA,NA,SD,1,Muscle
ID_0376,2875,Yellowfin shiner,Notropis lutipinnis,Cypriniformes,Leuciscidae,Notropis,-28.14,10.06,1.02,0.94,SD,5,Muscle
ID_0376,NA,NA,Notropis sp,Cypriniformes,Leuciscidae,Notropis,-28.5,10.07,0.1,0.15,SD,3,Muscle
ID_0376,3500,Blackbanded darter,Percina nigrofasciata,Perciformes/Percoidei,Percidae,Percina,-30.6,11.85,0.57,0.07,SD,2,Muscle
ID_0377,13123,NA,Acestrorhynchus falcirostris,Characiformes,Acestrorhynchidae,Acestrorhynchus,-30.56,9.51,1.39,0.44,SD,5,Muscle
ID_0377,52120,NA,Auchenipterus nuchalis,Siluriformes,Auchenipteridae,Auchenipterus,-34.39,9.4,2.48,0.7,SD,8,Muscle
ID_0377,13270,Tunacare peacock bass,Cichla monoculus,Cichliformes,Cichlidae,Cichla,-29.86,9.76,1.58,0.82,SD,7,Muscle
ID_0377,263,Tambaqui,Colossoma macropomum,Characiformes,Serrasalmidae,Colossoma,-32.14,6.95,2.45,2.03,SD,10,Muscle
ID_0377,25780,Acara,Geophagus proximus,Cichliformes,Cichlidae,Geophagus,-29.55,8.41,2.29,0.45,SD,9,Muscle
ID_0377,25719,NA,Hemiodus microlepis,Characiformes,Hemiodontidae,Hemiodus,-33.22,8.18,1.45,0.51,SD,5,Muscle
ID_0377,NA,NA,Hemiodus sp,Characiformes,Hemiodontidae,Hemiodus,-32.1,7.67,3.6,1.34,SD,7,Muscle
ID_0377,52199,Green severum cichlid,Heros efasciatus,Cichliformes,Cichlidae,Heros,-31.73,9.05,2.52,0.29,SD,7,Muscle
ID_0377,4757,Trahira,Hoplias malabaricus,Characiformes,Erythrinidae,Hoplias,-28.69,10.3,1.13,0.45,SD,7,Muscle
ID_0377,5377,Atipa,Hoplosternum littorale,Siluriformes,Callichthyidae,Hoplosternum,-30.64,9.36,1.96,0.08,SD,5,Muscle
ID_0377,6419,NA,Hydrolycus scomberoides,Characiformes,Cynodontidae,Hydrolycus,-28.8,10.24,3.85,0.55,SD,6,Muscle
ID_0377,4533,Highwaterman catfish,Hypophthalmus edentatus,Siluriformes,Pimelodidae,Hypophthalmus,-36.45,9.45,1.33,0.33,SD,11,Muscle
ID_0377,25736,NA,Hypophthalmus marginatus,Siluriformes,Pimelodidae,Hypophthalmus,-35.41,9.1,1.05,0.54,SD,5,Muscle
ID_0377,12330,Threespot leporinus,Leporinus friderici,Characiformes,Anostomidae,Leporinus,-29.6,7.53,2.08,1.34,SD,6,Muscle
ID_0377,551,NA,Lycengraulis batesii,Clupeiformes,Engraulidae,Lycengraulis,-34.43,9.73,1.99,0.57,SD,6,Muscle
ID_0377,25647,NA,Megaleporinus trifasciatus,Characiformes,Anostomidae,Megaleporinus,-29.42,7.39,1.29,0.6,SD,6,Muscle
ID_0377,12977,Silver dollar fish,Mylossoma duriventre,Characiformes,Serrasalmidae,Mylossoma,-27.9,6.29,1.14,1.06,SD,10,Muscle
ID_0377,1639,Amazon pellona,Pellona castelnaeana,Clupeiformes,Pristigasteridae,Pellona,-32.72,11.15,2.49,0.67,SD,8,Muscle
ID_0377,1642,NA,Pellona flavipinnis,Clupeiformes,Pristigasteridae,Pellona,-32.45,10.41,0.84,0.63,SD,8,Muscle
ID_0377,5808,Pirapitinga,Piaractus brachypomus,Characiformes,Serrasalmidae,Piaractus,-27.99,4.17,0.56,1.71,SD,7,Muscle
ID_0377,7556,Bloch's catfish,Pimelodus blochii,Siluriformes,Pimelodidae,Pimelodus,-32.39,8.8,2.6,0.79,SD,5,Muscle
ID_0377,4310,Silver croaker,Plagioscion squamosissimus,Eupercaria/misc,Sciaenidae,Plagioscion,-31.23,11.59,1.97,0.84,SD,9,Muscle
ID_0377,25648,NA,Potamorhina altamazonica,Characiformes,Curimatidae,Potamorhina,-36.83,7.45,0.86,0.89,SD,8,Muscle
ID_0377,25649,Ruskobarbitetra,Potamorhina latior,Characiformes,Curimatidae,Potamorhina,-36.7,7.78,1.59,0.8,SD,8,Muscle
ID_0377,4501,Red piranha,Pygocentrus nattereri,Characiformes,Serrasalmidae,Pygocentrus,-31.3,9.5,0.86,0.68,SD,8,Muscle
ID_0377,25653,NA,Rhytiodus argenteofuscus,Characiformes,Anostomidae,Rhytiodus,-34.12,8.29,2.59,1.31,SD,4,Muscle
ID_0377,51334,NA,Rhytiodus microlepis,Characiformes,Anostomidae,Rhytiodus,-31.56,6.9,2.44,1.97,SD,7,Muscle
ID_0377,12313,NA,Satanoperca acuticeps,Cichliformes,Cichlidae,Satanoperca,-32.04,8.98,2.77,0.78,SD,6,Muscle
ID_0377,23448,Characin,Schizodon fasciatus,Characiformes,Anostomidae,Schizodon,-29.69,8.14,1.36,0.81,SD,11,Muscle
ID_0377,57955,NA,Serrasalmus altispinis,Characiformes,Serrasalmidae,Serrasalmus,-33,9.43,1,0.35,SD,6,Muscle
ID_0377,11964,NA,Serrasalmus elongatus,Characiformes,Serrasalmidae,Serrasalmus,-32.03,9.95,2,0.7,SD,8,Muscle
ID_0377,11970,Redeye piranha,Serrasalmus rhombeus,Characiformes,Serrasalmidae,Serrasalmus,-31.82,9.99,1.45,0.64,SD,5,Muscle
ID_0377,11973,Speckeled piranha,Serrasalmus spilopleura,Characiformes,Serrasalmidae,Serrasalmus,-32.01,9.71,1.9,0.65,SD,10,Muscle
ID_0377,51200,NA,Triportheus albus,Characiformes,Triportheidae,Triportheus,-29.9,8.49,2.1,1.4,SD,6,Muscle
ID_0377,12976,NA,Triportheus angulatus,Characiformes,Triportheidae,Triportheus,-30.53,8.58,1.82,0.69,SD,17,Muscle
ID_0377,61043,NA,Triportheus auritus,Characiformes,Triportheidae,Triportheus,-30.93,9.3,1.84,0.72,SD,7,Muscle
ID_0378,17304,Chub,Candidia barbata,Cypriniformes,Xenocyprididae,Candidia,-23.66,5.85,0.64,0.5,SD,8,Muscle
ID_0378,47864,Siberian spiny loach,Cobitis sinensis,Cypriniformes,Cobitidae,Cobitis,-22.3,5.2,0.7,0.16,SD,3,Muscle
ID_0378,17232,River loache,Formosania lacustris,Cypriniformes,Gastromyzontidae,Formosania,-23.7,3.9,0.86,0.35,SD,3,Muscle
ID_0378,17295,Minnow,Onychostoma barbatulum,Cypriniformes,Cyprinidae,Onychostoma,-22.2,3.7,0.26,0.35,SD,3,Muscle
ID_0378,27215,Candidius goby,Rhinogobius candidianus,Gobiiformes,Gobiidae,Rhinogobius,-25.5,5.1,1.74,0.36,SD,3,Muscle
ID_0379,2962,Longnose sucker,Catostomus catostomus,Cypriniformes,Catostomidae,Catostomus,-28.7,10.2,NA,NA,NA,NA,Muscle
ID_0379,2965,White sucker,Catostomus commersonii,Cypriniformes,Catostomidae,Catostomus,-27.9,10.1,NA,NA,NA,NA,Muscle
ID_0379,239,Rainbow trout,Oncorhynchus mykiss,Salmoniformes,Salmonidae,Oncorhynchus,-26.6,10.8,NA,NA,NA,NA,Muscle
ID_0379,243,Kokanee,Oncorhynchus nerka,Salmoniformes,Salmonidae,Oncorhynchus,-32.4,11.7,NA,NA,NA,NA,Muscle
ID_0379,248,Lake trout,Salvelinus namaycush,Salmoniformes,Salmonidae,Salvelinus,-29.77,13.5,NA,NA,NA,NA,Muscle
ID_0380,2962,Longnose sucker,Catostomus catostomus,Cypriniformes,Catostomidae,Catostomus,-29.6,10.7,NA,NA,NA,NA,Muscle
ID_0380,2965,White sucker,Catostomus commersonii,Cypriniformes,Catostomidae,Catostomus,-28.1,10.2,NA,NA,NA,NA,Muscle
ID_0380,239,Rainbow trout,Oncorhynchus mykiss,Salmoniformes,Salmonidae,Oncorhynchus,-24.1,10.5,NA,NA,NA,NA,Muscle
ID_0380,243,Kokanee,Oncorhynchus nerka,Salmoniformes,Salmonidae,Oncorhynchus,-33.9,12,NA,NA,NA,NA,Muscle
ID_0380,359,Yellow perch,Perca flavescens,Perciformes/Percoidei,Percidae,Perca,-28.6,13,NA,NA,NA,NA,Muscle
ID_0380,248,Lake trout,Salvelinus namaycush,Salmoniformes,Salmonidae,Salvelinus,-31.67,14.1,NA,NA,NA,NA,Muscle
ID_0381,3271,Brook stickelback,Culaea inconstans,Perciformes/Gasterosteoidei,Gasterosteidae,Culaea,-22.8,9.8,1,2.6,SD,3,Muscle
ID_0381,258,Northern pike,Esox lucius,Esociformes,Esocidae,Esox,-22.4,13.2,0.2,0.4,SD,2,Muscle
ID_0381,359,Yellow perch,Perca flavescens,Perciformes/Percoidei,Percidae,Perca,-21.27,11.77,0.5,0.5,SD,6,Muscle
ID_0381,4785,Fathead minnow,Pimephales promelas,Cypriniformes,Leuciscidae,Pimephales,-22.5,10.7,0.6,0.5,SD,6,Muscle
ID_0382,4730,Bleak,Alburnus alburnus,Cypriniformes,Leuciscidae,Alburnus,-26.65,8.52,NA,NA,NA,NA,Muscle
ID_0382,258,Northern pike,Esox lucius,Esociformes,Esocidae,Esox,-24.14,13.9,NA,NA,NA,NA,Muscle
ID_0382,4474,Ruffe,Gymnocephalus cernua,Perciformes/Percoidei,Percidae,Gymnocephalus,-23.72,12.93,NA,NA,NA,NA,Muscle
ID_0382,4783,Asp,Leuciscus aspius,Cypriniformes,Leuciscidae,Leuciscus,-25.55,14.66,NA,NA,NA,NA,Muscle
ID_0382,1334,NA,Osmerus eperlanus,Osmeriformes,Osmeridae,Osmerus,-27.51,13.68,NA,NA,NA,NA,Muscle
ID_0382,358,Perch,Perca fluviatilis,Perciformes/Percoidei,Percidae,Perca,-24.88,13.96,NA,NA,NA,NA,Muscle
ID_0382,272,Roach,Rutilus rutilus,Cypriniformes,Leuciscidae,Rutilus,-24.52,12.59,NA,NA,NA,NA,Muscle
ID_0382,360,Pikeperch,Sander lucioperca,Perciformes/Percoidei,Percidae,Sander,-25.01,14.91,NA,NA,NA,NA,Muscle
ID_0383,235,Lake cisco,Coregonus artedi,Salmoniformes,Salmonidae,Coregonus,-26.9,9.05,NA,NA,NA,NA,Muscle
ID_0383,234,Lake whitefish,Coregonus clupeaformis,Salmoniformes,Salmonidae,Coregonus,-25.95,7.75,NA,NA,NA,NA,Muscle
ID_0383,2670,Bloater,Coregonus hoyi,Salmoniformes,Salmonidae,Coregonus,-27.48,7.77,NA,NA,NA,NA,Muscle
ID_0383,2675,Blackfin cisco,Coregonus nigripinnis,Salmoniformes,Salmonidae,Coregonus,-27.25,7.65,NA,NA,NA,NA,Muscle
ID_0383,2679,Shortjaw cisco,Coregonus zenithicus,Salmoniformes,Salmonidae,Coregonus,-27.9,6.95,NA,NA,NA,NA,Muscle
ID_0383,310,Burbot,Lota lota,Gadiformes,Lotidae,Lota,-23.62,7.88,NA,NA,NA,NA,Muscle
ID_0383,4124,Deepwater sculpin,Myoxocephalus thompsonii,Perciformes/Cottoidei,Cottidae,Myoxocephalus,-26.5,8.18,NA,NA,NA,NA,Muscle
ID_0383,359,Yellow perch,Perca flavescens,Perciformes/Percoidei,Percidae,Perca,-23.22,6.9,NA,NA,NA,NA,Muscle
ID_0383,248,Lake trout,Salvelinus namaycush,Salmoniformes,Salmonidae,Salvelinus,-24.66,11.85,NA,NA,NA,NA,Muscle
ID_0383,3516,Walleye,Sander vitreus,Perciformes/Percoidei,Percidae,Sander,-22.85,9.39,NA,NA,NA,NA,Muscle
ID_0384,235,Lake cisco,Coregonus artedi,Salmoniformes,Salmonidae,Coregonus,-27.21,7.58,NA,NA,NA,NA,Muscle
ID_0384,234,Lake whitefish,Coregonus clupeaformis,Salmoniformes,Salmonidae,Coregonus,-25.82,8.23,NA,NA,NA,NA,Muscle
ID_0384,2670,Bloater,Coregonus hoyi,Salmoniformes,Salmonidae,Coregonus,-27.89,7.76,NA,NA,NA,NA,Muscle
ID_0384,2675,Blackfin cisco,Coregonus nigripinnis,Salmoniformes,Salmonidae,Coregonus,-27.97,7.63,NA,NA,NA,NA,Muscle
ID_0384,2679,Shortjaw cisco,Coregonus zenithicus,Salmoniformes,Salmonidae,Coregonus,-27.34,7.24,NA,NA,NA,NA,Muscle
ID_0384,310,Burbot,Lota lota,Gadiformes,Lotidae,Lota,-26.02,7.82,NA,NA,NA,NA,Muscle
ID_0384,4124,Deepwater sculpin,Myoxocephalus thompsonii,Perciformes/Cottoidei,Cottidae,Myoxocephalus,-27.93,9.55,NA,NA,NA,NA,Muscle
ID_0384,253,Rainbow smelt,Osmerus mordax,Osmeriformes,Osmeridae,Osmerus,-26.32,8.55,NA,NA,NA,NA,Muscle
ID_0384,359,Yellow perch,Perca flavescens,Perciformes/Percoidei,Percidae,Perca,-25.03,7.19,NA,NA,NA,NA,Muscle
ID_0384,248,Lake trout,Salvelinus namaycush,Salmoniformes,Salmonidae,Salvelinus,-26.97,10.92,NA,NA,NA,NA,Muscle
ID_0384,3516,Walleye,Sander vitreus,Perciformes/Percoidei,Percidae,Sander,-26.3,8.39,NA,NA,NA,NA,Muscle
ID_0385,235,Lake cisco,Coregonus artedi,Salmoniformes,Salmonidae,Coregonus,-26.53,13.74,NA,NA,NA,NA,Muscle
ID_0385,234,Lake whitefish,Coregonus clupeaformis,Salmoniformes,Salmonidae,Coregonus,-26.31,13.79,NA,NA,NA,NA,Muscle
ID_0385,3375,Bluegill,Lepomis macrochirus,Centrarchiformes,Centrarchidae,Lepomis,-24.57,12.95,NA,NA,NA,NA,Muscle
ID_0385,253,Rainbow smelt,Osmerus mordax,Osmeriformes,Osmeridae,Osmerus,-25.12,14.56,NA,NA,NA,NA,Muscle
ID_0385,359,Yellow perch,Perca flavescens,Perciformes/Percoidei,Percidae,Perca,-23.78,13.61,NA,NA,NA,NA,Muscle
ID_0385,248,Lake trout,Salvelinus namaycush,Salmoniformes,Salmonidae,Salvelinus,-25.22,16.36,NA,NA,NA,NA,Muscle
ID_0386,235,Lake cisco,Coregonus artedi,Salmoniformes,Salmonidae,Coregonus,-26.3,13.82,NA,NA,NA,NA,Muscle
ID_0386,234,Lake whitefish,Coregonus clupeaformis,Salmoniformes,Salmonidae,Coregonus,-26.41,14.92,NA,NA,NA,NA,Muscle
ID_0386,3375,Bluegill,Lepomis macrochirus,Centrarchiformes,Centrarchidae,Lepomis,-22.07,12.95,NA,NA,NA,NA,Muscle
ID_0386,253,Rainbow smelt,Osmerus mordax,Osmeriformes,Osmeridae,Osmerus,-26,15.91,NA,NA,NA,NA,Muscle
ID_0386,359,Yellow perch,Perca flavescens,Perciformes/Percoidei,Percidae,Perca,-23.02,14.55,NA,NA,NA,NA,Muscle
ID_0386,248,Lake trout,Salvelinus namaycush,Salmoniformes,Salmonidae,Salvelinus,-27.37,17.44,NA,NA,NA,NA,Muscle
ID_0387,3361,Rock bass,Ambloplites rupestris,Centrarchiformes,Centrarchidae,Ambloplites,-22.66,15.7,NA,NA,NA,NA,Muscle
ID_0387,3022,Brown bullhead,Ameiurus nebulosus,Siluriformes,Ictaluridae,Ameiurus,-24.7,12.21,NA,NA,NA,NA,Muscle
ID_0387,3375,Bluegill,Lepomis macrochirus,Centrarchiformes,Centrarchidae,Lepomis,-24.48,12.95,NA,NA,NA,NA,Muscle
ID_0387,2824,Emerald shiner,Notropis atherinoides,Cypriniformes,Leuciscidae,Notropis,-25.62,12.96,NA,NA,NA,NA,Muscle
ID_0387,253,Rainbow smelt,Osmerus mordax,Osmeriformes,Osmeridae,Osmerus,-24.64,16.6,NA,NA,NA,NA,Muscle
ID_0387,359,Yellow perch,Perca flavescens,Perciformes/Percoidei,Percidae,Perca,-22.48,14,NA,NA,NA,NA,Muscle
ID_0387,2530,Sea lamprey,Petromyzon marinus,Petromyzontiformes,Petromyzontidae,Petromyzon,-24.4,17.48,NA,NA,NA,NA,Muscle
ID_0387,3516,Walleye,Sander vitreus,Perciformes/Percoidei,Percidae,Sander,-23.91,15.99,NA,NA,NA,NA,Muscle
ID_0388,3361,Rock bass,Ambloplites rupestris,Centrarchiformes,Centrarchidae,Ambloplites,-23.98,15.13,NA,NA,NA,NA,Muscle
ID_0388,3022,Brown bullhead,Ameiurus nebulosus,Siluriformes,Ictaluridae,Ameiurus,-24.34,12.18,NA,NA,NA,NA,Muscle
ID_0388,3375,Bluegill,Lepomis macrochirus,Centrarchiformes,Centrarchidae,Lepomis,-27.45,14.7,NA,NA,NA,NA,Muscle
ID_0388,2824,Emerald shiner,Notropis atherinoides,Cypriniformes,Leuciscidae,Notropis,-27.11,13.14,NA,NA,NA,NA,Muscle
ID_0388,253,Rainbow smelt,Osmerus mordax,Osmeriformes,Osmeridae,Osmerus,-27.06,14.86,NA,NA,NA,NA,Muscle
ID_0388,359,Yellow perch,Perca flavescens,Perciformes/Percoidei,Percidae,Perca,-24.96,14,NA,NA,NA,NA,Muscle
ID_0388,2530,Sea lamprey,Petromyzon marinus,Petromyzontiformes,Petromyzontidae,Petromyzon,-26.72,16.69,NA,NA,NA,NA,Muscle
ID_0388,248,Lake trout,Salvelinus namaycush,Salmoniformes,Salmonidae,Salvelinus,-24.58,16.78,NA,NA,NA,NA,Muscle
ID_0388,3516,Walleye,Sander vitreus,Perciformes/Percoidei,Percidae,Sander,-25.35,16.27,NA,NA,NA,NA,Muscle
ID_0389,2966,Bluehead sucker,Catostomus discobolus,Cypriniformes,Catostomidae,Catostomus,-21.53,6.42,1.54,1.19,SD,59,Fin
ID_0389,2762,Humpback chub,Gila cypha,Cypriniformes,Leuciscidae,Gila,-21.15,8.7,1.03,1.04,SD,59,Fin
ID_0389,239,Rainbow trout,Oncorhynchus mykiss,Salmoniformes,Salmonidae,Oncorhynchus,-22.95,8.72,1,0.93,SD,113,Fin
ID_0389,2947,Speckled dace,Rhinichthys osculus,Cypriniformes,Leuciscidae,Rhinichthys,-21.65,7.25,0.94,0.95,SD,47,Fin
ID_0390,268,Common bream,Abramis brama,Cypriniformes,Leuciscidae,Abramis,-30.6,19.9,NA,NA,NA,1,Muscle
ID_0390,35,European eel,Anguilla anguilla,Anguilliformes,Anguillidae,Anguilla,-32.1,21.6,NA,NA,NA,1,Muscle
ID_0390,258,Northern pike,Esox lucius,Esociformes,Esocidae,Esox,-30.7,21.6,0.3,0.2,SD,NA,Muscle
ID_0390,358,Perch,Perca fluviatilis,Perciformes/Percoidei,Percidae,Perca,-32.1,19.1,0.45,0.5,SD,NA,Muscle
ID_0390,272,Roach,Rutilus rutilus,Cypriniformes,Leuciscidae,Rutilus,-29.7,20.2,1.3,0.2,SD,NA,Muscle
ID_0390,2951,Rudd,Scardinius erythrophthalmus,Cypriniformes,Leuciscidae,Scardinius,-31,19.1,NA,0.7,SD,NA,Muscle
ID_0390,269,Tench,Tinca tinca,Cypriniformes,Tincidae,Tinca,-32.2,21,NA,0.3,SD,NA,Muscle
ID_0391,258,Northern pike,Esox lucius,Esociformes,Esocidae,Esox,-27.3,18.9,0.1,0.4,SD,NA,Muscle
ID_0391,358,Perch,Perca fluviatilis,Perciformes/Percoidei,Percidae,Perca,-27.7,16.4,1.2,1,SD,NA,Muscle
ID_0391,272,Roach,Rutilus rutilus,Cypriniformes,Leuciscidae,Rutilus,-27,15.9,0.8,0.4,SD,NA,Muscle
ID_0391,2951,Rudd,Scardinius erythrophthalmus,Cypriniformes,Leuciscidae,Scardinius,-26.5,13.8,1.9,1.3,SD,NA,Muscle
ID_0391,269,Tench,Tinca tinca,Cypriniformes,Tincidae,Tinca,-28.2,15.6,0.5,0.4,SD,NA,Muscle
ID_0392,268,Common bream,Abramis brama,Cypriniformes,Leuciscidae,Abramis,-30.9,16.9,1,0.6,SD,NA,Muscle
ID_0392,258,Northern pike,Esox lucius,Esociformes,Esocidae,Esox,-29.8,18.6,0.2,0.1,SD,NA,Muscle
ID_0392,358,Perch,Perca fluviatilis,Perciformes/Percoidei,Percidae,Perca,-30.2,18.7,0.1,0.1,SD,NA,Muscle
ID_0392,272,Roach,Rutilus rutilus,Cypriniformes,Leuciscidae,Rutilus,-29.7,16.3,2.6,0.4,SD,NA,Muscle
ID_0392,269,Tench,Tinca tinca,Cypriniformes,Tincidae,Tinca,-31,16.5,0.5,1.3,SD,NA,Muscle
ID_0393,268,Common bream,Abramis brama,Cypriniformes,Leuciscidae,Abramis,-30.7,16.7,0.4,0.1,SD,NA,Muscle
ID_0393,35,European eel,Anguilla anguilla,Anguilliformes,Anguillidae,Anguilla,-30.8,17.4,0.8,0.9,SD,NA,Muscle
ID_0393,258,Northern pike,Esox lucius,Esociformes,Esocidae,Esox,-29.3,18.9,0.8,0.8,SD,NA,Muscle
ID_0393,358,Perch,Perca fluviatilis,Perciformes/Percoidei,Percidae,Perca,-31.1,17.5,0.7,1,SD,NA,Muscle
ID_0393,272,Roach,Rutilus rutilus,Cypriniformes,Leuciscidae,Rutilus,-29.1,16.7,0.8,0.8,SD,NA,Muscle
ID_0394,268,Common bream,Abramis brama,Cypriniformes,Leuciscidae,Abramis,-29.6,18.55,0.8,0.1,SD,NA,Muscle
ID_0394,35,European eel,Anguilla anguilla,Anguilliformes,Anguillidae,Anguilla,-29.4,19.6,0.8,0.8,SD,NA,Muscle
ID_0394,358,Perch,Perca fluviatilis,Perciformes/Percoidei,Percidae,Perca,-28.8,20.3,0.4,0.4,SD,NA,Muscle
ID_0394,272,Roach,Rutilus rutilus,Cypriniformes,Leuciscidae,Rutilus,-29.4,15.7,0.9,3.1,SD,NA,Muscle
ID_0394,2951,Rudd,Scardinius erythrophthalmus,Cypriniformes,Leuciscidae,Scardinius,-28.2,17.5,0.8,1.4,SD,NA,Muscle
ID_0394,269,Tench,Tinca tinca,Cypriniformes,Tincidae,Tinca,-30.6,17.8,0.6,0.1,SD,NA,Muscle
ID_0395,268,Common bream,Abramis brama,Cypriniformes,Leuciscidae,Abramis,-29.7,17.75,0.35,0.25,SD,NA,Muscle
ID_0395,35,European eel,Anguilla anguilla,Anguilliformes,Anguillidae,Anguilla,-29.3,19.9,0.5,0.6,SD,NA,Muscle
ID_0395,358,Perch,Perca fluviatilis,Perciformes/Percoidei,Percidae,Perca,-29.3,19.9,0.5,0.6,SD,NA,Muscle
ID_0395,272,Roach,Rutilus rutilus,Cypriniformes,Leuciscidae,Rutilus,-29.4,17.1,0.9,0.3,SD,NA,Muscle
ID_0395,2951,Rudd,Scardinius erythrophthalmus,Cypriniformes,Leuciscidae,Scardinius,-29,17.5,0.9,0.7,SD,NA,Muscle
ID_0395,269,Tench,Tinca tinca,Cypriniformes,Tincidae,Tinca,-31.1,17.9,0.3,0.3,SD,NA,Muscle
ID_0396,2965,White sucker,Catostomus commersonii,Cypriniformes,Catostomidae,Catostomus,-23.33,10.16,1.13,1.09,SD,3,Muscle
ID_0396,235,Lake cisco,Coregonus artedi,Salmoniformes,Salmonidae,Coregonus,-26.53,10.01,0.59,0.46,SD,7,Muscle
ID_0396,258,Northern pike,Esox lucius,Esociformes,Esocidae,Esox,-23.51,13.06,0.47,0.55,SD,7,Muscle
ID_0396,310,Burbot,Lota lota,Gadiformes,Lotidae,Lota,-24.32,12.54,0.61,1.16,SD,10,Muscle
ID_0396,2867,Spottail shiner,Notropis hudsonius,Cypriniformes,Leuciscidae,Notropis,-24.13,9.89,1.27,1.16,SD,5,Muscle
ID_0396,359,Yellow perch,Perca flavescens,Perciformes/Percoidei,Percidae,Perca,-24.35,11.59,0.79,0.62,SD,22,Muscle
ID_0396,3516,Walleye,Sander vitreus,Perciformes/Percoidei,Percidae,Sander,-23.79,13.24,0.21,0.18,SD,11,Muscle
ID_0397,2965,White sucker,Catostomus commersonii,Cypriniformes,Catostomidae,Catostomus,-26.79,8.86,3.15,1.24,SD,5,Muscle
ID_0397,235,Lake cisco,Coregonus artedi,Salmoniformes,Salmonidae,Coregonus,-26.06,10.01,0.33,0.32,SD,12,Muscle
ID_0397,258,Northern pike,Esox lucius,Esociformes,Esocidae,Esox,-24.46,12.31,0.42,0.49,SD,12,Muscle
ID_0397,2867,Spottail shiner,Notropis hudsonius,Cypriniformes,Leuciscidae,Notropis,-25.09,10.7,0.59,0.83,SD,6,Muscle
ID_0397,359,Yellow perch,Perca flavescens,Perciformes/Percoidei,Percidae,Perca,-24.61,11.45,0.86,0.64,SD,12,Muscle
ID_0397,3489,Log perch,Percina caprodes,Perciformes/Percoidei,Percidae,Percina,-25.12,11.47,0.47,0.55,SD,8,Muscle
ID_0397,4785,Fathead minnow,Pimephales promelas,Cypriniformes,Leuciscidae,Pimephales,-26.48,10.5,0.14,0.49,SD,5,Muscle
ID_0397,3273,Ninespine stickleback,Pungitius pungitius,Perciformes/Gasterosteoidei,Gasterosteidae,Pungitius,-25.89,11.5,0.8,0.32,SD,5,Muscle
ID_0397,3516,Walleye,Sander vitreus,Perciformes/Percoidei,Percidae,Sander,-24.84,13.14,0.19,0.26,SD,5,Muscle
ID_0398,2965,White sucker,Catostomus commersonii,Cypriniformes,Catostomidae,Catostomus,-21.3,8.72,1.46,2.11,SD,14,Muscle
ID_0398,235,Lake cisco,Coregonus artedi,Salmoniformes,Salmonidae,Coregonus,-23.58,11.92,0.5,1.34,SD,11,Muscle
ID_0398,234,Lake whitefish,Coregonus clupeaformis,Salmoniformes,Salmonidae,Coregonus,-22.61,11.31,1.3,1.28,SD,16,Muscle
ID_0398,258,Northern pike,Esox lucius,Esociformes,Esocidae,Esox,-21.09,12.04,1.3,1.4,SD,13,Muscle
ID_0398,310,Burbot,Lota lota,Gadiformes,Lotidae,Lota,-22.28,14.05,0.92,2.9,SD,6,Muscle
ID_0398,NA,Shiner spp.,Notropis sp,Cypriniformes,Leuciscidae,Notropis,-21.23,8.4,0.76,1.53,SD,13,Muscle
ID_0398,359,Yellow perch,Perca flavescens,Perciformes/Percoidei,Percidae,Perca,-21.39,9.37,0.76,2.22,SD,21,Muscle
ID_0398,4785,Fathead minnow,Pimephales promelas,Cypriniformes,Leuciscidae,Pimephales,-22.77,9.62,1.7,1.12,SD,6,Muscle
ID_0398,3273,Ninespine stickleback,Pungitius pungitius,Perciformes/Gasterosteoidei,Gasterosteidae,Pungitius,-23.81,14.47,0.76,0.93,SD,4,Muscle
ID_0398,3516,Walleye,Sander vitreus,Perciformes/Percoidei,Percidae,Sander,-22.96,13.86,1.17,0.67,SD,16,Muscle
ID_0399,2965,White sucker,Catostomus commersonii,Cypriniformes,Catostomidae,Catostomus,-22.29,10.66,0.47,0.99,SD,3,Muscle
ID_0399,235,Lake cisco,Coregonus artedi,Salmoniformes,Salmonidae,Coregonus,-23.04,13.51,0.25,0.84,SD,3,Muscle
ID_0399,1450,Common carp,Cyprinus carpio,Cypriniformes,Cyprinidae,Cyprinus,-23.23,8.11,0.31,0.53,SD,5,Muscle
ID_0399,258,Northern pike,Esox lucius,Esociformes,Esocidae,Esox,-22.24,12.06,0.92,1.52,SD,16,Muscle
ID_0399,3420,Iowa darter,Etheostoma exile,Perciformes/Percoidei,Percidae,Etheostoma,-22.68,10.07,2.47,0.87,SD,4,Muscle
ID_0399,359,Yellow perch,Perca flavescens,Perciformes/Percoidei,Percidae,Perca,-23.87,11.62,0.74,0.73,SD,16,Muscle
ID_0399,4785,Fathead minnow,Pimephales promelas,Cypriniformes,Leuciscidae,Pimephales,-24.7,9.5,0.92,1.05,SD,7,Muscle
ID_0399,3273,Ninespine stickleback,Pungitius pungitius,Perciformes/Gasterosteoidei,Gasterosteidae,Pungitius,-23.42,9.85,0.94,0.22,SD,2,Muscle
ID_0399,3516,Walleye,Sander vitreus,Perciformes/Percoidei,Percidae,Sander,-22.16,13.66,0.31,0.74,SD,25,Muscle
ID_0400,2962,Longnose sucker,Catostomus catostomus,Cypriniformes,Catostomidae,Catostomus,-20.9,7.5,2.1,0.6,SD,NA,Muscle
ID_0400,235,Lake cisco,Coregonus artedi,Salmoniformes,Salmonidae,Coregonus,-25.9,8.7,0.7,0.3,SD,NA,Muscle
ID_0400,2748,Northern lake chub,Couesius plumbeus,Cypriniformes,Leuciscidae,Couesius,-22.5,8.6,0.7,0.5,SD,NA,Muscle
ID_0400,2420,Three-spined stickleback,Gasterosteus aculeatus,Perciformes/Gasterosteoidei,Gasterosteidae,Gasterosteus,-25.4,8.6,1.3,0.4,SD,NA,Muscle
ID_0400,2682,Round whitefish,Prosopium cylindraceum,Salmoniformes,Salmonidae,Prosopium,-22.2,8.9,1.4,0.7,SD,NA,Muscle
ID_0400,248,Lake trout,Salvelinus namaycush,Salmoniformes,Salmonidae,Salvelinus,-22.7,11.9,1,0.6,SD,NA,Muscle
ID_0401,35,European eel,Anguilla anguilla,Anguilliformes,Anguillidae,Anguilla,-30,10.91,NA,NA,NA,NA,NA
ID_0401,2439,Bullhead,Cottus gobio,Perciformes/Cottoidei,Cottidae,Cottus,-30.13,11.6,NA,NA,NA,NA,NA
ID_0401,4478,Gudgeon,Gobio gobio,Cypriniformes,Gobionidae,Gobio,-31.7,10.96,NA,NA,NA,NA,NA
ID_0401,4480,Lamprey,Lampetra fluviatilis,Petromyzontiformes,Petromyzontidae,Lampetra,-27.26,6.55,NA,NA,NA,NA,NA
ID_0401,3372,Pumpkinseed sunfish,Lepomis gibbosus,Centrarchiformes,Centrarchidae,Lepomis,-30.97,10.9,NA,NA,NA,NA,NA
ID_0401,238,Brown trout,Salmo trutta,Salmoniformes,Salmonidae,Salmo,-29.8,10.35,NA,NA,NA,NA,NA
ID_0402,35,European eel,Anguilla anguilla,Anguilliformes,Anguillidae,Anguilla,-28.17,11.27,NA,NA,NA,NA,NA
ID_0402,2439,Bullhead,Cottus gobio,Perciformes/Cottoidei,Cottidae,Cottus,-29.73,11.39,NA,NA,NA,NA,NA
ID_0402,4478,Gudgeon,Gobio gobio,Cypriniformes,Gobionidae,Gobio,-29,11.45,NA,NA,NA,NA,NA
ID_0402,4480,Lamprey,Lampetra fluviatilis,Petromyzontiformes,Petromyzontidae,Lampetra,-28.14,7.43,NA,NA,NA,NA,NA
ID_0402,3372,Pumpkinseed sunfish,Lepomis gibbosus,Centrarchiformes,Centrarchidae,Lepomis,-29.6,11.25,NA,NA,NA,NA,NA
ID_0402,358,Perch,Perca fluviatilis,Perciformes/Percoidei,Percidae,Perca,-28.35,10.8,NA,NA,NA,NA,NA
ID_0402,272,Roach,Rutilus rutilus,Cypriniformes,Leuciscidae,Rutilus,-29.34,13.57,NA,NA,NA,NA,NA
ID_0402,238,Brown trout,Salmo trutta,Salmoniformes,Salmonidae,Salmo,-26.79,9.86,NA,NA,NA,NA,NA
ID_0403,35,European eel,Anguilla anguilla,Anguilliformes,Anguillidae,Anguilla,-28.42,11.53,NA,NA,NA,NA,NA
ID_0403,2439,Bullhead,Cottus gobio,Perciformes/Cottoidei,Cottidae,Cottus,-28.2,10.8,NA,NA,NA,NA,NA
ID_0403,4480,Lamprey,Lampetra fluviatilis,Petromyzontiformes,Petromyzontidae,Lampetra,-26.29,8.86,NA,NA,NA,NA,NA
ID_0403,358,Perch,Perca fluviatilis,Perciformes/Percoidei,Percidae,Perca,-27.15,11.41,NA,NA,NA,NA,NA
ID_0403,238,Brown trout,Salmo trutta,Salmoniformes,Salmonidae,Salmo,-26.52,10.5,NA,NA,NA,NA,NA
ID_0404,2079,Lenok,Brachymystax lenok,Salmoniformes,Salmonidae,Brachymystax,-14.2,11.1,0.8,0.7,SD,4,Bone
ID_0404,271,Goldfish,Carassius auratus,Cypriniformes,Cyprinidae,Carassius,-21.4,7.3,NA,NA,NA,1,Bone
ID_0404,4788,Omul,Coregonus migratorius,Salmoniformes,Salmonidae,Coregonus,-24.6,11.5,0.4,0.7,SD,4,Bone
ID_0404,258,Northern pike,Esox lucius,Esociformes,Esocidae,Esox,-22,12,NA,NA,NA,2,Bone
ID_0404,2801,Ide,Leuciscus idus,Cypriniformes,Leuciscidae,Leuciscus,-12.9,9.4,NA,NA,NA,2,Bone
ID_0404,358,Perch,Perca fluviatilis,Perciformes/Percoidei,Percidae,Perca,-21,11.9,NA,NA,NA,2,Bone
ID_0404,8586,Baikal graylng,Thymallus baicalensis,Salmoniformes,Salmonidae,Thymallus,-20.4,13.7,NA,NA,NA,1,Bone
ID_0404,4605,Grayling,Thymallus thymallus,Salmoniformes,Salmonidae,Thymallus,-15.2,10.1,3.4,0.6,SD,5,Bone
ID_0405,15124,Sailfin glassfish,Ambassis agrammus,Ovalentaria/misc,Ambassidae,Ambassis,-32.36,7.43,1.66,0.97,SD,5,Muscle
ID_0405,12090,Salmon catfish,Bleekeriella leptaspis,Siluriformes,Ariidae,Bleekeriella,-26.63,9.44,0.78,0.22,SD,2,Muscle
ID_0405,25515,Daniel's catfish,Cochlefelis danielsi,Siluriformes,Ariidae,Cochlefelis,-27.14,9.61,0.94,0.72,SD,2,Muscle
ID_0405,14863,Mouth almighty,Glossamia aprion,Kurtiformes,Apogonidae,Glossamia,-29.08,6.87,0.54,1.16,SD,3,Muscle
ID_0405,1441,Papuan black snapper,Lutjanus goldiei,Eupercaria/misc,Lutjanidae,Lutjanus,-29.6,10.48,NA,NA,SD,1,Muscle
ID_0405,13102,Eastern rainbow fish,Melanotaenia splendida,Atheriniformes,Melanotaeniidae,Melanotaenia,-28.47,7.27,1.13,0.45,SD,10,Muscle
ID_0405,NA,NA,Nematalosa sp,Clupeiformes,Dorosomatidae,Nematalosa,-34.37,6.78,2.42,1.15,SD,5,Muscle
ID_0405,22589,Highfin catfish,Neoarius berneyi,Siluriformes,Ariidae,Neoarius,-28.05,9.75,1.8,1.01,SD,6,Muscle
ID_0405,12094,Narrowfront tandan,Neosilurus ater,Siluriformes,Plotosidae,Neosilurus,-25.86,7.62,NA,NA,SD,1,Muscle
ID_0405,8309,Soldier croaker,Nibea soldado,Eupercaria/misc,Sciaenidae,Nibea,-30,9.77,NA,NA,SD,1,Muscle
ID_0405,26422,Blackbanded gauvina,Oxyeleotris herwerdenii,Gobiiformes,Butidae,Oxyeleotris,-26.33,7.43,NA,NA,SD,1,Muscle
ID_0405,25500,NA,Potamosilurus macrorhynchus,Siluriformes,Ariidae,Potamosilurus,-26.97,6.2,0.66,1.18,SD,2,Muscle
ID_0405,8817,Longtom,Strongylura krefftii,Beloniformes,Belonidae,Strongylura,-30.91,10.93,1.53,0.88,SD,5,Muscle
ID_0405,598,New Guinea thryssa,Thryssa scratchleyi,Clupeiformes,Engraulidae,Thryssa,-36.1,9.53,3.08,0.37,SD,6,Muscle
ID_0405,8079,Spotted archerfish,Toxotes chatareus,Carangaria/misc,Toxotidae,Toxotes,-24.79,6.94,NA,NA,SD,1,Muscle
ID_0405,25761,Lake grunter,Variichthys lacustris,Centrarchiformes,Terapontidae,Variichthys,-34.66,8.68,NA,NA,SD,1,Muscle
ID_0405,NA,NA,Zenarchopterus sp,Beloniformes,Zenarchopteridae,Zenarchopterus,-28.15,6.31,1.13,0.45,SD,10,Muscle
ID_0406,15124,Sailfin glassfish,Ambassis agrammus,Ovalentaria/misc,Ambassidae,Ambassis,-35.14,9.06,2.02,0.77,SD,10,Muscle
ID_0406,12090,Salmon catfish,Bleekeriella leptaspis,Siluriformes,Ariidae,Bleekeriella,-30.84,10.75,1.13,0.55,SD,11,Muscle
ID_0406,1563,Papuan river sprat,Clupeoides papuensis,Clupeiformes,Ehiravidae,Clupeoides,-27.96,7.15,NA,NA,SD,1,Muscle
ID_0406,14698,Barred tigerfish,Datnioides polota,Acanthuriformes,Lobotidae,Datnioides,-29.34,10.12,NA,NA,SD,1,Muscle
ID_0406,346,Barramundi,Lates calcarifer,Carangaria/misc,Latidae,Lates,-31.05,10.65,1.02,0.36,SD,10,Muscle
ID_0406,1441,Papuan black snapper,Lutjanus goldiei,Eupercaria/misc,Lutjanidae,Lutjanus,-29.53,10.67,0.87,0.25,SD,3,Muscle
ID_0406,13102,Eastern rainbow fish,Melanotaenia splendida,Atheriniformes,Melanotaeniidae,Melanotaenia,-29.39,8.06,2.41,0.69,SD,8,Muscle
ID_0406,NA,NA,Nematalosa sp,Clupeiformes,Dorosomatidae,Nematalosa,-34.72,6.38,1.45,1.12,SD,11,Muscle
ID_0406,12094,Narrowfront tandan,Neosilurus ater,Siluriformes,Plotosidae,Neosilurus,-34.12,7.64,2.82,1.21,SD,3,Muscle
ID_0406,8309,Soldier croaker,Nibea soldado,Eupercaria/misc,Sciaenidae,Nibea,-27.51,10.6,2.02,0.06,SD,2,Muscle
ID_0406,26422,Blackbanded gauvina,Oxyeleotris herwerdenii,Gobiiformes,Butidae,Oxyeleotris,-31.7,10.43,NA,NA,SD,1,Muscle
ID_0406,15140,Giant glassfish,Parambassis gulliveri,Ovalentaria/misc,Ambassidae,Parambassis,-31.51,9.16,NA,NA,SD,1,Muscle
ID_0406,25567,Merauke tandan,Porochilus meraukensis,Siluriformes,Plotosidae,Porochilus,-34.06,8.3,NA,NA,SD,1,Muscle
ID_0406,598,New Guinea thryssa,Thryssa scratchleyi,Clupeiformes,Engraulidae,Thryssa,-33.98,10.28,1.96,1.26,SD,4,Muscle
ID_0406,25761,Lake grunter,Variichthys lacustris,Centrarchiformes,Terapontidae,Variichthys,-34.8,8.78,NA,NA,SD,1,Muscle
ID_0407,14925,Barred grunter,Amniataba percoides,Centrarchiformes,Terapontidae,Amniataba,-27.49,8.64,0.42,0.04,SD,3,Muscle
ID_0407,495,NA,Anabas testudineus,Anabantiformes,Anabantidae,Anabas,-25.25,7.44,1.19,0.91,SD,2,Muscle
ID_0407,12090,Salmon catfish,Bleekeriella leptaspis,Siluriformes,Ariidae,Bleekeriella,-27.14,10.12,0.58,0.26,SD,3,Muscle
ID_0407,25669,Kubuna hardyhead,Craterocephalus randi,Atheriniformes,Atherinidae,Craterocephalus,-28.08,7.68,1.18,0.58,SD,8,Muscle
ID_0407,14698,NA,Datnioides polota,Acanthuriformes,Lobotidae,Datnioides,-26.66,10.12,NA,NA,NA,1,Muscle
ID_0407,4478,Gudgeon,Gobio gobio,Cypriniformes,Gobionidae,Gobio,-29.22,7.13,0.74,0.16,SD,3,Muscle
ID_0407,NA,NA,Nematalosa sp,Clupeiformes,Dorosomatidae,Nematalosa,-29.49,7.84,0.54,0.1,SD,5,Muscle
ID_0407,22589,NA,Neoarius berneyi,Siluriformes,Ariidae,Neoarius,-28.53,8.97,1.06,0.36,SD,3,Muscle
ID_0407,12094,Narrowfront tandan,Neosilurus ater,Siluriformes,Plotosidae,Neosilurus,-26.38,8.35,1.84,0.42,SD,3,Muscle
ID_0407,8817,Longtom,Strongylura krefftii,Beloniformes,Belonidae,Strongylura,-31.14,10.18,2.6,0.23,SD,3,Muscle
ID_0407,8079,Spotted archerfish,Toxotes chatareus,Carangaria/misc,Toxotidae,Toxotes,-25.41,10.23,NA,NA,NA,1,Muscle
ID_0407,25761,NA,Variichthys lacustris,Centrarchiformes,Terapontidae,Variichthys,-27.42,8.59,1.72,1.03,SD,3,Muscle
ID_0408,15124,Sailfin glassfish,Ambassis agrammus,Ovalentaria/misc,Ambassidae,Ambassis,-27.39,7.27,2.33,0.3,SD,10,Muscle
ID_0408,14925,Barred grunter,Amniataba percoides,Centrarchiformes,Terapontidae,Amniataba,-24.27,8.12,1.1,0.55,SD,4,Muscle
ID_0408,495,NA,Anabas testudineus,Anabantiformes,Anabantidae,Anabas,-22.09,6.23,NA,NA,NA,1,Muscle
ID_0408,12090,Salmon catfish,Bleekeriella leptaspis,Siluriformes,Ariidae,Bleekeriella,-27.18,9.61,3.41,0.24,SD,3,Muscle
ID_0408,4478,Gudgeon,Gobio gobio,Cypriniformes,Gobionidae,Gobio,-27.83,7.61,NA,NA,NA,1,Muscle
ID_0408,NA,NA,Nematalosa sp,Clupeiformes,Dorosomatidae,Nematalosa,-27.1,6.85,1.54,0.65,SD,3,Muscle
ID_0408,22589,NA,Neoarius berneyi,Siluriformes,Ariidae,Neoarius,-24.85,8.62,3.84,0.35,SD,3,Muscle
ID_0408,12094,Narrowfront tandan,Neosilurus ater,Siluriformes,Plotosidae,Neosilurus,-24.96,8.32,1.44,0.71,SD,3,Muscle
ID_0408,26422,Blackbanded gauvina,Oxyeleotris herwerdenii,Gobiiformes,Butidae,Oxyeleotris,-24.32,9.15,0.58,0.25,SD,3,Muscle
ID_0408,7861,Diamond mullet,Planiliza alata,Mugiliformes,Mugilidae,Planiliza,-24.47,6.33,0.71,0.42,SD,4,Muscle
ID_0408,25567,Merauke tandan,Porochilus meraukensis,Siluriformes,Plotosidae,Porochilus,-24.01,7.83,0.17,0.08,SD,2,Muscle
ID_0408,7536,Australian bonytongue,Scleropages jardinii,Osteoglossiformes,Osteoglossidae,Scleropages,-22.9,9.56,0.19,0.1,SD,2,Muscle
ID_0408,8817,Longtom,Strongylura krefftii,Beloniformes,Belonidae,Strongylura,-23.67,10.42,3.15,0.56,SD,2,Muscle
ID_0408,8079,Spotted archerfish,Toxotes chatareus,Carangaria/misc,Toxotidae,Toxotes,-22.32,9.18,NA,NA,NA,1,Muscle
ID_0408,25761,NA,Variichthys lacustris,Centrarchiformes,Terapontidae,Variichthys,-23.97,8.89,0.58,0.52,SD,2,Muscle
ID_0409,15124,Sailfin glassfish,Ambassis agrammus,Ovalentaria/misc,Ambassidae,Ambassis,-32.79,8.3,0.92,0.2,SD,2,Muscle
ID_0409,14925,Barred grunter,Amniataba percoides,Centrarchiformes,Terapontidae,Amniataba,-30.74,8.21,1.12,0.59,SD,2,Muscle
ID_0409,12090,Salmon catfish,Bleekeriella leptaspis,Siluriformes,Ariidae,Bleekeriella,-27.26,7.94,NA,NA,NA,1,Muscle
ID_0409,25669,Kubuna hardyhead,Craterocephalus randi,Atheriniformes,Atherinidae,Craterocephalus,-34.41,6.9,0.99,0.43,SD,4,Muscle
ID_0409,14863,Mouth almighty,Glossamia aprion,Kurtiformes,Apogonidae,Glossamia,-34.28,5.92,NA,NA,NA,1,Muscle
ID_0409,13102,Rainbow fish,Melanotaenia splendida,Atheriniformes,Melanotaeniidae,Melanotaenia,-28.87,7.11,NA,NA,NA,1,Muscle
ID_0409,NA,NA,Nematalosa sp,Clupeiformes,Dorosomatidae,Nematalosa,-33.49,6.11,2.79,1.02,SD,13,Muscle
ID_0409,22589,NA,Neoarius berneyi,Siluriformes,Ariidae,Neoarius,-29.59,8.4,2.91,0.89,SD,4,Muscle
ID_0409,12094,Narrowfront tandan,Neosilurus ater,Siluriformes,Plotosidae,Neosilurus,-28.63,6.74,0.57,1.86,SD,2,Muscle
ID_0410,15124,Sailfin glassfish,Ambassis agrammus,Ovalentaria/misc,Ambassidae,Ambassis,-33.97,8.42,0.83,0.7,SD,7,Muscle
ID_0410,14925,Barred grunter,Amniataba percoides,Centrarchiformes,Terapontidae,Amniataba,-31.12,7.83,2.07,0.86,SD,5,Muscle
ID_0410,12090,Salmon catfish,Bleekeriella leptaspis,Siluriformes,Ariidae,Bleekeriella,-27.25,10.17,0.05,0.64,SD,2,Muscle
ID_0410,1563,NA,Clupeoides papuensis,Clupeiformes,Ehiravidae,Clupeoides,-29.15,8.51,2.16,0.35,SD,5,Muscle
ID_0410,25669,Kubuna hardyhead,Craterocephalus randi,Atheriniformes,Atherinidae,Craterocephalus,-32.85,7.3,0.86,0.36,SD,13,Muscle
ID_0410,14863,Mouth almighty,Glossamia aprion,Kurtiformes,Apogonidae,Glossamia,-33.02,6.47,1.13,0.78,SD,3,Muscle
ID_0410,13102,Rainbow fish,Melanotaenia splendida,Atheriniformes,Melanotaeniidae,Melanotaenia,-31.23,7.09,2.13,0.28,SD,10,Muscle
ID_0410,NA,NA,Nematalosa sp,Clupeiformes,Dorosomatidae,Nematalosa,-34.3,6.58,1.68,0.96,SD,3,Muscle
ID_0410,22589,NA,Neoarius berneyi,Siluriformes,Ariidae,Neoarius,-29.63,8.72,NA,NA,NA,1,Muscle
ID_0410,26422,Blackbanded gauvina,Oxyeleotris herwerdenii,Gobiiformes,Butidae,Oxyeleotris,-30.67,8.91,0.2,0.45,SD,2,Muscle
ID_0410,4706,Eel-tailed catfish,Plotosus lineatus,Siluriformes,Plotosidae,Plotosus,-31.79,7.52,NA,NA,NA,1,Muscle
ID_0410,12098,NA,Plotosus papuensis,Siluriformes,Plotosidae,Plotosus,-29.76,7.87,NA,NA,NA,1,Muscle
ID_0410,8817,Longtom,Strongylura krefftii,Beloniformes,Belonidae,Strongylura,-33.55,9.69,NA,NA,NA,1,Muscle
ID_0410,8079,Spotted archerfish,Toxotes chatareus,Carangaria/misc,Toxotidae,Toxotes,-31.8,8.12,1.04,0.26,SD,5,Muscle
ID_0410,25761,NA,Variichthys lacustris,Centrarchiformes,Terapontidae,Variichthys,-33.57,8.21,0.56,1.62,SD,2,Muscle
ID_0411,15124,Sailfin glassfish,Ambassis agrammus,Ovalentaria/misc,Ambassidae,Ambassis,-33.61,7.89,0.76,0.79,SD,5,Muscle
ID_0411,14925,Barred grunter,Amniataba percoides,Centrarchiformes,Terapontidae,Amniataba,-31.97,8.29,1.91,0.88,SD,4,Muscle
ID_0411,12090,Salmon catfish,Bleekeriella leptaspis,Siluriformes,Ariidae,Bleekeriella,-26.98,9.04,0.76,0.62,SD,2,Muscle
ID_0411,1563,NA,Clupeoides papuensis,Clupeiformes,Ehiravidae,Clupeoides,-30.43,7.98,1,0.27,SD,3,Muscle
ID_0411,14863,Mouth almighty,Glossamia aprion,Kurtiformes,Apogonidae,Glossamia,-33.28,6.95,1.6,0.48,SD,4,Muscle
ID_0411,227,Oxeye tarpon,Megalops cyprinoides,Elopiformes,Megalopidae,Megalops,-26.44,10.49,NA,NA,NA,1,Muscle
ID_0411,13102,Rainbow fish,Melanotaenia splendida,Atheriniformes,Melanotaeniidae,Melanotaenia,-29.15,7.38,2.28,0.53,SD,12,Muscle
ID_0411,NA,NA,Nematalosa sp,Clupeiformes,Dorosomatidae,Nematalosa,-36.75,7.21,0.64,0.49,SD,4,Muscle
ID_0411,22589,NA,Neoarius berneyi,Siluriformes,Ariidae,Neoarius,-30.71,8.49,2.93,1.22,SD,3,Muscle
ID_0411,12094,Narrowfront tandan,Neosilurus ater,Siluriformes,Plotosidae,Neosilurus,-28.28,8.59,0.81,0.17,SD,3,Muscle
ID_0411,26422,Blackbanded gauvina,Oxyeleotris herwerdenii,Gobiiformes,Butidae,Oxyeleotris,-30.13,8.57,NA,NA,NA,1,Muscle
ID_0411,25567,Merauke tandan,Porochilus meraukensis,Siluriformes,Plotosidae,Porochilus,-32.69,8.24,NA,NA,NA,1,Muscle
ID_0411,7536,Australian bonytongue,Scleropages jardinii,Osteoglossiformes,Osteoglossidae,Scleropages,-29.07,9.85,NA,NA,NA,1,Muscle
ID_0411,8817,Longtom,Strongylura krefftii,Beloniformes,Belonidae,Strongylura,-33.64,10.15,0.49,0.8,SD,4,Muscle
ID_0411,598,New Guinea thryssa,Thryssa scratchleyi,Clupeiformes,Engraulidae,Thryssa,-34.44,9.77,NA,NA,NA,1,Muscle
ID_0411,8079,Spotted archerfish,Toxotes chatareus,Carangaria/misc,Toxotidae,Toxotes,-26.91,8.17,0.7,0.31,SD,3,Muscle
ID_0411,25761,NA,Variichthys lacustris,Centrarchiformes,Terapontidae,Variichthys,-30.65,9.02,3.74,0.93,SD,3,Muscle
ID_0412,15124,Sailfin glassfish,Ambassis agrammus,Ovalentaria/misc,Ambassidae,Ambassis,-36.34,8.78,1.51,0.97,SD,4,Muscle
ID_0412,14925,Barred grunter,Amniataba percoides,Centrarchiformes,Terapontidae,Amniataba,-33.4,9.77,0.6,0.26,SD,3,Muscle
ID_0412,12090,Salmon catfish,Bleekeriella leptaspis,Siluriformes,Ariidae,Bleekeriella,-29.86,10.67,1.25,0.44,SD,3,Muscle
ID_0412,25669,Kubuna hardyhead,Craterocephalus randi,Atheriniformes,Atherinidae,Craterocephalus,-34.38,7.53,1.91,0.48,SD,10,Muscle
ID_0412,4478,Gudgeon,Gobio gobio,Cypriniformes,Gobionidae,Gobio,-35.54,8.35,NA,NA,NA,1,Muscle
ID_0412,NA,NA,Nematalosa sp,Clupeiformes,Dorosomatidae,Nematalosa,-34.64,7.85,1.5,0.69,SD,4,Muscle
ID_0412,22589,NA,Neoarius berneyi,Siluriformes,Ariidae,Neoarius,-29.32,9.86,2.39,1.25,SD,3,Muscle
ID_0412,12094,Narrowfront tandan,Neosilurus ater,Siluriformes,Plotosidae,Neosilurus,-32.06,8.75,0.59,0.44,SD,5,Muscle
ID_0412,22769,Sleepy cod,Oxyeleotris lineolata,Gobiiformes,Butidae,Oxyeleotris,-31.83,9.41,1.32,0.59,SD,4,Muscle
ID_0412,25567,Merauke tandan,Porochilus meraukensis,Siluriformes,Plotosidae,Porochilus,-33.55,9.24,NA,NA,NA,1,Muscle
ID_0412,7536,Australian bonytongue,Scleropages jardinii,Osteoglossiformes,Osteoglossidae,Scleropages,-28.32,10.1,0.21,0.43,SD,3,Muscle
ID_0412,8817,Longtom,Strongylura krefftii,Beloniformes,Belonidae,Strongylura,-32.64,11.79,0.2,0.09,SD,4,Muscle
ID_0412,598,New Guinea thryssa,Thryssa scratchleyi,Clupeiformes,Engraulidae,Thryssa,-35.05,10.65,0.32,0.48,SD,4,Muscle
ID_0412,8079,Spotted archerfish,Toxotes chatareus,Carangaria/misc,Toxotidae,Toxotes,-28.53,8.28,2.15,1.3,SD,6,Muscle
ID_0412,25761,NA,Variichthys lacustris,Centrarchiformes,Terapontidae,Variichthys,-32.45,8.4,1.75,2.24,SD,5,Muscle
ID_0413,15124,Sailfin glassfish,Ambassis agrammus,Ovalentaria/misc,Ambassidae,Ambassis,-34.9,8.08,2.47,0.65,SD,11,Muscle
ID_0413,14925,Barred grunter,Amniataba percoides,Centrarchiformes,Terapontidae,Amniataba,-35.13,9.54,0.91,0.99,SD,4,Muscle
ID_0413,12090,Salmon catfish,Bleekeriella leptaspis,Siluriformes,Ariidae,Bleekeriella,-35.33,10.92,NA,NA,NA,1,Muscle
ID_0413,25669,Kubuna hardyhead,Craterocephalus randi,Atheriniformes,Atherinidae,Craterocephalus,-34.98,8.14,0.6,0.38,SD,10,Muscle
ID_0413,14863,Mouth almighty,Glossamia aprion,Kurtiformes,Apogonidae,Glossamia,-35.07,7.13,NA,NA,NA,1,Muscle
ID_0413,NA,NA,Glossogobius sp,Gobiiformes,Gobiidae,Glossogobius,-35.51,7.61,1.22,0.31,SD,3,Muscle
ID_0413,13102,Rainbow fish,Melanotaenia splendida,Atheriniformes,Melanotaeniidae,Melanotaenia,-33.96,7.03,2.26,0.49,SD,5,Muscle
ID_0413,NA,NA,Nematalosa sp,Clupeiformes,Dorosomatidae,Nematalosa,-38.07,7.73,1.94,0.48,SD,10,Muscle
ID_0413,22589,NA,Neoarius berneyi,Siluriformes,Ariidae,Neoarius,-30.3,9.77,3.89,0.21,SD,3,Muscle
ID_0413,7536,Australian bonytongue,Scleropages jardinii,Osteoglossiformes,Osteoglossidae,Scleropages,-31.6,10.54,NA,NA,NA,1,Muscle
ID_0413,8817,Longtom,Strongylura krefftii,Beloniformes,Belonidae,Strongylura,-37.34,9.97,NA,NA,NA,1,Muscle
ID_0413,598,New Guinea thryssa,Thryssa scratchleyi,Clupeiformes,Engraulidae,Thryssa,-36.09,11.08,NA,NA,NA,1,Muscle
ID_0413,8079,Spotted archerfish,Toxotes chatareus,Carangaria/misc,Toxotidae,Toxotes,-31.65,7.18,2.38,0.06,SD,3,Muscle
ID_0413,25761,NA,Variichthys lacustris,Centrarchiformes,Terapontidae,Variichthys,-32.93,8.33,3.84,0.32,SD,2,Muscle
ID_0414,15124,Sailfin glassfish,Ambassis agrammus,Ovalentaria/misc,Ambassidae,Ambassis,-30.63,7.44,NA,NA,NA,1,Muscle
ID_0414,12090,Salmon catfish,Bleekeriella leptaspis,Siluriformes,Ariidae,Bleekeriella,-29.31,10.71,0.34,0.64,SD,3,Muscle
ID_0414,14863,Mouth almighty,Glossamia aprion,Kurtiformes,Apogonidae,Glossamia,-31.08,8.91,0.04,0.25,SD,2,Muscle
ID_0414,13102,Rainbow fish,Melanotaenia splendida,Atheriniformes,Melanotaeniidae,Melanotaenia,-32.23,7.38,0.48,0.11,SD,2,Muscle
ID_0414,NA,NA,Nematalosa sp,Clupeiformes,Dorosomatidae,Nematalosa,-32.54,7.1,1.3,0.96,SD,17,Muscle
ID_0414,22589,NA,Neoarius berneyi,Siluriformes,Ariidae,Neoarius,-30.77,9.17,2.16,0.96,SD,3,Muscle
ID_0414,12094,Narrowfront tandan,Neosilurus ater,Siluriformes,Plotosidae,Neosilurus,-31.45,8.75,0.99,0.4,SD,4,Muscle
ID_0414,7536,Australian bonytongue,Scleropages jardinii,Osteoglossiformes,Osteoglossidae,Scleropages,-30.35,10.4,0.11,0.11,SD,2,Muscle
ID_0414,8817,Longtom,Strongylura krefftii,Beloniformes,Belonidae,Strongylura,-32.31,10.87,NA,NA,NA,1,Muscle
ID_0414,598,New Guinea thryssa,Thryssa scratchleyi,Clupeiformes,Engraulidae,Thryssa,-31.46,10.65,0.7,0.48,SD,3,Muscle
ID_0414,8079,Spotted archerfish,Toxotes chatareus,Carangaria/misc,Toxotidae,Toxotes,-27.4,8.93,2.71,1.61,SD,6,Muscle
ID_0415,945,Mayan sea catfish,Ariopsis assimilis,Siluriformes,Ariidae,Ariopsis,-24.14,12.43,NA,NA,SD,1,Muscle
ID_0415,50323,River goby,Awaous banana,Gobiiformes,Gobiidae,Awaous,-22.57,11.49,2.21,3.21,SD,NA,Muscle
ID_0415,1166,Ground croaker,Bairdiella ronchus,Eupercaria/misc,Sciaenidae,Bairdiella,-24.9,13.01,0.6,0.89,SD,NA,Muscle
ID_0415,3214,Pike killifish,Belonesox belizanus,Cyprinodontiformes,Poeciliidae,Belonesox,-25.69,13.83,0.82,1.06,SD,NA,Muscle
ID_0415,8699,Machaca,Brycon guatemalensis,Characiformes,Bryconidae,Brycon,-23.63,8.58,0.51,0.82,SD,NA,Muscle
ID_0415,1013,Swordspine snook,Centropomus ensiferus,Carangaria/misc,Centropomidae,Centropomus,-25.65,12.56,0.46,0.06,SD,NA,Muscle
ID_0415,1014,Fat snook,Centropomus parallelus,Carangaria/misc,Centropomidae,Centropomus,-26.97,11.7,NA,NA,SD,1,Muscle
ID_0415,7775,Blue-eye cichlid,Cryptoheros spilurus,Cichliformes,Cichlidae,Cryptoheros,-25.85,13.14,0.81,0.6,SD,NA,Muscle
ID_0415,3829,Spinycheek sleeper,Eleotris pisonis,Gobiiformes,Eleotridae,Eleotris,-31.85,9.99,0.91,0.63,SD,NA,Muscle
ID_0415,1052,Flagfin mojarra,Eucinostomus melanopterus,Eupercaria/misc,Gerreidae,Eucinostomus,-31.9,11.96,NA,NA,SD,1,Muscle
ID_0415,7533,Brazilian mojarra,Eugerres brasilianus,Eupercaria/misc,Gerreidae,Eugerres,-26.7,13.05,0.61,0.55,SD,NA,Muscle
ID_0415,1053,Striped mojarra,Eugerres plumieri,Eupercaria/misc,Gerreidae,Eugerres,-29.89,10.69,NA,NA,SD,1,Muscle
ID_0415,3831,Bigmouth sleeper,Gobiomorus dormitor,Gobiiformes,Eleotridae,Gobiomorus,-25,11.96,1.43,0.47,SD,NA,Muscle
ID_0415,266,Grey snapper,Lutjanus griseus,Eupercaria/misc,Lutjanidae,Lutjanus,-27.3,13.13,NA,NA,SD,1,Muscle
ID_0415,3227,Shortfin molly,Poecilia mexicana,Cyprinodontiformes,Poeciliidae,Poecilia,-28.03,12.22,1.11,0.81,SD,NA,Muscle
ID_0415,1147,Burro grunt,Rhonciscus crocro,Eupercaria/misc,Haemulidae,Rhonciscus,-26.06,14.17,0.01,0.28,SD,NA,Muscle
ID_0415,3616,Jack dempsey,Rocio octofasciata,Cichliformes,Cichlidae,Rocio,-29.12,9.13,NA,NA,SD,1,Muscle
ID_0415,975,Timucu,Strongylura timucu,Beloniformes,Belonidae,Strongylura,-25.91,12.72,NA,NA,SD,1,Muscle
ID_0415,4676,Firemouth cichlid,Thorichthys meeki,Cichliformes,Cichlidae,Thorichthys,-25.43,11.71,0.73,0.01,SD,NA,Muscle
ID_0415,4693,Yellowbelly cichlid,Trichromis salvini,Cichliformes,Cichlidae,Trichromis,-26.88,12.87,1.56,1.41,SD,NA,Muscle
ID_0415,12208,Blackbelt cichlid,Vieja maculicauda,Cichliformes,Cichlidae,Vieja,-26.14,10.93,0.61,1.65,SD,NA,Muscle
ID_0416,358,European perch,Perca fluviatilis,Perciformes/Percoidei,Percidae,Perca,-17.47,16.66,1.56,0.87,SD,22,Fin
ID_0416,269,Tench,Tinca tinca,Cypriniformes,Tincidae,Tinca,-17.69,15.91,1.03,0.7,SD,8,Fin
ID_0416,1450,Common carp,Cyprinus carpio,Cypriniformes,Cyprinidae,Cyprinus,-16.94,15.8,0.32,0.41,SD,5,Fin
ID_0416,270,Crucian carp,Carassius carassius,Cypriniformes,Cyprinidae,Carassius,-17.28,15.14,0.35,0.35,SD,5,Fin
ID_0416,4482,Common chub,Squalius cephalus,Cypriniformes,Leuciscidae,Squalius,-16.97,15.58,NA,NA,SD,1,Fin
ID_0417,272,Common roach,Rutilus rutilus,Cypriniformes,Leuciscidae,Rutilus,-23.09,9.68,0.75,1.78,SD,12,Fin
ID_0417,358,European perch,Perca fluviatilis,Perciformes/Percoidei,Percidae,Perca,-22.97,9.92,0.41,2.04,SD,6,Fin
ID_0417,269,Tench,Tinca tinca,Cypriniformes,Tincidae,Tinca,-24.68,8.84,2.42,0.66,SD,6,Fin
ID_0417,268,Common bream,Abramis brama,Cypriniformes,Leuciscidae,Abramis,-25.49,8.95,1.96,1.67,SD,11,Fin
ID_0417,4478,Gudgeon,Gobio gobio,Cypriniformes,Gobionidae,Gobio,-22.9,9.99,0.22,0.25,SD,2,Fin
ID_0417,270,Crucian carp,Carassius carassius,Cypriniformes,Cyprinidae,Carassius,-22.8,9.96,NA,NA,SD,1,Fin
ID_0417,3385,Largemouth bass,Micropterus salmoides,Centrarchiformes,Centrarchidae,Micropterus,-23.85,11.07,0.41,2.86,SD,7,Fin
ID_0417,2951,Common rudd,Scardinius erythrophthalmus,Cypriniformes,Leuciscidae,Scardinius,-23.07,12.91,NA,NA,SD,1,Fin
ID_0417,1450,Common carp,Cyprinus carpio,Cypriniformes,Cyprinidae,Cyprinus,-25.08,12.7,1.96,0.88,SD,4,Fin
ID_0417,360,Pikeperch,Sander lucioperca,Perciformes/Percoidei,Percidae,Sander,-24.33,9.8,1.15,3.1,SD,2,Fin
ID_0417,291,Black bullhead,Ameiurus melas,Siluriformes,Ictaluridae,Ameiurus,-24.63,10.24,0.48,1.68,SD,10,Fin
ID_0417,35,European eel,Anguilla anguilla,Anguilliformes,Anguillidae,Anguilla,-24.38,15.32,NA,NA,SD,1,Fin
ID_0417,4483,European bitterling,Rhodeus amarus,Cypriniformes,Acheilognathidae,Rhodeus,-26.32,5.85,0.82,0.76,SD,9,Fin
ID_0418,35,European eel,Anguilla anguilla,Anguilliformes,Anguillidae,Anguilla,-26.4,17.2,1,0.2,SD,3,Muscle
ID_0418,4583,Thinlip mullet,Chelon ramada,Mugiliformes,Mugilidae,Chelon,-23,12.6,1.6,0.3,SD,6,Muscle
ID_0418,2443,NA,Chrysichthys auratus,Siluriformes,Claroteidae,Chrysichthys,-19.6,9.8,3.2,0.6,SD,12,Muscle
ID_0418,1390,Redbelly tilapia,Coptodon zillii,Cichliformes,Cichlidae,Coptodon,-15.9,8.7,1.2,0.5,SD,10,Muscle
ID_0418,1450,Common carp,Cyprinus carpio,Cypriniformes,Cyprinidae,Cyprinus,-24.5,15.7,0.3,0.1,SD,3,Muscle
ID_0418,4521,Eastern mosquitofish,Gambusia holbrooki,Cyprinodontiformes,Poeciliidae,Gambusia,-24.9,16.2,0.5,0.4,SD,6,Muscle
ID_0418,4496,Elongate tigerfish,Hydrocynus forskahlii,Characiformes,Alestidae,Hydrocynus,-24.7,14.2,0.5,0.3,SD,11,Muscle
ID_0418,5075,NA,Hyperopisus bebe,Osteoglossiformes,Mormyridae,Hyperopisus,-21.4,9.6,0.1,0.2,SD,2,Muscle
ID_0418,23605,Andalusian barbel,Luciobarbus sclateri,Cypriniformes,Cyprinidae,Luciobarbus,-26.1,16.4,0.1,0.1,SD,3,Muscle
ID_0418,1389,NA,Sarotherodon galilaeus,Cichliformes,Cichlidae,Sarotherodon,-18.3,9.3,2.1,0.6,SD,5,Muscle
ID_0418,5470,NA,Synodontis ocellifer,Siluriformes,Mochokidae,Synodontis,-21.8,9,0.4,0.4,SD,2,Muscle
ID_0418,2458,Wahrindi,Synodontis schall,Siluriformes,Mochokidae,Synodontis,-26.8,11.9,0.8,0.6,SD,12,Muscle
ID_0419,297,Shortfin eel,Anguilla australis,Anguilliformes,Anguillidae,Anguilla,-19.08,10.43,0.56,0.65,SD,5,Muscle
ID_0419,271,Goldfish,Carassius auratus,Cypriniformes,Cyprinidae,Carassius,-17.94,7.54,0.73,0.63,SD,10,Muscle
ID_0419,2443,NA,Chrysichthys auratus,Siluriformes,Claroteidae,Chrysichthys,-22.5,10,3.5,0.8,SD,6,Muscle
ID_0419,1390,Redbelly tilapia,Coptodon zillii,Cichliformes,Cichlidae,Coptodon,-18.8,9.3,3,0.6,SD,10,Muscle
ID_0419,1450,Common carp,Cyprinus carpio,Cypriniformes,Cyprinidae,Cyprinus,-18,7.09,0.35,0.36,SD,12,Muscle
ID_0419,3215,Mosquitofish,Gambusia affinis,Cyprinodontiformes,Poeciliidae,Gambusia,-17.33,8.35,0.69,0.78,SD,5,Muscle
ID_0419,10353,Common bully,Gobiomorphus cotidianus,Gobiiformes,Eleotridae,Gobiomorphus,-17.73,8.51,0.42,0.57,SD,5,Muscle
ID_0419,4496,Elongate tigerfish,Hydrocynus forskahlii,Characiformes,Alestidae,Hydrocynus,-24,12.7,0.6,0.4,SD,9,Muscle
ID_0419,5075,NA,Hyperopisus bebe,Osteoglossiformes,Mormyridae,Hyperopisus,-19.9,9.3,1.9,0.2,SD,10,Muscle
ID_0419,1389,NA,Sarotherodon galilaeus,Cichliformes,Cichlidae,Sarotherodon,-19.8,9.3,1.6,0.4,SD,15,Muscle
ID_0419,5470,NA,Synodontis ocellifer,Siluriformes,Mochokidae,Synodontis,-23.6,10.1,1,0.2,SD,5,Muscle
ID_0419,2458,Wahrindi,Synodontis schall,Siluriformes,Mochokidae,Synodontis,-26.3,11.6,1,0.5,SD,8,Muscle
ID_0420,3022,Brown bullhead,Ameiurus nebulosus,Siluriformes,Ictaluridae,Ameiurus,-27.64,9.57,0.83,2.03,SD,3,Muscle
ID_0420,297,Shortfin eel,Anguilla australis,Anguilliformes,Anguillidae,Anguilla,-27.78,10.73,1.02,1.41,SD,4,Muscle
ID_0420,271,Goldfish,Carassius auratus,Cypriniformes,Cyprinidae,Carassius,-27.52,8.6,0.36,1.58,SD,5,Muscle
ID_0420,1450,Common carp,Cyprinus carpio,Cypriniformes,Cyprinidae,Cyprinus,-25.93,9.14,1.67,1.92,SD,6,Muscle
ID_0420,358,Perch,Perca fluviatilis,Perciformes/Percoidei,Percidae,Perca,-26.91,10.43,0.43,3.52,SD,5,Muscle
ID_0420,2951,Rudd,Scardinius erythrophthalmus,Cypriniformes,Leuciscidae,Scardinius,-27.13,9.94,0.88,1.61,SD,4,Muscle
ID_0421,1934,Sharptooth catfish,Clarias gariepinus,Siluriformes,Clariidae,Clarias,-22.04,16.85,1.1,1.27,SD,20,Muscle
ID_0421,1450,Common carp,Cyprinus carpio,Cypriniformes,Cyprinidae,Cyprinus,-21.35,14.53,2.16,1.44,SD,20,Muscle
ID_0421,11371,African big barb,Labeobarbus intermedius,Cypriniformes,Cyprinidae,Labeobarbus,-20.64,17.5,2.09,1.48,SD,20,Muscle
ID_0421,2,Nile tilapia,Oreochromis niloticus,Cichliformes,Cichlidae,Oreochromis,-23.29,14.56,1.09,0.68,SD,20,Muscle
ID_0422,79,Grass Carp,Ctenopharyngodon idella,Cypriniformes,Xenocyprididae,Ctenopharyngodon,-27.18,12.73,NA,NA,NA,NA,Muscle
ID_0422,NA,Silver Carp_hybrid,Ctenopharyngodon x Hypophthalmichthys,Cypriniformes,Cyprinidae,NA,-29.53,13.68,NA,NA,NA,NA,Muscle
ID_0422,1450,Common carp,Cyprinus carpio,Cypriniformes,Cyprinidae,Cyprinus,-25.65,14.67,NA,NA,NA,10,Muscle
ID_0422,1604,Gizzard Shad,Dorosoma cepedianum,Clupeiformes,Dorosomatidae,Dorosoma,-28.34,15.09,NA,NA,NA,NA,Muscle
ID_0422,274,Silver carp,Hypophthalmichthys molitrix,Cypriniformes,Xenocyprididae,Hypophthalmichthys,-28.51,13.44,NA,NA,NA,NA,Muscle
ID_0422,275,Bighead Carp,Hypophthalmichthys nobilis,Cypriniformes,Xenocyprididae,Hypophthalmichthys,-28.05,15.03,NA,NA,NA,NA,Muscle
ID_0422,NA,Bighead Carp-hybrid molitrix x nobilis,Hypophthalmichthys sp,Cypriniformes,Xenocyprididae,Hypophthalmichthys,-28.04,14.18,NA,NA,NA,NA,Muscle
ID_0422,2993,Bigmouth Buffalo,Ictiobus cyprinellus,Cypriniformes,Catostomidae,Ictiobus,-26,15.14,NA,NA,NA,NA,Muscle
ID_0422,3375,Bluegill,Lepomis macrochirus,Centrarchiformes,Centrarchidae,Lepomis,-28.69,15.4,NA,NA,NA,NA,Muscle
ID_0422,3385,Largemouth bass,Micropterus salmoides,Centrarchiformes,Centrarchidae,Micropterus,-28.43,17.44,NA,NA,NA,NA,Muscle
ID_0422,2824,Emerald Shiner,Notropis atherinoides,Cypriniformes,Leuciscidae,Notropis,-28.12,15.55,NA,NA,NA,NA,Muscle
ID_0422,174,Paddlefish,Polyodon spathula,Acipenseriformes,Polyodontidae,Polyodon,-26.02,14.23,NA,NA,NA,NA,Muscle
ID_0423,1450,Common carp,Cyprinus carpio,Cypriniformes,Cyprinidae,Cyprinus,-25.95,16.83,NA,NA,NA,10,Muscle
ID_0423,1604,Gizzard Shad,Dorosoma cepedianum,Clupeiformes,Dorosomatidae,Dorosoma,-26.66,17.08,NA,NA,NA,NA,Muscle
ID_0423,275,Bighead Carp,Hypophthalmichthys nobilis,Cypriniformes,Xenocyprididae,Hypophthalmichthys,-26.79,16.99,NA,NA,NA,NA,Muscle
ID_0423,2993,Bigmouth Buffalo,Ictiobus cyprinellus,Cypriniformes,Catostomidae,Ictiobus,-25.33,17.54,NA,NA,NA,NA,Muscle
ID_0423,3375,Bluegill,Lepomis macrochirus,Centrarchiformes,Centrarchidae,Lepomis,-26.38,17.8,NA,NA,NA,NA,Muscle
ID_0423,3385,Largemouth bass,Micropterus salmoides,Centrarchiformes,Centrarchidae,Micropterus,-26.29,17.66,NA,NA,NA,NA,Muscle
ID_0423,2824,Emerald Shiner,Notropis atherinoides,Cypriniformes,Leuciscidae,Notropis,-26.1,15.88,NA,NA,NA,NA,Muscle
ID_0423,174,Paddlefish,Polyodon spathula,Acipenseriformes,Polyodontidae,Polyodon,-27.83,15.12,NA,NA,NA,NA,Muscle
ID_0424,1450,Common carp,Cyprinus carpio,Cypriniformes,Cyprinidae,Cyprinus,-26.5,17.25,NA,NA,NA,NA,Muscle
ID_0424,1604,Gizzard Shad,Dorosoma cepedianum,Clupeiformes,Dorosomatidae,Dorosoma,-25.83,16.06,NA,NA,NA,NA,Muscle
ID_0424,275,Bighead Carp,Hypophthalmichthys nobilis,Cypriniformes,Xenocyprididae,Hypophthalmichthys,-25.85,17.24,NA,NA,NA,NA,Muscle
ID_0424,2993,Bigmouth Buffalo,Ictiobus cyprinellus,Cypriniformes,Catostomidae,Ictiobus,-26.62,19.98,NA,NA,NA,NA,Muscle
ID_0424,3375,Bluegill,Lepomis macrochirus,Centrarchiformes,Centrarchidae,Lepomis,-27.16,18.45,NA,NA,NA,NA,Muscle
ID_0424,2824,Emerald Shiner,Notropis atherinoides,Cypriniformes,Leuciscidae,Notropis,-27.09,20.65,NA,NA,NA,NA,Muscle
ID_0424,174,Paddlefish,Polyodon spathula,Acipenseriformes,Polyodontidae,Polyodon,-28.21,21.84,NA,NA,NA,NA,Muscle
ID_0425,1450,Common carp,Cyprinus carpio,Cypriniformes,Cyprinidae,Cyprinus,-27.16,13,NA,NA,NA,5,Muscle
ID_0425,1604,Gizzard Shad,Dorosoma cepedianum,Clupeiformes,Dorosomatidae,Dorosoma,-27.04,16.08,NA,NA,NA,NA,Muscle
ID_0425,2993,Bigmouth Buffalo,Ictiobus cyprinellus,Cypriniformes,Catostomidae,Ictiobus,-26.3,16.39,NA,NA,NA,NA,Muscle
ID_0425,3375,Bluegill,Lepomis macrochirus,Centrarchiformes,Centrarchidae,Lepomis,-27.65,13.86,NA,NA,NA,NA,Muscle
ID_0425,2824,Emerald Shiner,Notropis atherinoides,Cypriniformes,Leuciscidae,Notropis,-26.82,15.12,NA,NA,NA,NA,Muscle
ID_0426,4730,Bleak,Alburnus alburnus,Cypriniformes,Leuciscidae,Alburnus,-27.87,13.92,0.81,0.17,SD,4,Muscle
ID_0426,1450,Common carp,Cyprinus carpio,Cypriniformes,Cyprinidae,Cyprinus,-26.09,11.94,1.42,1.69,SD,2,Muscle
ID_0426,4474,Ruffe,Gymnocephalus cernua,Perciformes/Percoidei,Percidae,Gymnocephalus,-25.85,10.59,0.79,0.45,SD,2,Muscle
ID_0426,272,Roach,Rutilus rutilus,Cypriniformes,Leuciscidae,Rutilus,-25.43,10.7,0.07,0.27,SD,2,Muscle
ID_0426,360,Zander,Sander lucioperca,Perciformes/Percoidei,Percidae,Sander,-24.68,14.5,0.16,0.1,SD,2,Muscle
ID_0427,3362,Perch,Archoplites interruptus,Centrarchiformes,Centrarchidae,Archoplites,-27.2,14.65,0.29,0.92,SD,5,Muscle
ID_0427,1450,Common carp,Cyprinus carpio,Cypriniformes,Cyprinidae,Cyprinus,-25.9,11,0.49,1.35,SD,11,Muscle
ID_0427,290,Channel catfish,Ictalurus punctatus,Siluriformes,Ictaluridae,Ictalurus,-25.07,13.71,1.1,0.34,SD,2,Muscle
ID_0427,3385,Largemouth bass,Micropterus salmoides,Centrarchiformes,Centrarchidae,Micropterus,-25.64,13.62,0.75,0.87,SD,14,Muscle
ID_0427,NA,Hybrid striped bass chrysops x Morone saxatilis,Morone sp,Eupercaria/misc,Moronidae,Morone,-24.98,13.67,1.45,0.25,SD,2,Muscle
ID_0427,2757,Tui chub,Siphateles bicolor,Cypriniformes,Leuciscidae,Siphateles,-26.71,11.62,0.44,0.25,SD,5,Muscle
ID_0428,1450,Common carp,Cyprinus carpio,Cypriniformes,Cyprinidae,Cyprinus,-25.74,11.9,1.54,1.67,SD,21,Muscle
ID_0428,290,Channel catfish,Ictalurus punctatus,Siluriformes,Ictaluridae,Ictalurus,-29.63,12.04,0.67,0.35,SD,8,Muscle
ID_0428,3371,Sunfish,Lepomis cyanellus,Centrarchiformes,Centrarchidae,Lepomis,-25.21,14.59,1.46,0.94,SD,24,Muscle
ID_0428,3385,Largemouth bass,Micropterus salmoides,Centrarchiformes,Centrarchidae,Micropterus,-26.15,14.83,1.06,1.12,SD,3,Muscle
ID_0429,1583,Alewife,Alosa pseudoharengus,Clupeiformes,Alosidae,Alosa,-24.52,16.58,1.31,2.71,SD,12,Muscle
ID_0429,3361,Rock bass,Ambloplites rupestris,Centrarchiformes,Centrarchidae,Ambloplites,-23.46,18.26,1.27,1.22,SD,18,Muscle
ID_0429,3022,Brown bullhead,Ameiurus nebulosus,Siluriformes,Ictaluridae,Ameiurus,-22.72,17.85,1.29,1.52,SD,10,Muscle
ID_0429,2600,Bowfin,Amia calva,Amiiformes,Amiidae,Amia,-25.04,20.27,NA,NA,NA,1,Muscle
ID_0429,2965,White sucker,Catostomus commersonii,Cypriniformes,Catostomidae,Catostomus,-22.8,14.93,1.27,1.51,SD,7,Muscle
ID_0429,1450,Common carp,Cyprinus carpio,Cypriniformes,Cyprinidae,Cyprinus,-24.51,14.32,1.31,2.71,SD,17,Muscle
ID_0429,1604,Gizzard Shad,Dorosoma cepedianum,Clupeiformes,Dorosomatidae,Dorosoma,-22.22,18.1,NA,NA,NA,1,Muscle
ID_0429,290,Channel catfish,Ictalurus punctatus,Siluriformes,Ictaluridae,Ictalurus,-22.36,19.14,0.43,0.88,SD,3,Muscle
ID_0429,3371,Green sunfsh,Lepomis cyanellus,Centrarchiformes,Centrarchidae,Lepomis,-23.69,17.54,1,1.07,SD,10,Muscle
ID_0429,3372,Pumpkinseed,Lepomis gibbosus,Centrarchiformes,Centrarchidae,Lepomis,-23.8,17.17,1.83,2.01,SD,11,Muscle
ID_0429,3375,Bluegill,Lepomis macrochirus,Centrarchiformes,Centrarchidae,Lepomis,-24.8,18.29,0.99,2.92,SD,31,Muscle
ID_0429,3385,Largemouth bass,Micropterus salmoides,Centrarchiformes,Centrarchidae,Micropterus,-22.29,21.08,0.46,1.23,SD,2,Muscle
ID_0429,355,White perch,Morone americana,Eupercaria/misc,Moronidae,Morone,-24.98,19.89,1.16,1.41,SD,13,Muscle
ID_0429,12019,Round goby,Neogobius melanostomus,Gobiiformes,Gobiidae,Neogobius,-23.3,17.66,1.38,1.64,SD,37,Muscle
ID_0429,2824,Emerald Shiner,Notropis atherinoides,Cypriniformes,Leuciscidae,Notropis,-24.53,18.32,0.98,1.89,SD,12,Muscle
ID_0429,2867,Spottail shiner,Notropis hudsonius,Cypriniformes,Leuciscidae,Notropis,-23.57,18.73,1.33,0.98,SD,8,Muscle
ID_0429,359,Yellow perch,Perca flavescens,Perciformes/Percoidei,Percidae,Perca,-22.96,17.95,1.94,1.27,SD,39,Muscle
ID_0429,3489,Logperch,Percina caprodes,Perciformes/Percoidei,Percidae,Percina,-21.42,20.28,0.53,0.7,SD,10,Muscle
ID_0429,3516,Walleye,Sander vitreus,Perciformes/Percoidei,Percidae,Sander,-22.84,18.26,0.47,1.03,SD,15,Muscle
ID_0430,1583,Alewife,Alosa pseudoharengus,Clupeiformes,Alosidae,Alosa,-24.83,17.95,1.28,2.13,SD,32,Muscle
ID_0430,3361,Rock bass,Ambloplites rupestris,Centrarchiformes,Centrarchidae,Ambloplites,-24.72,21.04,0.56,1.48,SD,4,Muscle
ID_0430,3022,Brown bullhead,Ameiurus nebulosus,Siluriformes,Ictaluridae,Ameiurus,-24.4,19.47,1.37,1.5,SD,38,Muscle
ID_0430,2600,Bowfin,Amia calva,Amiiformes,Amiidae,Amia,-23.14,21.52,NA,NA,NA,1,Muscle
ID_0430,2965,White sucker,Catostomus commersonii,Cypriniformes,Catostomidae,Catostomus,-23.76,17.24,1.05,1.29,SD,6,Muscle
ID_0430,1450,Common carp,Cyprinus carpio,Cypriniformes,Cyprinidae,Cyprinus,-25.03,18.91,0.45,1.19,SD,3,Muscle
ID_0430,1604,Gizzard Shad,Dorosoma cepedianum,Clupeiformes,Dorosomatidae,Dorosoma,-26.05,19.42,1.06,1.39,SD,11,Muscle
ID_0430,258,Northern pike,Esox lucius,Esociformes,Esocidae,Esox,-24.06,18.42,0.68,1.78,SD,21,Muscle
ID_0430,290,Channel catfish,Ictalurus punctatus,Siluriformes,Ictaluridae,Ictalurus,-22.08,19.18,0.75,1.01,SD,10,Muscle
ID_0430,3372,Pumpkinseed,Lepomis gibbosus,Centrarchiformes,Centrarchidae,Lepomis,-24.66,19.79,1.29,1.24,SD,12,Muscle
ID_0430,3375,Bluegill,Lepomis macrochirus,Centrarchiformes,Centrarchidae,Lepomis,-25.65,20.08,1.27,1.84,SD,38,Muscle
ID_0430,3385,Largemouth bass,Micropterus salmoides,Centrarchiformes,Centrarchidae,Micropterus,-24.31,21.59,0.93,0.88,SD,14,Muscle
ID_0430,355,White perch,Morone americana,Eupercaria/misc,Moronidae,Morone,-25.03,20.24,1.07,1.73,SD,14,Muscle
ID_0430,12019,Round goby,Neogobius melanostomus,Gobiiformes,Gobiidae,Neogobius,-24.33,19.16,1.62,1.61,SD,25,Muscle
ID_0430,2824,Emerald Shiner,Notropis atherinoides,Cypriniformes,Leuciscidae,Notropis,-24.04,18.2,1.75,1.79,SD,20,Muscle
ID_0430,2867,Spottail shiner,Notropis hudsonius,Cypriniformes,Leuciscidae,Notropis,-25.03,19.44,1.1,1.04,SD,8,Muscle
ID_0430,359,Yellow perch,Perca flavescens,Perciformes/Percoidei,Percidae,Perca,-24.34,18.52,1.62,1.21,SD,44,Muscle
ID_0430,3489,Logperch,Percina caprodes,Perciformes/Percoidei,Percidae,Percina,-23.52,20.57,1.85,1.39,SD,5,Muscle
ID_0430,3516,Walleye,Sander vitreus,Perciformes/Percoidei,Percidae,Sander,-23.31,20.23,0.58,1.25,SD,4,Muscle
ID_0431,1583,Alewife,Alosa pseudoharengus,Clupeiformes,Alosidae,Alosa,-25.57,19.16,1.93,3.09,SD,12,Muscle
ID_0431,3361,Rock bass,Ambloplites rupestris,Centrarchiformes,Centrarchidae,Ambloplites,-22.56,21.07,1.21,0.89,SD,10,Muscle
ID_0431,3022,Brown bullhead,Ameiurus nebulosus,Siluriformes,Ictaluridae,Ameiurus,-24.36,18.81,1.38,1.74,SD,21,Muscle
ID_0431,2965,White sucker,Catostomus commersonii,Cypriniformes,Catostomidae,Catostomus,-23.83,18.05,1.03,0.46,SD,6,Muscle
ID_0431,1604,Gizzard Shad,Dorosoma cepedianum,Clupeiformes,Dorosomatidae,Dorosoma,-23.56,17.5,0.01,0.93,SD,2,Muscle
ID_0431,3371,Green sunfsh,Lepomis cyanellus,Centrarchiformes,Centrarchidae,Lepomis,-22.6,18.31,0.38,1.11,SD,5,Muscle
ID_0431,3372,Pumpkinseed,Lepomis gibbosus,Centrarchiformes,Centrarchidae,Lepomis,-24.04,19.89,1.97,3.02,SD,7,Muscle
ID_0431,3375,Bluegill,Lepomis macrochirus,Centrarchiformes,Centrarchidae,Lepomis,-24.89,19.92,1.1,2.06,SD,8,Muscle
ID_0431,355,White perch,Morone americana,Eupercaria/misc,Moronidae,Morone,-24.26,21.08,1.34,1.31,SD,11,Muscle
ID_0431,12019,Round goby,Neogobius melanostomus,Gobiiformes,Gobiidae,Neogobius,-23.96,18.95,1.23,1.31,SD,30,Muscle
ID_0431,2824,Emerald Shiner,Notropis atherinoides,Cypriniformes,Leuciscidae,Notropis,-24.26,17.91,1.59,2.82,SD,11,Muscle
ID_0431,2867,Spottail shiner,Notropis hudsonius,Cypriniformes,Leuciscidae,Notropis,-23.9,19.4,1.03,1.32,SD,12,Muscle
ID_0431,359,Yellow perch,Perca flavescens,Perciformes/Percoidei,Percidae,Perca,-22.9,19.62,1.41,1.35,SD,27,Muscle
ID_0431,3489,Logperch,Percina caprodes,Perciformes/Percoidei,Percidae,Percina,-22.88,21.09,0.12,0.65,SD,4,Muscle
ID_0431,2931,Bluntnose Minnow,Pimephales notatus,Cypriniformes,Leuciscidae,Pimephales,-22.98,20.75,0.71,1.55,SD,3,Muscle
ID_0432,3577,Freshwater drum,Aplodinotus grunniens,Eupercaria/misc,Sciaenidae,Aplodinotus,-27.37,15.6,0.9,1.85,SD,3,Muscle
ID_0432,2957,River carpsucker,Carpiodes carpio,Cypriniformes,Catostomidae,Carpiodes,-28.7,13.6,NA,NA,SD,1,Muscle
ID_0432,79,Grass carp,Ctenopharyngodon idella,Cypriniformes,Xenocyprididae,Ctenopharyngodon,-23.17,8.63,2.15,2.78,SD,3,Muscle
ID_0432,1450,Common carp,Cyprinus carpio,Cypriniformes,Cyprinidae,Cyprinus,-27.7,13.1,0.28,3.11,SD,2,Muscle
ID_0432,274,Silver carp,Hypophthalmichthys molitrix,Cypriniformes,Xenocyprididae,Hypophthalmichthys,-30.57,11,2.18,1.73,SD,3,Muscle
ID_0432,275,Bighead carp,Hypophthalmichthys nobilis,Cypriniformes,Xenocyprididae,Hypophthalmichthys,-27.93,15.23,2.25,0.6,SD,3,Muscle
ID_0432,3019,Blue catfish,Ictalurus furcatus,Siluriformes,Ictaluridae,Ictalurus,-28.7,17,0.57,2.26,SD,2,Muscle
ID_0432,2992,Smallmouth buffalo,Ictiobus bubalus,Cypriniformes,Catostomidae,Ictiobus,-27.83,13.43,4.44,1.46,SD,3,Muscle
ID_0432,2993,Bigmouth Buffalo,Ictiobus cyprinellus,Cypriniformes,Catostomidae,Ictiobus,-29.83,15.07,0.93,0.86,SD,3,Muscle
ID_0432,4602,Black carp,Mylopharyngodon piceus,Cypriniformes,Xenocyprididae,Mylopharyngodon,-27.33,13.17,2.73,0.57,SD,3,Muscle
ID_0432,3051,Flathead catfish,Pylodictis olivaris,Siluriformes,Ictaluridae,Pylodictis,-25.8,16.9,0,1.56,SD,2,Muscle
ID_0433,54380,NA,Acheilognathus macropterus,Cypriniformes,Acheilognathidae,Acheilognathus,-21.7,11.4,NA,NA,NA,1,Muscle
ID_0433,271,Goldfish,Carassius auratus,Cypriniformes,Cyprinidae,Carassius,-22.2,8.7,1,2.3,SD,14,Muscle
ID_0433,4799,Snakehead,Channa argus,Anabantiformes,Channidae,Channa,-20.3,13.4,1.5,0.8,SD,14,Muscle
ID_0433,46610,NA,Chanodichthys dabryi,Cypriniformes,Xenocyprididae,Chanodichthys,-24.8,14.6,0.2,0.1,SD,2,Muscle
ID_0433,4635,Predatory carp,Chanodichthys erythropterus,Cypriniformes,Xenocyprididae,Chanodichthys,-22.7,13.6,1.2,1.6,SD,10,Muscle
ID_0433,46706,NA,Chanodichthys mongolicus,Cypriniformes,Xenocyprididae,Chanodichthys,-22.9,14.2,1,0.7,SD,17,Muscle
ID_0433,55173,NA,Coreoperca whiteheadi,Centrarchiformes,Sinipercidae,Coreoperca,-23.6,15.1,0.5,0.4,SD,5,Muscle
ID_0433,79,Grass carp,Ctenopharyngodon idella,Cypriniformes,Xenocyprididae,Ctenopharyngodon,-20.9,7,2.5,0.8,SD,6,Muscle
ID_0433,1450,Common carp,Cyprinus carpio,Cypriniformes,Cyprinidae,Cyprinus,-23.2,11.2,1.9,1.2,SD,9,Muscle
ID_0433,17306,NA,Distoechodon tumirostris,Cypriniformes,Xenocyprididae,Distoechodon,-18.2,8.7,0.8,0.5,SD,5,Muscle
ID_0433,4752,Spotted steed,Hemibarbus maculatus,Cypriniformes,Gobionidae,Hemibarbus,-22,11.9,1.5,2.4,SD,8,Muscle
ID_0433,22529,Tsan tiu,Hemiculter bleekeri,Cypriniformes,Xenocyprididae,Hemiculter,-24.8,12.5,1.2,0.9,SD,4,Muscle
ID_0433,4755,Sharpbelly,Hemiculter leucisculus,Cypriniformes,Xenocyprididae,Hemiculter,-21.5,9.7,0.8,1.3,SD,11,Muscle
ID_0433,274,Silver carp,Hypophthalmichthys molitrix,Cypriniformes,Xenocyprididae,Hypophthalmichthys,-27,11.6,1.6,1.1,SD,7,Muscle
ID_0433,275,Silver carp,Hypophthalmichthys nobilis,Cypriniformes,Xenocyprididae,Hypophthalmichthys,-23.3,11.5,2.7,1.8,SD,18,Muscle
ID_0433,290,Channel catfish,Ictalurus punctatus,Siluriformes,Ictaluridae,Ictalurus,-22.6,11.4,1.2,2.6,SD,10,Muscle
ID_0433,3375,Bluegill,Lepomis macrochirus,Centrarchiformes,Centrarchidae,Lepomis,-19.5,10.7,1.6,1.4,SD,6,Muscle
ID_0433,285,Wuchang bream,Megalobrama amblycephala,Cypriniformes,Xenocyprididae,Megalobrama,-23.5,12.4,1.2,3.4,SD,4,Muscle
ID_0433,3385,Largemouth bass,Micropterus salmoides,Centrarchiformes,Centrarchidae,Micropterus,-16.8,12.9,0.2,0.5,SD,6,Muscle
ID_0433,27264,Chinese hooksnout carp,Opsariichthys bidens,Cypriniformes,Xenocyprididae,Opsariichthys,-24.1,11,1.3,2.7,SD,10,Muscle
ID_0433,46742,Smallscale yellowfin,Plagiognathops microlepis,Cypriniformes,Xenocyprididae,Plagiognathops,-23.4,11.4,3.3,0.9,SD,10,Muscle
ID_0433,54783,NA,Pseudolaubuca sinensis,Cypriniformes,Xenocyprididae,Pseudolaubuca,-25.5,13.1,0.9,0.7,SD,14,Muscle
ID_0433,54968,NA,Sarcocheilichthys parvus,Cypriniformes,Gobionidae,Sarcocheilichthys,-20.2,12.7,1.1,0.7,SD,8,Muscle
ID_0433,47349,NA,Sarcocheilichthys sinensis,Cypriniformes,Gobionidae,Sarcocheilichthys,-21.1,13.1,0.5,1.1,SD,5,Muscle
ID_0433,6566,Amur catfish,Silurus asotus,Siluriformes,Siluridae,Silurus,-21.7,12.3,1.6,2.6,SD,9,Muscle
ID_0433,17289,NA,Sinibrama macrops,Cypriniformes,Xenocyprididae,Sinibrama,-25.6,12.3,1.5,0.9,SD,10,Muscle
ID_0433,28054,Mandarin fish,Siniperca chuatsi,Centrarchiformes,Sinipercidae,Siniperca,-22.3,11.5,2.4,2.2,SD,15,Muscle
ID_0433,55170,Big-eye mandarin fish,Siniperca knerii,Centrarchiformes,Sinipercidae,Siniperca,-22.7,13.8,2.4,0.9,SD,17,Muscle
ID_0433,55171,NA,Siniperca scherzeri,Centrarchiformes,Sinipercidae,Siniperca,-23.9,12.8,1.3,1.8,SD,5,Muscle
ID_0433,62460,NA,Spinibarbus sinensis,Cypriniformes,Cyprinidae,Spinibarbus,-24.6,8.9,2.4,1.7,SD,3,Muscle
ID_0433,28052,Yellow catfish,Tachysurus fulvidraco,Siluriformes,Bagridae,Tachysurus,-22.2,11.5,1.9,2.7,SD,17,Muscle
ID_0433,11099,NA,Xenocypris macrolepis,Cypriniformes,Xenocyprididae,Xenocypris,-25.8,12.1,2.5,0.6,SD,3,Muscle
ID_0433,7762,Freshwater minnow,Zacco platypus,Cypriniformes,Xenocyprididae,Zacco,-26.3,12.9,NA,NA,NA,1,Muscle
ID_0434,1450,Common carp,Cyprinus carpio,Cypriniformes,Cyprinidae,Cyprinus,-28.7,19.8,1.1,1.3,SD,30,Muscle
ID_0434,272,Roach,Rutilus rutilus,Cypriniformes,Leuciscidae,Rutilus,-28.4,20.7,0.2,0.9,SD,6,Muscle
ID_0434,2951,Rudd,Scardinius erythrophthalmus,Cypriniformes,Leuciscidae,Scardinius,-27.5,21.2,0.8,1.1,SD,20,Muscle
ID_0434,289,Catfish,Silurus glanis,Siluriformes,Siluridae,Silurus,-26.8,20.7,1.3,1.1,SD,20,Muscle
ID_0434,NA,Small fish,NA,NA,NA,NA,-25.8,18.6,1.3,0.7,SD,32,NA
ID_0435,268,Common bream,Abramis brama,Cypriniformes,Leuciscidae,Abramis,-28.12,14.82,0.95,1.2,SD,12,Muscle
ID_0435,4730,Bleak,Alburnus alburnus,Cypriniformes,Leuciscidae,Alburnus,-28.11,15.94,1.46,1,SD,20,Muscle
ID_0435,35,European eel,Anguilla anguilla,Anguilliformes,Anguillidae,Anguilla,-28.18,16.35,1.35,1.64,SD,35,Muscle
ID_0435,4471,White bream,Blicca bjoerkna,Cypriniformes,Leuciscidae,Blicca,-27.69,16.42,0.99,1.46,SD,84,Muscle
ID_0435,4878,Nase,Chondrostoma nasus,Cypriniformes,Leuciscidae,Chondrostoma,-29.3,14.14,NA,NA,SD,1,Muscle
ID_0435,6378,Spined loach,Cobitis taenia,Cypriniformes,Cobitidae,Cobitis,-27.45,16.01,NA,NA,SD,1,Muscle
ID_0435,2439,Bullhead,Cottus gobio,Perciformes/Cottoidei,Cottidae,Cottus,-26.01,17.75,0.76,0.96,SD,6,Muscle
ID_0435,1450,Common carp,Cyprinus carpio,Cypriniformes,Cyprinidae,Cyprinus,-24.82,14.13,0.46,2.21,SD,2,Muscle
ID_0435,2420,Three-spined stickleback,Gasterosteus aculeatus,Perciformes/Gasterosteoidei,Gasterosteidae,Gasterosteus,-29.48,15.56,3.19,1.92,SD,5,Muscle
ID_0435,4478,Gudgeon,Gobio gobio,Cypriniformes,Gobionidae,Gobio,-25.82,17.3,0.34,0.15,SD,5,Muscle
ID_0435,4474,Ruffe,Gymnocephalus cernua,Perciformes/Percoidei,Percidae,Gymnocephalus,-27.47,17.43,0.93,1.17,SD,44,Muscle
ID_0435,4480,Lamprey,Lampetra fluviatilis,Petromyzontiformes,Petromyzontidae,Lampetra,-25.53,11.36,0.36,2.57,SD,3,Muscle
ID_0435,4783,Asp,Leuciscus aspius,Cypriniformes,Leuciscidae,Leuciscus,-26.99,16.57,1.39,1.16,SD,7,Muscle
ID_0435,1334,European smelt,Osmerus eperlanus,Osmeriformes,Osmeridae,Osmerus,-28.37,16.18,0.46,0.54,SD,2,Muscle
ID_0435,358,Perch,Perca fluviatilis,Perciformes/Percoidei,Percidae,Perca,-28.59,16.54,0.81,1.27,SD,53,Muscle
ID_0435,1341,Flounder,Platichthys flesus,Pleuronectiformes,Pleuronectidae,Platichthys,-26.64,17.22,0.75,0.87,SD,3,Muscle
ID_0435,272,Roach,Rutilus rutilus,Cypriniformes,Leuciscidae,Rutilus,-28.09,16.18,1.3,1.57,SD,53,Muscle
ID_0435,360,Pikeperch,Sander lucioperca,Perciformes/Percoidei,Percidae,Sander,-27.14,17.75,1.26,2.73,SD,77,Muscle
ID_0435,2951,Rudd,Scardinius erythrophthalmus,Cypriniformes,Leuciscidae,Scardinius,-26.12,16.43,0.36,2.29,SD,2,Muscle
ID_0435,4482,Common chub,Squalius cephalus,Cypriniformes,Leuciscidae,Squalius,-26.29,15.12,1.29,0.85,SD,3,Muscle
ID_0436,268,Common bream,Abramis brama,Cypriniformes,Leuciscidae,Abramis,-27.54,14.52,2.1,1.35,SD,20,Muscle
ID_0436,4471,White bream,Blicca bjoerkna,Cypriniformes,Leuciscidae,Blicca,-28.58,14.15,1.61,1.17,SD,22,Muscle
ID_0436,4480,Lamprey,Lampetra fluviatilis,Petromyzontiformes,Petromyzontidae,Lampetra,-20.2,16.27,0.47,0.1,SD,3,Muscle
ID_0436,358,Perch,Perca fluviatilis,Perciformes/Percoidei,Percidae,Perca,-28.62,13.64,1.98,1.72,SD,22,Muscle
ID_0436,272,Roach,Rutilus rutilus,Cypriniformes,Leuciscidae,Rutilus,-29.1,13.87,1.72,0.86,SD,14,Muscle
ID_0436,360,Pikeperch,Sander lucioperca,Perciformes/Percoidei,Percidae,Sander,-28.49,15.96,1.6,1.47,SD,28,Muscle
ID_0437,630,NA,Coilia nasus,Clupeiformes,Engraulidae,Coilia,-23.02,17.77,0.1,NA,SD,22,NA
ID_0437,54671,NA,Culter flavipinnis,Cypriniformes,Xenocyprididae,Culter,-23.02,15.02,0.6,NA,SD,8,NA
ID_0437,1450,Common carp,Cyprinus carpio,Cypriniformes,Cyprinidae,Cyprinus,-22.02,18.1,0.6,NA,SD,7,NA
ID_0437,4755,Sharpbelly,Hemiculter leucisculus,Cypriniformes,Xenocyprididae,Hemiculter,-22.01,16.28,0.2,NA,SD,7,NA
ID_0437,274,Silver carp,Hypophthalmichthys molitrix,Cypriniformes,Xenocyprididae,Hypophthalmichthys,-24.02,17.57,0.3,NA,SD,10,NA
ID_0437,275,Bighead carp,Hypophthalmichthys nobilis,Cypriniformes,Xenocyprididae,Hypophthalmichthys,-25.01,15.03,0.2,NA,SD,4,NA
ID_0437,16952,NA,Hyporhamphus gernaerti,Beloniformes,Hemiramphidae,Hyporhamphus,-23.71,16.1,0.1,NA,SD,6,NA
ID_0437,12236,Clearhead icefish,Protosalanx hyalocranius,Osmeriformes,Salangidae,Protosalanx,-24.01,18.31,3.81,NA,SD,4,NA
ID_0437,28052,Yellow catfish,Tachysurus fulvidraco,Siluriformes,Bagridae,Tachysurus,-25.53,20.34,0.4,NA,SD,6,NA
ID_0438,271,Goldfish,Carassius auratus,Cypriniformes,Cyprinidae,Carassius,-23.2,18.16,0.79,0.71,SD,19,Muscle
ID_0438,4635,Predatory carp,Chanodichthys erythropterus,Cypriniformes,Xenocyprididae,Chanodichthys,-23.3,20.89,1.78,1.34,SD,22,Muscle
ID_0438,630,NA,Coilia nasus,Clupeiformes,Engraulidae,Coilia,-23.3,18.47,0.89,0.89,SD,54,Muscle
ID_0438,1450,Common carp,Cyprinus carpio,Cypriniformes,Cyprinidae,Cyprinus,-37.11,18.35,1.12,0.68,SD,33,Muscle
ID_0438,274,Silver carp,Hypophthalmichthys molitrix,Cypriniformes,Xenocyprididae,Hypophthalmichthys,-28.31,12.97,0.86,0.55,SD,18,Muscle
ID_0438,275,Bighead carp,Hypophthalmichthys nobilis,Cypriniformes,Xenocyprididae,Hypophthalmichthys,-28.13,13.77,0.98,0.7,SD,22,Muscle
ID_0438,16952,NA,Hyporhamphus gernaerti,Beloniformes,Hemiramphidae,Hyporhamphus,-22.7,18.25,1.04,0.63,SD,38,Muscle
ID_0438,55418,Yangtze icefish,Neosalanx taihuensis,Osmeriformes,Salangidae,Neosalanx,-27.95,14.44,0.95,0.73,SD,37,Muscle
ID_0439,271,Goldfish,Carassius auratus,Cypriniformes,Cyprinidae,Carassius,-25.04,16.61,1.09,0.72,SD,22,Muscle
ID_0439,4635,Predatory carp,Chanodichthys erythropterus,Cypriniformes,Xenocyprididae,Chanodichthys,-23.44,19.23,1.11,1.12,SD,22,Muscle
ID_0439,630,NA,Coilia nasus,Clupeiformes,Engraulidae,Coilia,-24.38,17.82,1.11,1.08,SD,56,Muscle
ID_0439,1450,Common carp,Cyprinus carpio,Cypriniformes,Cyprinidae,Cyprinus,-38.52,17.72,0.95,0.93,SD,49,Muscle
ID_0439,274,Silver carp,Hypophthalmichthys molitrix,Cypriniformes,Xenocyprididae,Hypophthalmichthys,-27.67,13.84,1.1,1.32,SD,21,Muscle
ID_0439,275,Bighead carp,Hypophthalmichthys nobilis,Cypriniformes,Xenocyprididae,Hypophthalmichthys,-27.76,14.38,1.12,1.22,SD,24,Muscle
ID_0439,16952,NA,Hyporhamphus gernaerti,Beloniformes,Hemiramphidae,Hyporhamphus,-24.17,17.8,0.91,1.1,SD,50,Muscle
ID_0439,55418,Yangtze icefish,Neosalanx taihuensis,Osmeriformes,Salangidae,Neosalanx,-27.65,15.86,1.01,1.22,SD,49,Muscle
ID_0440,271,Goldfish,Carassius auratus,Cypriniformes,Cyprinidae,Carassius,-24.66,17.66,1.45,1.15,SD,24,Muscle
ID_0440,4635,Predatory carp,Chanodichthys erythropterus,Cypriniformes,Xenocyprididae,Chanodichthys,-23.31,20.84,1.74,1.34,SD,23,Muscle
ID_0440,630,NA,Coilia nasus,Clupeiformes,Engraulidae,Coilia,-23.93,19.62,1.6,1.38,SD,54,Muscle
ID_0440,1450,Common carp,Cyprinus carpio,Cypriniformes,Cyprinidae,Cyprinus,-38.81,18.48,2.12,1.28,SD,51,Muscle
ID_0440,274,Silver carp,Hypophthalmichthys molitrix,Cypriniformes,Xenocyprididae,Hypophthalmichthys,-25.2,15.17,1.63,1.6,SD,23,Muscle
ID_0440,275,Bighead carp,Hypophthalmichthys nobilis,Cypriniformes,Xenocyprididae,Hypophthalmichthys,-25.46,15.7,1.57,1.35,SD,24,Muscle
ID_0440,16952,NA,Hyporhamphus gernaerti,Beloniformes,Hemiramphidae,Hyporhamphus,-24.54,18.55,2.04,1.23,SD,57,Muscle
ID_0440,55418,Yangtze icefish,Neosalanx taihuensis,Osmeriformes,Salangidae,Neosalanx,-25.68,17.05,1.77,1.67,SD,57,Muscle
ID_0441,5357,NA,Chetia flaviventris,Cichliformes,Cichlidae,Chetia,-19.74,22.18,1.16,1.97,95%CI,6,Muscle
ID_0441,1934,Sharptooth catfish,Clarias gariepinus,Siluriformes,Clariidae,Clarias,-21.84,22.32,1.55,1.96,95%CI,9,Muscle
ID_0441,1450,Common carp,Cyprinus carpio,Cypriniformes,Cyprinidae,Cyprinus,-21.18,21.04,1.36,1.71,95%CI,6,Muscle
ID_0441,7571,Straightfin barb,Enteromius paludinosus,Cypriniformes,Cyprinidae,Enteromius,-20.6,21.33,1.42,0.54,95%CI,5,Muscle
ID_0441,11449,NA,Labeobarbus polylepis,Cypriniformes,Cyprinidae,Labeobarbus,-20.87,23.99,0.79,0.83,95%CI,5,Muscle
ID_0441,3385,Largemouth bass,Micropterus salmoides,Centrarchiformes,Centrarchidae,Micropterus,-23.38,21.59,NA,NA,NA,1,Muscle
ID_0441,6891,Southern mouthbrooder,Pseudocrenilabrus philander,Cichliformes,Cichlidae,Pseudocrenilabrus,-19.42,22.27,1.26,1.39,95%CI,5,Muscle
ID_0441,4719,Banded tilapia,Tilapia sparrmanii,Cichliformes,Cichlidae,Tilapia,-20.35,21.89,1.38,0.23,95%CI,5,Muscle
ID_0442,4678,Argentinian silverside,Odontesthes bonariensis,Atheriniformes,Atherinopsidae,Odontesthes,-17.33,10.76,1.51,0.86,SD,26,Muscle
ID_0442,239,Rainbow trout,Oncorhynchus mykiss,Salmoniformes,Salmonidae,Oncorhynchus,-18.98,10.4,0.48,0.61,SD,8,Muscle
ID_0442,49596,NA,Orestias agassizii,Cyprinodontiformes,Cyprinodontidae,Orestias,-18.09,8.8,1.08,1.53,SD,7,Muscle
ID_0442,49599,NA,Orestias albus,Cyprinodontiformes,Cyprinodontidae,Orestias,-17.41,8.48,0.84,1.93,SD,10,Muscle
ID_0442,49601,NA,Orestias crawfordi,Cyprinodontiformes,Cyprinodontidae,Orestias,-16.81,7.4,0.48,0.49,SD,9,Muscle
ID_0442,49606,NA,Orestias forgeti,Cyprinodontiformes,Cyprinodontidae,Orestias,-18.29,7.77,0.27,0.23,SD,4,Muscle
ID_0442,49607,NA,Orestias frontosus,Cyprinodontiformes,Cyprinodontidae,Orestias,-18.42,8.43,0.66,0.64,SD,7,Muscle
ID_0442,49608,NA,Orestias gilsoni,Cyprinodontiformes,Cyprinodontidae,Orestias,-20.07,8.88,0.38,1.31,SD,10,Muscle
ID_0442,49609,NA,Orestias gracilis,Cyprinodontiformes,Cyprinodontidae,Orestias,-20.1,9.01,0.52,0.66,SD,10,Muscle
ID_0442,49613,NA,Orestias incae,Cyprinodontiformes,Cyprinodontidae,Orestias,-16.37,6.64,0.17,0.37,SD,3,Muscle
ID_0442,49616,NA,Orestias ispi,Cyprinodontiformes,Cyprinodontidae,Orestias,-18.82,10.24,0.71,0.67,SD,8,Muscle
ID_0442,49618,NA,Orestias luteus,Cyprinodontiformes,Cyprinodontidae,Orestias,-17.3,7.3,0.83,0.81,SD,10,Muscle
ID_0442,49618,NA,Orestias luteus,Cyprinodontiformes,Cyprinodontidae,Orestias,-15.1,6.41,0.48,0.52,SD,9,Muscle
ID_0442,49636,NA,Orestias mulleri,Cyprinodontiformes,Cyprinodontidae,Orestias,-18.35,8.12,0.57,0.61,SD,6,Muscle
ID_0442,49648,NA,Orestias tomcooni,Cyprinodontiformes,Cyprinodontidae,Orestias,-19.72,8.51,0.45,0.76,SD,9,Muscle
ID_0442,49651,NA,Orestias uruni,Cyprinodontiformes,Cyprinodontidae,Orestias,-15.88,5.87,0.42,0.42,SD,6,Muscle
ID_0442,10417,NA,Trichomycterus rivulatus,Siluriformes,Trichomycteridae,Trichomycterus,-16.9,7.94,0.88,1.14,SD,8,Muscle
ID_0443,62094,NA,Astyanax jacuhiensis,Characiformes,Characidae,Astyanax,-26.5,8.5,0.7,0.4,SD,8,Muscle
ID_0443,NA,NA,Astyanax sp,Characiformes,Characidae,Astyanax,-23.3,8.5,0.3,0.3,SD,15,Muscle
ID_0443,51335,NA,Bryconamericus iheringii,Characiformes,Characidae,Bryconamericus,-22.1,9.3,0.3,0.2,SD,4,Muscle
ID_0443,51337,Sabalito,Cyphocharax voga,Characiformes,Curimatidae,Cyphocharax,-26.2,8.2,0.2,0.6,SD,8,Muscle
ID_0443,51005,NA,Deuterodon luetkenii,Characiformes,Characidae,Deuterodon,-23.3,10,0.2,0.3,SD,6,Muscle
ID_0443,53520,NA,Odontesthes humensis,Atheriniformes,Atherinopsidae,Odontesthes,-23.7,12.6,0.6,0.2,SD,8,Muscle
ID_0443,50712,NA,Odontesthes perugiae,Atheriniformes,Atherinopsidae,Odontesthes,-22.2,11,0.2,0.1,SD,7,Muscle
ID_0443,23429,Pike characin,Oligosarcus jenynsii,Characiformes,Characidae,Oligosarcus,-24.7,11.8,1.3,0.4,SD,16,Muscle
ID_0443,51298,Tetra,Psalidodon eigenmanniorum,Characiformes,Characidae,Psalidodon,-26.1,8.7,0,0.1,SD,4,Muscle
ID_0444,272,Common roach,Rutilus rutilus,Cypriniformes,Leuciscidae,Rutilus,-18.2,10,2.3,0.99,SD,10,Fin
ID_0444,1450,Common carp,Cyprinus carpio,Cypriniformes,Cyprinidae,Cyprinus,-19.76,11.58,1.83,1.61,SD,5,Fin
ID_0444,358,European perch,Perca fluviatilis,Perciformes/Percoidei,Percidae,Perca,-21.66,11.4,2.59,1.3,SD,8,Fin
ID_0444,2951,Common rudd,Scardinius erythrophthalmus,Cypriniformes,Leuciscidae,Scardinius,-20.67,9.99,1.36,0.58,SD,7,Fin
ID_0444,258,Northern pike,Esox lucius,Esociformes,Esocidae,Esox,-19.02,13.44,NA,NA,SD,1,Fin
ID_0444,291,Black bullhead,Ameiurus melas,Siluriformes,Ictaluridae,Ameiurus,-20.83,11.88,1.48,1.01,SD,9,Fin
ID_0444,360,Pikeperch,Sander lucioperca,Perciformes/Percoidei,Percidae,Sander,-20.52,13.23,0.64,0.71,SD,9,Fin
ID_0444,269,Tench,Tinca tinca,Cypriniformes,Tincidae,Tinca,-22.34,10.59,0.53,0.16,SD,4,Fin
ID_0444,3215,Mosquito fish,Gambusia affinis,Cyprinodontiformes,Poeciliidae,Gambusia,-23.07,9.32,0.27,0.96,SD,4,Fin
ID_0445,2438,Bubu,Auchenoglanis occidentalis,Siluriformes,Claroteidae,Auchenoglanis,-25.86,10.93,1.4,1,SD,5,Muscle
ID_0445,376,Mudfish,Clarias anguillaris,Siluriformes,Clariidae,Clarias,-22.98,12.15,1.93,1.95,SD,9,Muscle
ID_0445,2,Nile tilapia,Oreochromis niloticus,Cichliformes,Cichlidae,Oreochromis,-27.86,8.9,0.05,0.2,SD,3,Muscle
ID_0445,12914,Silver catfish,Schilbe intermedius,Siluriformes,Schilbeidae,Schilbe,-24.16,12.5,0.91,0.07,SD,3,Muscle
ID_0446,5462,Bayad,Bagrus bajad,Siluriformes,Bagridae,Bagrus,-20.01,14.35,0.75,0.86,SD,6,Muscle
ID_0446,376,Mudfish,Clarias anguillaris,Siluriformes,Clariidae,Clarias,-21.55,12.17,1.84,0.5,SD,4,Muscle
ID_0446,2,Nile tilapia,Oreochromis niloticus,Cichliformes,Cichlidae,Oreochromis,-18.29,9.6,4.22,0.6,SD,3,Muscle
ID_0446,12914,Silver catfish,Schilbe intermedius,Siluriformes,Schilbeidae,Schilbe,-21.62,12.4,0.77,NA,NA,4,Muscle
ID_0446,9517,Moustache catfish,Synodontis membranaceus,Siluriformes,Mochokidae,Synodontis,-25.91,14.93,NA,NA,NA,6,Muscle
ID_0447,2438,Bubu,Auchenoglanis occidentalis,Siluriformes,Claroteidae,Auchenoglanis,-23.87,10.85,3.45,0.42,SD,8,Muscle
ID_0447,5462,Bayad,Bagrus bajad,Siluriformes,Bagridae,Bagrus,-20.97,12.55,1.16,1.26,SD,8,Muscle
ID_0447,376,Mudfish,Clarias anguillaris,Siluriformes,Clariidae,Clarias,-19.87,11.46,0.87,0.57,SD,12,Muscle
ID_0447,347,Nile perch,Lates niloticus,Carangaria/misc,Latidae,Lates,-20.11,13.67,0.74,0.7,SD,5,Muscle
ID_0447,2,NA,Oreochromis niloticus,Cichliformes,Cichlidae,Oreochromis,-18.18,9.25,0.65,0.38,SD,6,Muscle
ID_0447,12914,Silver catfish,Schilbe intermedius,Siluriformes,Schilbeidae,Schilbe,-21.53,11.76,1.52,1.3,SD,8,Muscle
ID_0447,9517,Moustache catfish,Synodontis membranaceus,Siluriformes,Mochokidae,Synodontis,-24.43,10.56,1,0.38,SD,3,Muscle
ID_0448,11933,Bulldog goodeid,Alloophorus robustus,Cyprinodontiformes,Goodeidae,Alloophorus,-22.96,16.4,0.45,0.81,SD,10,Muscle
ID_0448,48356,Pike silverside,Chirostoma estor,Atheriniformes,Atherinopsidae,Chirostoma,-23.74,18.56,0.72,1.02,SD,15,Muscle
ID_0448,NA,NA,Chirostoma spp,Atheriniformes,Atherinopsidae,Chirostoma,-24.23,18.09,0.35,1.28,SD,40,Muscle
ID_0448,1450,Common carp,Cyprinus carpio,Cypriniformes,Cyprinidae,Cyprinus,-24.57,15.4,1.56,1.46,SD,50,Muscle
ID_0448,11945,Blackfin goodea,Goodea atripinnis,Cyprinodontiformes,Goodeidae,Goodea,-23.11,12.83,1.58,1.75,SD,41,Muscle
ID_0448,1387,Blue tilapia,Oreochromis aureus,Cichliformes,Cichlidae,Oreochromis,-22.92,13.29,2.21,1.46,SD,17,Muscle
ID_0448,47233,Lerma livebearer,Poeciliopsis infans,Cyprinodontiformes,Poeciliidae,Poeciliopsis,-19.2,14.45,0.74,1.44,SD,9,Muscle
ID_0449,272,Common roach,Rutilus rutilus,Cypriniformes,Leuciscidae,Rutilus,-17.79,15.06,2.47,0.85,SD,11,Fin
ID_0449,4474,Ruffe,Gymnocephalus cernua,Perciformes/Percoidei,Percidae,Gymnocephalus,-17.79,16.6,0.64,0.7,SD,5,Fin
ID_0449,268,Common bream,Abramis brama,Cypriniformes,Leuciscidae,Abramis,-19.56,16.7,1.72,1.46,SD,10,Fin
ID_0449,269,Tench,Tinca tinca,Cypriniformes,Tincidae,Tinca,-17.75,16.82,NA,NA,SD,1,Fin
ID_0449,2951,Common rudd,Scardinius erythrophthalmus,Cypriniformes,Leuciscidae,Scardinius,-18.71,13.04,0.87,0.9,SD,6,Fin
ID_0449,291,Black bullhead,Ameiurus melas,Siluriformes,Ictaluridae,Ameiurus,-20.16,16.14,1.51,0.87,SD,12,Fin
ID_0449,1450,Common carp,Cyprinus carpio,Cypriniformes,Cyprinidae,Cyprinus,-19.06,14.76,0.51,0.69,SD,2,Fin
ID_0449,360,Pikeperch,Sander lucioperca,Perciformes/Percoidei,Percidae,Sander,-21.16,17.61,1.26,1.88,SD,4,Fin
ID_0449,4482,Common chub,Squalius cephalus,Cypriniformes,Leuciscidae,Squalius,-20.72,15.22,0.87,2.32,SD,3,Fin
ID_0449,270,Crucian carp,Carassius carassius,Cypriniformes,Cyprinidae,Carassius,-20.32,17.87,0.44,0.89,SD,2,Fin
ID_0449,358,European perch,Perca fluviatilis,Perciformes/Percoidei,Percidae,Perca,-25.29,16.44,2.7,1.66,SD,8,Fin
ID_0449,35,European eel,Anguilla anguilla,Anguilliformes,Anguillidae,Anguilla,-25.03,18.04,1.38,0.97,SD,5,Fin
ID_0449,3215,Mosquito fish,Gambusia affinis,Cyprinodontiformes,Poeciliidae,Gambusia,-25.32,14.68,0.6,1.36,SD,4,Fin
ID_0450,358,European perch,Perca fluviatilis,Perciformes/Percoidei,Percidae,Perca,-18.75,13.05,1.6,1.54,SD,27,Fin
ID_0450,3385,Largemouth bass,Micropterus salmoides,Centrarchiformes,Centrarchidae,Micropterus,-18.48,13.32,0.76,0.75,SD,9,Fin
ID_0450,258,Northern pike,Esox lucius,Esociformes,Esocidae,Esox,-18.35,14.03,0.75,1.33,SD,8,Fin
ID_0450,272,Common roach,Rutilus rutilus,Cypriniformes,Leuciscidae,Rutilus,-18.75,9.56,0.73,0.67,SD,10,Fin
ID_0450,360,Pikeperch,Sander lucioperca,Perciformes/Percoidei,Percidae,Sander,-18.93,13.78,0.25,0.42,SD,7,Fin
ID_0450,2951,Common rudd,Scardinius erythrophthalmus,Cypriniformes,Leuciscidae,Scardinius,-20.48,10.21,1.15,1.04,SD,9,Fin
ID_0450,291,Black bullhead,Ameiurus melas,Siluriformes,Ictaluridae,Ameiurus,-20.88,13.56,2.43,1.8,SD,7,Fin
ID_0450,269,Tench,Tinca tinca,Cypriniformes,Tincidae,Tinca,-20.77,10.28,0.69,2.49,SD,3,Fin
ID_0450,1450,Common carp,Cyprinus carpio,Cypriniformes,Cyprinidae,Cyprinus,-21.42,11.05,0.8,0.64,SD,8,Fin
ID_0450,3215,Mosquito fish,Gambusia affinis,Cyprinodontiformes,Poeciliidae,Gambusia,-21.63,10.69,0.55,0.53,SD,4,Fin
ID_0451,272,Common roach,Rutilus rutilus,Cypriniformes,Leuciscidae,Rutilus,-16.04,10.87,1.56,0.93,SD,6,Fin
ID_0451,2951,Common rudd,Scardinius erythrophthalmus,Cypriniformes,Leuciscidae,Scardinius,-19.86,11.4,3.52,2.6,SD,7,Fin
ID_0451,268,Common bream,Abramis brama,Cypriniformes,Leuciscidae,Abramis,-17.76,13.03,0.37,1.42,SD,7,Fin
ID_0451,291,Black bullhead,Ameiurus melas,Siluriformes,Ictaluridae,Ameiurus,-19.77,13.33,2.14,0.53,SD,4,Fin
ID_0451,1450,Common carp,Cyprinus carpio,Cypriniformes,Cyprinidae,Cyprinus,-18.59,12.44,0.63,1.13,SD,7,Fin
ID_0451,289,Wels catfish,Silurus glanis,Siluriformes,Siluridae,Silurus,-18.91,16.27,0.17,1.19,SD,2,Fin
ID_0451,358,European perch,Perca fluviatilis,Perciformes/Percoidei,Percidae,Perca,-20.98,14.71,1.66,0.83,SD,25,Fin
ID_0451,3385,Largemouth bass,Micropterus salmoides,Centrarchiformes,Centrarchidae,Micropterus,-21.22,15.58,1.07,0.88,SD,9,Fin
ID_0451,258,Northern pike,Esox lucius,Esociformes,Esocidae,Esox,-20.36,15.31,0.69,0.55,SD,5,Fin
ID_0451,360,Pikeperch,Sander lucioperca,Perciformes/Percoidei,Percidae,Sander,-21.41,15.11,NA,NA,SD,1,Fin
ID_0452,3215,Mosquito fish,Gambusia affinis,Cyprinodontiformes,Poeciliidae,Gambusia,-21.94,16.24,1.54,1.93,SD,3,Fin
ID_0452,1450,Common carp,Cyprinus carpio,Cypriniformes,Cyprinidae,Cyprinus,-22.59,18.21,1.23,0.89,SD,5,Fin
ID_0452,272,Common roach,Rutilus rutilus,Cypriniformes,Leuciscidae,Rutilus,-24.44,16.96,1.57,1.01,SD,10,Fin
ID_0452,358,European perch,Perca fluviatilis,Perciformes/Percoidei,Percidae,Perca,-23.99,20.15,2.05,1.43,SD,21,Fin
ID_0452,270,Pikeperch,Sander lucioperca,Perciformes/Percoidei,Cyprinidae,Carassius,-23.22,18.3,0.82,0.49,SD,7,Fin
ID_0452,291,Black bullhead,Ameiurus melas,Siluriformes,Ictaluridae,Ameiurus,-25.41,18.63,2.83,1.46,SD,10,Fin
ID_0452,3385,Largemouth bass,Micropterus salmoides,Centrarchiformes,Centrarchidae,Micropterus,-24.29,21.3,0.29,0.18,SD,3,Fin
ID_0453,271,Goldfish,Carassius auratus,Cypriniformes,Cyprinidae,Carassius,-21.26,7.94,0.99,2.03,SD,2,Muscle
ID_0453,17296,Japanese white crucian carp,Carassius cuvieri,Cypriniformes,Cyprinidae,Carassius,-25.91,7.79,0.52,0.63,SD,2,Muscle
ID_0453,4635,Predatory carp,Chanodichthys erythropterus,Cypriniformes,Xenocyprididae,Chanodichthys,-16.53,8.44,NA,NA,NA,1,Muscle
ID_0453,1450,Common carp,Cyprinus carpio,Cypriniformes,Cyprinidae,Cyprinus,-22.29,5.65,NA,NA,NA,1,Muscle
ID_0453,17306,NA,Distoechodon tumirostris,Cypriniformes,Xenocyprididae,Distoechodon,-19.31,6.05,2.79,0.28,SD,5,Muscle
ID_0453,NA,NA,Oreochromis spp,Cichliformes,Cichlidae,Oreochromis,-22.51,7.19,0.47,0.19,SD,2,Muscle
ID_0453,5376,Marble goby,Oxyeleotris marmorata,Gobiiformes,Butidae,Oxyeleotris,-25.85,8.49,NA,NA,NA,1,Muscle
ID_0453,15825,NA,Rhinogobius giurinus,Gobiiformes,Gobiidae,Rhinogobius,-19.58,9.4,NA,NA,NA,1,Muscle
ID_0453,NA,NA,Rhinogobius sp,Gobiiformes,Gobiidae,Rhinogobius,-23.43,7.98,0.17,2.64,SD,5,Muscle
ID_0453,6566,Amur catfish,Silurus asotus,Siluriformes,Siluridae,Silurus,-18.57,10.47,NA,NA,NA,1,Muscle
ID_0454,258,Northern pike,Esox lucius,Esociformes,Esocidae,Esox,-29.3,5.8,0.8,0.8,SD,15,Muscle
ID_0454,358,Perch,Perca fluviatilis,Perciformes/Percoidei,Percidae,Perca,-28.9,5.4,1.2,0.8,SD,18,Muscle
ID_0454,4661,Minnow,Phoxinus phoxinus,Cypriniformes,Leuciscidae,Phoxinus,-30.3,3.9,0.8,0.6,SD,16,Muscle
ID_0454,272,Roach,Rutilus rutilus,Cypriniformes,Leuciscidae,Rutilus,-30.8,3.7,2.4,0.9,SD,21,Muscle
ID_0454,238,Brown trout,Salmo trutta,Salmoniformes,Salmonidae,Salmo,-27.9,5.6,0.7,0.2,SD,2,Muscle
ID_0454,247,Arctic charr,Salvelinus alpinus,Salmoniformes,Salmonidae,Salvelinus,-33.1,4.4,0.3,0.2,SD,6,Muscle
ID_0454,2951,Rudd,Scardinius erythrophthalmus,Cypriniformes,Leuciscidae,Scardinius,-24.3,3.3,1.4,1.3,SD,6,Muscle
ID_0455,11874,Streep-rower,Brycinus lateralis,Characiformes,Alestidae,Brycinus,-27.89,9.81,2.2,0.98,SD,32,Muscle
ID_0455,1934,Sharptooth catfish,Clarias gariepinus,Siluriformes,Clariidae,Clarias,-24.33,10.04,1.62,0.73,SD,7,Muscle
ID_0455,2089,Blunt-toothed African catfish,Clarias ngamensis,Siluriformes,Clariidae,Clarias,-24.23,9.8,NA,NA,NA,1,Muscle
ID_0455,1397,Redbreast tilapia,Coptodon rendalli,Cichliformes,Cichlidae,Coptodon,-25.75,6.7,2.47,1.14,SD,10,Muscle
ID_0455,68983,NA,Cyphomyrus cubangoensis,Osteoglossiformes,Mormyridae,Cyphomyrus,-26,9.2,NA,NA,NA,1,Muscle
ID_0455,11867,Hyphen barb,Enteromius bifrenatus,Cypriniformes,Cyprinidae,Enteromius,-31.31,9.11,0.99,0.88,SD,7,Muscle
ID_0455,11448,Dashtail barb,Enteromius poechii,Cypriniformes,Cyprinidae,Enteromius,-27.1,8.36,0.7,0.03,SD,2,Muscle
ID_0455,8363,Redeye barb,Enteromius radiatus,Cypriniformes,Cyprinidae,Enteromius,-26.32,8.5,0.46,0.89,SD,11,Muscle
ID_0455,67377,Southern African pike,Hepsetus cuvieri,Characiformes,Hepsetidae,Hepsetus,-24.61,10.36,3.19,1.32,SD,10,Muscle
ID_0455,5409,Redeye labeo,Labeo cylindricus,Cypriniformes,Cyprinidae,Labeo,-24.54,8.03,NA,NA,NA,1,Muscle
ID_0455,8383,Meshscaled topminnow,Lacustricola hutereaui,Cyprinodontiformes,Procatopodidae,Lacustricola,-22.06,8.31,0.72,0.38,SD,4,Muscle
ID_0455,64233,NA,Marcusenius altisambesi,Osteoglossiformes,Mormyridae,Marcusenius,-27.74,7.7,3.52,0.21,SD,2,Muscle
ID_0455,8362,Johnston's topminnow,Micropanchax johnstoni,Cyprinodontiformes,Procatopodidae,Micropanchax,-23.92,8.34,1,0.53,SD,6,Muscle
ID_0455,1399,Three spotted tilapia,Oreochromis andersonii,Cichliformes,Cichlidae,Oreochromis,-27.9,7.73,1.97,1.41,SD,20,Muscle
ID_0455,1396,Longfin tilapia,Oreochromis macrochir,Cichliformes,Cichlidae,Oreochromis,-24.49,5.15,2.76,0.9,SD,14,Muscle
ID_0455,66673,Okavango kivipeakala,Petrocephalus okavangensis,Osteoglossiformes,Mormyridae,Petrocephalus,-25.59,8.93,1.74,0.4,SD,6,Muscle
ID_0455,6677,Zambezi bream,Pharyngochromis acuticeps,Cichliformes,Cichlidae,Pharyngochromis,-27.6,8.92,2.28,1.17,SD,16,Muscle
ID_0455,6891,Southern mouthbrooder,Pseudocrenilabrus philander,Cichliformes,Cichlidae,Pseudocrenilabrus,-23.89,8.54,1.05,0.79,SD,5,Muscle
ID_0455,11165,Okavango robber,Rhabdalestes maunensis,Characiformes,Alestidae,Rhabdalestes,-26.15,9.64,1.31,0.62,SD,10,Muscle
ID_0455,5364,Rainbow happy,Sargochromis carlottae,Cichliformes,Cichlidae,Sargochromis,-25.37,9.47,2.62,1.66,SD,3,Muscle
ID_0455,5361,Green happy,Sargochromis codringtonii,Cichliformes,Cichlidae,Sargochromis,-23.93,8.82,NA,NA,NA,1,Muscle
ID_0455,12914,Silver catfish,Schilbe intermedius,Siluriformes,Schilbeidae,Schilbe,-26.08,9.5,1.82,0.83,SD,29,Muscle
ID_0455,5362,Nembwe,Serranochromis jallae,Cichliformes,Cichlidae,Serranochromis,-21.59,9.37,NA,NA,NA,1,Muscle
ID_0455,5359,Purpleface largemouth,Serranochromis macrocephalus,Cichliformes,Cichlidae,Serranochromis,-25.56,10.48,2.12,1.33,SD,10,Muscle
ID_0455,NA,NA,Synodontis spp,Siluriformes,Mochokidae,Synodontis,-26.81,10.3,0.36,0.51,SD,3,Muscle
ID_0455,4719,Banded tilapia,Tilapia sparrmanii,Cichliformes,Cichlidae,Tilapia,-26.95,7.54,3.44,1.35,SD,18,Muscle
ID_0456,4679,Chameleon cichlid,Australoheros facetus,Cichliformes,Cichlidae,Australoheros,-24.2,3.2,NA,NA,NA,1,Muscle
ID_0456,4753,Ten spotted live-bearer,Cnesterodon decemmaculatus,Cyprinodontiformes,Poeciliidae,Cnesterodon,-25.8,3.7,NA,NA,NA,1,Muscle
ID_0456,11958,Onesided livebearer,Jenynsia lineata,Cyprinodontiformes,Anablepidae,Jenynsia,-22.9,4.4,0.25,0.08,SE,11,Muscle
ID_0456,23351,South American catfish,Rhamdia quelen,Siluriformes,Heptapteridae,Rhamdia,-24.7,3.7,0.18,0.1,SE,6,Muscle
ID_0457,NA,NA,Astyanax sp,Characiformes,Characidae,Astyanax,-29.4,2.6,0.4,0.1,SE,8,Muscle
ID_0457,12348,Uruguay tetra,Cheirodon interruptus,Characiformes,Characidae,Cheirodon,-28.6,2.2,NA,NA,NA,1,Muscle
ID_0457,56440,Tetras,Diapoma terofali,Characiformes,Characidae,Diapoma,-26.1,2.5,0.2,0.07,SE,10,Muscle
ID_0457,53339,Tetras,Heterocheirodon yatai,Characiformes,Characidae,Heterocheirodon,-28.9,2.5,NA,0.1,SE,2,Muscle
ID_0457,4757,Trahira,Hoplias malabaricus,Characiformes,Erythrinidae,Hoplias,-25.6,2.5,0.8,0.3,SE,3,Muscle
ID_0457,23429,Pike characin,Oligosarcus jenynsii,Characiformes,Characidae,Oligosarcus,-27.5,2.9,0.6,0.1,SE,2,Muscle
ID_0457,48469,Catfish,Parapimelodus valenciennis,Siluriformes,Pimelodidae,Parapimelodus,-28.3,2.9,NA,NA,NA,1,Muscle
ID_0457,57838,Mandi,Pimelodella australis,Siluriformes,Heptapteridae,Pimelodella,-27.6,3.2,1,0.3,SE,2,Muscle
ID_0457,12398,Dragonfin tetra,Pseudocorynopoma doriae,Characiformes,Characidae,Pseudocorynopoma,-26.4,2.6,0.7,0.2,SE,6,Muscle
ID_0457,23351,South American catfish,Rhamdia quelen,Siluriformes,Heptapteridae,Rhamdia,-28.4,2.8,0.7,0.2,SE,4,Muscle
ID_0457,51884,Characin,Steindachnerina biornata,Characiformes,Curimatidae,Steindachnerina,-29.5,2,0.8,0.1,SE,10,Muscle
ID_0458,12260,Bigeye cichlid,Acaronia nassa,Cichliformes,Cichlidae,Acaronia,-32.1,9.21,NA,NA,NA,4,Muscle
ID_0458,13123,NA,Acestrorhynchus falcirostris,Characiformes,Acestrorhynchidae,Acestrorhynchus,-32.17,9.37,NA,NA,NA,4,Muscle
ID_0458,51222,NA,Anodus elongatus,Characiformes,Hemiodontidae,Anodus,-36.18,8.78,NA,NA,NA,8,Muscle
ID_0458,13270,Tunacare peacock bass,Cichla monoculus,Cichliformes,Cichlidae,Cichla,-33.42,9.25,NA,NA,NA,8,Muscle
ID_0458,4757,Trahira,Hoplias malabaricus,Characiformes,Erythrinidae,Hoplias,-30.99,10.11,NA,NA,NA,8,Muscle
ID_0458,4533,Highwaterman catfish,Hypophthalmus edentatus,Siluriformes,Pimelodidae,Hypophthalmus,-35.44,8.85,NA,NA,NA,8,Muscle
ID_0458,11140,Flag cichlid,Mesonauta festivus,Cichliformes,Cichlidae,Mesonauta,-32.52,7.39,NA,NA,NA,4,Muscle
ID_0458,4310,Silver croaker,Plagioscion squamosissimus,Eupercaria/misc,Sciaenidae,Plagioscion,-32.93,9.66,NA,NA,NA,5,Muscle
ID_0458,25648,NA,Potamorhina altamazonica,Characiformes,Curimatidae,Potamorhina,-38.14,7.64,NA,NA,NA,5,Muscle
ID_0458,25649,Ruskobarbitetra,Potamorhina latior,Characiformes,Curimatidae,Potamorhina,-37.86,7.18,NA,NA,NA,8,Muscle
ID_0458,51315,NA,Potamorhina pristigaster,Characiformes,Curimatidae,Potamorhina,-37.85,6.28,NA,NA,NA,5,Muscle
ID_0458,11168,Jurupari,Satanoperca jurupari,Cichliformes,Cichlidae,Satanoperca,-30.4,7.41,NA,NA,NA,4,Muscle
ID_0458,53683,Southern driftwood catfish,Trachelyopterus lucenai,Siluriformes,Auchenipteridae,Trachelyopterus,-31.97,9.19,NA,NA,NA,8,Muscle
ID_0459,271,Goldfish,Carassius auratus,Cypriniformes,Cyprinidae,Carassius,-21.3,8.93,1.93,1.73,SD,33,Muscle
ID_0459,NA,NA,Carnis megalobramae,NA,NA,NA,-23.8,8.03,0.99,0.77,SD,15,Muscle
ID_0459,46610,Humpback,Chanodichthys dabryi,Cypriniformes,Xenocyprididae,Chanodichthys,-23.67,13.29,1.05,0.84,SD,13,Muscle
ID_0459,4635,Predatory carp,Chanodichthys erythropterus,Cypriniformes,Xenocyprididae,Chanodichthys,-23.5,11.94,1.24,1.05,SD,17,Muscle
ID_0459,4635,Predatory carp,Chanodichthys erythropterus,Cypriniformes,Xenocyprididae,Chanodichthys,-22.49,11.89,1.13,1.92,SD,16,Muscle
ID_0459,46706,NA,Chanodichthys mongolicus,Cypriniformes,Xenocyprididae,Chanodichthys,-23.28,11.89,1.29,1.65,SD,11,Muscle
ID_0459,55908,NA,Coreius guichenoti,Cypriniformes,Gobionidae,Coreius,-22.78,10,1.05,0.95,SD,18,Muscle
ID_0459,55907,NA,Coreius heterodon,Cypriniformes,Gobionidae,Coreius,-23.06,10.76,1.73,0.63,SD,23,Muscle
ID_0459,79,Grass carp,Ctenopharyngodon idella,Cypriniformes,Xenocyprididae,Ctenopharyngodon,-20.68,6.22,2.3,1.86,SD,25,Muscle
ID_0459,54724,NA,Culter oxycephaloides,Cypriniformes,Xenocyprididae,Culter,-22.06,11.6,0.4,0.55,SD,13,Muscle
ID_0459,1450,Common carp,Cyprinus carpio,Cypriniformes,Cyprinidae,Cyprinus,-21.88,8.45,1.52,2.32,SD,26,Muscle
ID_0459,12068,Yellowcheek carp,Elopichthys bambusa,Cypriniformes,Xenocyprididae,Elopichthys,-23.72,13.25,0.51,3.4,SD,13,Muscle
ID_0459,52976,NA,Hemibagrus macropterus,Siluriformes,Bagridae,Hemibagrus,-22.8,13.15,0.8,0.48,SD,24,Muscle
ID_0459,22529,Tsan tiu,Hemiculter bleekeri,Cypriniformes,Xenocyprididae,Hemiculter,-22.96,9.55,2.05,0.12,SD,10,Muscle
ID_0459,4755,Sharpbelly,Hemiculter leucisculus,Cypriniformes,Xenocyprididae,Hemiculter,-22.29,8.74,1.91,1.82,SD,18,Muscle
ID_0459,274,Silver carp,Hypophthalmichthys molitrix,Cypriniformes,Xenocyprididae,Hypophthalmichthys,-23.84,8.2,1.51,1.53,SD,16,Muscle
ID_0459,275,Bighead carp,Hypophthalmichthys nobilis,Cypriniformes,Xenocyprididae,Hypophthalmichthys,-24.07,9.37,1.49,1.55,SD,14,Muscle
ID_0459,3385,Largemouth bass,Micropterus salmoides,Centrarchiformes,Centrarchidae,Micropterus,-21.23,11.56,0.42,0.37,SD,14,Muscle
ID_0459,3016,Oriental weatherfish,Misgurnus anguillicaudatus,Cypriniformes,Cobitidae,Misgurnus,-23.33,11.82,1.46,1.9,SD,16,Muscle
ID_0459,4663,Asian swamp eel,Monopterus albus,Synbranchiformes,Synbranchidae,Monopterus,-20.3,7.39,0.37,0.19,SD,21,Muscle
ID_0459,12304,Chinese sucker,Myxocyprinus asiaticus,Cypriniformes,Catostomidae,Myxocyprinus,-21.31,13.54,0.4,0.69,SD,20,Muscle
ID_0459,282,White amur bream,Parabramis pekinensis,Cypriniformes,Xenocyprididae,Parabramis,-22.88,7.52,0.91,1.67,SD,13,Muscle
ID_0459,17244,NA,Paramisgurnus dabryanus,Cypriniformes,Cobitidae,Paramisgurnus,-26.13,9.83,1.86,0.42,SD,18,Muscle
ID_0459,50760,NA,Pelteobagrus eupogon,Siluriformes,Bagridae,Pelteobagrus,-23.27,10.23,1.09,0.6,SD,13,Muscle
ID_0459,55401,Rock carp,Procypris rabaudi,Cypriniformes,Cyprinidae,Procypris,-22.09,9.66,1.18,2.11,SD,11,Muscle
ID_0459,12236,Clearhead icefish,Protosalanx hyalocranius,Osmeriformes,Salangidae,Protosalanx,-26.5,12.06,0.12,0.07,SD,12,Muscle
ID_0459,55077,Varjokimalaismonni,Pseudobagrus crassilabris,Siluriformes,Bagridae,Pseudobagrus,-24.16,12.39,0.62,1.7,SD,11,Muscle
ID_0459,50950,NA,Pseudobagrus vachellii,Siluriformes,Bagridae,Pseudobagrus,-22.09,10.13,1.59,1.47,SD,24,Muscle
ID_0459,56111,NA,Pseudobrama simoni,Cypriniformes,Xenocyprididae,Pseudobrama,-21.69,9.46,0.72,1.83,SD,18,Muscle
ID_0459,4691,Stone moroko,Pseudorasbora parva,Cypriniformes,Gobionidae,Pseudorasbora,-21.11,7.66,1.48,0.98,SD,12,Muscle
ID_0459,15825,NA,Rhinogobius giurinus,Gobiiformes,Gobiidae,Rhinogobius,-23.29,10.53,1.37,0.88,SD,16,Muscle
ID_0459,4784,Rosy bitterling,Rhodeus ocellatus,Cypriniformes,Acheilognathidae,Rhodeus,-24,10.34,1.02,1.03,SD,23,Muscle
ID_0459,47139,Icefish,Salanx prognathus,Osmeriformes,Salangidae,Salanx,-24.55,13.26,1.33,1.33,SD,18,Muscle
ID_0459,47352,Chinese lizard gudgeon,Saurogobio dabryi,Cypriniformes,Gobionidae,Saurogobio,-23.06,10.59,1.6,1.62,SD,29,Muscle
ID_0459,6566,Amur catfish,Silurus asotus,Siluriformes,Siluridae,Silurus,-22.82,13.15,1.36,1.13,SD,23,Muscle
ID_0459,25308,Silurus soldatovi meridionalis,Silurus meridionalis,Siluriformes,Siluridae,Silurus,-23,12.43,1.43,2.17,SD,11,Muscle
ID_0459,28054,Mandarin fish,Siniperca chuatsi,Centrarchiformes,Sinipercidae,Siniperca,-22.33,13.9,0.55,1.68,SD,15,Muscle
ID_0459,55170,Big-eye mandarin fish,Siniperca knerii,Centrarchiformes,Sinipercidae,Siniperca,-22.26,11.6,0.44,0.83,SD,16,Muscle
ID_0459,54974,NA,Squalidus argentatus,Cypriniformes,Gobionidae,Squalidus,-22.18,10.53,1.61,1.72,SD,21,Muscle
ID_0459,10387,Red eyes carp,Squaliobarbus curriculus,Cypriniformes,Xenocyprididae,Squaliobarbus,-22.32,11.64,0.25,0.57,SD,18,Muscle
ID_0459,50980,Chinese longsnout catfish,Tachysurus dumerili,Siluriformes,Bagridae,Tachysurus,-23.02,11.69,0.7,1.26,SD,14,Muscle
ID_0459,28052,Yellow catfish,Tachysurus fulvidraco,Siluriformes,Bagridae,Tachysurus,-22.8,11.44,1.31,1.25,SD,19,Muscle
ID_0459,50943,NA,Tachysurus nitidus,Siluriformes,Bagridae,Tachysurus,-22.97,12.2,1.16,1.37,SD,16,Muscle
ID_0459,55396,NA,Toxabramis swinhonis,Cypriniformes,Xenocyprididae,Toxabramis,-22.22,9.6,0.7,0.95,SD,13,Muscle
ID_0459,54925,NA,Xenocypris davidi,Cypriniformes,Xenocyprididae,Xenocypris,-21.24,7.67,0.82,0.7,SD,22,Muscle
ID_0459,11099,Yellowfin,Xenocypris macrolepis,Cypriniformes,Xenocyprididae,Xenocypris,-21,9.01,0.13,0.32,SD,13,Muscle
ID_0460,2962,Longnose sucker,Catostomus catostomus,Cypriniformes,Catostomidae,Catostomus,-25,6.4,0.5,0.5,SD,3,Muscle
ID_0460,2972,Largescale succker,Catostomus macrocheilus,Cypriniformes,Catostomidae,Catostomus,-25.8,6.2,0.7,0.4,SD,7,Muscle
ID_0460,3382,Smallmouth bass,Micropterus dolomieu,Centrarchiformes,Centrarchidae,Micropterus,-21.6,6.6,NA,NA,NA,1,Muscle
ID_0460,2804,Peamouth,Mylocheilus caurinus,Cypriniformes,Leuciscidae,Mylocheilus,-25.3,6,0.7,0.2,SD,10,Muscle
ID_0460,2688,Cutthroat trout,Oncorhynchus clarkii,Salmoniformes,Salmonidae,Oncorhynchus,-25.5,6.4,0.4,0.1,SD,16,Muscle
ID_0460,243,Kokanee,Oncorhynchus nerka,Salmoniformes,Salmonidae,Oncorhynchus,-28.2,6,0.2,0.2,SD,20,Muscle
ID_0460,359,Yellow perch,Perca flavescens,Perciformes/Percoidei,Percidae,Perca,-21.2,7.3,NA,NA,NA,1,Muscle
ID_0460,2685,Mountain whitefish,Prosopium williamsoni,Salmoniformes,Salmonidae,Prosopium,-25.8,6.9,0.4,0.1,SD,17,Muscle
ID_0460,2940,Northern pike minnow,Ptychocheilus oregonensis,Cypriniformes,Leuciscidae,Ptychocheilus,-24.5,7.3,0.4,0.3,SD,6,Muscle
ID_0460,2690,Bull trout,Salvelinus confluentus,Salmoniformes,Salmonidae,Salvelinus,-27.6,8.4,0.4,0.1,SD,3,Muscle
ID_0460,246,Brook trout,Salvelinus fontinalis,Salmoniformes,Salmonidae,Salvelinus,-26,7.2,0.9,0.5,SD,6,Muscle
ID_0460,248,Lake trout,Salvelinus namaycush,Salmoniformes,Salmonidae,Salvelinus,-28.6,8.6,0,0,SD,412,Muscle
ID_0460,269,Tench,Tinca tinca,Cypriniformes,Tincidae,Tinca,-24.6,5,0.5,0.2,SD,5,Muscle
ID_0461,3022,Brown bullhead,Ameiurus nebulosus,Siluriformes,Ictaluridae,Ameiurus,-32.9,12.2,0.69,0.2,SE,5,Muscle
ID_0461,297,Shortfin eel,Anguilla australis,Anguilliformes,Anguillidae,Anguilla,-30.3,12.6,0.63,0.2,SE,12,Muscle
ID_0461,11878,New Zealand longfin eel,Anguilla dieffenbachii,Anguilliformes,Anguillidae,Anguilla,-30.9,14.4,NA,NA,NA,1,Muscle
ID_0461,3215,Mosquitofish,Gambusia affinis,Cyprinodontiformes,Poeciliidae,Gambusia,-32.8,13.2,0.19,0.27,SE,11,Muscle
ID_0461,10353,Common bully,Gobiomorphus cotidianus,Gobiiformes,Eleotridae,Gobiomorphus,-33.1,12.4,0.17,0.24,SE,16,Muscle
ID_0461,2951,Rudd,Scardinius erythrophthalmus,Cypriniformes,Leuciscidae,Scardinius,-33.6,12.9,0.2,0.08,SE,4,Muscle
ID_0462,3022,Brown bullhead,Ameiurus nebulosus,Siluriformes,Ictaluridae,Ameiurus,-25.1,13.2,0.16,0.09,SE,19,Muscle
ID_0462,297,Shortfin eel,Anguilla australis,Anguilliformes,Anguillidae,Anguilla,-24.2,13.2,0.1,0.14,SE,51,Muscle
ID_0462,11878,New Zealand longfin eel,Anguilla dieffenbachii,Anguilliformes,Anguillidae,Anguilla,-23.5,14.7,0.05,0.66,SE,2,Muscle
ID_0462,NA,Cyprinid sp,C carpio-C auratus hybrid,Cypriniformes,Cyprinidae,Cyprinus,-26.1,13.8,NA,NA,NA,1,Muscle
ID_0462,1450,Common carp,Cyprinus carpio,Cypriniformes,Cyprinidae,Cyprinus,-25.4,12.8,0.31,0.16,SE,7,Muscle
ID_0462,3215,Mosquitofish,Gambusia affinis,Cyprinodontiformes,Poeciliidae,Gambusia,-23.4,14.1,0.15,0.2,SE,17,Muscle
ID_0462,10353,Common bully,Gobiomorphus cotidianus,Gobiiformes,Eleotridae,Gobiomorphus,-24.3,13,0.25,0.11,SE,18,Muscle
ID_0462,2951,Rudd,Scardinius erythrophthalmus,Cypriniformes,Leuciscidae,Scardinius,-24.4,12.5,0.2,0.07,SE,3,Muscle
ID_0463,3022,Brown bullhead,Ameiurus nebulosus,Siluriformes,Ictaluridae,Ameiurus,-26.2,12,0.56,0.33,SE,26,Muscle
ID_0463,297,Shortfin eel,Anguilla australis,Anguilliformes,Anguillidae,Anguilla,-25.7,12.5,0.22,0.17,SE,49,Muscle
ID_0463,11878,New Zealand longfin eel,Anguilla dieffenbachii,Anguilliformes,Anguillidae,Anguilla,-24.7,12.8,1.04,0.49,SE,13,Muscle
ID_0463,NA,Cyprinid sp,C carpio-C auratus hybrid,Cypriniformes,Cyprinidae,Cyprinus,-26,11.1,0.93,0.48,SE,5,Muscle
ID_0463,271,Goldfish,Carassius auratus,Cypriniformes,Cyprinidae,Carassius,-29.3,11.1,0.6,0.36,SE,4,Muscle
ID_0463,1450,Common carp,Cyprinus carpio,Cypriniformes,Cyprinidae,Cyprinus,-27.5,11.4,0.19,0.31,SE,6,Muscle
ID_0463,3215,Mosquitofish,Gambusia affinis,Cyprinodontiformes,Poeciliidae,Gambusia,-26.7,12.3,0.18,0.13,SE,47,Muscle
ID_0463,10353,Common bully,Gobiomorphus cotidianus,Gobiiformes,Eleotridae,Gobiomorphus,-28.1,12.5,0.2,0.13,SE,65,Muscle
ID_0464,3022,Brown bullhead,Ameiurus nebulosus,Siluriformes,Ictaluridae,Ameiurus,-29.5,9.7,0.28,0.15,SE,27,Muscle
ID_0464,297,Shortfin eel,Anguilla australis,Anguilliformes,Anguillidae,Anguilla,-26.5,10.1,0.23,0.16,SE,41,Muscle
ID_0464,11878,New Zealand longfin eel,Anguilla dieffenbachii,Anguilliformes,Anguillidae,Anguilla,-28.6,11.2,0.73,0.33,SE,3,Muscle
ID_0464,NA,Cyprinid sp,C carpio-C auratus hybrid,Cypriniformes,Cyprinidae,Cyprinus,-29.8,9.2,0.42,0.02,SE,2,Muscle
ID_0464,271,Goldfish,Carassius auratus,Cypriniformes,Cyprinidae,Carassius,-30,9,0.16,0.17,SE,6,Muscle
ID_0464,1450,Common carp,Cyprinus carpio,Cypriniformes,Cyprinidae,Cyprinus,-28.8,8.2,1.09,0.41,SE,4,Muscle
ID_0464,7579,Inanga,Galaxias maculatus,Galaxiiformes,Galaxiidae,Galaxias,-26.8,9.7,1.25,0.23,SE,4,Muscle
ID_0464,3215,Mosquitofish,Gambusia affinis,Cyprinodontiformes,Poeciliidae,Gambusia,-29.4,11.1,0.14,0.12,SE,36,Muscle
ID_0464,10353,Common bully,Gobiomorphus cotidianus,Gobiiformes,Eleotridae,Gobiomorphus,-30.7,9.6,0.11,0.07,SE,46,Muscle
ID_0464,2951,Rudd,Scardinius erythrophthalmus,Cypriniformes,Leuciscidae,Scardinius,-29.7,10.2,0.18,0.19,SE,5,Muscle
ID_0465,3022,Brown bullhead,Ameiurus nebulosus,Siluriformes,Ictaluridae,Ameiurus,-29.5,10.8,0.11,0.16,SE,10,Muscle
ID_0465,297,Shortfin eel,Anguilla australis,Anguilliformes,Anguillidae,Anguilla,-28.3,11.2,0.15,0.19,SE,34,Muscle
ID_0465,271,Goldfish,Carassius auratus,Cypriniformes,Cyprinidae,Carassius,-28.5,9.7,0.51,0.11,SE,7,Muscle
ID_0465,3215,Mosquitofish,Gambusia affinis,Cyprinodontiformes,Poeciliidae,Gambusia,-27.9,11.1,0.11,0.13,SE,44,Muscle
ID_0465,10353,Common bully,Gobiomorphus cotidianus,Gobiiformes,Eleotridae,Gobiomorphus,-29.8,10.4,0.17,0.08,SE,44,Muscle
ID_0465,12243,Smelt,Retropinna retropinna,Osmeriformes,Retropinnidae,Retropinna,-30.5,12.3,0.28,0.15,SE,14,Muscle
ID_0465,2951,Rudd,Scardinius erythrophthalmus,Cypriniformes,Leuciscidae,Scardinius,-29,8.3,0.33,0.48,SE,10,Muscle
ID_0466,3022,Brown bullhead,Ameiurus nebulosus,Siluriformes,Ictaluridae,Ameiurus,-30.7,10.2,0.13,0.24,SE,9,Muscle
ID_0466,297,Shortfin eel,Anguilla australis,Anguilliformes,Anguillidae,Anguilla,-29.8,11.4,0.16,0.14,SE,42,Muscle
ID_0466,11878,New Zealand longfin eel,Anguilla dieffenbachii,Anguilliformes,Anguillidae,Anguilla,-28.8,11.7,0.38,0.31,SE,4,Muscle
ID_0466,3215,Mosquitofish,Gambusia affinis,Cyprinodontiformes,Poeciliidae,Gambusia,-27.5,11.6,0.4,0.17,SE,42,Muscle
ID_0466,10353,Common bully,Gobiomorphus cotidianus,Gobiiformes,Eleotridae,Gobiomorphus,-31.2,9.5,0.22,0.16,SE,64,Muscle
ID_0466,12243,Smelt,Retropinna retropinna,Osmeriformes,Retropinnidae,Retropinna,-32.4,10.9,0.09,0.15,SE,27,Muscle
ID_0466,2951,Rudd,Scardinius erythrophthalmus,Cypriniformes,Leuciscidae,Scardinius,-29,11.6,0.56,0.25,SE,12,Muscle
ID_0467,268,Common bream,Abramis brama,Cypriniformes,Leuciscidae,Abramis,-28.1,14.1,0.5,0.5,SD,6,Muscle
ID_0467,4730,Bleak,Alburnus alburnus,Cypriniformes,Leuciscidae,Alburnus,-28.9,12.9,0.4,0.4,SD,6,Muscle
ID_0467,4471,White bream,Blicca bjoerkna,Cypriniformes,Leuciscidae,Blicca,-29.3,15.6,0.6,0.4,SD,9,Muscle
ID_0467,4478,Gudgeon,Gobio gobio,Cypriniformes,Gobionidae,Gobio,-29,14.4,0.1,0.4,SD,6,Muscle
ID_0467,4474,Ruffe,Gymnocephalus cernua,Perciformes/Percoidei,Percidae,Gymnocephalus,-27.6,13,0.1,0.2,SD,6,Muscle
ID_0467,4662,Dace,Leuciscus leuciscus,Cypriniformes,Leuciscidae,Leuciscus,-28.8,14.4,0.2,0.2,SD,3,Muscle
ID_0467,12019,Round goby,Neogobius melanostomus,Gobiiformes,Gobiidae,Neogobius,-27.1,13,0.6,0.3,SD,7,Muscle
ID_0467,358,Perch,Perca fluviatilis,Perciformes/Percoidei,Percidae,Perca,-27.7,14.8,0.23,0.2,SD,9,Muscle
ID_0467,272,Roach,Rutilus rutilus,Cypriniformes,Leuciscidae,Rutilus,-29,13.83,0.2,0.33,SD,9,Muscle
ID_0467,360,Pike perch,Sander lucioperca,Perciformes/Percoidei,Percidae,Sander,-26.2,16.1,0.7,0.6,SD,6,Muscle
ID_0467,6375,Vimba bream,Vimba vimba,Cypriniformes,Leuciscidae,Vimba,-26.8,14.2,0.5,0.4,SD,3,Muscle
ID_0468,268,Common bream,Abramis brama,Cypriniformes,Leuciscidae,Abramis,-29,13.9,0.6,0.5,SE,5,Muscle
ID_0468,258,Northern pike,Esox lucius,Esociformes,Esocidae,Esox,-30.1,17,0.5,1.1,SE,5,Muscle
ID_0468,358,Perch,Perca fluviatilis,Perciformes/Percoidei,Percidae,Perca,-28.4,16.5,0.4,0.6,SE,11,Muscle
ID_0468,272,Roach,Rutilus rutilus,Cypriniformes,Leuciscidae,Rutilus,-28.1,13.8,0.4,0.2,SE,11,Muscle
ID_0469,NA,Cyprinid_juvenile,Cyprinidae,Cypriniformes,Cyprinidae,NA,-30.03,5.65,1.18,0.96,SD,6,Muscle
ID_0469,4782,Sunbleak,Leucaspius delineatus,Cypriniformes,Leuciscidae,Leucaspius,-28.78,6.9,0.64,0.81,SD,6,Muscle
ID_0469,358,Perch,Perca fluviatilis,Perciformes/Percoidei,Percidae,Perca,-29.3,7.55,0.14,0.07,SD,2,Muscle
ID_0469,272,Roach,Rutilus rutilus,Cypriniformes,Leuciscidae,Rutilus,-28.65,5.15,1.64,0.96,SD,13,Muscle
ID_0469,2951,Rudd,Scardinius erythrophthalmus,Cypriniformes,Leuciscidae,Scardinius,-27,5.67,0.85,0.79,SD,6,Muscle
ID_0470,NA,Cyprinid_juvenile,Cyprinidae,Cypriniformes,Cyprinidae,NA,-32.7,6.08,2.1,1.66,SD,6,Muscle
ID_0470,258,Northern pike,Esox lucius,Esociformes,Esocidae,Esox,-30.2,6.72,0.24,0.36,SD,4,Muscle
ID_0470,4782,Sunbleak,Leucaspius delineatus,Cypriniformes,Leuciscidae,Leucaspius,-31.82,8.53,0.94,0.79,SD,6,Muscle
ID_0470,272,Roach,Rutilus rutilus,Cypriniformes,Leuciscidae,Rutilus,-30.98,5.88,1.28,1.38,SD,16,Muscle
ID_0470,2951,Rudd,Scardinius erythrophthalmus,Cypriniformes,Leuciscidae,Scardinius,-28.12,5.9,1.09,1.01,SD,5,Muscle
ID_0470,269,Tench,Tinca tinca,Cypriniformes,Tincidae,Tinca,-31.25,4.45,0.07,0.21,SD,2,Muscle
ID_0471,231,Vendace,Coregonus albula,Salmoniformes,Salmonidae,Coregonus,-29.3,8.8,0.4,0.4,SD,29,Muscle
ID_0471,232,European whitefish_DR,Coregonus lavaretus,Salmoniformes,Salmonidae,Coregonus,-28.7,8.8,0.6,0.7,SD,32,Muscle
ID_0471,232,European whitefish_LDR,Coregonus lavaretus,Salmoniformes,Salmonidae,Coregonus,-26.5,8.4,1.7,0.5,SD,28,Muscle
ID_0471,232,European whitefish_LSR,Coregonus lavaretus,Salmoniformes,Salmonidae,Coregonus,-25.4,8.7,2.6,1.1,SD,32,Muscle
ID_0471,232,European whitefish_SSR,Coregonus lavaretus,Salmoniformes,Salmonidae,Coregonus,-28,10.7,0.5,0.4,SD,27,Muscle
ID_0471,258,Northern pike,Esox lucius,Esociformes,Esocidae,Esox,-24.4,9.6,0.9,0.5,SD,21,Muscle
ID_0471,2420,Three-spined stickleback,Gasterosteus aculeatus,Perciformes/Gasterosteoidei,Gasterosteidae,Gasterosteus,-22.9,7.1,2.4,0.8,SD,13,Muscle
ID_0471,310,Burbot,Lota lota,Gadiformes,Lotidae,Lota,-24.4,9.9,1.4,0.9,SD,24,Muscle
ID_0471,358,Perch,Perca fluviatilis,Perciformes/Percoidei,Percidae,Perca,-24,8.6,2,0.9,SD,28,Muscle
ID_0471,238,Brown trout,Salmo trutta,Salmoniformes,Salmonidae,Salmo,-26.1,9.9,1.9,0.7,SD,29,Muscle
ID_0471,247,Arctic charr,Salvelinus alpinus,Salmoniformes,Salmonidae,Salvelinus,-26.5,11.7,1.3,0.8,SD,25,Muscle
ID_0471,248,Lake trout,Salvelinus namaycush,Salmoniformes,Salmonidae,Salvelinus,-24,11.3,2.4,0.5,SD,30,Muscle
ID_0471,4605,Grayling,Thymallus thymallus,Salmoniformes,Salmonidae,Thymallus,-21.8,7.6,0.7,0.3,SD,23,Muscle
ID_0472,495,NA,Anabas testudineus,Anabantiformes,Anabantidae,Anabas,-25.94,9.23,3.63,1,SD,9,Muscle
ID_0472,35,European eel,Anguilla anguilla,Anguilliformes,Anguillidae,Anguilla,-27.08,9.84,1.44,0.13,SD,2,Muscle
ID_0472,286,NA,Barbonymus gonionotus,Cypriniformes,Cyprinidae,Barbonymus,-25.15,7.91,2.49,0.83,SD,8,Muscle
ID_0472,58072,NA,Belodontichthys truncatus,Siluriformes,Siluridae,Belodontichthys,-33.16,8.98,NA,NA,NA,1,Muscle
ID_0472,15224,NA,Boesemania microlepis,Eupercaria/misc,Sciaenidae,Boesemania,-27.25,11.59,1.92,0.81,SD,12,Muscle
ID_0472,25167,NA,Brachirus panoides,Pleuronectiformes,Soleidae,Brachirus,-34.28,7.98,6.94,2.19,SD,3,Muscle
ID_0472,344,Indonesian snakehead,Channa micropeltes,Anabantiformes,Channidae,Channa,-32.75,8.95,1.36,0.8,SD,14,Muscle
ID_0472,343,Striped snakehead,Channa striata,Anabantiformes,Channidae,Channa,-30.07,9.34,1.25,0.75,SD,9,Muscle
ID_0472,27034,NA,Chitala ornata,Osteoglossiformes,Notopteridae,Chitala,-31,9.78,0.79,0.27,SD,5,Muscle
ID_0472,3054,Walking catfish,Clarias batrachus,Siluriformes,Clariidae,Clarias,-29.14,11.04,1,1,SD,5,Muscle
ID_0472,4805,NA,Clarias macrocephalus,Siluriformes,Clariidae,Clarias,-29.38,9.04,1.23,0.89,SD,8,Muscle
ID_0472,14495,NA,Cyclocheilichthys enoplos,Cypriniformes,Cyprinidae,Cyclocheilichthys,-25.75,8.22,2.2,0.83,SD,14,Muscle
ID_0472,4803,NA,Hampala macrolepidota,Cypriniformes,Cyprinidae,Hampala,-32.16,10.07,NA,NA,NA,1,Muscle
ID_0472,58037,NA,Hemibagrus spilopterus,Siluriformes,Bagridae,Hemibagrus,-29.34,11.17,1.27,0.97,SD,12,Muscle
ID_0472,55250,Cirrhinus lobatus,Henicorhynchus entmema,Cypriniformes,Cyprinidae,Henicorhynchus,-28.61,7.29,2.93,0.11,SD,3,Muscle
ID_0472,55277,Cirrhinus siamensis,Henicorhynchus siamensis,Cypriniformes,Cyprinidae,Henicorhynchus,-28.78,6.75,3.34,0.99,SD,11,Muscle
ID_0472,61822,NA,Kryptopterus geminus,Siluriformes,Siluridae,Kryptopterus,-26.55,8.4,0.36,0.68,SD,2,Muscle
ID_0472,12102,NA,Labeo chrysophekadion,Cypriniformes,Cyprinidae,Labeo,-32.34,7.11,0.93,0.56,SD,4,Muscle
ID_0472,25195,Labiobarbus leptocheila,Labiobarbus leptocheilus,Cypriniformes,Cyprinidae,Labiobarbus,-28.33,8.21,1.73,0.54,SD,4,Muscle
ID_0472,27192,NA,Labiobarbus siamensis,Cypriniformes,Cyprinidae,Labiobarbus,-30.75,7.7,2.51,1.8,SD,5,Muscle
ID_0472,50841,NA,Macrognathus semiocellatus,Synbranchiformes,Mastacembelidae,Macrognathus,-32.48,9.26,2.4,0.86,SD,5,Muscle
ID_0472,50400,NA,Macrognathus siamensis,Synbranchiformes,Mastacembelidae,Macrognathus,-32.91,8.57,4.21,0.92,SD,11,Muscle
ID_0472,16144,NA,Mystus albolineatus,Siluriformes,Bagridae,Mystus,-26.93,9.97,1.68,0.78,SD,10,Muscle
ID_0472,26715,NA,Mystus mysticetus,Siluriformes,Bagridae,Mystus,-30.67,9.09,2.99,0.76,SD,13,Muscle
ID_0472,7990,NA,Notopterus notopterus,Osteoglossiformes,Notopteridae,Notopterus,-29.32,10.1,1.26,1.1,SD,9,Muscle
ID_0472,6535,Butter catfish,Ompok bimaculatus,Siluriformes,Siluridae,Ompok,-29.91,9.69,2.86,1,SD,11,Muscle
ID_0472,16124,NA,Osteochilus melanopleura,Cypriniformes,Cyprinidae,Osteochilus,-29.91,9.32,4.65,1.21,SD,2,Muscle
ID_0472,14154,NA,Pangasianodon hypophthalmus,Siluriformes,Pangasiidae,Pangasianodon,-22.56,5.11,0.4,0.49,SD,3,Muscle
ID_0472,12000,NA,Pangasius larnaudii,Siluriformes,Pangasiidae,Pangasius,-30.47,10.92,1.27,0.98,SD,7,Muscle
ID_0472,16235,NA,Parambassis wolffii,Ovalentaria/misc,Ambassidae,Parambassis,-27.88,11.86,0.95,0.56,SD,8,Muscle
ID_0472,16143,Kryptopterus apogon,Phalacronotus apogon,Siluriformes,Siluridae,Phalacronotus,-28.69,10.73,2.38,0.69,SD,8,Muscle
ID_0472,10318,NA,Pristolepis fasciata,Anabantiformes,Pristolepididae,Pristolepis,-31.95,9.28,1.39,0.29,SD,11,Muscle
ID_0472,16203,Serrated anal-spline carp,Puntioplites proctozystron,Cypriniformes,Cyprinidae,Puntioplites,-27.71,8.96,3.41,0.9,SD,12,Muscle
ID_0472,16209,NA,Thynnichthys thynnoides,Cypriniformes,Cyprinidae,Thynnichthys,-34.8,6.78,1.77,0.28,SD,3,Muscle
ID_0472,4729,Trichopodsus microlepis,Trichopodus microlepis,Anabantiformes,Osphronemidae,Trichopodus,-31.42,6.52,2.46,0.88,SD,5,Muscle
ID_0472,499,Trichopodsus pectoralis,Trichopodus pectoralis,Anabantiformes,Osphronemidae,Trichopodus,-32.46,7.49,2.12,0.7,SD,7,Muscle
ID_0472,4675,Trichopodsus trichopterus,Trichopodus trichopterus,Anabantiformes,Osphronemidae,Trichopodus,-33.33,7.27,1.88,1.02,SD,8,Muscle
ID_0472,10243,NA,Wallago attu,Siluriformes,Siluridae,Wallago,-29.62,10.06,0.53,0.98,SD,3,Muscle
ID_0473,6376,Prussian carp,Carassius gibelio,Cypriniformes,Cyprinidae,Carassius,-36.41,14.93,0.12,0.12,SE,15,Muscle
ID_0473,4691,Stone moroko,Pseudorasbora parva,Cypriniformes,Gobionidae,Pseudorasbora,-37.38,15.75,0.17,0.13,SE,12,Muscle
ID_0473,3273,Ninespine stickleback,Pungitius pungitius,Perciformes/Gasterosteoidei,Gasterosteidae,Pungitius,-38.31,13.33,0.61,0.66,SE,10,Muscle
ID_0473,4483,European bitterling,Rhodeus amarus,Cypriniformes,Acheilognathidae,Rhodeus,-35.71,14.22,0.12,0.15,SE,4,Muscle
ID_0474,4471,White bream,Blicca bjoerkna,Cypriniformes,Leuciscidae,Blicca,-35.49,13.79,0.17,0.24,SE,6,Muscle
ID_0474,6376,Prussian carp,Carassius gibelio,Cypriniformes,Cyprinidae,Carassius,-36.64,13.06,0.11,0.11,SE,10,Muscle
ID_0474,1450,Common carp,Cyprinus carpio,Cypriniformes,Cyprinidae,Cyprinus,-34.99,12.84,0.35,0.35,SE,10,Muscle
ID_0474,2420,Three-spined stickleback,Gasterosteus aculeatus,Perciformes/Gasterosteoidei,Gasterosteidae,Gasterosteus,-38.84,10.78,0.31,0.41,SE,10,Muscle
ID_0474,4782,Sunbleak,Leucaspius delineatus,Cypriniformes,Leuciscidae,Leucaspius,-37.46,14.92,0.17,0.14,SE,10,Muscle
ID_0474,4691,Stone moroko,Pseudorasbora parva,Cypriniformes,Gobionidae,Pseudorasbora,-35.84,13.5,0.41,0.1,SE,10,Muscle
ID_0474,4483,European bitterling,Rhodeus amarus,Cypriniformes,Acheilognathidae,Rhodeus,-35.7,12.86,0.25,0.08,SE,10,Muscle
ID_0474,272,Roach,Rutilus rutilus,Cypriniformes,Leuciscidae,Rutilus,-33.62,13.43,0.58,0.22,SE,12,Muscle
ID_0474,2951,Rudd,Scardinius erythrophthalmus,Cypriniformes,Leuciscidae,Scardinius,-33.27,12.99,0.35,0.16,SE,14,Muscle
ID_0475,6376,Prussian carp,Carassius gibelio,Cypriniformes,Cyprinidae,Carassius,-37.73,10.48,0.87,0.2,SE,6,Muscle
ID_0475,2420,Three-spined stickleback,Gasterosteus aculeatus,Perciformes/Gasterosteoidei,Gasterosteidae,Gasterosteus,-39.64,10.1,0.23,0.29,SE,9,Muscle
ID_0475,4691,Stone moroko,Pseudorasbora parva,Cypriniformes,Gobionidae,Pseudorasbora,-38.58,10.7,0.13,0.2,SE,10,Muscle
ID_0475,3273,Ninespine stickleback,Pungitius pungitius,Perciformes/Gasterosteoidei,Gasterosteidae,Pungitius,-37.59,11.47,0.45,0.22,SE,8,Muscle
ID_0475,4483,European bitterling,Rhodeus amarus,Cypriniformes,Acheilognathidae,Rhodeus,-37.53,11.1,0.16,0.46,SE,10,Muscle
ID_0475,2951,Rudd,Scardinius erythrophthalmus,Cypriniformes,Leuciscidae,Scardinius,-35.98,11.07,0.15,0.22,SE,7,Muscle
ID_0476,271,Goldfish,Carassius auratus,Cypriniformes,Cyprinidae,Carassius,-28.2,5.56,0.38,0.12,SE,12,Muscle
ID_0476,4691,Stone moroko,Pseudorasbora parva,Cypriniformes,Gobionidae,Pseudorasbora,-25.51,5.51,0.12,0.08,SE,20,Muscle
ID_0476,2951,Rudd,Scardinius erythrophthalmus,Cypriniformes,Leuciscidae,Scardinius,-26.19,6.61,0.34,0.09,SE,10,Muscle
ID_0476,2951,Rudd,Scardinius erythrophthalmus,Cypriniformes,Leuciscidae,Scardinius,-21.93,4.59,0.45,0.2,SE,17,Muscle
ID_0476,269,Tench,Tinca tinca,Cypriniformes,Tincidae,Tinca,-27.01,6.67,0.57,0.18,SE,12,Muscle
ID_0477,2079,Lenok,Brachymystax lenok,Salmoniformes,Salmonidae,Brachymystax,-22,7.8,2.2,0.9,SD,83,Muscle
ID_0477,310,Burbot,Lota lota,Gadiformes,Lotidae,Lota,-21.3,8.3,0.9,0.9,SD,64,Muscle
ID_0477,358,Eurasian perch,Perca fluviatilis,Perciformes/Percoidei,Percidae,Perca,-24.2,9.3,2.5,0.8,SD,47,Muscle
ID_0477,4661,Eurasian minnow,Phoxinus phoxinus,Cypriniformes,Leuciscidae,Phoxinus,-22.4,7.8,1.8,1,SD,33,Whole
ID_0477,272,Roach,Rutilus rutilus,Cypriniformes,Leuciscidae,Rutilus,-26.6,8.2,3.5,0.9,SD,69,Muscle
ID_0477,48255,Hövsgöl grayling,Thymallus nigrescens,Salmoniformes,Salmonidae,Thymallus,-23,6.6,1.7,0.6,SD,134,Muscle
ID_0478,235,Cisco,Coregonus artedi,Salmoniformes,Salmonidae,Coregonus,-28.8,9.9,0.2,0.1,SE,7,Muscle
ID_0478,234,Lake European whitefish,Coregonus clupeaformis,Salmoniformes,Salmonidae,Coregonus,-25.4,8.8,NA,NA,SE,1,Muscle
ID_0478,2679,Shortjaw cisco,Coregonus zenithicus,Salmoniformes,Salmonidae,Coregonus,-27.9,9.6,0.2,0.1,SE,5,Muscle
ID_0478,NA,Sculpin,Cottus sp,Perciformes/Cottoidei,Cottidae,Cottus,-28.6,10.7,0.3,0.1,SE,3,Muscle
ID_0478,248,Siscowet lake trout,Salvelinus namaycush,Salmoniformes,Salmonidae,Salvelinus,-27.7,13.5,0.1,0.1,SE,15,Muscle
ID_0478,248,Humper lake trout,Salvelinus namaycush,Salmoniformes,Salmonidae,Salvelinus,-27.1,13,0.1,0.1,SE,31,Muscle
ID_0478,248,Lean lake trout,Salvelinus namaycush,Salmoniformes,Salmonidae,Salvelinus,-27.9,12.4,0.1,0.1,SE,34,Muscle
ID_0478,4605,Grayling,Thymallus thymallus,Salmoniformes,Salmonidae,Thymallus,-25.8,11.6,0.1,0.1,SE,4,Fin
ID_0479,3022,Brown bullhead,Ameiurus nebulosus,Siluriformes,Ictaluridae,Ameiurus,-28.9,9.99,NA,NA,NA,30,Muscle
ID_0479,3269,Fourspine stickleback,Apeltes quadracus,Perciformes/Gasterosteoidei,Gasterosteidae,Apeltes,-25,12.7,NA,NA,NA,6,Muscle
ID_0479,2965,White sucker,Catostomus commersonii,Cypriniformes,Catostomidae,Catostomus,-28.8,9.9,NA,NA,NA,36,Muscle
ID_0479,2927,Northern Redbelly dace,Chrosomus eos,Cypriniformes,Leuciscidae,Chrosomus,-32.7,9.58,NA,NA,NA,1,Muscle
ID_0479,2712,Chain pickerel,Esox niger,Esociformes,Esocidae,Esox,-27.2,12.8,NA,NA,NA,8,Muscle
ID_0479,3190,Banded killifish,Fundulus diaphanus,Cyprinodontiformes,Fundulidae,Fundulus,-24.3,11.9,NA,NA,NA,34,Muscle
ID_0479,3372,Pumpkinseed sunfish,Lepomis gibbosus,Centrarchiformes,Centrarchidae,Lepomis,-26.2,12.2,NA,NA,NA,36,Muscle
ID_0479,2851,Common shiner,Luxilus cornutus,Cypriniformes,Leuciscidae,Luxilus,-28.6,11.2,NA,NA,NA,5,Muscle
ID_0479,10142,Pearl dace,Margariscus margarita,Cypriniformes,Leuciscidae,Margariscus,-29.5,9.82,NA,NA,NA,2,Muscle
ID_0479,3382,Smallmouth bass,Micropterus dolomieu,Centrarchiformes,Centrarchidae,Micropterus,-27.2,13.2,NA,NA,NA,10,Muscle
ID_0479,355,White perch,Morone americana,Eupercaria/misc,Moronidae,Morone,-30.1,11,NA,NA,NA,30,Muscle
ID_0479,276,Golden shiner,Notemigonus crysoleucas,Cypriniformes,Leuciscidae,Notemigonus,-27.1,10.2,NA,NA,NA,33,Muscle
ID_0479,359,Yellow perch,Perca flavescens,Perciformes/Percoidei,Percidae,Perca,-27.4,11.7,NA,NA,NA,36,Muscle
ID_0479,246,Brook trout,Salvelinus fontinalis,Salmoniformes,Salmonidae,Salvelinus,-27.6,11.2,NA,NA,NA,2,Muscle
ID_0479,2952,Creek chub,Semotilus atromaculatus,Cypriniformes,Leuciscidae,Semotilus,-28.4,9.32,NA,NA,NA,4,Muscle
ID_0479,2953,Fall fish,Semotilus corporalis,Cypriniformes,Leuciscidae,Semotilus,-27.2,10.7,NA,NA,NA,21,Muscle
ID_0480,271,Goldfish,Carassius auratus,Cypriniformes,Cyprinidae,Carassius,-19.1,10.7,0.9,0.4,SD,NA,Muscle
ID_0480,4799,Snakehead,Channa argus,Anabantiformes,Channidae,Channa,-18,12.3,0.7,0.9,SD,NA,Muscle
ID_0480,1450,Common carp,Cyprinus carpio,Cypriniformes,Cyprinidae,Cyprinus,-19.8,10,1,0.5,SD,NA,Muscle
ID_0480,4755,Sharpbelly,Hemiculter leucisculus,Cypriniformes,Xenocyprididae,Hemiculter,-18.6,10.9,0.2,0.8,SD,NA,Muscle
ID_0480,17288,NA,Metzia lineata,Cypriniformes,Xenocyprididae,Metzia,-21.6,11.5,1.3,0.2,SD,NA,Muscle
ID_0480,2,Nile tilapia,Oreochromis niloticus,Cichliformes,Cichlidae,Oreochromis,-18.3,8.8,0.8,0.3,SD,NA,Muscle
ID_0480,54926,Rosy bitterling,Rhodeus sinensis,Cypriniformes,Acheilognathidae,Rhodeus,-18.4,9.9,2.5,0.5,SD,NA,Muscle
ID_0480,28052,Yellow catfish,Tachysurus fulvidraco,Siluriformes,Bagridae,Tachysurus,-19,12,1.3,0.4,SD,NA,Muscle
ID_0481,271,Goldfish,Carassius auratus,Cypriniformes,Cyprinidae,Carassius,-24.7,17.6,0.1,1.5,SD,NA,Muscle
ID_0481,49051,Mud carp,Cirrhinus molitorella,Cypriniformes,Cyprinidae,Cirrhinus,-24.3,13.9,1,2.2,SD,NA,Muscle
ID_0481,626,Gray's grenadier anchovy,Coilia grayii,Clupeiformes,Engraulidae,Coilia,-24.3,19.2,0.3,0.8,SD,NA,Muscle
ID_0481,1450,Common carp,Cyprinus carpio,Cypriniformes,Cyprinidae,Cyprinus,-25.4,16.9,0.2,0.1,SD,NA,Muscle
ID_0481,4755,Sharpbelly,Hemiculter leucisculus,Cypriniformes,Xenocyprididae,Hemiculter,-24,13.8,0.3,1,SD,NA,Muscle
ID_0481,274,Silver carp,Hypophthalmichthys molitrix,Cypriniformes,Xenocyprididae,Hypophthalmichthys,-24.5,16.1,0.4,0.6,SD,NA,Muscle
ID_0481,48949,Catfish,Hypostomus punctatus,Siluriformes,Loricariidae,Hypostomus,-24.8,16.6,0.3,0.5,SD,NA,Muscle
ID_0481,2,Nile tilapia,Oreochromis niloticus,Cichliformes,Cichlidae,Oreochromis,-24.6,14.1,0.8,1.1,SD,NA,Muscle
ID_0481,4691,Stone moroko,Pseudorasbora parva,Cypriniformes,Gobionidae,Pseudorasbora,-24.9,17.5,0.2,0.3,SD,NA,Muscle
ID_0481,54926,Rosy bitterling,Rhodeus sinensis,Cypriniformes,Acheilognathidae,Rhodeus,-23.7,14.3,0.7,1.6,SD,NA,Muscle
ID_0481,12239,Chinese noodlefish,Salanx chinensis,Osmeriformes,Salangidae,Salanx,-24.2,19.3,0.4,0.4,SD,NA,Muscle
ID_0481,10387,Red eyes carp,Squaliobarbus curriculus,Cypriniformes,Xenocyprididae,Squaliobarbus,-25.5,15.3,1,0.9,SD,NA,Muscle
ID_0482,271,Goldfish,Carassius auratus,Cypriniformes,Cyprinidae,Carassius,-27.46,11.88,0.69,0.36,SE,12,Muscle
ID_0482,46708,Topmouth culter,Culter alburnus,Cypriniformes,Xenocyprididae,Culter,-25.89,14.61,0.88,0.52,SE,12,Muscle
ID_0482,1450,Common carp,Cyprinus carpio,Cypriniformes,Cyprinidae,Cyprinus,-28.17,11.19,0.69,0.45,SE,12,Muscle
ID_0482,274,Silver carp,Hypophthalmichthys molitrix,Cypriniformes,Xenocyprididae,Hypophthalmichthys,-30.08,8.67,0.37,0.6,SE,10,Muscle
ID_0482,275,Bighead carp,Hypophthalmichthys nobilis,Cypriniformes,Xenocyprididae,Hypophthalmichthys,-29.39,9.6,0.48,0.47,SE,NA,Muscle
ID_0483,271,Goldfish,Carassius auratus,Cypriniformes,Cyprinidae,Carassius,-26.34,15.26,0.66,0.55,SE,35,Muscle
ID_0483,46708,Topmouth culter,Culter alburnus,Cypriniformes,Xenocyprididae,Culter,-26.96,17.05,0.7,0.56,SE,35,Muscle
ID_0483,1450,Common carp,Cyprinus carpio,Cypriniformes,Cyprinidae,Cyprinus,-26.12,14.95,0.63,0.53,SE,32,Muscle
ID_0483,274,Silver carp,Hypophthalmichthys molitrix,Cypriniformes,Xenocyprididae,Hypophthalmichthys,-27.06,12.45,0.64,0.54,SE,28,Muscle
ID_0483,275,Bighead carp,Hypophthalmichthys nobilis,Cypriniformes,Xenocyprididae,Hypophthalmichthys,-26.06,13.66,0.82,0.58,SE,32,Muscle
ID_0484,5238,Imberi,Brycinus imberi,Characiformes,Alestidae,Brycinus,-21.19,11.79,1.6,1.28,SD,10,Muscle
ID_0484,1934,Sharptooth catfish,Clarias gariepinus,Siluriformes,Clariidae,Clarias,-21.07,11.01,0.85,0.81,SD,4,Muscle
ID_0484,1397,Redbreast tilapia,Coptodon rendalli,Cichliformes,Cichlidae,Coptodon,-18.2,12.06,2.15,0.53,SD,6,Muscle
ID_0484,7571,Barb,Enteromius paludinosus,Cypriniformes,Cyprinidae,Enteromius,-22.06,12.44,1.57,1.02,SD,8,Muscle
ID_0484,4833,Tank goby,Glossogobius giuris,Gobiiformes,Gobiidae,Glossogobius,-23.79,13.12,0.63,0.64,SD,7,Muscle
ID_0484,4479,African tigerfish_small,Hydrocynus vittatus,Characiformes,Alestidae,Hydrocynus,-23,14.75,0.5,0.22,SD,13,Muscle
ID_0484,4479,African tigerfish_large,Hydrocynus vittatus,Characiformes,Alestidae,Hydrocynus,-22.21,14.12,0.54,0.7,SD,20,Muscle
ID_0484,11570,Rednose labeo,Labeo rosae,Cypriniformes,Cyprinidae,Labeo,-21.57,11.01,2.46,1.47,SD,3,Muscle
ID_0484,3,Mozambique tilapia,Oreochromis mossambicus,Cichliformes,Cichlidae,Oreochromis,-23.87,10.65,1.23,0.79,SD,10,Muscle
ID_0484,12914,Silver cafish,Schilbe intermedius,Siluriformes,Schilbeidae,Schilbe,-23.95,12.98,0.93,0.89,SD,12,Bulk
ID_0485,5238,Imberi,Brycinus imberi,Characiformes,Alestidae,Brycinus,-19.39,14.01,2.35,0.59,SD,4,Muscle
ID_0485,1934,Sharptooth catfish,Clarias gariepinus,Siluriformes,Clariidae,Clarias,-15.77,13.47,0.44,0.36,SD,4,Muscle
ID_0485,11276,Hamilton's barb,Enteromius afrohamiltoni,Cypriniformes,Cyprinidae,Enteromius,-17.9,14.99,2.49,0.29,SD,5,Muscle
ID_0485,5417,Threespot barb,Enteromius trimaculatus,Cypriniformes,Cyprinidae,Enteromius,-17.26,14.03,1.91,0.5,SD,2,Muscle
ID_0485,4479,African tigerfish small,Hydrocynus vittatus,Characiformes,Alestidae,Hydrocynus,-16.46,14.72,0.52,0.58,SD,10,Muscle
ID_0485,11570,Rednose labeo,Labeo rosae,Cypriniformes,Cyprinidae,Labeo,-22.72,13.13,1.22,0.27,SD,2,Muscle
ID_0485,3,Mozambique tilapia,Oreochromis mossambicus,Cichliformes,Cichlidae,Oreochromis,-17.15,11.19,0.54,0.46,SD,21,Muscle
ID_0485,12914,Silver cafish,Schilbe intermedius,Siluriformes,Schilbeidae,Schilbe,-18.66,14.46,2.16,0.67,SD,5,Muscle
ID_0485,7743,Brown squeaker,Synodontis zambezensis,Siluriformes,Mochokidae,Synodontis,-20.31,15.06,1.14,0.49,SD,5,Muscle
ID_0486,4730,Bleak,Alburnus alburnus,Cypriniformes,Leuciscidae,Alburnus,-26.2,15.6,0.1,0.4,SE,7,Muscle
ID_0486,1450,Common carp,Cyprinus carpio,Cypriniformes,Cyprinidae,Cyprinus,-25.2,14.1,0.4,1,SE,3,Muscle
ID_0486,290,Channel catfish,Ictalurus punctatus,Siluriformes,Ictaluridae,Ictalurus,-26.6,15.9,0.1,0.2,SE,29,Muscle
ID_0486,3372,Pumpkinseed sunfish,Lepomis gibbosus,Centrarchiformes,Centrarchidae,Lepomis,-25.8,15.7,0.1,0.4,SE,16,Muscle
ID_0486,4691,Stone moroko,Pseudorasbora parva,Cypriniformes,Gobionidae,Pseudorasbora,-26,14.8,0.1,0.3,SE,4,Muscle
ID_0486,289,European catfish,Silurus glanis,Siluriformes,Siluridae,Silurus,-25.5,17.1,0.1,0.1,SE,37,Muscle
ID_0487,23432,Darter characine,Apareiodon affinis,Characiformes,Parodontidae,Apareiodon,-19.78,13.21,1.54,0.56,SD,19,Muscle
ID_0487,51247,NA,Cyphocharax naegelii,Characiformes,Curimatidae,Cyphocharax,-21.68,12.54,2.82,0.83,SD,10,Muscle
ID_0487,5377,Atipa,Hoplosternum littorale,Siluriformes,Callichthyidae,Hoplosternum,-23.43,13.36,4.42,0.53,SD,4,Muscle
ID_0487,50677,NA,Loricariichthys platymetopon,Siluriformes,Loricariidae,Loricariichthys,-25.78,9.31,3.46,2.53,SD,33,Muscle
ID_0487,13056,Streaked prochilod,Prochilodus lineatus,Characiformes,Prochilodontidae,Prochilodus,-29.08,8.56,3.98,2.14,SD,54,Muscle
ID_0487,66221,Royal plec,Pterygoplichthys ambrosettii,Siluriformes,Loricariidae,Pterygoplichthys,-29.82,7.53,2.26,1.87,SD,19,Muscle
ID_0487,57778,Pantanal eartheater,Satanoperca pappaterra,Cichliformes,Cichlidae,Satanoperca,-30.17,8.04,3.23,0.3,SD,9,Muscle
ID_0487,53118,Characin,Steindachnerina brevipinna,Characiformes,Curimatidae,Steindachnerina,-20.21,10.46,1.88,1.92,SD,6,Muscle
ID_0487,52540,NA,Steindachnerina insculpta,Characiformes,Curimatidae,Steindachnerina,-21.61,12.42,5.03,1.52,SD,5,Muscle
ID_0488,51077,Peixe-cachorro,Acestrorhynchus lacustris,Characiformes,Acestrorhynchidae,Acestrorhynchus,-22.44,12.19,1.18,2.15,SD,5,Muscle/Whole
ID_0488,12340,Tetras,Aphyocharax rathbuni,Characiformes,Characidae,Aphyocharax,-22.19,15.64,2.55,6.54,SD,5,Muscle/Whole
ID_0488,4679,Chameleon cichlid,Australoheros facetus,Cichliformes,Cichlidae,Australoheros,-27.23,7.84,1.25,0.52,SD,3,Muscle/Whole
ID_0488,46801,NA,Cichlasoma sanctifranciscense,Cichliformes,Cichlidae,Cichlasoma,-22.65,8.71,0.49,0.21,SD,4,Muscle/Whole
ID_0488,12941,Tetras,Deuterodon taeniatus,Characiformes,Characidae,Deuterodon,-24.18,8.97,1.05,0.65,SD,9,Muscle/Whole
ID_0488,12221,Glass knifefish,Eigenmannia virescens,Gymnotiformes,Sternopygidae,Eigenmannia,-26.13,8.45,1.43,1.32,SD,8,Muscle/Whole
ID_0488,67591,NA,Hoplias intermedius,Characiformes,Erythrinidae,Hoplias,-23.78,10.36,0.38,1.54,SD,4,Muscle/Whole
ID_0488,48907,Cascudo,Hypostomus francisci,Siluriformes,Loricariidae,Hypostomus,-27.52,8.67,0.43,0.95,SD,3,Muscle/Whole
ID_0488,66186,NA,Lepidocharax burnsi,Characiformes,Characidae,Lepidocharax,-25.93,8.44,0.91,0.3,SD,5,Muscle/Whole
ID_0488,58478,NA,Leporinus marcgravii,Characiformes,Anostomidae,Leporinus,-26.34,8.29,0.59,0.27,SD,5,Muscle/Whole
ID_0488,53304,NA,Leporinus taeniatus,Characiformes,Anostomidae,Leporinus,-23.58,10.28,0.97,2.19,SD,6,Muscle/Whole
ID_0488,51875,Piau,Megaleporinus reinhardti,Characiformes,Anostomidae,Megaleporinus,-24.58,8.71,0.9,0.39,SD,5,Muscle/Whole
ID_0488,53460,Pacu,Myleus micans,Characiformes,Serrasalmidae,Myleus,-19.32,18.3,4.88,7.43,SD,3,Muscle/Whole
ID_0488,64078,One spot toothcarp,Phalloceros uai,Cyprinodontiformes,Poeciliidae,Phalloceros,-26.46,8.08,1.52,0.84,SD,5,Muscle/Whole
ID_0488,56456,Piaba,Piabina argentea,Characiformes,Characidae,Piabina,-25.81,8.51,0.69,0.22,SD,5,Muscle/Whole
ID_0488,48464,Mandi,Pimelodus fur,Siluriformes,Pimelodidae,Pimelodus,-24.3,11.14,0.58,1.17,SD,4,Muscle/Whole
ID_0488,3228,Guppy,Poecilia reticulata,Cyprinodontiformes,Poeciliidae,Poecilia,-25.64,7.53,2.11,0.23,SD,5,Muscle/Whole
ID_0488,53116,NA,Steindachnerina elegans,Characiformes,Curimatidae,Steindachnerina,-23.07,5.67,0.72,1.21,SD,8,Muscle/Whole
ID_0489,12340,Tetras,Aphyocharax rathbuni,Characiformes,Characidae,Aphyocharax,-24.81,9.73,0.44,0.43,SD,5,Muscle/Whole
ID_0489,12221,Glass knifefish,Eigenmannia virescens,Gymnotiformes,Sternopygidae,Eigenmannia,-26.64,8.11,0.42,0.36,SD,5,Muscle/Whole
ID_0489,NA,NA,Homodiaetus sp,Siluriformes,Trichomycteridae,Homodiaetus,-23.65,13.4,0.72,0.26,SD,2,Muscle/Whole
ID_0489,48932,NA,Hypostomus margaritifer,Siluriformes,Loricariidae,Hypostomus,-26.23,8.97,1.99,1.11,SD,3,Muscle/Whole
ID_0489,66186,NA,Lepidocharax burnsi,Characiformes,Characidae,Lepidocharax,-25.38,9.53,0.99,0.39,SD,5,Muscle/Whole
ID_0489,54557,NA,Pareiorhaphis mutuca,Siluriformes,Loricariidae,Pareiorhaphis,-31.19,6.19,3.32,0.51,SD,3,Muscle/Whole
ID_0489,56456,Piaba,Piabina argentea,Characiformes,Characidae,Piabina,-25.6,9.08,0.9,0.65,SD,10,Muscle/Whole
ID_0489,48464,Mandi,Pimelodus fur,Siluriformes,Pimelodidae,Pimelodus,-20.9,14.32,0.23,0,SD,2,Muscle/Whole
ID_0489,23422,NA,Serrapinnus piaba,Characiformes,Characidae,Serrapinnus,-24.59,9.36,0.69,0.75,SD,5,Muscle/Whole
ID_0489,53116,NA,Steindachnerina elegans,Characiformes,Curimatidae,Steindachnerina,-29.36,7.62,1.69,0.42,SD,2,Muscle/Whole
ID_0490,54529,Osman tibetsky_all sizes,Gymnocypris chui,Cypriniformes,Cyprinidae,Gymnocypris,-22.33,11.13,0.73,0.83,SD,5,Muscle
ID_0490,56081,Langtso paljaskarbik_all sizes,Gymnocypris scleracanthus,Cypriniformes,Cyprinidae,Gymnocypris,-20.62,10.32,0.8,0.8,SD,4,Muscle
ID_0490,24669,Tibetan stone loach,Triplophysa stolickai,Cypriniformes,Nemacheilidae,Triplophysa,-21.74,10.45,0.67,0.33,SD,5,Muscle
ID_0491,271,Goldfish,Carassius auratus,Cypriniformes,Cyprinidae,Carassius,-23,11.2,7.1,3.8,SD,9,Muscle
ID_0491,46706,NA,Chanodichthys mongolicus,Cypriniformes,Xenocyprididae,Chanodichthys,-25.9,13.6,7.6,1.7,SD,10,Muscle
ID_0491,79,Grass carp,Ctenopharyngodon idella,Cypriniformes,Xenocyprididae,Ctenopharyngodon,-28,8,5.1,1.6,SD,10,Muscle
ID_0491,46708,Topmouth culter,Culter alburnus,Cypriniformes,Xenocyprididae,Culter,-27.2,14.2,4.4,2.4,SD,7,Muscle
ID_0491,1450,Common carp,Cyprinus carpio,Cypriniformes,Cyprinidae,Cyprinus,-26.9,11.2,5.6,1.9,SD,9,Muscle
ID_0491,12068,Yellowcheek carp,Elopichthys bambusa,Cypriniformes,Xenocyprididae,Elopichthys,-31.4,12.4,5.8,1.9,SD,3,Muscle
ID_0491,274,Silver carp,Hypophthalmichthys molitrix,Cypriniformes,Xenocyprididae,Hypophthalmichthys,-24.9,9.7,6.9,0.9,SD,2,Muscle
ID_0491,275,Bighead carp,Hypophthalmichthys nobilis,Cypriniformes,Xenocyprididae,Hypophthalmichthys,-23.6,9.1,5.3,2,SD,5,Muscle
ID_0491,282,White amur bream,Parabramis pekinensis,Cypriniformes,Xenocyprididae,Parabramis,-25.4,9,5.9,1.9,SD,14,Muscle
ID_0491,6566,Amur catfish,Silurus asotus,Siluriformes,Siluridae,Silurus,-24,10.4,6.1,3.6,SD,9,Muscle
ID_0491,28054,Mandarin fish,Siniperca chuatsi,Centrarchiformes,Sinipercidae,Siniperca,-28.4,10.9,2.9,0.5,SD,5,Muscle
ID_0491,10387,Red eyes carp,Squaliobarbus curriculus,Cypriniformes,Xenocyprididae,Squaliobarbus,-26.1,10.4,9.4,0.9,SD,4,Muscle
ID_0492,46253,Darkspotted catfish,Aspidoras fuscoguttatus,Siluriformes,Callichthyidae,Aspidoras,-28.19,9.88,2.15,1.31,SD,NA,Muscle/Whole
ID_0492,58108,Yellow-tail tetra,Astyanax altiparanae,Characiformes,Characidae,Astyanax,-22.53,7.73,1.49,0.61,SD,NA,Muscle/Whole
ID_0492,28025,NA,Characidium zebra,Characiformes,Crenuchidae,Characidium,-26.36,10.28,0.92,0.63,SD,NA,Muscle/Whole
ID_0492,67600,NA,Curculionichthys piracanjuba,Siluriformes,Loricariidae,Curculionichthys,-29.83,10.47,0.86,0.53,SD,NA,Muscle/Whole
ID_0492,51150,NA,Knodus moenkhausii,Characiformes,Characidae,Knodus,-24.62,8.58,1.19,1.01,SD,NA,Muscle/Whole
ID_0493,46253,Darkspotted catfish,Aspidoras fuscoguttatus,Siluriformes,Callichthyidae,Aspidoras,-25.28,11.59,1.94,1.06,SD,NA,Muscle/Whole
ID_0493,58108,Yellow-tail tetra,Astyanax altiparanae,Characiformes,Characidae,Astyanax,-21.19,8.96,0.86,1.43,SD,NA,Muscle/Whole
ID_0493,28025,NA,Characidium zebra,Characiformes,Crenuchidae,Characidium,-26.32,9.86,0.95,0.27,SD,NA,Muscle/Whole
ID_0493,67600,NA,Curculionichthys piracanjuba,Siluriformes,Loricariidae,Curculionichthys,-26.83,10.22,0.62,0.28,SD,NA,Muscle/Whole
ID_0493,51150,NA,Knodus moenkhausii,Characiformes,Characidae,Knodus,-23.37,9.88,0.91,0.94,SD,NA,Muscle/Whole
ID_0494,46253,Darkspotted catfish,Aspidoras fuscoguttatus,Siluriformes,Callichthyidae,Aspidoras,-27.18,11.1,4.2,0.59,SD,NA,Muscle/Whole
ID_0494,58108,Yellow-tail tetra,Astyanax altiparanae,Characiformes,Characidae,Astyanax,-19.97,9.18,1.45,1.24,SD,NA,Muscle/Whole
ID_0494,28025,NA,Characidium zebra,Characiformes,Crenuchidae,Characidium,-26.32,10.8,0.79,0.62,SD,NA,Muscle/Whole
ID_0494,67600,NA,Curculionichthys piracanjuba,Siluriformes,Loricariidae,Curculionichthys,-29.56,11.12,2.66,0.62,SD,NA,Muscle/Whole
ID_0494,51150,NA,Knodus moenkhausii,Characiformes,Characidae,Knodus,-29.95,10.51,2.73,0.93,SD,NA,Muscle/Whole
ID_0495,67117,NA,Ancistomus feldbergae,Siluriformes,Loricariidae,Ancistomus,-27.11,10.45,0.23,0.35,SD,2,Muscle
ID_0495,51577,Konnapartamonni,Ancistrus ranunculus,Siluriformes,Loricariidae,Ancistrus,-29.51,10.1,2.67,0.27,SD,4,Muscle
ID_0495,25737,Carachama,Aphanotorulus emarginatus,Siluriformes,Loricariidae,Aphanotorulus,-21.39,9.46,2.24,0.51,SD,2,Muscle
ID_0495,66162,Mango pleco,Baryancistrus chrysolomus,Siluriformes,Loricariidae,Baryancistrus,-20.45,9.36,1.93,0.8,SD,4,Muscle
ID_0495,66161,Gold nugget pleco,Baryancistrus xanthellus,Siluriformes,Loricariidae,Baryancistrus,-23.48,9.39,1.88,0.05,SD,4,Muscle
ID_0495,27228,Piakoko,Boulengerella cuvieri,Characiformes,Ctenoluciidae,Boulengerella,-27.8,11.46,2.01,0.05,SD,2,Muscle
ID_0495,14171,Maloko,Brycon falcatus,Characiformes,Bryconidae,Brycon,-26.62,10.05,0.33,0.78,SD,6,Muscle
ID_0495,NA,Hyaline adipose,Brycon sp,Characiformes,Bryconidae,Brycon,-26.75,11.03,0.49,0.13,SD,4,Muscle
ID_0495,62988,NA,Cichla melaniae,Cichliformes,Cichlidae,Cichla,-25.14,11.49,4.5,1.29,SD,2,Muscle
ID_0495,46877,Spottail pike cichlid,Crenicichla lugubris,Cichliformes,Cichlidae,Crenicichla,-24.74,11.95,3.43,1.04,SD,2,Muscle
ID_0495,46930,Builder fish,Geophagus argyrostictus,Cichliformes,Cichlidae,Geophagus,-27.64,10.44,1.03,0.23,SD,6,Muscle
ID_0495,58310,NA,Harttia duriventris,Siluriformes,Loricariidae,Harttia,-25.98,10.5,2.63,0.2,SD,3,Muscle
ID_0495,55450,NA,Hemiodus vorderwinkleri,Characiformes,Hemiodontidae,Hemiodus,-21.7,10.58,1.9,0.45,SD,4,Muscle
ID_0495,60314,NA,Hypomasticus julii,Characiformes,Anostomidae,Hypomasticus,-24.19,11.09,1.28,0.42,SD,4,Muscle
ID_0495,5352,Banded leporinus,Leporinus fasciatus,Characiformes,Anostomidae,Leporinus,-30.14,10.9,1.1,0.36,SD,5,Muscle
ID_0495,51158,Pacu,Myleus setiger,Characiformes,Serrasalmidae,Myleus,-30.93,10.65,1.88,0.52,SD,3,Muscle
ID_0495,53334,Pacu branco,Myloplus arnoldi,Characiformes,Serrasalmidae,Myloplus,-20.72,8.56,1.05,0.33,SD,2,Muscle
ID_0495,11960,Disk tetra,Myloplus schomburgkii,Characiformes,Serrasalmidae,Myloplus,-28.06,8.34,NA,NA,SD,1,Muscle
ID_0495,52630,Pacu,Ossubtus xinguense,Characiformes,Serrasalmidae,Ossubtus,-27.04,10.95,2.12,0.69,SD,3,Muscle
ID_0495,62691,NA,Parancistrus nudiventris,Siluriformes,Loricariidae,Parancistrus,-30.03,8.96,0.17,0.26,SD,4,Muscle
ID_0495,6421,Redtail catfish,Phractocephalus hemioliopterus,Siluriformes,Pimelodidae,Phractocephalus,-28.05,12.25,NA,NA,SD,1,Muscle
ID_0495,53766,White-blotched river stingray,Potamotrygon leopoldi,Myliobatiformes,Potamotrygonidae,Potamotrygon,-27.22,11.57,1.21,0.52,SD,4,Muscle
ID_0495,11894,Black prochilodus,Prochilodus nigricans,Characiformes,Prochilodontidae,Prochilodus,-24.41,9.67,1,0.38,SD,4,Muscle
ID_0495,58258,NA,Pseudopimelodus bufonius,Siluriformes,Pseudopimelodidae,Pseudopimelodus,-28.55,12.01,NA,NA,SD,1,Muscle
ID_0495,68633,NA,Pseudoplatystoma punctifer,Siluriformes,Pimelodidae,Pseudoplatystoma,-27.67,12.09,NA,NA,SD,1,Muscle
ID_0495,47079,Xinguensis-cichlide,Retroculus xinguensis,Cichliformes,Cichlidae,Retroculus,-29.46,10.88,0.04,0.14,SD,2,Muscle
ID_0495,53555,Hopeapleko,Scobinancistrus pariolispos,Siluriformes,Loricariidae,Scobinancistrus,-31.02,11.19,NA,NA,SD,1,Muscle
ID_0495,11970,Redeye piranha,Serrasalmus rhombeus,Characiformes,Serrasalmidae,Serrasalmus,-25.56,12.56,NA,NA,SD,1,Muscle
ID_0495,5319,Marbled swamp eel,Synbranchus marmoratus,Synbranchiformes,Synbranchidae,Synbranchus,-30.24,11.16,1.66,0.75,SD,4,Muscle
ID_0495,69384,Black teleo,Teleocichla preta,Cichliformes,Cichlidae,Teleocichla,-26.63,11.32,1.86,0.41,SD,3,Muscle
ID_0495,NA,NA,Teleocichla sp,Cichliformes,Cichlidae,Teleocichla,-21,10.5,2.28,0.42,SD,2,Muscle
ID_0495,67888,NA,Tometes kranponhah,Characiformes,Serrasalmidae,Tometes,-32.51,9.33,3.71,0.45,SD,3,Muscle
ID_0496,54530,NA,Gymnocypris waddellii,Cypriniformes,Cyprinidae,Gymnocypris,-19.94,10.75,1.81,0.84,SD,24,Muscle
ID_0497,56099,NA,Gymnocypris namensis,Cypriniformes,Cyprinidae,Gymnocypris,-20.05,9.63,1.37,0.8,SD,30,Muscle
ID_0498,271,Goldfish,Carassius auratus,Cypriniformes,Cyprinidae,Carassius,-26.6,6.58,1.19,0.69,SD,11,Muscle
ID_0498,4635,Predatory carp,Chanodichthys erythropterus,Cypriniformes,Xenocyprididae,Chanodichthys,-24.09,9.01,0.12,0.05,SD,11,Muscle
ID_0498,1450,Common carp,Cyprinus carpio,Cypriniformes,Cyprinidae,Cyprinus,-22.08,7.39,1.69,0.35,SD,5,Muscle
ID_0498,3016,Oriental weatherfish,Misgurnus anguillicaudatus,Cypriniformes,Cobitidae,Misgurnus,-21.34,7.87,1.33,1.33,SD,24,Muscle
ID_0498,27264,Chinese hooksnout carp,Opsariichthys bidens,Cypriniformes,Xenocyprididae,Opsariichthys,-19.99,9.34,2.03,0.83,SD,60,Muscle
ID_0498,4691,Stone moroko,Pseudorasbora parva,Cypriniformes,Gobionidae,Pseudorasbora,-23.08,8.77,0.1,0.07,SD,8,Muscle
ID_0498,7762,Freshwater minnow,Zacco platypus,Cypriniformes,Xenocyprididae,Zacco,-19.75,8.72,0.5,0.3,SD,60,Muscle
ID_0499,271,Goldfish,Carassius auratus,Cypriniformes,Cyprinidae,Carassius,-20.27,7.81,1.18,0.93,SD,12,Muscle
ID_0499,4635,Predatory carp,Chanodichthys erythropterus,Cypriniformes,Xenocyprididae,Chanodichthys,-21.91,10.65,0.44,0.17,SD,12,Muscle
ID_0499,3016,Oriental weatherfish,Misgurnus anguillicaudatus,Cypriniformes,Cobitidae,Misgurnus,-16.26,10.6,0.34,0.5,SD,9,Muscle
ID_0499,15879,Dark sleeper,Odontobutis obscurus,Gobiiformes,Odontobutidae,Odontobutis,-18.79,11.16,2.7,0.38,SD,17,Muscle
ID_0499,27264,Chinese hooksnout carp,Opsariichthys bidens,Cypriniformes,Xenocyprididae,Opsariichthys,-17.53,10.15,1.43,0.54,SD,60,Muscle
ID_0499,4691,Stone moroko,Pseudorasbora parva,Cypriniformes,Gobionidae,Pseudorasbora,-16.67,11.58,0.97,0.65,SD,14,Muscle
ID_0499,28054,Mandarin fish,Siniperca chuatsi,Centrarchiformes,Sinipercidae,Siniperca,-16.96,12.82,0.12,0.34,SD,4,Muscle
ID_0499,7762,Freshwater minnow,Zacco platypus,Cypriniformes,Xenocyprididae,Zacco,-18.14,10.03,1.06,0.73,SD,60,Muscle
ID_0500,271,Goldfish,Carassius auratus,Cypriniformes,Cyprinidae,Carassius,-24.56,8.18,2.31,0.55,SD,16,Muscle
ID_0500,4635,Predatory carp,Chanodichthys erythropterus,Cypriniformes,Xenocyprididae,Chanodichthys,-26.83,9.7,0.8,1.15,SD,13,Muscle
ID_0500,1450,Common carp,Cyprinus carpio,Cypriniformes,Cyprinidae,Cyprinus,-26.92,6.66,2.85,1.66,SD,8,Muscle
ID_0500,274,Silver carp,Hypophthalmichthys molitrix,Cypriniformes,Xenocyprididae,Hypophthalmichthys,-25.86,5.01,1.01,0.98,SD,3,Muscle
ID_0500,275,Bighead carp,Hypophthalmichthys nobilis,Cypriniformes,Xenocyprididae,Hypophthalmichthys,-24.8,8.06,0.83,0.99,SD,5,Muscle
ID_0500,4663,Asian swamp eel,Monopterus albus,Synbranchiformes,Synbranchidae,Monopterus,-24.28,12.48,0.04,0.03,SD,12,Muscle
ID_0500,282,White amur bream,Parabramis pekinensis,Cypriniformes,Xenocyprididae,Parabramis,-27.76,7.45,1.56,0.57,SD,9,Muscle
ID_0500,NA,NA,Rhodeinae,Cypriniformes,Cyprinidae,NA,-26.28,10.61,0.68,0.54,SD,11,Muscle
ID_0500,6566,Amur catfish,Silurus asotus,Siluriformes,Siluridae,Silurus,-25.6,10.78,1.5,0.95,SD,4,Muscle
ID_0500,28054,Mandarin fish,Siniperca chuatsi,Centrarchiformes,Sinipercidae,Siniperca,-25.79,12.48,0.27,0.43,SD,7,Muscle
ID_0500,54974,NA,Squalidus argentatus,Cypriniformes,Gobionidae,Squalidus,-25.47,9.65,1.41,0.4,SD,3,Muscle
ID_0500,54974,NA,Squalidus argentatus,Cypriniformes,Gobionidae,Squalidus,-26.7,9.91,0.08,0.15,SD,2,Muscle
ID_0500,28052,Yellow catfish,Tachysurus fulvidraco,Siluriformes,Bagridae,Tachysurus,-25.54,9.83,1.52,0.84,SD,17,Muscle
ID_0501,52509,Canivete,Apareiodon hasemani,Characiformes,Parodontidae,Apareiodon,-19.77,8.03,0.56,1.3,SD,5,Muscle
ID_0501,58130,Tambiu,Astyanax lacustris,Characiformes,Characidae,Astyanax,-24.04,9.99,2.74,0.96,SD,5,Muscle
ID_0501,46801,NA,Cichlasoma sanctifranciscense,Cichliformes,Cichlidae,Cichlasoma,-22.66,9.93,0.35,1.4,SD,4,Muscle
ID_0501,12941,Tetras,Deuterodon taeniatus,Characiformes,Characidae,Deuterodon,-21.28,8.11,0.99,1.83,SD,7,Muscle
ID_0501,26445,NA,Hemigrammus marginatus,Characiformes,Characidae,Hemigrammus,-23.79,9.21,1.55,1.36,SD,4,Muscle
ID_0501,67591,NA,Hoplias intermedius,Characiformes,Erythrinidae,Hoplias,-21.93,9.61,1.58,1.1,SD,2,Muscle
ID_0501,4757,Trahira,Hoplias malabaricus,Characiformes,Erythrinidae,Hoplias,-21.07,9.65,1.24,0.45,SD,9,Muscle
ID_0501,48925,Cascudo,Hypostomus lima,Siluriformes,Loricariidae,Hypostomus,-18.5,9.58,0.94,0.98,SD,13,Muscle
ID_0501,51150,NA,Knodus moenkhausii,Characiformes,Characidae,Knodus,-20.46,9.59,0.9,0.48,SD,5,Muscle
ID_0501,66186,NA,Lepidocharax burnsi,Characiformes,Characidae,Lepidocharax,-21.79,9.07,0.92,0.53,SD,5,Muscle
ID_0501,64078,One spot toothcarp,Phalloceros uai,Cyprinodontiformes,Poeciliidae,Phalloceros,-18.14,10.7,2.02,0.76,SD,7,Muscle
ID_0501,56456,Piaba,Piabina argentea,Characiformes,Characidae,Piabina,-19.02,9.7,1.08,0.54,SD,5,Muscle
ID_0501,3228,Guppy,Poecilia reticulata,Cyprinodontiformes,Poeciliidae,Poecilia,-17.15,9.96,0.81,1.44,SD,6,Muscle
ID_0501,23351,South American catfish,Rhamdia quelen,Siluriformes,Heptapteridae,Rhamdia,-20.84,10.33,0.42,0.89,SD,5,Muscle
ID_0501,51145,NA,Serrapinnus heterodon,Characiformes,Characidae,Serrapinnus,-22.41,8.26,3.47,0.71,SD,7,Muscle
ID_0501,53116,NA,Steindachnerina elegans,Characiformes,Curimatidae,Steindachnerina,-19.01,8.55,0.09,0.62,SD,2,Muscle
ID_0502,52505,Ibiti sucker characin,Apareiodon ibitiensis,Characiformes,Parodontidae,Apareiodon,-22.63,3.29,0.28,0.31,SD,5,Muscle
ID_0502,5377,Atipa,Hoplosternum littorale,Siluriformes,Callichthyidae,Hoplosternum,-20.66,8.78,0.78,1.57,SD,6,Muscle
ID_0502,23467,NA,Hypostomus commersoni,Siluriformes,Loricariidae,Hypostomus,-25.89,11.97,1.56,5.1,SD,4,Muscle
ID_0502,51150,NA,Knodus moenkhausii,Characiformes,Characidae,Knodus,-23.72,4.25,0.36,1.21,SD,6,Muscle
ID_0502,2,Nile tilapia,Oreochromis niloticus,Cichliformes,Cichlidae,Oreochromis,-21.92,3.89,0.85,1.05,SD,8,Muscle
ID_0502,56456,Piaba,Piabina argentea,Characiformes,Characidae,Piabina,-23.55,3.09,0.61,0.48,SD,4,Muscle
ID_0502,3228,Guppy,Poecilia reticulata,Cyprinodontiformes,Poeciliidae,Poecilia,-22.74,2.96,1.24,1.16,SD,9,Muscle
ID_0503,52505,Ibiti sucker characin,Apareiodon ibitiensis,Characiformes,Parodontidae,Apareiodon,-21.89,25.16,0.76,1.41,SD,5,Muscle
ID_0503,58130,Tambiu,Astyanax lacustris,Characiformes,Characidae,Astyanax,-20.24,23.87,0.38,0.86,SD,5,Muscle
ID_0503,46801,NA,Cichlasoma sanctifranciscense,Cichliformes,Cichlidae,Cichlasoma,-20.79,22.52,1.7,4.03,SD,8,Muscle
ID_0503,1397,Redbreast tilapia,Coptodon rendalli,Cichliformes,Cichlidae,Coptodon,-20.98,24.49,1.1,3.61,SD,10,Muscle
ID_0503,12941,Tetras,Deuterodon taeniatus,Characiformes,Characidae,Deuterodon,-20.6,24.36,0.28,2.65,SD,6,Muscle
ID_0503,12221,Glass knifefish,Eigenmannia virescens,Gymnotiformes,Sternopygidae,Eigenmannia,-21.12,24.04,1.85,1.65,SD,7,Muscle
ID_0503,67591,NA,Hoplias intermedius,Characiformes,Erythrinidae,Hoplias,-18.94,24.03,0.68,1.4,SD,5,Muscle
ID_0503,48929,Cascudo,Hypostomus macrops,Siluriformes,Loricariidae,Hypostomus,-22.41,27.96,2,1.21,SD,6,Muscle
ID_0503,51150,NA,Knodus moenkhausii,Characiformes,Characidae,Knodus,-20.23,25.56,1.31,1.33,SD,5,Muscle
ID_0503,53304,NA,Leporinus taeniatus,Characiformes,Anostomidae,Leporinus,-22.91,27.79,0.93,1.06,SD,3,Muscle
ID_0503,23445,Characin,Megaleporinus obtusidens,Characiformes,Anostomidae,Megaleporinus,-20.26,24.77,1.58,2.41,SD,2,Muscle
ID_0503,64078,One spot toothcarp,Phalloceros uai,Cyprinodontiformes,Poeciliidae,Phalloceros,-20.02,27.78,0.36,1.93,SD,2,Muscle
ID_0503,56456,Piaba,Piabina argentea,Characiformes,Characidae,Piabina,-25.79,30.46,0.43,0.66,SD,5,Muscle
ID_0503,3228,Guppy,Poecilia reticulata,Cyprinodontiformes,Poeciliidae,Poecilia,-21.64,25.89,2.92,4.11,SD,5,Muscle
ID_0503,11963,White piranha,Serrasalmus brandtii,Characiformes,Serrasalmidae,Serrasalmus,-19.47,24.82,0.04,0.49,SD,2,Muscle
ID_0503,13280,Noja,Trachelyopterus galeatus,Siluriformes,Auchenipteridae,Trachelyopterus,-21.96,20.2,0.45,0.75,SD,2,Muscle
ID_0503,56691,NA,Triportheus guentheri,Characiformes,Triportheidae,Triportheus,-20.12,22.16,0.65,2.88,SD,3,Muscle
ID_0504,54380,Chinese bitterling,Acheilognathus macropterus,Cypriniformes,Acheilognathidae,Acheilognathus,-27.26,18.55,0.16,0.08,SD,NA,Bulk
ID_0504,271,Goldfish,Carassius auratus,Cypriniformes,Cyprinidae,Carassius,-26.95,15.62,0.16,0.53,SD,NA,Bulk
ID_0504,79,Grass carp,Ctenopharyngodon idella,Cypriniformes,Xenocyprididae,Ctenopharyngodon,-27.79,18.01,0.09,0.14,SD,NA,Bulk
ID_0504,1450,Common carp,Cyprinus carpio,Cypriniformes,Cyprinidae,Cyprinus,-29.03,14.21,0.37,0.12,SD,NA,Bulk
ID_0504,4755,Sharpbelly,Hemiculter leucisculus,Cypriniformes,Xenocyprididae,Hemiculter,-26.23,19.71,0.09,0.12,SD,NA,Bulk
ID_0504,4602,Black carp,Mylopharyngodon piceus,Cypriniformes,Xenocyprididae,Mylopharyngodon,-24.48,15.8,0.11,0.14,SD,NA,Bulk
ID_0504,6566,Amur catfish,Silurus asotus,Siluriformes,Siluridae,Silurus,-26.31,18.3,0.39,0.17,SD,NA,Bulk
ID_0504,28052,Yellow catfish,Tachysurus fulvidraco,Siluriformes,Bagridae,Tachysurus,-29.31,18.88,0.25,0.08,SD,NA,Bulk
ID_0505,60060,Nuolisukkulamonni,Amblyceps caecutiens,Siluriformes,Amblycipitidae,Amblyceps,-24.7,10.5,1.3,0.1,SD,5,Muscle
ID_0505,5180,Spotted barb,Barbodes binotatus,Cypriniformes,Cyprinidae,Barbodes,-24.4,10.7,2,0.3,SD,12,Muscle
ID_0505,50504,Dwarf snakehead,Channa gachua,Anabantiformes,Channidae,Channa,-26.5,9.5,1.5,0.1,SD,5,Muscle
ID_0505,26760,NA,Glyptothorax laosensis,Siluriformes,Sisoridae,Glyptothorax,-26.1,12,1.4,0.3,SD,8,Muscle
ID_0505,26829,Balitora smithova,Homalopteroides smithi,Cypriniformes,Balitoridae,Homalopteroides,-24.7,10.9,1.2,0.2,SD,10,Muscle
ID_0505,55327,NA,Macrognathus circumcinctus,Synbranchiformes,Mastacembelidae,Macrognathus,-21.4,10.4,0,0.7,SD,2,Muscle
ID_0505,67453,NA,Neolissochilus blanci,Cypriniformes,Cyprinidae,Neolissochilus,-21.6,10.2,1.6,0.5,SD,10,Muscle
ID_0505,27079,Sidestripe rasbora,Rasbora paviana,Cypriniformes,Danionidae,Rasbora,-24.4,11.2,NA,NA,SD,1,Muscle
ID_0505,26843,NA,Schistura kohchangensis,Cypriniformes,Nemacheilidae,Schistura,-25,11.8,0.8,0.6,SD,10,Muscle
ID_0506,5180,Spotted barb,Barbodes binotatus,Cypriniformes,Cyprinidae,Barbodes,-26.7,9.1,1.5,0.5,SD,4,Muscle
ID_0506,50504,Dwarf snakehead,Channa gachua,Anabantiformes,Channidae,Channa,-24.6,9.6,1.3,0.6,SD,8,Muscle
ID_0506,23319,NA,Glyptothorax major,Siluriformes,Sisoridae,Glyptothorax,-25.6,9.4,0.5,0.5,SD,6,Muscle
ID_0506,26829,Balitora smithova,Homalopteroides smithi,Cypriniformes,Balitoridae,Homalopteroides,-24.7,8.9,0.6,0.3,SD,10,Muscle
ID_0506,10140,Zig-zag eel,Mastacembelus armatus,Synbranchiformes,Mastacembelidae,Mastacembelus,-25.2,9.1,1.3,0.4,SD,5,Muscle
ID_0506,67453,NA,Neolissochilus blanci,Cypriniformes,Cyprinidae,Neolissochilus,-23.4,8.4,2.3,0.3,SD,13,Muscle
ID_0506,27079,Sidestripe rasbora,Rasbora paviana,Cypriniformes,Danionidae,Rasbora,-25,9,0.7,0.3,SD,8,Muscle
ID_0506,26843,NA,Schistura kohchangensis,Cypriniformes,Nemacheilidae,Schistura,-24.9,10,1.3,0.3,SD,9,Muscle
ID_0507,60060,Nuolisukkulamonni,Amblyceps caecutiens,Siluriformes,Amblycipitidae,Amblyceps,-23.6,8.3,0.7,0.2,SD,4,Muscle
ID_0507,5180,Spotted barb,Barbodes binotatus,Cypriniformes,Cyprinidae,Barbodes,-24.6,9.5,1.3,0.3,SD,4,Muscle
ID_0507,50504,Dwarf snakehead,Channa gachua,Anabantiformes,Channidae,Channa,-22.7,9.8,0.6,0.6,SD,7,Muscle
ID_0507,26760,NA,Glyptothorax laosensis,Siluriformes,Sisoridae,Glyptothorax,-24.9,9.8,0.1,0.4,SD,2,Muscle
ID_0507,23319,NA,Glyptothorax major,Siluriformes,Sisoridae,Glyptothorax,-24.2,9.3,1.1,0.4,SD,8,Muscle
ID_0507,26829,Balitora smithova,Homalopteroides smithi,Cypriniformes,Balitoridae,Homalopteroides,-24.6,8.7,0.5,0.2,SD,8,Muscle
ID_0507,55327,NA,Macrognathus circumcinctus,Synbranchiformes,Mastacembelidae,Macrognathus,-23.8,8.3,1,0.7,SD,6,Muscle
ID_0507,67453,NA,Neolissochilus blanci,Cypriniformes,Cyprinidae,Neolissochilus,-22.4,8.3,1.8,0.5,SD,11,Muscle
ID_0507,10364,Greater scissortail,Rasbora caudimaculata,Cypriniformes,Danionidae,Rasbora,-23.9,9.1,0.7,0.2,SD,4,Muscle
ID_0507,27079,Sidestripe rasbora,Rasbora paviana,Cypriniformes,Danionidae,Rasbora,-25.2,9.1,1.7,0.6,SD,3,Muscle
ID_0507,26843,NA,Schistura kohchangensis,Cypriniformes,Nemacheilidae,Schistura,-23.8,9.6,1.1,0.5,SD,12,Muscle
ID_0508,50504,Dwarf snakehead,Channa gachua,Anabantiformes,Channidae,Channa,-25.5,10.5,1,0.7,SD,4,Muscle
ID_0508,27167,NA,Garra fuliginosa,Cypriniformes,Cyprinidae,Garra,-27.3,13.3,0,0,SD,2,Muscle
ID_0508,26760,NA,Glyptothorax laosensis,Siluriformes,Sisoridae,Glyptothorax,-29.8,12.8,0.1,0.1,SD,4,Muscle
ID_0508,26829,Balitora smithova,Homalopteroides smithi,Cypriniformes,Balitoridae,Homalopteroides,-28.4,11.2,0.4,0.4,SD,10,Muscle
ID_0508,10140,Zig-zag eel,Mastacembelus armatus,Synbranchiformes,Mastacembelidae,Mastacembelus,-29.3,12,0,0,SD,2,Muscle
ID_0508,16116,NA,Mystacoleucus marginatus,Cypriniformes,Cyprinidae,Mystacoleucus,-25.7,10.6,0.9,0.6,SD,10,Muscle
ID_0509,50504,Dwarf snakehead,Channa gachua,Anabantiformes,Channidae,Channa,-24.3,8.9,NA,NA,SD,1,Muscle
ID_0509,27167,NA,Garra fuliginosa,Cypriniformes,Cyprinidae,Garra,-26.6,6.9,1,0.3,SD,5,Muscle
ID_0509,26829,Balitora smithova,Homalopteroides smithi,Cypriniformes,Balitoridae,Homalopteroides,-26.8,7,0.7,0.8,SD,5,Muscle
ID_0509,67453,NA,Neolissochilus blanci,Cypriniformes,Cyprinidae,Neolissochilus,-25.3,7.1,0.1,0.2,SD,5,Muscle
ID_0510,60060,Nuolisukkulamonni,Amblyceps caecutiens,Siluriformes,Amblycipitidae,Amblyceps,-22.1,9.6,0.1,0,SD,2,Muscle
ID_0510,50504,Dwarf snakehead,Channa gachua,Anabantiformes,Channidae,Channa,-24.4,10,1.8,0.8,SD,10,Muscle
ID_0510,27167,NA,Garra fuliginosa,Cypriniformes,Cyprinidae,Garra,-21,9.2,NA,NA,SD,1,Muscle
ID_0510,26829,Balitora smithova,Homalopteroides smithi,Cypriniformes,Balitoridae,Homalopteroides,-22.7,9.1,0.6,0.6,SD,10,Muscle
ID_0510,10140,Zig-zag eel,Mastacembelus armatus,Synbranchiformes,Mastacembelidae,Mastacembelus,-22.5,9.5,1,0.3,SD,9,Muscle
ID_0510,16116,NA,Mystacoleucus marginatus,Cypriniformes,Cyprinidae,Mystacoleucus,-20.5,10,0.5,0.3,SD,10,Muscle
ID_0511,59910,NA,Batasio tigrinus,Siluriformes,Bagridae,Batasio,-26.3,9.5,0.7,0.6,SD,5,Muscle
ID_0511,50504,Dwarf snakehead,Channa gachua,Anabantiformes,Channidae,Channa,-24.5,9.2,0.8,0.4,SD,5,Muscle
ID_0511,26829,Balitora smithova,Homalopteroides smithi,Cypriniformes,Balitoridae,Homalopteroides,-28.2,9.1,0.4,0.1,SD,5,Muscle
ID_0511,10140,Zig-zag eel,Mastacembelus armatus,Synbranchiformes,Mastacembelidae,Mastacembelus,-28.2,9.2,1.3,0.2,SD,2,Muscle
ID_0511,16116,NA,Mystacoleucus marginatus,Cypriniformes,Cyprinidae,Mystacoleucus,-26.6,9.1,1.3,0.4,SD,7,Muscle
ID_0511,10364,Greater scissortail,Rasbora caudimaculata,Cypriniformes,Danionidae,Rasbora,-25.2,9.2,0.6,0.3,SD,5,Muscle
ID_0512,3215,Mosquitofish_10-40mm,Gambusia affinis,Cyprinodontiformes,Poeciliidae,Gambusia,-26.4,12.6,0.6,0.8,SD,8,Muscle
ID_0512,9947,River goby_40-80mm,Glossogobius callidus,Gobiiformes,Gobiidae,Glossogobius,-26.4,11.5,0.5,0.5,SD,3,Muscle
ID_0512,9947,River goby_81-140mm,Glossogobius callidus,Gobiiformes,Gobiidae,Glossogobius,-25.5,12.2,0.4,0.9,SD,5,Muscle
ID_0512,3,Mozambique tilapia_10-400mm,Oreochromis mossambicus,Cichliformes,Cichlidae,Oreochromis,-26.5,11.2,0.9,1.65,SD,8,Muscle
ID_0513,3215,Mosquitofish_41-80mm,Gambusia affinis,Cyprinodontiformes,Poeciliidae,Gambusia,-24,14.4,0.8,0.6,SD,7,Muscle
ID_0513,1556,Gilchrist's round herring_20-80mm,Gilchristella aestuaria,Clupeiformes,Ehiravidae,Gilchristella,-25.85,14.35,0.45,0.35,SD,8,Muscle
ID_0513,9947,River goby_40-140mm,Glossogobius callidus,Gobiiformes,Gobiidae,Glossogobius,-24.1,14.45,0.45,0.85,SD,5,Muscle
ID_0513,3,Mozambique tilapia_80-400mm,Oreochromis mossambicus,Cichliformes,Cichlidae,Oreochromis,-25.4,14.7,0,0,SD,2,Muscle
ID_0514,3215,Mosquitofish_10-40mm,Gambusia affinis,Cyprinodontiformes,Poeciliidae,Gambusia,-24.7,13.3,0.7,0.9,SD,11,Muscle
ID_0514,1556,Gilchrist's round herring_20-80mm,Gilchristella aestuaria,Clupeiformes,Ehiravidae,Gilchristella,-25.75,13.55,0.6,0.45,SD,7,Muscle
ID_0514,9947,River goby_40-140mm,Glossogobius callidus,Gobiiformes,Gobiidae,Glossogobius,-25,13.3,0.7,0.6,SD,8,Muscle
ID_0514,3,Mozambique tilapia_10-400mm,Oreochromis mossambicus,Cichliformes,Cichlidae,Oreochromis,-25.25,10.55,1.15,0.55,SD,7,Muscle
ID_0515,3215,Mosquitofish,Gambusia affinis,Cyprinodontiformes,Poeciliidae,Gambusia,-23.65,11.85,1,1.35,SD,10,Muscle
ID_0515,1556,Gilchrist's round herring,Gilchristella aestuaria,Clupeiformes,Ehiravidae,Gilchristella,-26.15,14.25,0.3,0.65,SD,25,Muscle
ID_0515,9947,River goby,Glossogobius callidus,Gobiiformes,Gobiidae,Glossogobius,-25.3,13.4,0.4,1.35,SD,11,Muscle
ID_0515,3,Mozambique tilapia,Oreochromis mossambicus,Cichliformes,Cichlidae,Oreochromis,-25.75,9.95,1.2,1.15,SD,9,Muscle
ID_0516,35,European eel,Anguilla anguilla,Anguilliformes,Anguillidae,Anguilla,-27.47,13.72,3.81,3.6,SD,6,Muscle
ID_0516,4583,Thinlip mullet,Chelon ramada,Mugiliformes,Mugilidae,Chelon,-29.52,9.39,0.93,0.23,SD,6,Muscle
ID_0516,1450,Common carp,Cyprinus carpio,Cypriniformes,Cyprinidae,Cyprinus,-31.54,10.7,0.07,0.05,SD,3,Muscle
ID_0516,4521,Eastern mosquitofish,Gambusia holbrooki,Cyprinodontiformes,Poeciliidae,Gambusia,-29.84,11.59,0.34,0.47,SD,6,Muscle
ID_0517,35,European eel,Anguilla anguilla,Anguilliformes,Anguillidae,Anguilla,-26.4,17.2,1,0.2,SD,3,Muscle
ID_0517,4583,Thinlip mullet,Chelon ramada,Mugiliformes,Mugilidae,Chelon,-23,12.6,1.6,0.3,SD,6,Muscle
ID_0517,1450,Common carp,Cyprinus carpio,Cypriniformes,Cyprinidae,Cyprinus,-24.5,15.7,0.3,0.1,SD,3,Muscle
ID_0517,4521,Eastern mosquitofish,Gambusia holbrooki,Cyprinodontiformes,Poeciliidae,Gambusia,-24.9,16.2,0.5,0.4,SD,6,Muscle
ID_0517,23605,Andalusian barbel,Luciobarbus sclateri,Cypriniformes,Cyprinidae,Luciobarbus,-26.1,16.4,0.1,0.1,SD,3,Muscle
ID_0518,4521,Eastern mosquitofish,Gambusia holbrooki,Cyprinodontiformes,Poeciliidae,Gambusia,-23.69,13.69,0.32,0.22,SD,3,Muscle
ID_0519,4471,White bream,Blicca bjoerkna,Cypriniformes,Leuciscidae,Blicca,-25.45,10.49,0.3,0.88,SD,3,Muscle
ID_0519,6376,Prussian carp,Carassius gibelio,Cypriniformes,Cyprinidae,Carassius,-23.8,7.96,1.9,1.63,SD,4,Muscle
ID_0519,1450,Common carp,Cyprinus carpio,Cypriniformes,Cyprinidae,Cyprinus,-24.97,8.29,0.11,0.54,SD,3,Muscle
ID_0519,258,Northern pike,Esox lucius,Esociformes,Esocidae,Esox,-25.27,9.48,2.53,2.07,SD,3,Muscle
ID_0519,4755,Sharpbelly,Hemiculter leucisculus,Cypriniformes,Xenocyprididae,Hemiculter,-22.55,7.96,0.55,0.45,SD,3,Muscle
ID_0519,25977,Bighead goby,Ponticola kessleri,Gobiiformes,Gobiidae,Ponticola,-25.13,9.43,1.27,0.35,SD,5,Muscle
ID_0519,65243,Caspian kutum,Rutilus kutum,Cypriniformes,Leuciscidae,Rutilus,-21.16,9.87,1.19,0.9,SD,13,Muscle
ID_0520,14489,Three-bar porcupine fish,Dicotylichthys punctulatus,Tetraodontiformes,Diodontidae,Dicotylichthys,-14.1,11,0.1,1.5,SD,2,Muscle
ID_0520,55842,Common silver belly,Gerres subfasciatus,Eupercaria/misc,Gerreidae,Gerres,-15.1,11.2,0.9,0.6,SD,10,Muscle
ID_0520,8173,Luderick,Girella tricuspidata,Centrarchiformes,Girellidae,Girella,-15.7,9.9,1.8,0.9,SD,5,Muscle
ID_0520,14940,Eastern striped trumpeter,Helotes sexlineatus,Centrarchiformes,Terapontidae,Helotes,-14.7,10.2,0.7,0.8,SD,10,Muscle
ID_0520,17081,Garfish,Hyporhamphus regularis,Beloniformes,Hemiramphidae,Hyporhamphus,-13.3,8.9,0.9,0.6,SD,10,Muscle
ID_0520,7976,Fan-belly leather jacket,Monacanthus chinensis,Tetraodontiformes,Monacanthidae,Monacanthus,-15.3,9.1,1.2,0.4,SD,8,Muscle
ID_0520,785,Flathead grey mullet,Mugil cephalus,Mugiliformes,Mugilidae,Mugil,-16.7,10.4,2.5,1.3,SD,10,Muscle
ID_0520,364,Tailor,Pomatomus saltatrix,Scombriformes,Pomatomidae,Pomatomus,-17.7,13.6,0.1,0.3,SD,2,Muscle
ID_0520,5368,Tarwhine Rhabdosargus sarba,Rhabdosargus sarba,Eupercaria/misc,Sparidae,Rhabdosargus,-14.8,10.1,1.4,0.1,SD,5,Muscle
ID_0520,4709,Sand whiting,Sillago ciliata,Eupercaria/misc,Sillaginidae,Sillago,-14.1,11.1,1,0.3,SD,4,Muscle
ID_0520,14501,Long tom,Tylosurus gavialoides,Beloniformes,Belonidae,Tylosurus,-15.5,12.8,NA,NA,SD,1,Muscle
ID_0521,55155,Ostropysk horsky,Acrossocheilus monticola,Cypriniformes,Cyprinidae,Acrossocheilus,-24.3,10.61,0.52,0.28,SD,5,Muscle
ID_0521,54947,Rendahli silemokk,Acrossocheilus rendahli,Cypriniformes,Cyprinidae,Acrossocheilus,-24.5,7.74,NA,NA,SD,1,Muscle
ID_0521,54739,Kulter Kurematsuv,Ancherythroculter kurematsui,Cypriniformes,Xenocyprididae,Ancherythroculter,-23.25,8.84,0.34,0.93,SD,5,Muscle
ID_0521,271,Goldfish,Carassius auratus,Cypriniformes,Cyprinidae,Carassius,-21.87,8.59,0.79,1.47,SD,5,Muscle
ID_0521,79,Grass carp,Ctenopharyngodon idella,Cypriniformes,Xenocyprididae,Ctenopharyngodon,-22.2,5.79,0.83,0.53,SD,5,Muscle
ID_0521,46708,Topmouth culter,Culter alburnus,Cypriniformes,Xenocyprididae,Culter,-23.09,8.45,0.42,0.62,SD,4,Muscle
ID_0522,291,Black bullhead,Ameiurus melas,Siluriformes,Ictaluridae,Ameiurus,-27.5,10.3,0.6,1.2,SD,8,Muscle
ID_0522,270,Crucian carp,Carassius carassius,Cypriniformes,Cyprinidae,Carassius,-27.6,10.5,0.3,2.9,SD,2,Muscle
ID_0522,290,Channel catfish,Ictalurus punctatus,Siluriformes,Ictaluridae,Ictalurus,-24.5,10.1,0.6,0.2,SD,4,Muscle
ID_0522,3372,Pumpkinseed sunfish,Lepomis gibbosus,Centrarchiformes,Centrarchidae,Lepomis,-27.2,11.25,0.9,0.7,SD,20,Muscle
ID_0522,3385,Largemouth bass,Micropterus salmoides,Centrarchiformes,Centrarchidae,Micropterus,-25.9,12.6,0.7,0.9,SD,13,Muscle
ID_0522,358,Perch,Perca fluviatilis,Perciformes/Percoidei,Percidae,Perca,-27.4,11.5,0.3,0.3,SD,9,Muscle
ID_0522,65320,Italian rudd,Scardinius hesperidicus,Cypriniformes,Leuciscidae,Scardinius,-26.7,10.6,0.6,1.3,SD,6,Muscle
ID_0523,62353,Alburnus_small,Alburnus arborella,Cypriniformes,Leuciscidae,Alburnus,-26.4,9.1,0.3,0.5,SD,10,Muscle
ID_0523,62353,Alburnus_large,Alburnus arborella,Cypriniformes,Leuciscidae,Alburnus,-28.2,12.1,0.8,1.7,SD,9,Muscle
ID_0523,291,Black bullhead,Ameiurus melas,Siluriformes,Ictaluridae,Ameiurus,-27.1,11.3,1.3,1.5,SD,8,Muscle
ID_0523,270,Crucian carp,Carassius carassius,Cypriniformes,Cyprinidae,Carassius,-25.3,7.9,0.4,0.3,SD,3,Muscle
ID_0523,3372,Pumpkinseed sunfish,Lepomis gibbosus,Centrarchiformes,Centrarchidae,Lepomis,-26.9,10.9,0.6,0.9,SD,6,Muscle
ID_0523,26082,Adriatic roach_small,Leucos aula,Cypriniformes,Leuciscidae,Leucos,-25.5,8.7,0.4,0.7,SD,5,Muscle
ID_0523,26082,Adriatic roach_large,Leucos aula,Cypriniformes,Leuciscidae,Leucos,-27,9,0.9,0.4,SD,20,Muscle
ID_0523,358,Perch,Perca fluviatilis,Perciformes/Percoidei,Percidae,Perca,-25.5,11,1.3,0.6,SD,13,Muscle
ID_0523,4483,European bitterling,Rhodeus amarus,Cypriniformes,Acheilognathidae,Rhodeus,-23.2,7.7,1.4,1.1,SD,9,Muscle
ID_0523,65320,Italian rudd,Scardinius hesperidicus,Cypriniformes,Leuciscidae,Scardinius,-25.6,10.1,1.2,0.7,SD,21,Muscle
ID_0524,6356,Yellowfin seabream,Acanthopagrus latus,Eupercaria/misc,Sparidae,Acanthopagrus,-20.8,12.3,1.1,0.7,SD,12,Muscle
ID_0524,14480,Chinese gudgeon,Bostrychus sinensis,Gobiiformes,Butidae,Bostrychus,-20,11.5,0.3,0.2,SD,6,Muscle
ID_0524,8035,Duckbill sleeper,Butis butis,Gobiiformes,Butidae,Butis,-20.4,11.9,0.6,0.2,SD,4,Muscle
ID_0524,629,Osbeck's grenadier anchovy,Coilia mystus,Clupeiformes,Engraulidae,Coilia,-20.1,13.4,0.3,0.1,SD,5,Muscle
ID_0524,1522,White sardine,Escualosa thoracata,Clupeiformes,Dorosomatidae,Escualosa,-18.7,13,0.1,0.4,SD,3,Muscle
ID_0524,14295,Saddleback silver-biddy,Gerres limbatus,Eupercaria/misc,Gerreidae,Gerres,-19.1,13.3,0.7,0.7,SD,10,Muscle
ID_0524,NA,NA,Gobiomorphus sp,Gobiiformes,Eleotridae,Gobiomorphus,-19.5,11.7,1.3,0.7,SD,4,Muscle
ID_0524,260,Bombay duck,Harpadon nehereus,Aulopiformes,Synodontidae,Harpadon,-17.1,13,0.3,0.3,SD,6,Muscle
ID_0524,176,Russell's snapper,Lutjanus russellii,Eupercaria/misc,Lutjanidae,Lutjanus,-17.2,12,1.1,0.2,SD,3,Muscle
ID_0524,NA,NA,Moringua sp,Anguilliformes,Moringuidae,Moringua,-20.8,11.3,0.5,0.3,SD,2,Muscle
ID_0524,785,Flathead grey mullet,Mugil cephalus,Mugiliformes,Mugilidae,Mugil,-17.4,10.5,0.8,0.8,SD,18,Muscle
ID_0524,298,Daggertooth pike conger,Muraenesox cinereus,Anguilliformes,Muraenesocidae,Muraenesox,-19.6,12.4,1.1,0.7,SD,3,Muscle
ID_0524,NA,NA,Onigocia sp,Perciformes/Scorpaenoidei,Platycephalidae,Onigocia,-19,11.6,0.8,0.4,SD,8,Muscle
ID_0524,5376,Marble goby,Oxyeleotris marmorata,Gobiiformes,Butidae,Oxyeleotris,-19.8,11.9,1.3,0.7,SD,28,Muscle
ID_0524,NA,NA,Parapercis sp,Perciformes/Uranoscopoidei,Pinguipedidae,Parapercis,-19.5,12.4,0.8,0.4,SD,11,Muscle
ID_0524,434,Silver croaker,Pennahia argentata,Eupercaria/misc,Sciaenidae,Pennahia,-17.3,14.2,0.5,0.5,SD,8,Muscle
ID_0524,54509,Shuttles hoppfish,Periophthalmus modestus,Gobiiformes,Oxudercidae,Periophthalmus,-21.8,10.7,1.7,0.8,SD,10,Muscle
ID_0524,4449,Orangefin ponyfish,Photopectoralis bindus,Acanthuriformes,Leiognathidae,Photopectoralis,-19.5,13.7,1.5,0.1,SD,3,Muscle
ID_0524,4816,Large-scaled mullet,Planiliza macrolepis,Mugiliformes,Mugilidae,Planiliza,-18.6,10.6,1.2,0.9,SD,5,Muscle
ID_0524,9946,Sleepy goby,Psammogobius biocellatus,Gobiiformes,Gobiidae,Psammogobius,-20.3,11.3,0.8,0.4,SD,19,Muscle
ID_0524,4544,Silver sillago,Sillago sihama,Eupercaria/misc,Sillaginidae,Sillago,-17.9,13.4,0.2,0.2,SD,5,Muscle
ID_0524,4829,Largescaled terapon,Terapon theraps,Centrarchiformes,Terapontidae,Terapon,-18.8,13.2,0.4,0.6,SD,3,Muscle
ID_0524,4897,Burrowing goby,Trypauchen vagina,Gobiiformes,Gobiidae,Trypauchen,-20.4,10.9,0.3,1.5,SD,7,Muscle
ID_0525,NA,NA,Acestrorhynchus sp,Characiformes,Acestrorhynchidae,Acestrorhynchus,-26.26,8.52,1.48,0.52,SD,31,Muscle
ID_0525,51319,NA,Curimatella alburnus,Characiformes,Curimatidae,Curimatella,-31.11,6.49,1.27,0.85,SD,19,Muscle
ID_0525,4757,Trahira,Hoplias malabaricus,Characiformes,Erythrinidae,Hoplias,-26.72,8.83,1.54,0.68,SD,38,Muscle
ID_0525,NA,NA,Psectrogaster sp,Characiformes,Curimatidae,Psectrogaster,-31.18,8.57,4.25,0.31,SD,8,Muscle
ID_0525,NA,NA,Pseudoplatystoma sp,Siluriformes,Pimelodidae,Pseudoplatystoma,-28.52,9.02,1.4,0.64,SD,13,Muscle
ID_0525,4501,Red piranha,Pygocentrus nattereri,Characiformes,Serrasalmidae,Pygocentrus,-26.42,9.28,1.17,0.55,SD,32,Muscle
ID_0525,23448,Characin,Schizodon fasciatus,Characiformes,Anostomidae,Schizodon,-27.98,7.13,1.99,0.63,SD,38,Muscle
ID_0525,12976,NA,Triportheus angulatus,Characiformes,Triportheidae,Triportheus,-26.77,7.63,1.32,0.66,SD,23,Muscle
ID_0526,NA,NA,Acestrorhynchus sp,Characiformes,Acestrorhynchidae,Acestrorhynchus,-27.8,8.42,2.35,0.89,SD,15,Muscle
ID_0526,51319,NA,Curimatella alburnus,Characiformes,Curimatidae,Curimatella,-31.35,7.6,0.52,0.94,SD,8,Muscle
ID_0526,4757,Trahira,Hoplias malabaricus,Characiformes,Erythrinidae,Hoplias,-28.16,9.48,1.89,0.84,SD,36,Muscle
ID_0526,NA,NA,Psectrogaster sp,Characiformes,Curimatidae,Psectrogaster,-31.05,8.28,1.6,0.47,SD,8,Muscle
ID_0526,NA,NA,Pseudoplatystoma sp,Siluriformes,Pimelodidae,Pseudoplatystoma,-27.16,8.74,1.31,0.63,SD,6,Muscle
ID_0526,4501,Red piranha,Pygocentrus nattereri,Characiformes,Serrasalmidae,Pygocentrus,-28.16,9.85,1.05,0.27,SD,26,Muscle
ID_0526,23448,Characin,Schizodon fasciatus,Characiformes,Anostomidae,Schizodon,-29.25,7.68,1.93,0.67,SD,30,Muscle
ID_0526,12976,NA,Triportheus angulatus,Characiformes,Triportheidae,Triportheus,-26.87,8.36,1.29,0.18,SD,30,Muscle
ID_0527,NA,NA,Acestrorhynchus sp,Characiformes,Acestrorhynchidae,Acestrorhynchus,-32.88,9.04,1.45,0.68,SD,53,Muscle
ID_0527,51319,NA,Curimatella alburnus,Characiformes,Curimatidae,Curimatella,-36.15,7.93,3.11,0.51,SD,19,Muscle
ID_0527,4757,Trahira,Hoplias malabaricus,Characiformes,Erythrinidae,Hoplias,-31.62,9.11,1.59,0.71,SD,74,Muscle
ID_0527,NA,NA,Psectrogaster sp,Characiformes,Curimatidae,Psectrogaster,-37.01,8.13,1.08,0.72,SD,49,Muscle
ID_0527,NA,NA,Pseudoplatystoma sp,Siluriformes,Pimelodidae,Pseudoplatystoma,-31.3,9.9,1.68,0.71,SD,60,Muscle
ID_0527,4501,Red piranha,Pygocentrus nattereri,Characiformes,Serrasalmidae,Pygocentrus,-30.84,9.52,1.49,0.94,SD,96,Muscle
ID_0527,23448,Characin,Schizodon fasciatus,Characiformes,Anostomidae,Schizodon,-32.04,7.65,3.19,0.67,SD,65,Muscle
ID_0527,12976,NA,Triportheus angulatus,Characiformes,Triportheidae,Triportheus,-31.24,8.68,1.67,0.9,SD,44,Muscle
ID_0528,2405,Silversides,Alestes baremoze,Characiformes,Alestidae,Alestes,-20.18,11.34,1.31,1.93,SD,73,Muscle
ID_0528,1390,Redbelly tilapia,Coptodon zillii,Cichliformes,Cichlidae,Coptodon,-16.68,7.22,1.33,1.39,SD,55,Muscle
ID_0528,4496,Elongate tigerfish,Hydrocynus forskahlii,Characiformes,Alestidae,Hydrocynus,-19.35,13.26,1.07,2.54,SD,113,Muscle
ID_0528,11548,NA,Labeo horie,Cypriniformes,Cyprinidae,Labeo,-18.82,6.66,1.42,2.18,SD,77,Muscle
ID_0528,347,Nile perch,Lates niloticus,Carangaria/misc,Latidae,Lates,-18.46,10.93,2.86,2.86,SD,111,Muscle
ID_0528,2,Nile tilapia,Oreochromis niloticus,Cichliformes,Cichlidae,Oreochromis,-17.21,5.03,1.69,2.61,SD,114,Muscle
ID_0528,2458,Wahrindi,Synodontis schall,Siluriformes,Mochokidae,Synodontis,-18.2,9.28,1.49,2.19,SD,92,Muscle
ID_0529,4692,Threespot Cichlid hybrid,Amphilophus trimaculatus,Cichliformes,Cichlidae,Amphilophus,-26.7,12.5,NA,NA,SE,1,Muscle
ID_0529,26749,Blackthroat cichlid,Astatheros macracanthus,Cichliformes,Cichlidae,Astatheros,-25.8,11.5,0.1,0,SE,2,Muscle
ID_0529,NA,NA,Astyanax sp,Characiformes,Characidae,Astyanax,-23.5,10.6,0.7,0.4,SE,5,Muscle
ID_0529,27762,Obscure swamp eel,Ophisternon aenigmaticum,Synbranchiformes,Synbranchidae,Ophisternon,-25.4,13.1,NA,NA,SE,1,Muscle
ID_0529,3227,Shortfin molly,Poecilia mexicana,Cyprinodontiformes,Poeciliidae,Poecilia,-30.8,9.9,0.4,0.2,SE,4,Muscle
ID_0529,62528,Largespot livebearer,Poeciliopsis pleurospilus,Cyprinodontiformes,Poeciliidae,Poeciliopsis,-28.3,10.5,0.7,0.4,SE,5,Muscle
ID_0529,67936,Pale catfish,Rhamdia guatemalensis,Siluriformes,Heptapteridae,Rhamdia,-23.3,12.1,0.5,0.5,SE,5,Muscle
ID_0529,49585,Largelip killifish,Tlaloc labialis,Cyprinodontiformes,Profundulidae,Tlaloc,-28,12.3,0.4,0.4,SE,5,Muscle
ID_0529,26786,Tailbar cichlid,Vieja hartwegi,Cichliformes,Cichlidae,Vieja,-25.2,10.8,2,0.1,SE,3,Muscle
ID_0530,3227,Shortfin molly,Poecilia mexicana,Cyprinodontiformes,Poeciliidae,Poecilia,-29,8.6,0.7,0.7,SE,5,Muscle
ID_0530,49586,Oaxaca killifish,Profundulus punctatus,Cyprinodontiformes,Profundulidae,Profundulus,-26.7,10.7,0.4,0.1,SE,5,Muscle
ID_0530,67936,Pale catfish,Rhamdia guatemalensis,Siluriformes,Heptapteridae,Rhamdia,-25.9,10.9,0.2,0.2,SE,5,Muscle
ID_0530,49585,Largelip killifish,Tlaloc labialis,Cyprinodontiformes,Profundulidae,Tlaloc,-28.5,10.6,1.1,0.1,SE,4,Muscle
ID_0531,NA,NA,Astyanax sp,Characiformes,Characidae,Astyanax,-20.4,7,NA,NA,SE,1,Muscle
ID_0531,8699,Machaca,Brycon guatemalensis,Characiformes,Bryconidae,Brycon,-20.8,6.4,0.5,0.2,SE,6,Muscle
ID_0531,3227,Guppy,Poecilia mexicana,Cyprinodontiformes,Poeciliidae,Poecilia,-22.3,5.7,2.1,1,SE,3,Muscle
ID_0531,62528,Largespot livebearer,Poeciliopsis pleurospilus,Cyprinodontiformes,Poeciliidae,Poeciliopsis,-20.9,6,0.7,0.2,SE,6,Muscle
ID_0531,49586,Oaxaca killifish,Profundulus punctatus,Cyprinodontiformes,Profundulidae,Profundulus,-21.6,7.6,NA,NA,SE,1,Muscle
ID_0531,67936,Pale catfish,Rhamdia guatemalensis,Siluriformes,Heptapteridae,Rhamdia,-21.3,8.2,0.3,0.3,SE,6,Muscle
ID_0531,49585,Largelip killifish,Tlaloc labialis,Cyprinodontiformes,Profundulidae,Tlaloc,-20.9,7.8,0.1,0.1,SE,5,Muscle
ID_0531,26786,Tailbar cichlid,Vieja hartwegi,Cichliformes,Cichlidae,Vieja,-18.9,6.6,0.7,0.2,SE,5,Muscle
ID_0532,26774,Pantano cichlid,Cincelichthys pearsei,Cichliformes,Cichlidae,Cincelichthys,-22.3,9.4,NA,NA,SE,1,Muscle
ID_0532,1606,Threadfin shad_juvenile,Dorosoma petenense,Clupeiformes,Dorosomatidae,Dorosoma,-28.6,12.4,0.4,0.1,SE,5,Muscle
ID_0532,53026,Teardrop mosquito,Gambusia sexradiata,Cyprinodontiformes,Poeciliidae,Gambusia,-27.4,12.2,1.4,1.2,SE,3,Muscle
ID_0532,4798,Mexican mojarra,Mayaheros urophthalmus,Cichliformes,Cichlidae,Mayaheros,-29.5,14.2,0.2,0.1,SE,2,Muscle
ID_0532,NA,NA,Oreochromis sp,Cichliformes,Cichlidae,Oreochromis,-20.9,7.4,NA,NA,SE,1,Muscle
ID_0532,4684,Jaguar guapote,Parachromis managuensis,Cichliformes,Cichlidae,Parachromis,-29,15.1,NA,NA,SE,1,Muscle
ID_0532,26819,Bay snook,Petenia splendida,Cichliformes,Cichlidae,Petenia,-30.3,15,NA,NA,SE,1,Muscle
ID_0532,3227,Shortfin molly,Poecilia mexicana,Cyprinodontiformes,Poeciliidae,Poecilia,-23,10.3,NA,NA,SE,1,Muscle
ID_0532,26782,Twoband cichlid,Vieja bifasciata,Cichliformes,Cichlidae,Vieja,-29.6,11,NA,NA,SE,1,Muscle
ID_0532,12322,Redhead cichlid,Vieja melanurus,Cichliformes,Cichlidae,Vieja,-24.6,11.4,1.3,0.4,SE,2,Muscle
ID_0533,NA,NA,Oreochromis sp,Cichliformes,Cichlidae,Oreochromis,-22.4,7.7,NA,NA,SE,1,Muscle
ID_0533,47231,San Jeronimo livebearer,Poeciliopsis fasciata,Cyprinodontiformes,Poeciliidae,Poeciliopsis,-27.1,12.8,0.8,0.4,SE,3,Muscle
ID_0533,26812,Yellow cichlid,Thorichthys helleri,Cichliformes,Cichlidae,Thorichthys,-28.9,13.7,0.6,0.4,SE,2,Muscle
ID_0534,NA,NA,Astyanax sp,Characiformes,Characidae,Astyanax,-24.7,7.3,0.7,0.1,SE,5,Muscle
ID_0534,53157,Gulf silverside,Atherinella alvarezi,Atheriniformes,Atherinopsidae,Atherinella,-30.6,8.4,0.5,0.2,SE,4,Muscle
ID_0534,79,Grass carp,Ctenopharyngodon idella,Cypriniformes,Xenocyprididae,Ctenopharyngodon,-21.8,7.3,3,0.2,SE,2,Muscle
ID_0534,1606,Threadfin shad,Dorosoma petenense,Clupeiformes,Dorosomatidae,Dorosoma,-34.6,4.7,NA,NA,SE,1,Muscle
ID_0534,53026,Teardrop mosquito,Gambusia sexradiata,Cyprinodontiformes,Poeciliidae,Gambusia,-28.2,8.8,0.7,0.3,SE,4,Muscle
ID_0534,4798,Mexican mojarra,Mayaheros urophthalmus,Cichliformes,Cichlidae,Mayaheros,-27.2,8.5,NA,NA,SE,1,Muscle
ID_0534,NA,NA,Oreochromis sp,Cichliformes,Cichlidae,Oreochromis,-22,8.1,0.1,0.1,SE,6,Muscle
ID_0534,26787,Montecristo cichlid,Oscura heterospila,Cichliformes,Cichlidae,Oscura,-23.4,8.7,NA,NA,SE,1,Muscle
ID_0534,26819,Bay snook_juvenile,Petenia splendida,Cichliformes,Cichlidae,Petenia,-30.2,8.6,NA,NA,SE,1,Muscle
ID_0534,NA,NA,Pterygoplichthys sp,Siluriformes,Loricariidae,Pterygoplichthys,-32.8,6,1.1,0.1,SE,5,Muscle
ID_0534,26812,Yellow cichlid,Thorichthys helleri,Cichliformes,Cichlidae,Thorichthys,-29.5,7.6,2.2,0.5,SE,3,Muscle
ID_0534,4693,Yellow belly cichlid,Trichromis salvini,Cichliformes,Cichlidae,Trichromis,-28.8,8.8,0.4,0.1,SE,4,Muscle
ID_0535,NA,NA,Astyanax sp,Characiformes,Characidae,Astyanax,-26.6,8.1,0.3,0.2,SE,6,Muscle
ID_0535,3214,Pike killifish,Belonesox belizanus,Cyprinodontiformes,Poeciliidae,Belonesox,-29.9,9.3,0.6,0.7,SE,3,Muscle
ID_0535,26797,Northern checkmark cichlid,Chuco intermedium,Cichliformes,Cichlidae,Chuco,-28.3,9.5,NA,NA,SE,1,Muscle
ID_0535,53026,Teardrop mosquito,Gambusia sexradiata,Cyprinodontiformes,Poeciliidae,Gambusia,-29.5,8,0.8,0.2,SE,3,Muscle
ID_0535,61783,Usumacinta cichlid,Kihnichthys ufermanni,Cichliformes,Cichlidae,Kihnichthys,-31.1,5.7,NA,NA,SE,1,Muscle
ID_0535,27762,Obscure swamp eel,Ophisternon aenigmaticum,Synbranchiformes,Synbranchidae,Ophisternon,-27.1,8.8,0.1,0.1,SE,3,Muscle
ID_0535,3227,Shortfin molly,Poecilia mexicana,Cyprinodontiformes,Poeciliidae,Poecilia,-30.8,7.3,0.7,0.3,SE,5,Muscle
ID_0535,67936,Pale catfish,Rhamdia guatemalensis,Siluriformes,Heptapteridae,Rhamdia,-27.4,9.1,1.1,0.3,SE,2,Muscle
ID_0535,26812,Yellow cichlid,Thorichthys helleri,Cichliformes,Cichlidae,Thorichthys,-27.5,9.4,0.3,0.1,SE,5,Muscle
ID_0535,4693,Yellow belly cichlid,Trichromis salvini,Cichliformes,Cichlidae,Trichromis,-27.7,9.5,0.2,0.2,SE,4,Muscle
ID_0535,12322,Redhead cichlid,Vieja melanurus,Cichliformes,Cichlidae,Vieja,-29.2,8.3,NA,NA,SE,1,Muscle
ID_0536,NA,NA,Astyanax sp,Characiformes,Characidae,Astyanax,-25.7,8.2,0.1,0.2,SE,5,Muscle
ID_0536,27762,Obscure swamp eel,Ophisternon aenigmaticum,Synbranchiformes,Synbranchidae,Ophisternon,-25.3,10.1,NA,NA,SE,1,Muscle
ID_0536,46667,Twospot livebearer,Pseudoxiphophorus bimaculatus,Cyprinodontiformes,Poeciliidae,Pseudoxiphophorus,-26.1,9,0.2,0.5,SE,4,Muscle
ID_0536,67936,Pale catfish,Rhamdia guatemalensis,Siluriformes,Heptapteridae,Rhamdia,-26,10.4,0.2,0.1,SE,5,Muscle
ID_0537,NA,NA,Astyanax sp,Characiformes,Characidae,Astyanax,-27.6,8.5,0.2,0.3,SE,5,Muscle
ID_0537,26797,Northern checkmark cichlid,Chuco intermedium,Cichliformes,Cichlidae,Chuco,-32.2,9.2,0.2,0.6,SE,3,Muscle
ID_0537,26801,Freckled cichlid,Rheoheros lentiginosus,Cichliformes,Cichlidae,Rheoheros,-31.3,9.7,0.5,0.7,SE,3,Muscle
ID_0537,26812,Yellow cichlid,Thorichthys helleri,Cichliformes,Cichlidae,Thorichthys,-30.3,10.3,0.9,0,SE,2,Muscle
ID_0537,4676,Firemouth cichlid,Thorichthys meeki,Cichliformes,Cichlidae,Thorichthys,-30.1,10.5,NA,NA,SE,1,Muscle
ID_0538,NA,NA,Astyanax sp,Characiformes,Characidae,Astyanax,-25.5,8.7,0.4,0.3,SE,5,Muscle
ID_0538,79,Grass carp,Ctenopharyngodon idella,Cypriniformes,Xenocyprididae,Ctenopharyngodon,-28.1,7.9,NA,NA,SE,1,Muscle
ID_0538,1450,Common carp,Cyprinus carpio,Cypriniformes,Cyprinidae,Cyprinus,-29.3,8.1,NA,NA,SE,1,Muscle
ID_0538,1606,Threadfin shad,Dorosoma petenense,Clupeiformes,Dorosomatidae,Dorosoma,-34.2,6.1,0.2,0.1,SE,2,Muscle
ID_0538,NA,NA,Pterygoplichthys sp,Siluriformes,Loricariidae,Pterygoplichthys,-34.8,6.9,1,0.3,SE,5,Muscle
ID_0538,26801,Freckled cichlid,Rheoheros lentiginosus,Cichliformes,Cichlidae,Rheoheros,-30.8,10.1,0.8,0.1,SE,4,Muscle
ID_0538,26812,Yellow cichlid,Thorichthys helleri,Cichliformes,Cichlidae,Thorichthys,-29.8,10,2.1,0.4,SE,2,Muscle
ID_0539,NA,NA,Astyanax sp,Characiformes,Characidae,Astyanax,-25.7,8.5,0.8,0.5,SE,5,Muscle
ID_0539,8699,Machaca,Brycon guatemalensis,Characiformes,Bryconidae,Brycon,-25.9,5.9,NA,NA,SE,1,Muscle
ID_0539,8699,Machaca_juvenile,Brycon guatemalensis,Characiformes,Bryconidae,Brycon,-29,8.3,0.4,0,SE,3,Muscle
ID_0539,26797,Northern checkmark cichlid,Chuco intermedium,Cichliformes,Cichlidae,Chuco,-29.5,9.6,1.4,0.4,SE,5,Muscle
ID_0539,3227,Shortfin molly,Poecilia mexicana,Cyprinodontiformes,Poeciliidae,Poecilia,-30.9,7.7,0.4,0.1,SE,3,Muscle
ID_0539,46667,Twospot livebearer,Pseudoxiphophorus bimaculatus,Cyprinodontiformes,Poeciliidae,Pseudoxiphophorus,-26.3,7.7,0.2,0.1,SE,5,Muscle
ID_0539,26800,Arroyo cichlid,Theraps irregularis,Cichliformes,Cichlidae,Theraps,-29.8,10.2,NA,NA,SE,1,Muscle
ID_0539,57857,Bluemouth cichlid,Wajpamheros nourissati,Cichliformes,Cichlidae,Wajpamheros,-29,10.1,0.2,0.2,SE,2,Muscle
ID_0540,3577,Freshwater drum,Aplodinotus grunniens,Eupercaria/misc,Sciaenidae,Aplodinotus,-31,11.5,0.3,0,SE,2,Muscle
ID_0540,NA,NA,Astyanax sp,Characiformes,Characidae,Astyanax,-26.1,8.8,1.6,0.9,SE,5,Muscle
ID_0540,79,Grass carp,Ctenopharyngodon idella,Cypriniformes,Xenocyprididae,Ctenopharyngodon,-15.1,8.9,1.4,1.1,SE,2,Muscle
ID_0540,1603,Mexican river gizzard shad,Dorosoma anale,Clupeiformes,Dorosomatidae,Dorosoma,-27.4,7.5,0.8,1,SE,4,Muscle
ID_0540,1053,Striped mojarra,Eugerres plumieri,Eupercaria/misc,Gerreidae,Eugerres,-31.8,7.8,2.7,0.9,SE,3,Muscle
ID_0540,53026,Teardrop mosquito,Gambusia sexradiata,Cyprinodontiformes,Poeciliidae,Gambusia,-21.7,9,0.4,0.4,SE,2,Muscle
ID_0540,66263,Southern blue catfish,Ictalurus meridionalis,Siluriformes,Ictaluridae,Ictalurus,-26.5,10.2,0.9,0.2,SE,3,Muscle
ID_0540,NA,NA,Oreochromis sp,Cichliformes,Cichlidae,Oreochromis,-27.7,8.5,0.5,0.2,SE,5,Muscle
ID_0540,3227,Shortfin molly,Poecilia mexicana,Cyprinodontiformes,Poeciliidae,Poecilia,-23.5,7.6,0.6,0.4,SE,2,Muscle
ID_0540,NA,NA,Pterygoplichthys sp,Siluriformes,Loricariidae,Pterygoplichthys,-28.6,7.1,1.5,0.3,SE,5,Muscle
ID_0541,NA,NA,Astyanax sp,Characiformes,Characidae,Astyanax,-27.5,8.2,0.2,0.1,SE,5,Muscle
ID_0541,26797,Northern checkmark cichlid_juvenile,Chuco intermedium,Cichliformes,Cichlidae,Chuco,-26.9,8,0.4,0.1,SE,5,Muscle
ID_0541,3227,Shortfin molly,Poecilia mexicana,Cyprinodontiformes,Poeciliidae,Poecilia,-27.8,7.1,0.5,0.1,SE,5,Muscle
ID_0541,26801,Freckled cichlid,Rheoheros lentiginosus,Cichliformes,Cichlidae,Rheoheros,-30.3,7.9,0.5,0.4,SE,2,Muscle
ID_0541,26815,Chiapas cichlid,Thorichthys socolofi,Cichliformes,Cichlidae,Thorichthys,-25.8,7.2,NA,NA,SE,1,Muscle
ID_0541,4693,Juvenile,Trichromis salvini,Cichliformes,Cichlidae,Trichromis,-28.2,7.5,NA,NA,SE,1,Muscle
ID_0542,NA,NA,Astyanax sp,Characiformes,Characidae,Astyanax,-30,10.2,0.8,0.6,SE,5,Muscle
ID_0542,53157,Gulf silverside,Atherinella alvarezi,Atheriniformes,Atherinopsidae,Atherinella,-31.9,11.9,0.3,0,SE,3,Muscle
ID_0542,4798,Mexican mojarr_juvenile,Mayaheros urophthalmus,Cichliformes,Cichlidae,Mayaheros,-30.4,7.6,0.3,0.4,SE,3,Muscle
ID_0542,NA,NA,Oreochromis sp,Cichliformes,Cichlidae,Oreochromis,-34.1,6.2,0.4,0.2,SE,6,Muscle
ID_0542,26819,Bay snook_juvenile,Petenia splendida,Cichliformes,Cichlidae,Petenia,-32.3,9.9,0.6,0.7,SE,2,Muscle
ID_0542,3227,Shortfin molly,Poecilia mexicana,Cyprinodontiformes,Poeciliidae,Poecilia,-35.8,6.7,0.2,0.5,SE,5,Muscle
ID_0542,NA,NA,Pterygoplichthys sp,Siluriformes,Loricariidae,Pterygoplichthys,-34,6.6,0.8,0.2,SE,6,Muscle
ID_0542,26812,Yellow cichlid,Thorichthys helleri,Cichliformes,Cichlidae,Thorichthys,-33.6,10.3,NA,NA,SE,1,Muscle
ID_0542,4676,Firemouth cichlid,Thorichthys meeki,Cichliformes,Cichlidae,Thorichthys,-32.4,6.9,NA,NA,SE,1,Muscle
ID_0542,26814,Blackgullet cichlid,Thorichthys pasionis,Cichliformes,Cichlidae,Thorichthys,-32.2,7.3,1,0.2,SE,2,Muscle
ID_0542,4693,Yellow belly cichlid,Trichromis salvini,Cichliformes,Cichlidae,Trichromis,-31.3,7.8,0.2,0.2,SE,3,Muscle
ID_0542,12322,Redhead cichlid,Vieja melanurus,Cichliformes,Cichlidae,Vieja,-32.6,7.4,0.4,0.5,SE,3,Muscle
ID_0543,NA,NA,Astyanax sp,Characiformes,Characidae,Astyanax,-28.2,8.4,0.7,0.5,SE,5,Muscle
ID_0543,53157,Gulf silverside,Atherinella alvarezi,Atheriniformes,Atherinopsidae,Atherinella,-28.5,9.3,0.9,0.3,SE,3,Muscle
ID_0543,1606,Threadfin shad,Dorosoma petenense,Clupeiformes,Dorosomatidae,Dorosoma,-28.8,8,NA,NA,SE,1,Muscle
ID_0543,55796,Mexican mojarra,Eugerres mexicanus,Eupercaria/misc,Gerreidae,Eugerres,-29.8,11.7,0.2,0.6,SE,3,Muscle
ID_0543,4798,Mexican mojarra,Mayaheros urophthalmus,Cichliformes,Cichlidae,Mayaheros,-29.3,6.8,1.1,0.5,SE,3,Muscle
ID_0543,NA,NA,Oreochromis sp,Cichliformes,Cichlidae,Oreochromis,-30.5,9.3,0.2,0.3,SE,5,Muscle
ID_0543,26819,Bay snook_juvenile,Petenia splendida,Cichliformes,Cichlidae,Petenia,-28.9,9,NA,NA,SE,1,Muscle
ID_0543,3227,Shortfin molly,Poecilia mexicana,Cyprinodontiformes,Poeciliidae,Poecilia,-32.7,7.2,0.3,0.3,SE,5,Muscle
ID_0543,NA,NA,Pterygoplichthys sp,Siluriformes,Loricariidae,Pterygoplichthys,-33.1,7.7,1,0.2,SE,5,Muscle
ID_0543,3616,Jack dempsey,Rocio octofasciata,Cichliformes,Cichlidae,Rocio,-31.9,7.2,0.5,0.3,SE,4,Muscle
ID_0543,4676,Firemouth cichlid,Thorichthys meeki,Cichliformes,Cichlidae,Thorichthys,-29.9,8.4,0.7,0.6,SE,5,Muscle
ID_0543,4693,Yellow belly cichlid,Trichromis salvini,Cichliformes,Cichlidae,Trichromis,-27.8,9.3,0.8,1.3,SE,2,Muscle
ID_0544,258,Northern pike,Esox lucius,Esociformes,Esocidae,Esox,-23.45,25.88,0.16,1.45,SD,NA,Fin
ID_0544,258,Northern pike,Esox lucius,Esociformes,Esocidae,Esox,-21.9,27.2,0.79,1.03,SD,2,Fin
ID_0544,4474,Ruffe,Gymnocephalus cernua,Perciformes/Percoidei,Percidae,Gymnocephalus,-23.72,26.74,1.74,0.59,SD,NA,Fin
ID_0544,358,Perch,Perca fluviatilis,Perciformes/Percoidei,Percidae,Perca,-24.59,26.14,1.08,0.81,SD,NA,Fin
ID_0544,272,Roach,Rutilus rutilus,Cypriniformes,Leuciscidae,Rutilus,-23.78,25.29,1.4,1.23,SD,NA,Fin
ID_0544,2951,Rudd,Scardinius erythrophthalmus,Cypriniformes,Leuciscidae,Scardinius,-18.84,23.39,1.41,1.22,SD,NA,Fin
ID_0544,289,Catfish,Silurus glanis,Siluriformes,Siluridae,Silurus,-22.6,26.14,0.69,1.23,SD,6,Fin
ID_0544,269,Tench,Tinca tinca,Cypriniformes,Tincidae,Tinca,-22.8,24.91,0.26,0.41,SD,NA,Fin
ID_0545,258,Northern pike,Esox lucius,Esociformes,Esocidae,Esox,-24.16,17.61,0.55,0.21,SD,2,Fin
ID_0545,4474,Ruffe,Gymnocephalus cernua,Perciformes/Percoidei,Percidae,Gymnocephalus,-22.37,18.07,2.71,0.62,SD,NA,Fin
ID_0545,358,Perch,Perca fluviatilis,Perciformes/Percoidei,Percidae,Perca,-23.44,17.06,1.72,0.85,SD,NA,Fin
ID_0545,272,Roach,Rutilus rutilus,Cypriniformes,Leuciscidae,Rutilus,-24.08,16.12,2.85,0.95,SD,NA,Fin
ID_0545,2951,Rudd,Scardinius erythrophthalmus,Cypriniformes,Leuciscidae,Scardinius,-24.54,14.56,1.05,0.9,SD,NA,Fin
ID_0545,289,Catfish,Silurus glanis,Siluriformes,Siluridae,Silurus,-23.89,15.83,1.48,1.84,SD,30,Fin
ID_0545,269,Tench,Tinca tinca,Cypriniformes,Tincidae,Tinca,-25.28,16.69,1.89,0.53,SD,NA,Fin
ID_0546,2079,Lenok,Brachymystax lenok,Salmoniformes,Salmonidae,Brachymystax,-22,7.8,2.2,0.9,SD,83,Muscle
ID_0546,310,Burbot,Lota lota,Gadiformes,Lotidae,Lota,-21.3,8.3,0.9,0.9,SD,64,Muscle
ID_0546,358,Perch,Perca fluviatilis,Perciformes/Percoidei,Percidae,Perca,-24.2,9.3,2.5,0.8,SD,47,Muscle
ID_0546,4661,Eurasian minnow,Phoxinus phoxinus,Cypriniformes,Leuciscidae,Phoxinus,-22.4,7.8,1.8,1,SD,33,Muscle
ID_0546,272,Roach,Rutilus rutilus,Cypriniformes,Leuciscidae,Rutilus,-26.6,8.2,3.5,0.9,SD,69,Muscle
ID_0546,48255,Hövsgöl grayling,Thymallus nigrescens,Salmoniformes,Salmonidae,Thymallus,-23,6.6,1.7,0.6,SD,134,Muscle
ID_0547,239,Rainbow trout ,Oncorhynchus mykiss,Salmoniformes,Salmonidae,Oncorhynchus,-20.27,7.55,0.77,0.81,SD,16,Muscle
ID_0547,238,Brown trout,Salmo trutta,Salmoniformes,Salmonidae,Salmo,-20.31,7.3,0.75,0.76,SD,24,Muscle
ID_0547,246,Brook trout,Salvelinus fontinalis,Salmoniformes,Salmonidae,Salvelinus,-19.56,6.75,0.58,0.76,SD,11,Muscle
ID_0548,2965,White sucker,Catostomus commersonii,Cypriniformes,Catostomidae,Catostomus,-24.42,6.51,1.27,0.29,SD,16,Muscle
ID_0548,2944,Longnose dace ,Rhinichthys cataractae,Cypriniformes,Leuciscidae,Rhinichthys,-24.94,6.97,0.98,0.3,SD,15,Muscle
ID_0548,238,Brown trout,Salmo trutta,Salmoniformes,Salmonidae,Salmo,-24.43,8.57,0.34,0.44,SD,10,Muscle
ID_0548,2952,Creek chub,Semotilus atromaculatus,Cypriniformes,Leuciscidae,Semotilus,-25.36,7.93,0.86,0.47,SD,15,Muscle
ID_0549,2962,Longnose Sucker ,Catostomus catostomus,Cypriniformes,Catostomidae,Catostomus,-23.83,5.6,0.74,0.23,SD,15,Muscle
ID_0549,2965,White sucker,Catostomus commersonii,Cypriniformes,Catostomidae,Catostomus,-25.84,6.12,1.17,0.72,SD,19,Muscle
ID_0549,2905,Sand Shiner ,Notropis stramineus,Cypriniformes,Leuciscidae,Notropis,-27.28,7.64,0.81,0.11,SD,6,Muscle
ID_0549,239,Rainbow trout ,Oncorhynchus mykiss,Salmoniformes,Salmonidae,Oncorhynchus,-27.57,8.62,0.39,0.14,SD,3,Muscle
ID_0549,2944,Longnose dace ,Rhinichthys cataractae,Cypriniformes,Leuciscidae,Rhinichthys,-26.25,6.68,1.41,0.3,SD,15,Muscle
ID_0549,238,Brown trout,Salmo trutta,Salmoniformes,Salmonidae,Salmo,-25.53,9.12,1.3,0.44,SD,22,Muscle
ID_0549,2952,Creek chub,Semotilus atromaculatus,Cypriniformes,Leuciscidae,Semotilus,-25.31,7.33,0.94,0.64,SD,30,Muscle
ID_0550,2965,White sucker,Catostomus commersonii,Cypriniformes,Catostomidae,Catostomus,-27.26,6.65,1.05,0.45,SD,20,Muscle
ID_0550,1450,Common carp ,Cyprinus carpio,Cypriniformes,Cyprinidae,Cyprinus,-28.34,8.28,0.96,0.76,SD,14,Muscle
ID_0550,3420,Iowa Darter,Etheostoma exile,Perciformes/Percoidei,Percidae,Etheostoma,-27.21,8.85,0.15,0.98,SD,2,Muscle
ID_0550,3445,Johnny darter,Etheostoma nigrum,Perciformes/Percoidei,Percidae,Etheostoma,-27.55,9.02,1.18,0.48,SD,18,Muscle
ID_0550,3208,Plains killifish,Fundulus zebrinus,Cyprinodontiformes,Fundulidae,Fundulus,-26.5,8.02,0.31,0.01,SD,3,Muscle
ID_0550,2905,Sand Shiner ,Notropis stramineus,Cypriniformes,Leuciscidae,Notropis,-26.26,8.13,1.14,0.38,SD,17,Muscle
ID_0550,239,Rainbow trout ,Oncorhynchus mykiss,Salmoniformes,Salmonidae,Oncorhynchus,-26.6,10.46,1.42,0.11,SD,2,Muscle
ID_0550,4785,Fathead Minnow,Pimephales promelas,Cypriniformes,Leuciscidae,Pimephales,-26.76,8.37,0.35,0.5,SD,7,Muscle
ID_0550,2944,Longnose dace ,Rhinichthys cataractae,Cypriniformes,Leuciscidae,Rhinichthys,-29.34,8.53,1.48,0.24,SD,17,Muscle
ID_0550,2952,Creek chub,Semotilus atromaculatus,Cypriniformes,Leuciscidae,Semotilus,-27.04,9.67,1.05,1.18,SD,32,Muscle
ID_0551,239,Rainbow trout ,Oncorhynchus mykiss,Salmoniformes,Salmonidae,Oncorhynchus,-23.26,6.84,0.55,0.64,SD,7,Muscle
ID_0551,238,Brown trout,Salmo trutta,Salmoniformes,Salmonidae,Salmo,-23.42,6.45,0.97,0.5,SD,10,Muscle
ID_0551,246,Brook trout,Salvelinus fontinalis,Salmoniformes,Salmonidae,Salvelinus,-23.46,6.9,1.03,0.6,SD,12,Muscle
ID_0552,2962,Longnose Sucker ,Catostomus catostomus,Cypriniformes,Catostomidae,Catostomus,-25.45,7.71,0.29,0.1,SD,7,Muscle
ID_0552,239,Rainbow trout ,Oncorhynchus mykiss,Salmoniformes,Salmonidae,Oncorhynchus,-24.69,10.7,0.7,0.62,SD,3,Muscle
ID_0552,2944,Longnose dace ,Rhinichthys cataractae,Cypriniformes,Leuciscidae,Rhinichthys,-25.9,8.68,0.34,0.34,SD,10,Muscle
ID_0552,238,Brown trout,Salmo trutta,Salmoniformes,Salmonidae,Salmo,-25.56,9.11,0.84,1.06,SD,10,Muscle
ID_0552,246,Brook trout,Salvelinus fontinalis,Salmoniformes,Salmonidae,Salvelinus,-25.86,9.45,0.61,0.4,SD,5,Muscle
ID_0553,2962,Longnose Sucker ,Catostomus catostomus,Cypriniformes,Catostomidae,Catostomus,-29.21,9.45,0.28,0.4,SD,6,Muscle
ID_0553,2965,White sucker,Catostomus commersonii,Cypriniformes,Catostomidae,Catostomus,-27.71,9.81,0.73,0.79,SD,9,Muscle
ID_0553,3445,Johnny darter,Etheostoma nigrum,Perciformes/Percoidei,Percidae,Etheostoma,-28.41,11.2,0.62,0.52,SD,10,Muscle
ID_0553,2944,Longnose dace ,Rhinichthys cataractae,Cypriniformes,Leuciscidae,Rhinichthys,-29.37,9.92,0.98,0.15,SD,5,Muscle
ID_0553,238,Brown trout,Salmo trutta,Salmoniformes,Salmonidae,Salmo,-26.89,12.67,0.66,0.38,SD,5,Muscle
ID_0553,2952,Creek chub,Semotilus atromaculatus,Cypriniformes,Leuciscidae,Semotilus,-27.52,11.03,0.39,0.69,SD,14,Muscle
ID_0554,2965,White sucker,Catostomus commersonii,Cypriniformes,Catostomidae,Catostomus,-28.05,9.58,1,0.42,SD,13,Muscle
ID_0554,3445,Johnny darter,Etheostoma nigrum,Perciformes/Percoidei,Percidae,Etheostoma,-28,11.41,0.5,0.34,SD,8,Muscle
ID_0554,2905,Sand Shiner ,Notropis stramineus,Cypriniformes,Leuciscidae,Notropis,-27.67,11.07,0.65,0.32,SD,11,Muscle
ID_0554,2944,Longnose dace ,Rhinichthys cataractae,Cypriniformes,Leuciscidae,Rhinichthys,-27.97,11.39,0.93,0.34,SD,8,Muscle
ID_0554,238,Brown trout,Salmo trutta,Salmoniformes,Salmonidae,Salmo,-26.86,13.26,0.31,0.56,SD,5,Muscle
ID_0554,3516,Walleye - WAE,Sander vitreus,Perciformes/Percoidei,Percidae,Sander,-26.54,14.25,0.36,0.2,SD,3,Muscle
ID_0554,2952,Creek chub,Semotilus atromaculatus,Cypriniformes,Leuciscidae,Semotilus,-27.93,10.99,2.03,1.29,SD,20,Muscle
ID_0555,2962,Longnose Sucker ,Catostomus catostomus,Cypriniformes,Catostomidae,Catostomus,-24.6,7.49,0.46,0.4,SD,5,Muscle
ID_0555,238,Brown trout,Salmo trutta,Salmoniformes,Salmonidae,Salmo,-24.87,7.3,1.71,0.92,SD,23,Muscle
ID_0555,246,Brook trout,Salvelinus fontinalis,Salmoniformes,Salmonidae,Salvelinus,-24.56,7.2,1.54,0.92,SD,29,Muscle
ID_0556,2962,Longnose Sucker ,Catostomus catostomus,Cypriniformes,Catostomidae,Catostomus,-26.41,6.84,0.39,0.29,SD,8,Muscle
ID_0556,2965,White sucker,Catostomus commersonii,Cypriniformes,Catostomidae,Catostomus,-26.37,7.07,0.58,0.51,SD,8,Muscle
ID_0556,2944,Longnose dace ,Rhinichthys cataractae,Cypriniformes,Leuciscidae,Rhinichthys,-26.74,8.17,0.81,0.44,SD,39,Muscle
ID_0556,238,Brown trout,Salmo trutta,Salmoniformes,Salmonidae,Salmo,-26.07,9.22,0.64,1.29,SD,54,Muscle
ID_0556,2952,Creek chub,Semotilus atromaculatus,Cypriniformes,Leuciscidae,Semotilus,-26.47,8.77,0.73,0.74,SD,20,Muscle
ID_0557,2962,Longnose Sucker ,Catostomus catostomus,Cypriniformes,Catostomidae,Catostomus,-26.79,7.69,1.18,0.32,SD,14,Muscle
ID_0557,2965,White sucker,Catostomus commersonii,Cypriniformes,Catostomidae,Catostomus,-26.56,7.9,0.94,0.62,SD,15,Muscle
ID_0557,2851,Common Shiner ,Luxilus cornutus,Cypriniformes,Leuciscidae,Luxilus,-25.47,8.41,0.28,0.25,SD,5,Muscle
ID_0557,2944,Longnose dace ,Rhinichthys cataractae,Cypriniformes,Leuciscidae,Rhinichthys,-27.01,8.58,0.57,0.41,SD,17,Muscle
ID_0557,238,Brown trout,Salmo trutta,Salmoniformes,Salmonidae,Salmo,-26.35,8.83,0.87,1.43,SD,44,Muscle
ID_0557,246,Brook trout,Salvelinus fontinalis,Salmoniformes,Salmonidae,Salvelinus,-28.33,10.34,0.09,0.06,SD,2,Muscle
ID_0557,2952,Creek chub,Semotilus atromaculatus,Cypriniformes,Leuciscidae,Semotilus,-26.43,9.29,0.79,0.54,SD,15,Muscle
ID_0558,2962,Longnose Sucker ,Catostomus catostomus,Cypriniformes,Catostomidae,Catostomus,-28.64,8.27,1.79,0.39,SD,25,Muscle
ID_0558,2965,White sucker,Catostomus commersonii,Cypriniformes,Catostomidae,Catostomus,-28.2,8.39,1.27,0.32,SD,49,Muscle
ID_0558,1450,Common carp ,Cyprinus carpio,Cypriniformes,Cyprinidae,Cyprinus,-26.61,10.26,0.44,0.94,SD,8,Muscle
ID_0558,3420,Iowa Darter,Etheostoma exile,Perciformes/Percoidei,Percidae,Etheostoma,-27.37,9.46,1.08,0.34,SD,23,Muscle
ID_0558,3445,Johnny darter,Etheostoma nigrum,Perciformes/Percoidei,Percidae,Etheostoma,-27.84,10.19,1.07,0.29,SD,34,Muscle
ID_0558,2773,Brassy Minnow,Hybognathus hankinsoni,Cypriniformes,Leuciscidae,Hybognathus,-30.7,7.83,0.75,0.59,SD,15,Muscle
ID_0558,2851,Common Shiner ,Luxilus cornutus,Cypriniformes,Leuciscidae,Luxilus,-27.45,9.2,0.5,0.42,SD,41,Muscle
ID_0558,4785,Fathead Minnow,Pimephales promelas,Cypriniformes,Leuciscidae,Pimephales,-29.02,8.5,0.86,0.5,SD,20,Muscle
ID_0558,2944,Longnose dace ,Rhinichthys cataractae,Cypriniformes,Leuciscidae,Rhinichthys,-28.72,8.94,0.73,0.31,SD,43,Muscle
ID_0558,238,Brown trout,Salmo trutta,Salmoniformes,Salmonidae,Salmo,-26.99,9.28,1.8,0.69,SD,98,Muscle
ID_0558,2952,Creek chub,Semotilus atromaculatus,Cypriniformes,Leuciscidae,Semotilus,-27.29,10.05,1.01,1.14,SD,76,Muscle
ID_0559,2962,Longnose Sucker ,Catostomus catostomus,Cypriniformes,Catostomidae,Catostomus,-29.62,11.74,0.59,0.73,SD,23,Muscle
ID_0559,2965,White sucker,Catostomus commersonii,Cypriniformes,Catostomidae,Catostomus,-27.15,11.75,0.66,1.19,SD,41,Muscle
ID_0559,1450,Common carp ,Cyprinus carpio,Cypriniformes,Cyprinidae,Cyprinus,-27.43,10.08,0.73,1.37,SD,5,Muscle
ID_0559,3420,Iowa Darter,Etheostoma exile,Perciformes/Percoidei,Percidae,Etheostoma,-26.33,13.03,0.52,0.83,SD,11,Muscle
ID_0559,2773,Brassy Minnow,Hybognathus hankinsoni,Cypriniformes,Leuciscidae,Hybognathus,-28.94,11.58,1.97,0.83,SD,15,Muscle
ID_0559,2851,Common Shiner ,Luxilus cornutus,Cypriniformes,Leuciscidae,Luxilus,-27.66,11.6,0.58,1,SD,22,Muscle
ID_0559,4785,Fathead Minnow,Pimephales promelas,Cypriniformes,Leuciscidae,Pimephales,-28.25,11.34,1.12,0.92,SD,18,Muscle
ID_0559,2944,Longnose dace ,Rhinichthys cataractae,Cypriniformes,Leuciscidae,Rhinichthys,-28.71,11.81,0.55,0.56,SD,28,Muscle
ID_0559,238,Brown trout,Salmo trutta,Salmoniformes,Salmonidae,Salmo,-26.77,11.57,1.24,1.18,SD,140,Muscle
ID_0559,2952,Creek chub,Semotilus atromaculatus,Cypriniformes,Leuciscidae,Semotilus,-27.01,10.5,0.91,1.66,SD,71,Muscle
ID_0560,2962,Longnose Sucker ,Catostomus catostomus,Cypriniformes,Catostomidae,Catostomus,-26.83,10.72,1.64,0.63,SD,11,Muscle
ID_0560,2965,White sucker,Catostomus commersonii,Cypriniformes,Catostomidae,Catostomus,-26.37,9.26,1.57,0.94,SD,45,Muscle
ID_0560,1450,Common carp ,Cyprinus carpio,Cypriniformes,Cyprinidae,Cyprinus,-27.61,9.98,1.23,1.02,SD,4,Muscle
ID_0560,3445,Johnny darter,Etheostoma nigrum,Perciformes/Percoidei,Percidae,Etheostoma,-25.31,12.14,1.05,0.31,SD,14,Muscle
ID_0560,2851,Common Shiner ,Luxilus cornutus,Cypriniformes,Leuciscidae,Luxilus,-25.59,12.06,0.85,0.58,SD,11,Muscle
ID_0560,2807,Hornyhead Chub,Nocomis biguttatus,Cypriniformes,Leuciscidae,Nocomis,-25.87,11.42,1.05,0.63,SD,12,Muscle
ID_0560,3033,Stonecat ,Noturus flavus,Siluriformes,Ictaluridae,Noturus,-26.53,11.7,0.46,0.91,SD,10,Muscle
ID_0560,239,Rainbow trout ,Oncorhynchus mykiss,Salmoniformes,Salmonidae,Oncorhynchus,-26.29,11.73,1.55,0.4,SD,11,Muscle
ID_0560,4785,Fathead Minnow,Pimephales promelas,Cypriniformes,Leuciscidae,Pimephales,-27.84,11.52,0.96,0.27,SD,8,Muscle
ID_0560,2944,Longnose dace ,Rhinichthys cataractae,Cypriniformes,Leuciscidae,Rhinichthys,-26.64,11.43,1.19,0.48,SD,21,Muscle
ID_0560,2952,Creek chub,Semotilus atromaculatus,Cypriniformes,Leuciscidae,Semotilus,-25.9,11.66,1.22,1.03,SD,49,Muscle
ID_0561,2965,White sucker,Catostomus commersonii,Cypriniformes,Catostomidae,Catostomus,-26.69,8.99,0.69,0.5,SD,46,Muscle
ID_0561,2876,Red Shinner ,Cyprinella lutrensis,Cypriniformes,Leuciscidae,Cyprinella,-25.55,11.43,0.2,0.27,SD,3,Muscle
ID_0561,1450,Common carp ,Cyprinus carpio,Cypriniformes,Cyprinidae,Cyprinus,-26.41,9.5,0.85,0.42,SD,23,Muscle
ID_0561,3420,Iowa Darter,Etheostoma exile,Perciformes/Percoidei,Percidae,Etheostoma,-25.73,9.7,0.35,0.26,SD,3,Muscle
ID_0561,2773,Brassy Minnow,Hybognathus hankinsoni,Cypriniformes,Leuciscidae,Hybognathus,-29.03,9.34,0.92,0.27,SD,8,Muscle
ID_0561,3371,Green Sunfish ,Lepomis cyanellus,Centrarchiformes,Centrarchidae,Lepomis,-25.86,10.54,0.45,0.61,SD,7,Muscle
ID_0561,2851,Common Shiner ,Luxilus cornutus,Cypriniformes,Leuciscidae,Luxilus,-25.46,9.87,0.31,0.62,SD,28,Muscle
ID_0561,3382,Smallmouth bass ,Micropterus dolomieu,Centrarchiformes,Centrarchidae,Micropterus,-25.3,10.5,0.69,1.72,SD,126,Muscle
ID_0561,3008,Shorthead Redhorse ,Moxostoma macrolepidotum,Cypriniformes,Catostomidae,Moxostoma,-25.64,8.76,0.7,0.51,SD,22,Muscle
ID_0561,2905,Sand Shiner ,Notropis stramineus,Cypriniformes,Leuciscidae,Notropis,-26.84,9.14,1.21,0.51,SD,17,Muscle
ID_0561,3033,Stonecat ,Noturus flavus,Siluriformes,Ictaluridae,Noturus,-25.29,11.24,0.92,0.24,SD,15,Muscle
ID_0561,4785,Fathead Minnow,Pimephales promelas,Cypriniformes,Leuciscidae,Pimephales,-26.76,9.85,0.46,0.41,SD,8,Muscle
ID_0561,238,Brown trout,Salmo trutta,Salmoniformes,Salmonidae,Salmo,-25.18,10.64,1.16,0.39,SD,5,Muscle
ID_0561,2952,Creek chub,Semotilus atromaculatus,Cypriniformes,Leuciscidae,Semotilus,-25.08,10.47,0.52,1.03,SD,49,Muscle
ID_0561,NA,STR,NA,NA,NA,NA,-27.2,8.97,0.84,0.89,SD,38,Muscle
ID_0562,3577,Freshwater drum,Aplodinotus grunniens,Eupercaria/misc,Sciaenidae,Aplodinotus,-26.82,14.89,0.57,0.32,SD,5,Muscle
ID_0562,2962,Longnose Sucker ,Catostomus catostomus,Cypriniformes,Catostomidae,Catostomus,-27.93,12.25,0.57,0.45,SD,10,Muscle
ID_0562,2965,White sucker,Catostomus commersonii,Cypriniformes,Catostomidae,Catostomus,-27.6,10.71,0.99,1.55,SD,36,Muscle
ID_0562,2876,Red Shinner ,Cyprinella lutrensis,Cypriniformes,Leuciscidae,Cyprinella,-27.55,11.95,0.94,0.47,SD,18,Muscle
ID_0562,1450,Common carp ,Cyprinus carpio,Cypriniformes,Cyprinidae,Cyprinus,-29.24,11.44,1.23,0.58,SD,15,Muscle
ID_0562,1604,Gizzard Shad,Dorosoma cepedianum,Clupeiformes,Dorosomatidae,Dorosoma,-29.1,11.58,0.44,0.23,SD,8,Muscle
ID_0562,3382,Smallmouth bass ,Micropterus dolomieu,Centrarchiformes,Centrarchidae,Micropterus,-27.29,13.03,0.81,1.67,SD,51,Muscle
ID_0562,3385,Largemouth bass ,Micropterus salmoides,Centrarchiformes,Centrarchidae,Micropterus,-27.14,13.4,0.44,0.98,SD,22,Muscle
ID_0562,3008,Shorthead Redhorse ,Moxostoma macrolepidotum,Cypriniformes,Catostomidae,Moxostoma,-28.04,12.42,0.41,0.36,SD,22,Muscle
ID_0562,2853,Bigmouth Shiner,Notropis dorsalis,Cypriniformes,Leuciscidae,Notropis,-27.72,12.05,0.75,0.54,SD,9,Muscle
ID_0562,2905,Sand Shiner ,Notropis stramineus,Cypriniformes,Leuciscidae,Notropis,-27.6,12.31,0.78,0.41,SD,10,Muscle
ID_0562,3033,Stonecat ,Noturus flavus,Siluriformes,Ictaluridae,Noturus,-28.9,12.75,1.85,0.74,SD,3,Muscle
ID_0562,359,Yellow Perch,Perca flavescens,Perciformes/Percoidei,Percidae,Perca,-28.07,13.08,0.1,0.28,SD,2,Muscle
ID_0562,2944,Longnose dace ,Rhinichthys cataractae,Cypriniformes,Leuciscidae,Rhinichthys,-29.01,10.33,0.66,0.93,SD,6,Muscle
ID_0562,2952,Creek chub,Semotilus atromaculatus,Cypriniformes,Leuciscidae,Semotilus,-26.93,12.27,0.38,0.41,SD,5,Muscle
ID_0563,2970,Flannelmouth sucker,Catostomus latipinnis,Cypriniformes,Catostomidae,Catostomus,-22,12.4,1.2,1.4,SD,23,Muscle
ID_0563,2876,Red shiner,Cyprinella lutrensis,Cypriniformes,Leuciscidae,Cyprinella,-22.3,10.9,1,1.4,SD,134,Muscle
ID_0563,290,Channel catfish,Ictalurus punctatus,Siluriformes,Ictaluridae,Ictalurus,-21.9,11.7,0.9,0.9,SD,282,Muscle
ID_0563,4785,Fathead minnow,Pimephales promelas,Cypriniformes,Leuciscidae,Pimephales,-23.7,11.8,1.4,1.1,SD,37,Muscle
ID_0563,2939,Colorado pikeminnow,Ptychocheilus lucius,Cypriniformes,Leuciscidae,Ptychocheilus,-22.8,13.8,0.9,0.8,SD,385,Muscle
ID_0563,2947,Speckled dace,Rhinichthys osculus,Cypriniformes,Leuciscidae,Rhinichthys,-23.2,12.4,0.8,0.8,SD,70,Muscle
ID_0564,60706,Banded tetra,Astyanax aeneus,Characiformes,Characidae,Astyanax,-28.92,10.59,3.19,1.51,SD,57,Muscle
ID_0564,1606,Threadfin shad,Dorosoma petenense,Clupeiformes,Dorosomatidae,Dorosoma,-33.54,10.26,3.12,1.62,SD,59,Muscle
ID_0564,26787,Montecristo cichlid,Oscura heterospila,Cichliformes,Cichlidae,Oscura,-30.71,10.3,1.64,1.3,SD,59,Muscle
ID_0564,3227,Shortfin molly,Poecilia mexicana,Cyprinodontiformes,Poeciliidae,Poecilia,-32.18,9.79,2.07,1.03,SD,44,Muscle
ID_0564,NA,NA,Pterygoplichthys spp,Siluriformes,Loricariidae,Pterygoplichthys,-33.29,9.58,1.5,1.11,SD,56,Muscle
ID_0564,26814,Blackgullet cichlid,Thorichthys pasionis,Cichliformes,Cichlidae,Thorichthys,-31.62,10.85,2.51,1.29,SD,49,Muscle
ID_0565,272,Common roach,Rutilus rutilus,Cypriniformes,Leuciscidae,Rutilus,-24.27,16.91,2.82,0.71,SD,19,Fin
ID_0565,360,Pikeperch,Sander lucioperca,Perciformes/Percoidei,Percidae,Sander,-21.32,16.19,1.63,0.25,SD,2,Fin
ID_0565,2951,Common rudd,Scardinius erythrophthalmus,Cypriniformes,Leuciscidae,Scardinius,-26.17,16.19,3.3,1.21,SD,9,Fin
ID_0565,258,Northern pike,Esox lucius,Esociformes,Esocidae,Esox,-22.49,19.54,1.33,0.88,SD,6,Fin
ID_0565,1450,Common carp,Cyprinus carpio,Cypriniformes,Cyprinidae,Cyprinus,-21.95,17.71,0.44,0.5,SD,2,Fin
ID_0566,3577,Freshwater drum,Aplodinotus grunniens,Eupercaria/misc,Sciaenidae,Aplodinotus,-24.1,6.35,2.15,1.2,SD,38,Muscle
ID_0566,2962,Longnose sucker,Catostomus catostomus,Cypriniformes,Catostomidae,Catostomus,-21,6.05,2.55,0.85,SD,6,Muscle
ID_0566,2965,White sucker,Catostomus commersonii,Cypriniformes,Catostomidae,Catostomus,-19.4,5.4,2.35,1.35,SD,31,Muscle
ID_0566,235,Cisco,Coregonus artedi,Salmoniformes,Salmonidae,Coregonus,-20.75,6,2,1.7,SD,132,Muscle
ID_0566,234,Lake whitefish,Coregonus clupeaformis,Salmoniformes,Salmonidae,Coregonus,-17.7,7.7,4.3,1.5,SD,37,Muscle
ID_0566,258,Northern pike,Esox lucius,Esociformes,Esocidae,Esox,-20.05,8.05,1.85,1.2,SD,15,Muscle
ID_0566,2666,Goldeye,Hiodon alosoides,Hiodontiformes,Hiodontidae,Hiodon,-21.45,5.6,2.15,1.3,SD,62,Muscle
ID_0566,NA,Mooneye,Hiodon sp,Hiodontiformes,Hiodontidae,Hiodon,-19.4,5.7,0.1,1.5,SD,2,Muscle
ID_0566,310,Burbot,Lota lota,Gadiformes,Lotidae,Lota,-18.1,6.6,0.9,2.2,SD,5,Muscle
ID_0566,3308,White bass,Morone chrysops,Eupercaria/misc,Moronidae,Morone,-20.75,7.6,2.4,1.8,SD,53,Muscle
ID_0566,2824,Emerald shiner,Notropis atherinoides,Cypriniformes,Leuciscidae,Notropis,-21.35,5.65,1.15,1.4,SD,88,Muscle
ID_0566,253,Rainbow smelt,Osmerus mordax,Osmeriformes,Osmeridae,Osmerus,-20.9,6.85,0.65,1.55,SD,133,Muscle
ID_0566,359,Yellow perch,Perca flavescens,Perciformes/Percoidei,Percidae,Perca,-20,7,1.35,1.5,SD,42,Muscle
ID_0566,3065,Trout perch,Percopsis omiscomaycus,Percopsiformes,Percopsidae,Percopsis,-20.8,6.45,0.75,1,SD,25,Muscle
ID_0566,3273,Ninespine stickleback,Pungitius pungitius,Perciformes/Gasterosteoidei,Gasterosteidae,Pungitius,-22.8,7.1,1.2,2,SD,18,Muscle
ID_0566,3515,Sauger,Sander canadensis,Perciformes/Percoidei,Percidae,Sander,-19.65,8.7,1.65,1.35,SD,70,Muscle
ID_0566,3516,Walleye,Sander vitreus,Perciformes/Percoidei,Percidae,Sander,-19.2,7.95,2.25,1.45,SD,134,Muscle
ID_0567,22903,Chinese false gudgeon,Abbottina rivularis,Cypriniformes,Gobionidae,Abbottina,-25,12.9,1.3,1.2,SD,5,Muscle
ID_0567,271,Goldfish,Carassius auratus,Cypriniformes,Cyprinidae,Carassius,-23.3,14.2,1.3,0.5,SD,5,Muscle
ID_0567,4635,Predatory carp,Chanodichthys erythropterus,Cypriniformes,Xenocyprididae,Chanodichthys,-24.1,14.4,1.2,1.4,SD,4,Muscle
ID_0567,46706,NA,Chanodichthys mongolicus,Cypriniformes,Xenocyprididae,Chanodichthys,-23.8,16.2,1.6,0.5,SD,3,Muscle
ID_0567,630,Bigmouth grenadier anchovy,Coilia nasus,Clupeiformes,Engraulidae,Coilia,-26.1,13.9,1.6,1.7,SD,31,Muscle
ID_0567,46708,Topmouth culter,Culter alburnus,Cypriniformes,Xenocyprididae,Culter,-22.5,16.8,NA,NA,SD,1,Muscle
ID_0567,1450,Common carp,Cyprinus carpio,Cypriniformes,Cyprinidae,Cyprinus,-22.9,14.2,2,1.2,SD,5,Muscle
ID_0567,12068,Yellowcheek carp,Elopichthys bambusa,Cypriniformes,Xenocyprididae,Elopichthys,-23.1,15.9,NA,NA,SD,1,Muscle
ID_0567,4752,Spotted steed,Hemibarbus maculatus,Cypriniformes,Gobionidae,Hemibarbus,-23.3,13.9,0.9,0.8,SD,5,Muscle
ID_0567,22529,Tsan tiu,Hemiculter bleekeri,Cypriniformes,Xenocyprididae,Hemiculter,-27.7,13.6,1.2,0.3,SD,5,Muscle
ID_0567,NA,Asian pencil halfbeak,Hemiramphus intermedius,Beloniformes,Hemiramphidae,Hemiramphus,-27.1,14.9,0.4,1.7,SD,5,Muscle
ID_0567,274,Silver carp,Hypophthalmichthys molitrix,Cypriniformes,Xenocyprididae,Hypophthalmichthys,-27.8,12,1.8,1.1,SD,5,Muscle
ID_0567,275,Bighead carp,Hypophthalmichthys nobilis,Cypriniformes,Xenocyprididae,Hypophthalmichthys,-26,13.3,1.3,0.2,SD,5,Muscle
ID_0567,285,Wuchang bream,Megalobrama amblycephala,Cypriniformes,Xenocyprididae,Megalobrama,-23.45,11.52,NA,NA,SD,1,Muscle
ID_0567,68232,NA,Micropercops swinhonis,Gobiiformes,Odontobutidae,Micropercops,-25.4,13.9,0.7,0.7,SD,5,Muscle
ID_0567,4602,Black carp,Mylopharyngodon piceus,Cypriniformes,Xenocyprididae,Mylopharyngodon,-24.4,13.3,0.6,1.4,SD,5,Muscle
ID_0567,55418,Yangtze icefish,Neosalanx taihuensis,Osmeriformes,Salangidae,Neosalanx,-26.6,14.2,0.6,0.6,SD,25,Muscle
ID_0567,12236,Clearhead icefish,Protosalanx hyalocranius,Osmeriformes,Salangidae,Protosalanx,-25.5,16.2,1.2,0.5,SD,5,Muscle
ID_0567,4784,Rosy bitterling,Rhodeus ocellatus,Cypriniformes,Acheilognathidae,Rhodeus,-22.6,11.5,0.6,0.2,SD,5,Muscle
ID_0567,47352,Chinese lizard gudgeon,Saurogobio dabryi,Cypriniformes,Gobionidae,Saurogobio,-25.4,14.6,0.7,0.7,SD,5,Muscle
ID_0567,55397,NA,Saurogobio dumerili,Cypriniformes,Gobionidae,Saurogobio,-25.2,13.9,1,0.7,SD,5,Muscle
ID_0567,NA,NA,Saurogobio nigripinnis,Cypriniformes,Cyprinidae,Saurogobio,-24.1,14.3,0.8,0.5,SD,5,Muscle
ID_0567,28054,Mandarin fish,Siniperca chuatsi,Centrarchiformes,Sinipercidae,Siniperca,-23.1,16,1.3,0.8,SD,3,Muscle
ID_0568,7579,Inanga,Galaxias maculatus,Galaxiiformes,Galaxiidae,Galaxias,-23.52,8.51,2.15,0.91,SD,82,Whole
ID_0568,7579,Inanga_juvenile,Galaxias maculatus,Galaxiiformes,Galaxiidae,Galaxias,-24.69,9.69,0.65,0.98,SD,9,Whole
ID_0568,50822,Patagonian silverside,Odontesthes hatcheri,Atheriniformes,Atherinopsidae,Odontesthes,-31,10,NA,NA,SD,1,Muscle
ID_0568,50822,Patagonian silverside_juvenile,Odontesthes hatcheri,Atheriniformes,Atherinopsidae,Odontesthes,-22.74,7.58,1.22,1.05,SD,11,Whole
ID_0568,11975,Velvet catfish,Olivaichthys viedmensis,Siluriformes,Diplomystidae,Olivaichthys,-26.4,8.74,1.6,0.56,SD,7,Muscle
ID_0568,239,Rainbow trout,Oncorhynchus mykiss,Salmoniformes,Salmonidae,Oncorhynchus,-23.47,11.31,1.22,0.39,SD,67,Muscle
ID_0568,239,Rainbow trout_juvenile,Oncorhynchus mykiss,Salmoniformes,Salmonidae,Oncorhynchus,-22.7,8.1,2.4,1.1,SD,9,Muscle
ID_0568,12129,Creole perch,Percichthys trucha,Centrarchiformes,Percichthyidae,Percichthys,-24.1,10.62,1.29,0.71,SD,55,Muscle
ID_0568,238,Brown trout,Salmo trutta,Salmoniformes,Salmonidae,Salmo,-23.5,11.5,NA,NA,SD,1,Muscle
ID_0568,246,Brook trout,Salvelinus fontinalis,Salmoniformes,Salmonidae,Salvelinus,-25.55,11.5,1.8,0.83,SD,21,Muscle
ID_0568,246,Brook trout_juvenile,Salvelinus fontinalis,Salmoniformes,Salmonidae,Salvelinus,-24.75,10.57,2.75,0.3,SD,6,Muscle
ID_0569,3022,Brown bullhead,Ameiurus nebulosus,Siluriformes,Ictaluridae,Ameiurus,-16.9,12.8,0.35,0.2,SD,NA,Muscle
ID_0569,271,Goldfish,Carassius auratus,Cypriniformes,Cyprinidae,Carassius,-15.7,12.2,0.18,0.15,SD,NA,Muscle
ID_0569,1450,Common carp,Cyprinus carpio,Cypriniformes,Cyprinidae,Cyprinus,-16.9,11.6,0.05,0.08,SD,NA,Muscle
ID_0569,3372,Pumpkinseed sunfish,Lepomis gibbosus,Centrarchiformes,Centrarchidae,Lepomis,-15.7,12.7,0.33,0.35,SD,NA,Muscle
ID_0569,3385,Largemouth bass,Micropterus salmoides,Centrarchiformes,Centrarchidae,Micropterus,-18.8,15.9,0.23,0.28,SD,NA,Muscle
ID_0569,3008,Redhorse sucker,Moxostoma macrolepidotum,Cypriniformes,Catostomidae,Moxostoma,-19.8,13.2,1.28,0.3,SD,NA,Muscle
ID_0569,12019,Round goby,Neogobius melanostomus,Gobiiformes,Gobiidae,Neogobius,-17,13.3,0.2,0.08,SD,NA,Muscle
ID_0569,2824,Emerald shiner,Notropis atherinoides,Cypriniformes,Leuciscidae,Notropis,-22.1,12.7,0.15,0.4,SD,NA,Muscle
ID_0569,359,Yellow perch,Perca flavescens,Perciformes/Percoidei,Percidae,Perca,-18.9,15.2,0.5,0.33,SD,NA,Muscle
ID_0569,2951,Rudd,Scardinius erythrophthalmus,Cypriniformes,Leuciscidae,Scardinius,-16.7,12.7,0.4,0.25,SD,NA,Muscle
ID_0570,60060,Indian torrent catfish,Amblyceps caecutiens,Siluriformes,Amblycipitidae,Amblyceps,-24.7,10.5,1.3,0.1,SD,5,Muscle
ID_0570,5180,Spotted barb,Barbodes binotatus,Cypriniformes,Cyprinidae,Barbodes,-24.4,10.8,1.9,0.3,SD,13,Muscle
ID_0570,50504,Dwarf snakehead,Channa gachua,Anabantiformes,Channidae,Channa,-26.5,9.5,1.5,0.1,SD,5,Muscle
ID_0570,26760,NA,Glyptothorax laosensis,Siluriformes,Sisoridae,Glyptothorax,-26.1,12,1.4,0.3,SD,8,Muscle
ID_0570,26829,Balitora smithova,Homalopteroides smithi,Cypriniformes,Balitoridae,Homalopteroides,-24.7,10.9,1.2,0.2,SD,10,Muscle
ID_0570,55327,NA,Macrognathus circumcinctus,Synbranchiformes,Mastacembelidae,Macrognathus,-21.4,10.4,0,0.7,SD,2,Muscle
ID_0570,67453,NA,Neolissochilus blanci,Cypriniformes,Cyprinidae,Neolissochilus,-21.6,10.2,1.6,0.5,SD,9,Muscle
ID_0570,27079,Sidestripe rasbora,Rasbora paviana,Cypriniformes,Danionidae,Rasbora,-24.4,11.2,NA,NA,SD,1,Muscle
ID_0570,26843,NA,Schistura kohchangensis,Cypriniformes,Nemacheilidae,Schistura,-25,11.9,0.8,0.6,SD,10,Muscle
ID_0571,5180,Spotted barb,Barbodes binotatus,Cypriniformes,Cyprinidae,Barbodes,-27.3,9.1,1.9,0.4,SD,5,Muscle
ID_0571,50504,Dwarf snakehead,Channa gachua,Anabantiformes,Channidae,Channa,-24.6,9.6,1.2,0.6,SD,9,Muscle
ID_0571,23319,NA,Glyptothorax major,Siluriformes,Sisoridae,Glyptothorax,-25.6,9.4,0.5,0.5,SD,6,Muscle
ID_0571,26829,Balitora smithova,Homalopteroides smithi,Cypriniformes,Balitoridae,Homalopteroides,-24.7,8.9,0.6,0.3,SD,10,Muscle
ID_0571,10140,Zig-zag eel,Mastacembelus armatus,Synbranchiformes,Mastacembelidae,Mastacembelus,-25.2,9.1,1.3,0.4,SD,5,Muscle
ID_0571,67453,NA,Neolissochilus blanci,Cypriniformes,Cyprinidae,Neolissochilus,-23.4,8.4,2.3,0.3,SD,13,Muscle
ID_0571,27079,Sidestripe rasbora,Rasbora paviana,Cypriniformes,Danionidae,Rasbora,-25,9,0.7,0.3,SD,8,Muscle
ID_0571,26843,NA,Schistura kohchangensis,Cypriniformes,Nemacheilidae,Schistura,-24.9,10,1.3,0.3,SD,9,Muscle
ID_0572,60060,Indian torrent catfish,Amblyceps caecutiens,Siluriformes,Amblycipitidae,Amblyceps,-23.6,8.3,0.7,0.2,SD,4,Muscle
ID_0572,5180,Spotted barb,Barbodes binotatus,Cypriniformes,Cyprinidae,Barbodes,-24.6,9.5,1.3,0.3,SD,4,Muscle
ID_0572,50504,Dwarf snakehead,Channa gachua,Anabantiformes,Channidae,Channa,-22.7,9.8,0.6,0.6,SD,7,Muscle
ID_0572,26760,NA,Glyptothorax laosensis,Siluriformes,Sisoridae,Glyptothorax,-24.9,9.8,0.1,0.4,SD,2,Muscle
ID_0572,23319,NA,Glyptothorax major,Siluriformes,Sisoridae,Glyptothorax,-24.2,9.3,1.1,0.4,SD,8,Muscle
ID_0572,26829,Balitora smithova,Homalopteroides smithi,Cypriniformes,Balitoridae,Homalopteroides,-24.6,8.7,0.5,0.2,SD,8,Muscle
ID_0572,55327,NA,Macrognathus circumcinctus,Synbranchiformes,Mastacembelidae,Macrognathus,-23.8,8.3,1,0.7,SD,6,Muscle
ID_0572,67453,NA,Neolissochilus blanci,Cypriniformes,Cyprinidae,Neolissochilus,-22.4,8.3,1.8,0.5,SD,11,Muscle
ID_0572,27079,Sidestripe rasbora,Rasbora paviana,Cypriniformes,Danionidae,Rasbora,-24.5,9.1,1.3,0.4,SD,7,Muscle
ID_0572,26843,NA,Schistura kohchangensis,Cypriniformes,Nemacheilidae,Schistura,-23.8,9.6,1.1,0.5,SD,12,Muscle
ID_0573,65818,NA,Batasio fluviatilis,Siluriformes,Bagridae,Batasio,-26.3,9.5,0.7,0.6,SD,5,Muscle
ID_0573,50504,Dwarf snakehead,Channa gachua,Anabantiformes,Channidae,Channa,-24.5,9.2,0.8,0.4,SD,5,Muscle
ID_0573,26829,Balitora smithova,Homalopteroides smithi,Cypriniformes,Balitoridae,Homalopteroides,-28.2,9.1,0.4,0.1,SD,5,Muscle
ID_0573,10140,Zig-zag eel,Mastacembelus armatus,Synbranchiformes,Mastacembelidae,Mastacembelus,-28.2,9.3,1.3,0.2,SD,2,Muscle
ID_0573,16116,NA,Mystacoleucus marginatus,Cypriniformes,Cyprinidae,Mystacoleucus,-26.3,9.1,1.4,0.4,SD,5,Muscle
ID_0573,10364,Greater scissortail,Rasbora caudimaculata,Cypriniformes,Danionidae,Rasbora,-25.2,9.2,0.6,0.3,SD,5,Muscle
ID_0574,60060,Indian torrent catfish,Amblyceps caecutiens,Siluriformes,Amblycipitidae,Amblyceps,-22.1,9.6,0.1,0,SD,2,Muscle
ID_0574,50504,Dwarf snakehead,Channa gachua,Anabantiformes,Channidae,Channa,-24.4,10,1.9,0.8,SD,5,Muscle
ID_0574,27167,NA,Garra fuliginosa,Cypriniformes,Cyprinidae,Garra,-21,9.2,NA,NA,SD,1,Muscle
ID_0574,26829,Balitora smithova,Homalopteroides smithi,Cypriniformes,Balitoridae,Homalopteroides,-22.7,9.1,0.6,0.6,SD,5,Muscle
ID_0574,10140,Zig-zag eel,Mastacembelus armatus,Synbranchiformes,Mastacembelidae,Mastacembelus,-22.4,9.4,1,0.3,SD,5,Muscle
ID_0574,16116,NA,Mystacoleucus marginatus,Cypriniformes,Cyprinidae,Mystacoleucus,-20.5,10,0.5,0.3,SD,5,Muscle
ID_0575,50504,Dwarf snakehead,Channa gachua,Anabantiformes,Channidae,Channa,-24.3,8.9,NA,NA,SD,1,Muscle
ID_0575,27167,NA,Garra fuliginosa,Cypriniformes,Cyprinidae,Garra,-26.6,6.9,1,0.3,SD,5,Muscle
ID_0575,26829,Balitora smithova,Homalopteroides smithi,Cypriniformes,Balitoridae,Homalopteroides,-26.8,7,0.7,0.8,SD,5,Muscle
ID_0575,67453,NA,Neolissochilus blanci,Cypriniformes,Cyprinidae,Neolissochilus,-25.3,7.1,0.1,0.2,SD,5,Muscle
ID_0576,50504,Dwarf snakehead,Channa gachua,Anabantiformes,Channidae,Channa,-25.5,10.5,1.2,0.8,SD,2,Muscle
ID_0576,27167,NA,Garra fuliginosa,Cypriniformes,Cyprinidae,Garra,-27.3,13.3,NA,NA,SD,1,Muscle
ID_0576,26760,NA,Glyptothorax laosensis,Siluriformes,Sisoridae,Glyptothorax,-29.8,12.8,0.1,0.1,SD,2,Muscle
ID_0576,26829,Balitora smithova,Homalopteroides smithi,Cypriniformes,Balitoridae,Homalopteroides,-28.4,11.2,0.5,0.4,SD,5,Muscle
ID_0576,10140,Zig-zag eel,Mastacembelus armatus,Synbranchiformes,Mastacembelidae,Mastacembelus,-29.3,12,NA,NA,SD,1,Muscle
ID_0576,16116,NA,Mystacoleucus marginatus,Cypriniformes,Cyprinidae,Mystacoleucus,-25.7,10.6,0.9,0.6,SD,5,Muscle
ID_0577,2740,Mexican tetra,Astyanax mexicanus,Characiformes,Characidae,Astyanax,-22.9,12.9,0.6,0.5,SE,6,Muscle
ID_0577,2957,River carpsucker,Carpiodes carpio,Cypriniformes,Catostomidae,Carpiodes,-22.6,7.6,NA,NA,SE,1,Muscle
ID_0577,2965,White sucker,Catostomus commersonii,Cypriniformes,Catostomidae,Catostomus,-22.6,6.8,NA,NA,SE,1,Muscle
ID_0577,2876,Red shiner,Cyprinella lutrensis,Cypriniformes,Leuciscidae,Cyprinella,-19.9,13.4,2.5,2.8,SE,22,Muscle
ID_0577,6109,Proserpine shiner,Cyprinella proserpina,Cypriniformes,Leuciscidae,Cyprinella,-25.3,13.6,1,0.4,SE,3,Muscle
ID_0577,2912,Blacktail shiner,Cyprinella venusta,Cypriniformes,Leuciscidae,Cyprinella,-21.8,12.5,0.9,0.6,SE,6,Muscle
ID_0577,NA,Cyprinodon hybrid,Cyprinodon sp,Cyprinodontiformes,Cyprinodontidae,Cyprinodon,-14.6,9.1,3.2,1.5,SE,20,Muscle
ID_0577,1450,Common carp,Cyprinus carpio,Cypriniformes,Cyprinidae,Cyprinus,-17.4,11.9,0,0.3,SE,3,Muscle
ID_0577,2750,Roundnose minnow,Dionda episcopa,Cypriniformes,Leuciscidae,Dionda,-25.3,13.4,0.1,0.1,SE,2,Muscle
ID_0577,1604,Gizzard Shad,Dorosoma cepedianum,Clupeiformes,Dorosomatidae,Dorosoma,-21.2,9.8,NA,NA,SE,1,Muscle
ID_0577,3191,Gulf killifish,Fundulus grandis,Cyprinodontiformes,Fundulidae,Fundulus,-16.8,12.6,2.3,2.3,SE,25,Muscle
ID_0577,3208,Plains killifish,Fundulus zebrinus,Cyprinodontiformes,Fundulidae,Fundulus,-15.6,11,2.4,1.6,SE,25,Muscle
ID_0577,3215,Mosquitofish,Gambusia affinis,Cyprinodontiformes,Poeciliidae,Gambusia,-17.4,13.5,3.3,2.2,SE,18,Muscle
ID_0577,3614,Rio Grande cichlid,Herichthys cyanoguttatus,Cichliformes,Cichlidae,Herichthys,-19.7,12.1,NA,NA,SE,1,Muscle
ID_0577,2776,Plains minnow,Hybognathus placitus,Cypriniformes,Leuciscidae,Hybognathus,-17.7,10.3,1.4,1.7,SE,3,Muscle
ID_0577,290,Channel catfish,Ictalurus punctatus,Siluriformes,Ictaluridae,Ictalurus,-21.6,11,1.4,2.5,SE,4,Muscle
ID_0577,1076,Spotted gar,Lepisosteus osseus,Lepisosteiformes,Lepisosteidae,Lepisosteus,-22.6,16.2,0.3,0.3,SE,3,Muscle
ID_0577,3370,Redbreast sunfish,Lepomis auritus,Centrarchiformes,Centrarchidae,Lepomis,-25.2,14.5,0.5,0.2,SE,2,Muscle
ID_0577,3371,Green sunfish,Lepomis cyanellus,Centrarchiformes,Centrarchidae,Lepomis,-22.2,9.1,NA,NA,SE,1,Muscle
ID_0577,3212,Rainwater killifish,Lucania parva,Cyprinodontiformes,Fundulidae,Lucania,-16.1,11.6,2.2,1.2,SE,17,Muscle
ID_0577,3241,Mississippi silverside,Menidia beryllina,Atheriniformes,Atherinopsidae,Menidia,-17.4,12.8,3.6,2.6,SE,23,Muscle
ID_0577,3385,Largemouth bass,Micropterus salmoides,Centrarchiformes,Centrarchidae,Micropterus,-21.5,15.5,1.1,0.5,SE,5,Muscle
ID_0577,3002,Gray redhorse,Moxostoma congestum,Cypriniformes,Catostomidae,Moxostoma,-22.2,12.2,2.2,0.1,SE,2,Muscle
ID_0577,2816,Texas shiner,Notropis amabilis,Cypriniformes,Cyprinidae,Notropis,-21.7,13.3,1.3,0.5,SE,3,Muscle
ID_0577,2905,Sand shiner,Notropis stramineus,Cypriniformes,Leuciscidae,Notropis,-22.3,10.1,2.5,1.8,SE,4,Muscle
ID_0577,4785,Fathead minnow,Pimephales promelas,Cypriniformes,Leuciscidae,Pimephales,-19.7,10.2,1.2,1.5,SE,6,Muscle
ID_0577,2934,Bullhead minnow,Pimephales vigilax,Cypriniformes,Leuciscidae,Pimephales,-17,15,0,0.1,SE,2,Muscle
ID_0577,3051,Flathead catfish,Pylodictis olivaris,Siluriformes,Ictaluridae,Pylodictis,-19.6,15.1,NA,NA,SE,1,Muscle
ID_0578,291,Black bullhead,Ameiurus melas,Siluriformes,Ictaluridae,Ameiurus,-21.87,12.08,0.39,0.41,SD,NA,Muscle
ID_0578,35,European eel,Anguilla anguilla,Anguilliformes,Anguillidae,Anguilla,-20.51,10.1,1.77,0.72,SD,NA,Muscle
ID_0578,1696,Big-scale sand smelt,Atherina boyeri,Atheriniformes,Atherinidae,Atherina,-22.17,10.76,0.74,0.53,SD,NA,Muscle
ID_0578,271,Goldfish,Carassius auratus,Cypriniformes,Cyprinidae,Carassius,-21.29,9.93,1.04,0.75,SD,NA,Muscle
ID_0578,1450,Common carp,Cyprinus carpio,Cypriniformes,Cyprinidae,Cyprinus,-22.65,9.97,0.58,0.17,SD,NA,Muscle
ID_0578,66315,Alpi haug,Esox cisalpinus,Esociformes,Esocidae,Esox,-21.87,12.14,0.23,0.15,SD,NA,Muscle
ID_0578,3372,Pumpkinseed sunfish,Lepomis gibbosus,Centrarchiformes,Centrarchidae,Lepomis,-15.3,9.93,1.54,0.89,SD,NA,Muscle
ID_0578,3385,Largemouth bass,Micropterus salmoides,Centrarchiformes,Centrarchidae,Micropterus,-21.71,13.21,0.58,0.66,SD,NA,Muscle
ID_0578,358,Perch,Perca fluviatilis,Perciformes/Percoidei,Percidae,Perca,-21.22,12.53,0.99,0.68,SD,NA,Muscle
ID_0578,2951,Rudd,Scardinius erythrophthalmus,Cypriniformes,Leuciscidae,Scardinius,-21.5,9.91,0.97,0.23,SD,NA,Muscle
ID_0578,65134,NA,Squalius squalus,Cypriniformes,Leuciscidae,Squalius,-22.22,9.8,0.71,0.81,SD,NA,Muscle
ID_0578,269,Tench,Tinca tinca,Cypriniformes,Tincidae,Tinca,-20.35,10.29,3.07,1.15,SD,NA,Muscle
ID_0579,344,Indonesian snakehead,Channa micropeltes,Anabantiformes,Channidae,Channa,-24.36,16.34,0.7,0.78,SD,37,Muscle
ID_0579,343,Striped snakehead,Channa striata,Anabantiformes,Channidae,Channa,-24.95,13.13,0.47,0.72,SD,7,Muscle
ID_0579,27034,Clown featherback ,Chitala ornata,Osteoglossiformes,Notopteridae,Chitala,-24.21,15.48,1.76,0.96,SD,6,Muscle
ID_0579,6461,Speckled pavon ,Cichla temensis,Cichliformes,Cichlidae,Cichla,-25.51,14.75,1.33,0.6,SD,95,Muscle
ID_0579,57713,Viiritonkija,Geophagus altifrons,Cichliformes,Cichlidae,Geophagus,-25.66,12.89,1.56,1.26,SD,65,Muscle
ID_0579,8250,Golden tank goby ,Glossogobius aureus,Gobiiformes,Gobiidae,Glossogobius,-25.26,14.16,1.5,0.55,SD,8,Muscle
ID_0579,8902,Zebra tilapia,Heterotilapia buettikoferi,Cichliformes,Cichlidae,Heterotilapia,-20.29,13.14,1.01,0.92,SD,8,Muscle
ID_0579,4663,Asian swamp eel_MJ,Monopterus albus,Synbranchiformes,Synbranchidae,Monopterus,-22.53,13.4,1.61,1.92,SD,2,Muscle
ID_0579,498,Giant gourami,Osphronemus goramy,Anabantiformes,Osphronemidae,Osphronemus,-21.59,11.97,1.89,1.34,SD,33,Muscle
ID_0579,5376,Marble goby,Oxyeleotris marmorata,Gobiiformes,Butidae,Oxyeleotris,-24.65,14.15,1.17,0.68,SD,41,Muscle
ID_0579,6357,Asian bonytongue_SF,Scleropages formosus,Osteoglossiformes,Osteoglossidae,Scleropages,-23.77,13.3,1.67,1.99,SD,44,Muscle
ID_0580,NA,Mosquitofish,Gambusia sp,Cyprinodontiformes,Poeciliidae,Gambusia,-23.17,15.26,0.93,1.29,SD,3,Fin
ID_0580,7858,NA,Monodactylus falciformis,Eupercaria/misc,Monodactylidae,Monodactylus,-23.73,15.45,0.55,0.84,SD,3,Fin
ID_0580,25498,Mullet,Papuarius latirostris,Siluriformes,Ariidae,Papuarius,-23.78,14.26,3.27,1.26,SD,3,Fin
ID_0580,6891,Southern mouthbrooder,Pseudocrenilabrus philander,Cichliformes,Cichlidae,Pseudocrenilabrus,-23.79,15.18,0.37,0.41,SD,3,Fin
ID_0580,10054,Kurper,Sandelia capensis,Anabantiformes,Anabantidae,Sandelia,-25.18,15.09,NA,NA,SD,1,Fin
ID_0580,4719,Banded tilapia,Tilapia sparrmanii,Cichliformes,Cichlidae,Tilapia,-25.51,14.5,0.45,0.5,SD,3,Fin
ID_0581,9419,Stargazer mountain catfish,Amphilius uranoscopus,Siluriformes,Amphiliidae,Amphilius,-21.26,10.39,0.21,0.14,SD,3,Fin
ID_0581,9507,Shortspine suckermouth,Chiloglanis pretoriae,Siluriformes,Mochokidae,Chiloglanis,-21.43,10.3,0.97,0.15,SD,6,Fin
ID_0581,11403,Largescale yellowfish,Labeobarbus marequensis,Cypriniformes,Cyprinidae,Labeobarbus,-20.19,8.99,0.65,0.32,SD,3,Fin
ID_0582,NA,NA,Galaxias sp,Galaxiiformes,Galaxiidae,Galaxias,-22.17,10.7,0.83,0.56,SD,3,Fin
ID_0582,10054,Kurper,Sandelia capensis,Anabantiformes,Anabantidae,Sandelia,-20.42,10.67,0.46,0.64,SD,3,Fin
ID_0582,4719,Banded tilapia,Tilapia sparrmanii,Cichliformes,Cichlidae,Tilapia,-20.9,10.79,0.31,0.23,SD,3,Fin
ID_0583,9419,Stargazer mountain catfish,Amphilius uranoscopus,Siluriformes,Amphiliidae,Amphilius,-24.23,8.52,0.6,0.12,SD,3,Fin
ID_0583,8600,Chubbyhead barb,Enteromius anoplus,Cypriniformes,Cyprinidae,Enteromius,-23.64,8.25,0.12,0.61,SD,3,Fin
ID_0583,11403,Largescale yellowfish,Labeobarbus marequensis,Cypriniformes,Cyprinidae,Labeobarbus,-24.73,7.83,1.23,0.12,SD,3,Fin
ID_0584,7571,Barb,Enteromius paludinosus,Cypriniformes,Cyprinidae,Enteromius,-20.59,14.32,NA,NA,SD,1,Fin
ID_0584,11403,Largescale yellowfish,Labeobarbus marequensis,Cypriniformes,Cyprinidae,Labeobarbus,-21.24,14.22,0.37,0.25,SD,2,Fin
ID_0584,11449,Smallscale yellowfish,Labeobarbus polylepis,Cypriniformes,Cyprinidae,Labeobarbus,-21.1,14.71,NA,NA,SD,1,Fin
ID_0585,6189,Clanwilliam rock-catfish,Austroglanis gilli,Siluriformes,Austroglanididae,Austroglanis,-22.38,10.31,0.52,0.26,SD,3,Fin
ID_0585,25647,Clanwilliam yellowfish,Megaleporinus trifasciatus,Characiformes,Anostomidae,Megaleporinus,-22.47,8.79,0.07,0.5,SD,3,Fin
ID_0585,6139,Redfin,Pseudobarbus phlegethon,Cypriniformes,Cyprinidae,Pseudobarbus,-22.41,8.45,0.8,0.64,SD,3,Fin
ID_0585,6091,Redfin,Sedercypris calidus,Cypriniformes,Cyprinidae,Sedercypris,-22.52,7.78,0.43,0.61,SD,3,Fin
ID_0586,9419,Stargazer mountain catfish,Amphilius uranoscopus,Siluriformes,Amphiliidae,Amphilius,-15.29,8.04,NA,NA,SD,1,Fin
ID_0586,11386,Barb,Enteromius lineomaculatus,Cypriniformes,Cyprinidae,Enteromius,-16.17,9.68,0.52,1.29,SD,2,Fin
ID_0586,6098,Barb,Enteromius treurensis,Cypriniformes,Cyprinidae,Enteromius,-16.94,9.27,2.56,0.27,SD,3,Fin
ID_0586,4719,Banded tilapia,Tilapia sparrmanii,Cichliformes,Cichlidae,Tilapia,-17.31,10.17,0.01,0.74,SD,2,Fin
ID_0587,6377,Stone loach,Barbatula barbatula,Cypriniformes,Nemacheilidae,Barbatula,-31.02,15.91,3.32,1.68,SD,3,Fin
ID_0587,2439,Bullhead,Cottus gobio,Perciformes/Cottoidei,Cottidae,Cottus,-28.85,17.65,0.22,0.34,SD,3,Fin
ID_0587,NA,Stickleback,Gasterosteus sp,Perciformes/Gasterosteoidei,Gasterosteidae,Gasterosteus,-27.67,17.7,0.22,0.06,SD,2,Fin
ID_0587,358,Perch,Perca fluviatilis,Perciformes/Percoidei,Percidae,Perca,-32.12,18.06,NA,NA,SD,1,Fin
ID_0587,4661,Minnow,Phoxinus phoxinus,Cypriniformes,Leuciscidae,Phoxinus,-28.65,16.66,0.1,0.32,SD,3,Fin
ID_0588,234,Lake whitefish,Coregonus clupeaformis,Salmoniformes,Salmonidae,Coregonus,-28.83,10.07,1.65,1.03,SD,10,Muscle/Fin
ID_0588,258,Northern pike,Esox lucius,Esociformes,Esocidae,Esox,-27.59,11.76,0.98,0.73,SD,25,Muscle/Fin
ID_0588,2666,Goldeye,Hiodon alosoides,Hiodontiformes,Hiodontidae,Hiodon,-26.8,9.76,0.27,1,SD,2,Muscle/Fin
ID_0588,2824,Emerald shiner,Notropis atherinoides,Cypriniformes,Leuciscidae,Notropis,-26.34,9.08,0.55,0.24,SD,3,Muscle/Fin
ID_0588,2867,Spottail shiner,Notropis hudsonius,Cypriniformes,Leuciscidae,Notropis,-26.4,8.07,0.74,0.74,SD,2,Muscle/Fin
ID_0588,NA,NA,Notropis sp,Cypriniformes,Leuciscidae,Notropis,-25.58,8.13,0.81,0.87,SD,7,Muscle/Fin
ID_0588,359,Yellow perch,Perca flavescens,Perciformes/Percoidei,Percidae,Perca,-28.95,7.95,NA,NA,SD,1,Muscle/Fin
ID_0588,3065,Trout perch,Percopsis omiscomaycus,Percopsiformes,Percopsidae,Percopsis,-26.69,9.87,1.39,0.36,SD,6,Muscle/Fin
ID_0588,3516,Walleye,Sander vitreus,Perciformes/Percoidei,Percidae,Sander,-28.41,12.25,0.9,0.62,SD,33,Muscle/Fin
ID_0588,2692,Sheefish,Stenodus leucichthys,Salmoniformes,Salmonidae,Stenodus,-29.54,12.44,0.49,0.15,SD,7,Muscle/Fin
ID_0589,234,Lake whitefish,Coregonus clupeaformis,Salmoniformes,Salmonidae,Coregonus,-27.1,9.09,2.69,1.35,SD,10,Muscle/Fin
ID_0589,258,Northern pike,Esox lucius,Esociformes,Esocidae,Esox,-27.29,11.68,1.11,1.02,SD,11,Muscle/Fin
ID_0589,2867,Spottail shiner,Notropis hudsonius,Cypriniformes,Leuciscidae,Notropis,-27.94,8.42,1.03,0.54,SD,21,Muscle/Fin
ID_0589,NA,NA,Notropis sp,Cypriniformes,Leuciscidae,Notropis,-26.56,8.81,0.5,0.95,SD,9,Muscle/Fin
ID_0589,3065,Trout perch,Percopsis omiscomaycus,Percopsiformes,Percopsidae,Percopsis,-26.94,10.01,0.73,0.18,SD,4,Muscle/Fin
ID_0589,3516,Walleye,Sander vitreus,Perciformes/Percoidei,Percidae,Sander,-27.92,11.73,0.86,0.63,SD,10,Muscle/Fin
ID_0589,2692,Sheefish,Stenodus leucichthys,Salmoniformes,Salmonidae,Stenodus,-30.7,12.19,1.5,0.13,SD,2,Muscle/Fin
ID_0590,NA,Glassies,Ambassis sp,Ovalentaria/misc,Ambassidae,Ambassis,-26.09,12.08,0.93,0.88,SD,3,Muscle/Fin
ID_0590,22633,Toothless catfish,Anodontiglanis dahli,Siluriformes,Plotosidae,Anodontiglanis,-22.16,10.83,1.38,0.13,SD,2,Muscle/Fin
ID_0590,NA,NA,Ariidae,Siluriformes,Ariidae,NA,-19.6,11.49,1.99,0.7,SD,3,Muscle/Fin
ID_0590,346,Barramundi,Lates calcarifer,Carangaria/misc,Latidae,Lates,-19.85,12.13,3.11,0.92,SD,2,Muscle/Fin
ID_0590,4800,Spangled perch,Leiopotherapon unicolor,Centrarchiformes,Terapontidae,Leiopotherapon,-20.18,9.46,NA,NA,SD,1,Muscle/Fin
ID_0590,NA,NA,Melanotaenia sp,Atheriniformes,Melanotaeniidae,Melanotaenia,-24.34,11.54,1.1,0.39,SD,3,Muscle/Fin
ID_0590,1612,Bony bream,Nematalosa erebi,Clupeiformes,Dorosomatidae,Nematalosa,-28.55,11.87,2.25,0.36,SD,5,Muscle/Fin
ID_0590,12094,Narrowfront tandan,Neosilurus ater,Siluriformes,Plotosidae,Neosilurus,-24.55,10.9,NA,NA,SD,1,Muscle/Fin
ID_0590,22769,Sleepy cod,Oxyeleotris lineolata,Gobiiformes,Butidae,Oxyeleotris,-21.88,11.79,2.54,0.22,SD,3,Muscle/Fin
ID_0590,10623,Leathery grunter,Scortum hillii,Centrarchiformes,Terapontidae,Scortum,-21.78,10.7,2.04,1.45,SD,3,Muscle/Fin
ID_0590,8079,Spotted archerfish,Toxotes chatareus,Carangaria/misc,Toxotidae,Toxotes,-21.71,11.68,0.93,0.67,SD,2,Muscle/Fin
ID_0591,NA,NA,Ariidae,Siluriformes,Ariidae,NA,-16.96,13.31,0.11,0.22,SD,3,Muscle/Fin
ID_0591,14863,Mouth almighty,Glossamia aprion,Kurtiformes,Apogonidae,Glossamia,-27.85,10.17,0.2,0.08,SD,3,Muscle/Fin
ID_0591,346,Barramundi,Lates calcarifer,Carangaria/misc,Latidae,Lates,-21.36,12.65,0.81,0.85,SD,3,Muscle/Fin
ID_0591,4800,Spangled perch,Leiopotherapon unicolor,Centrarchiformes,Terapontidae,Leiopotherapon,-27.05,12.29,NA,NA,SD,1,Muscle/Fin
ID_0591,1612,Bony bream,Nematalosa erebi,Clupeiformes,Dorosomatidae,Nematalosa,-28.71,9.79,0.42,0.15,SD,3,Muscle/Fin
ID_0591,22769,Sleepy cod,Oxyeleotris lineolata,Gobiiformes,Butidae,Oxyeleotris,-20.54,11.85,1.54,0.55,SD,3,Muscle/Fin
ID_0591,NA,NA,Parambassis sp,Ovalentaria/misc,Ambassidae,Parambassis,-24.83,11.35,3.84,0.67,SD,3,Muscle/Fin
ID_0591,10623,Leathery grunter,Scortum hillii,Centrarchiformes,Terapontidae,Scortum,-20.84,10.35,2.49,0.93,SD,3,Muscle/Fin
ID_0591,8817,Longtom,Strongylura krefftii,Beloniformes,Belonidae,Strongylura,-21.21,10.95,NA,NA,SD,1,Muscle/Fin
ID_0592,NA,Glassies,Ambassis sp,Ovalentaria/misc,Ambassidae,Ambassis,-27.03,10.36,1.16,0.32,SD,5,Muscle/Fin
ID_0592,22633,Toothless catfish,Anodontiglanis dahli,Siluriformes,Plotosidae,Anodontiglanis,-20.4,9.3,1.81,0.74,SD,3,Muscle/Fin
ID_0592,NA,NA,Ariidae,Siluriformes,Ariidae,NA,-21.21,10.88,1.97,0.84,SD,3,Muscle/Fin
ID_0592,NA,NA,Gobiidae,Gobiiformes,Gobiidae,NA,-23.41,9.36,1.9,0.67,SD,2,Muscle/Fin
ID_0592,346,Barramundi,Lates calcarifer,Carangaria/misc,Latidae,Lates,-19.65,10.2,1.21,0.19,SD,3,Muscle/Fin
ID_0592,NA,NA,Melanotaenia sp,Atheriniformes,Melanotaeniidae,Melanotaenia,-22.11,9.45,NA,NA,SD,1,Muscle/Fin
ID_0592,1612,Bony bream,Nematalosa erebi,Clupeiformes,Dorosomatidae,Nematalosa,-28.13,9.59,1.73,0.56,SD,4,Muscle/Fin
ID_0592,12094,Narrowfront tandan,Neosilurus ater,Siluriformes,Plotosidae,Neosilurus,-26.2,10.62,NA,NA,SD,1,Muscle/Fin
ID_0592,22641,Hyrtl's tandan,Neosilurus hyrtlii,Siluriformes,Plotosidae,Neosilurus,-19.46,8.42,0.39,0.55,SD,3,Muscle/Fin
ID_0592,22769,Sleepy cod,Oxyeleotris lineolata,Gobiiformes,Butidae,Oxyeleotris,-20.4,9.95,1.2,0.67,SD,3,Muscle/Fin
ID_0592,10623,Leathery grunter,Scortum hillii,Centrarchiformes,Terapontidae,Scortum,-22.21,9.24,2.09,0.78,SD,5,Muscle/Fin
ID_0592,8817,Longtom,Strongylura krefftii,Beloniformes,Belonidae,Strongylura,-21.46,10.4,0.63,0.03,SD,2,Muscle/Fin
ID_0592,8079,Spotted archerfish,Toxotes chatareus,Carangaria/misc,Toxotidae,Toxotes,-23.65,10.76,1.25,0.51,SD,3,Muscle/Fin
ID_0593,22633,Toothless catfish,Anodontiglanis dahli,Siluriformes,Plotosidae,Anodontiglanis,-26.12,10.07,1.2,0.41,SD,3,Muscle/Fin
ID_0593,NA,NA,Ariidae,Siluriformes,Ariidae,NA,-17.6,12.23,0.3,1.49,SD,3,Muscle/Fin
ID_0593,14863,Mouth almighty,Glossamia aprion,Kurtiformes,Apogonidae,Glossamia,-23.72,9.82,NA,NA,SD,1,Muscle/Fin
ID_0593,346,Barramundi,Lates calcarifer,Carangaria/misc,Latidae,Lates,-23.62,11.42,1.12,0.61,SD,2,Muscle/Fin
ID_0593,1612,Bony bream,Nematalosa erebi,Clupeiformes,Dorosomatidae,Nematalosa,-28.71,7.54,0.8,0.34,SD,3,Muscle/Fin
ID_0593,22769,Sleepy cod,Oxyeleotris lineolata,Gobiiformes,Butidae,Oxyeleotris,-23.59,9.95,1.55,1.07,SD,2,Muscle/Fin
ID_0593,NA,NA,Pristis sp,Rhinopristiformes,Pristidae,Pristis,-18.09,10.52,NA,NA,SD,1,Muscle/Fin
ID_0593,10623,Leathery grunter,Scortum hillii,Centrarchiformes,Terapontidae,Scortum,-24.46,9.97,4.77,1.2,SD,3,Muscle/Fin
ID_0594,NA,Glassies,Ambassis sp,Ovalentaria/misc,Ambassidae,Ambassis,-20.1,10.66,0.99,0.53,SD,4,Muscle/Fin
ID_0594,14925,Barred grunter,Amniataba percoides,Centrarchiformes,Terapontidae,Amniataba,-27.03,12,NA,NA,SD,1,Muscle/Fin
ID_0594,22633,Toothless catfish,Anodontiglanis dahli,Siluriformes,Plotosidae,Anodontiglanis,-22.35,10.21,1.7,0.56,SD,3,Muscle/Fin
ID_0594,NA,NA,Ariidae,Siluriformes,Ariidae,NA,-20.15,11.13,2.11,1.16,SD,5,Muscle/Fin
ID_0594,NA,NA,Gobiidae,Gobiiformes,Gobiidae,NA,-19.71,11.56,NA,NA,SD,1,Muscle/Fin
ID_0594,346,Barramundi,Lates calcarifer,Carangaria/misc,Latidae,Lates,-20.44,11.73,1.05,1.27,SD,3,Muscle/Fin
ID_0594,4800,Spangled perch,Leiopotherapon unicolor,Centrarchiformes,Terapontidae,Leiopotherapon,-21.21,10.48,3.21,1.45,SD,3,Muscle/Fin
ID_0594,NA,NA,Melanotaenia sp,Atheriniformes,Melanotaeniidae,Melanotaenia,-19.55,10.13,0.85,0.97,SD,3,Muscle/Fin
ID_0594,1612,Bony bream,Nematalosa erebi,Clupeiformes,Dorosomatidae,Nematalosa,-24.33,8.51,2.53,0.22,SD,3,Muscle/Fin
ID_0594,12094,Narrowfront tandan,Neosilurus ater,Siluriformes,Plotosidae,Neosilurus,-20.84,10.71,0.18,0.96,SD,2,Muscle/Fin
ID_0594,22641,Hyrtl's tandan,Neosilurus hyrtlii,Siluriformes,Plotosidae,Neosilurus,-18.07,9,0.2,1.82,SD,3,Muscle/Fin
ID_0594,22769,Sleepy cod,Oxyeleotris lineolata,Gobiiformes,Butidae,Oxyeleotris,-21.56,10.9,3.38,0.55,SD,3,Muscle/Fin
ID_0594,10623,Leathery grunter,Scortum hillii,Centrarchiformes,Terapontidae,Scortum,-18.04,9.24,1.47,1.75,SD,4,Muscle/Fin
ID_0594,8817,Longtom,Strongylura krefftii,Beloniformes,Belonidae,Strongylura,-19.32,10.63,NA,NA,SD,1,Muscle/Fin
ID_0594,8079,Spotted archerfish,Toxotes chatareus,Carangaria/misc,Toxotidae,Toxotes,-18.81,10.77,0.89,0.65,SD,3,Muscle/Fin
ID_0595,NA,Glassies,Ambassis sp,Ovalentaria/misc,Ambassidae,Ambassis,-20.13,10.16,1.88,0.31,SD,3,Muscle/Fin
ID_0595,14925,Barred grunter,Amniataba percoides,Centrarchiformes,Terapontidae,Amniataba,-27.53,11.03,NA,NA,SD,1,Muscle/Fin
ID_0595,22633,Toothless catfish,Anodontiglanis dahli,Siluriformes,Plotosidae,Anodontiglanis,-20.53,10.33,0.52,0.7,SD,3,Muscle/Fin
ID_0595,NA,NA,Ariidae,Siluriformes,Ariidae,NA,-20.18,11.12,0.77,0.1,SD,4,Muscle/Fin
ID_0595,14863,Mouth almighty,Glossamia aprion,Kurtiformes,Apogonidae,Glossamia,-26.94,8.91,0.05,0.12,SD,3,Muscle/Fin
ID_0595,346,Barramundi,Lates calcarifer,Carangaria/misc,Latidae,Lates,-19.86,11.7,NA,NA,SD,1,Muscle/Fin
ID_0595,4800,Spangled perch,Leiopotherapon unicolor,Centrarchiformes,Terapontidae,Leiopotherapon,-18.69,10.09,0.82,0.9,SD,2,Muscle/Fin
ID_0595,1612,Bony bream,Nematalosa erebi,Clupeiformes,Dorosomatidae,Nematalosa,-26.72,8.4,1.98,1.35,SD,4,Muscle/Fin
ID_0595,22641,Hyrtl's tandan,Neosilurus hyrtlii,Siluriformes,Plotosidae,Neosilurus,-20.85,10.52,0.41,1.01,SD,2,Muscle/Fin
ID_0595,22769,Sleepy cod,Oxyeleotris lineolata,Gobiiformes,Butidae,Oxyeleotris,-19.31,11.72,1.21,0.07,SD,2,Muscle/Fin
ID_0595,10623,Leathery grunter,Scortum hillii,Centrarchiformes,Terapontidae,Scortum,-19.5,10.13,0.84,0.82,SD,3,Muscle/Fin
ID_0595,598,New Guinea thryssa,Thryssa scratchleyi,Clupeiformes,Engraulidae,Thryssa,-21.33,11.24,0.7,0.31,SD,2,Muscle/Fin
ID_0595,8079,Spotted archerfish,Toxotes chatareus,Carangaria/misc,Toxotidae,Toxotes,-19.57,10.88,2,0.81,SD,3,Muscle/Fin
ID_0596,NA,Glassies,Ambassis sp,Ovalentaria/misc,Ambassidae,Ambassis,-29.06,12.97,1.03,0.35,SD,3,Muscle/Fin
ID_0596,22633,Toothless catfish,Anodontiglanis dahli,Siluriformes,Plotosidae,Anodontiglanis,-21.01,11.12,0.23,0.15,SD,3,Muscle/Fin
ID_0596,NA,NA,Melanotaenia sp,Atheriniformes,Melanotaeniidae,Melanotaenia,-21.14,11.43,0.2,0.27,SD,3,Muscle/Fin
ID_0596,1612,Bony bream,Nematalosa erebi,Clupeiformes,Dorosomatidae,Nematalosa,-30.38,11.93,1.07,0.5,SD,4,Muscle/Fin
ID_0596,22641,Hyrtl's tandan,Neosilurus hyrtlii,Siluriformes,Plotosidae,Neosilurus,-22.63,11.18,1.09,0.62,SD,3,Muscle/Fin
ID_0596,22769,Sleepy cod,Oxyeleotris lineolata,Gobiiformes,Butidae,Oxyeleotris,-19.56,9.66,2.89,3.98,SD,2,Muscle/Fin
ID_0596,10623,Leathery grunter,Scortum hillii,Centrarchiformes,Terapontidae,Scortum,-22,10.57,0.57,0.16,SD,2,Muscle/Fin
ID_0596,8079,Spotted archerfish,Toxotes chatareus,Carangaria/misc,Toxotidae,Toxotes,-20.01,11.93,0.82,0.74,SD,3,Muscle/Fin
ID_0597,4800,Spangled perch,Leiopotherapon unicolor,Centrarchiformes,Terapontidae,Leiopotherapon,-20.78,7.27,NA,NA,SD,1,Muscle/Fin
ID_0597,1612,Bony bream,Nematalosa erebi,Clupeiformes,Dorosomatidae,Nematalosa,-24.33,6.31,2.25,4.53,SD,3,Muscle/Fin
ID_0597,22641,Hyrtl's tandan,Neosilurus hyrtlii,Siluriformes,Plotosidae,Neosilurus,-21.77,7.75,1.13,2.26,SD,2,Muscle/Fin
ID_0597,22769,Sleepy cod,Oxyeleotris lineolata,Gobiiformes,Butidae,Oxyeleotris,-24.42,8.93,0.25,1.62,SD,3,Muscle/Fin
ID_0597,NA,NA,Parambassis sp,Ovalentaria/misc,Ambassidae,Parambassis,-23.85,9.43,2.06,1.84,SD,4,Muscle/Fin
ID_0597,10623,Leathery grunter,Scortum hillii,Centrarchiformes,Terapontidae,Scortum,-17.88,8.22,NA,NA,SD,1,Muscle/Fin
ID_0598,NA,Glassies,Ambassis sp,Ovalentaria/misc,Ambassidae,Ambassis,-21.24,10.37,1.33,1.22,SD,5,Muscle/Fin
ID_0598,14925,Barred grunter,Amniataba percoides,Centrarchiformes,Terapontidae,Amniataba,-28.52,8.63,0.86,0.34,SD,3,Muscle/Fin
ID_0598,NA,NA,Ariidae,Siluriformes,Ariidae,NA,-17.93,11.22,2.98,1.77,SD,2,Muscle/Fin
ID_0598,346,Barramundi,Lates calcarifer,Carangaria/misc,Latidae,Lates,-19.75,11.71,1.04,0.29,SD,3,Muscle/Fin
ID_0598,4800,Spangled perch,Leiopotherapon unicolor,Centrarchiformes,Terapontidae,Leiopotherapon,-25.22,8.76,4.59,0.94,SD,3,Muscle/Fin
ID_0598,NA,NA,Melanotaenia sp,Atheriniformes,Melanotaeniidae,Melanotaenia,-21.83,9.65,2.2,0.63,SD,3,Muscle/Fin
ID_0598,1612,Bony bream,Nematalosa erebi,Clupeiformes,Dorosomatidae,Nematalosa,-26.07,6.32,0.22,1.27,SD,3,Muscle/Fin
ID_0598,22769,Sleepy cod,Oxyeleotris lineolata,Gobiiformes,Butidae,Oxyeleotris,-19.75,11.47,0.93,0.8,SD,3,Muscle/Fin
ID_0598,10623,Leathery grunter,Scortum hillii,Centrarchiformes,Terapontidae,Scortum,-21.21,9.64,3.13,0.57,SD,3,Muscle/Fin
ID_0598,12101,Eel-tailed catfish,Tandanus tandanus,Siluriformes,Plotosidae,Tandanus,-19.78,9.37,0.99,1.34,SD,3,Muscle/Fin
ID_0598,8079,Spotted archerfish,Toxotes chatareus,Carangaria/misc,Toxotidae,Toxotes,-20.6,9.91,1.14,0.59,SD,3,Muscle/Fin
ID_0599,NA,Glassies,Ambassis sp,Ovalentaria/misc,Ambassidae,Ambassis,-24.42,9.78,1.67,1.05,SD,3,Muscle/Fin
ID_0599,22633,Toothless catfish,Anodontiglanis dahli,Siluriformes,Plotosidae,Anodontiglanis,-22.91,8.02,NA,NA,SD,1,Muscle/Fin
ID_0599,NA,NA,Ariidae,Siluriformes,Ariidae,NA,-17.91,12.67,0.48,0.66,SD,4,Muscle/Fin
ID_0599,22790,Freshwater sole,Brachirus selheimi,Pleuronectiformes,Soleidae,Brachirus,-21.21,10.05,NA,NA,SD,1,Muscle/Fin
ID_0599,14863,Mouth almighty,Glossamia aprion,Kurtiformes,Apogonidae,Glossamia,-22.11,9.43,NA,NA,SD,1,Muscle/Fin
ID_0599,346,Barramundi,Lates calcarifer,Carangaria/misc,Latidae,Lates,-19.33,12.39,2.08,0.4,SD,3,Muscle/Fin
ID_0599,4800,Spangled perch,Leiopotherapon unicolor,Centrarchiformes,Terapontidae,Leiopotherapon,-20.85,8.91,NA,NA,SD,1,Muscle/Fin
ID_0599,1612,Bony bream,Nematalosa erebi,Clupeiformes,Dorosomatidae,Nematalosa,-27.17,8.5,2.39,0.82,SD,6,Muscle/Fin
ID_0599,22769,Sleepy cod,Oxyeleotris lineolata,Gobiiformes,Butidae,Oxyeleotris,-19.75,10.51,1.03,0.76,SD,3,Muscle/Fin
ID_0599,10623,Leathery grunter,Scortum hillii,Centrarchiformes,Terapontidae,Scortum,-22.1,9.19,NA,NA,SD,1,Muscle/Fin
ID_0599,8079,Spotted archerfish,Toxotes chatareus,Carangaria/misc,Toxotidae,Toxotes,-18.89,11.78,NA,NA,SD,1,Muscle/Fin
ID_0600,NA,Glassies,Ambassis sp,Ovalentaria/misc,Ambassidae,Ambassis,-22.91,11.79,1.73,0.71,SD,3,Muscle/Fin
ID_0600,NA,NA,Ariidae,Siluriformes,Ariidae,NA,-20.26,12.28,NA,NA,SD,1,Muscle/Fin
ID_0600,4800,Spangled perch,Leiopotherapon unicolor,Centrarchiformes,Terapontidae,Leiopotherapon,-22.39,13.36,0.7,0.79,SD,3,Muscle/Fin
ID_0600,NA,NA,Melanotaenia sp,Atheriniformes,Melanotaeniidae,Melanotaenia,-23.39,11.85,3.58,1.34,SD,3,Muscle/Fin
ID_0600,1612,Bony bream,Nematalosa erebi,Clupeiformes,Dorosomatidae,Nematalosa,-29.64,13.62,0.78,0.99,SD,3,Muscle/Fin
ID_0600,12094,Narrowfront tandan,Neosilurus ater,Siluriformes,Plotosidae,Neosilurus,-23.86,12.62,1.18,0.74,SD,3,Muscle/Fin
ID_0600,10623,Leathery grunter,Scortum hillii,Centrarchiformes,Terapontidae,Scortum,-19.66,10.42,2.15,2.23,SD,3,Muscle/Fin
ID_0600,8079,Spotted archerfish,Toxotes chatareus,Carangaria/misc,Toxotidae,Toxotes,-21.57,12.04,2.39,0.84,SD,3,Muscle/Fin
ID_0601,NA,Glassies,Ambassis sp,Ovalentaria/misc,Ambassidae,Ambassis,-25.41,11.77,NA,NA,SD,1,Muscle/Fin
ID_0601,4800,Spangled perch,Leiopotherapon unicolor,Centrarchiformes,Terapontidae,Leiopotherapon,-25.36,12.4,3.13,2.4,SD,3,Muscle/Fin
ID_0601,NA,NA,Melanotaenia sp,Atheriniformes,Melanotaeniidae,Melanotaenia,-26.5,12.71,1.37,0.76,SD,3,Muscle/Fin
ID_0601,1612,Bony bream,Nematalosa erebi,Clupeiformes,Dorosomatidae,Nematalosa,-27.03,11.41,0.83,1.11,SD,3,Muscle/Fin
ID_0601,22641,Hyrtl's tandan,Neosilurus hyrtlii,Siluriformes,Plotosidae,Neosilurus,-27.48,13.04,NA,NA,SD,1,Muscle/Fin
ID_0602,NA,Glassies,Ambassis sp,Ovalentaria/misc,Ambassidae,Ambassis,-22.95,11.87,2.28,0.83,SD,4,Muscle/Fin
ID_0602,NA,NA,Ariidae,Siluriformes,Ariidae,NA,-19.74,11.97,0.81,0.56,SD,3,Muscle/Fin
ID_0602,NA,NA,Gobiidae,Gobiiformes,Gobiidae,NA,-20.32,11.78,0.52,0.24,SD,2,Muscle/Fin
ID_0602,346,Barramundi,Lates calcarifer,Carangaria/misc,Latidae,Lates,-20.35,11.55,0.35,0.18,SD,2,Muscle/Fin
ID_0602,4800,Spangled perch,Leiopotherapon unicolor,Centrarchiformes,Terapontidae,Leiopotherapon,-23.72,13.36,0.63,0.74,SD,3,Muscle/Fin
ID_0602,NA,NA,Melanotaenia sp,Atheriniformes,Melanotaeniidae,Melanotaenia,-21.59,11.54,0.95,0.65,SD,3,Muscle/Fin
ID_0602,1612,Bony bream,Nematalosa erebi,Clupeiformes,Dorosomatidae,Nematalosa,-26.56,10.44,1.88,0.88,SD,3,Muscle/Fin
ID_0602,12094,Narrowfront tandan,Neosilurus ater,Siluriformes,Plotosidae,Neosilurus,-21.07,12.23,0.46,0.35,SD,3,Muscle/Fin
ID_0602,22641,Hyrtl's tandan,Neosilurus hyrtlii,Siluriformes,Plotosidae,Neosilurus,-19.41,10.46,0.13,1.28,SD,3,Muscle/Fin
ID_0602,22769,Sleepy cod,Oxyeleotris lineolata,Gobiiformes,Butidae,Oxyeleotris,-20.82,11.62,1.49,1.72,SD,3,Muscle/Fin
ID_0602,10623,Leathery grunter,Scortum hillii,Centrarchiformes,Terapontidae,Scortum,-18.41,9.51,0.65,1,SD,3,Muscle/Fin
ID_0602,8079,Spotted archerfish,Toxotes chatareus,Carangaria/misc,Toxotidae,Toxotes,-18.29,11.92,1.88,0.09,SD,2,Muscle/Fin
ID_0603,NA,Glassies,Ambassis sp,Ovalentaria/misc,Ambassidae,Ambassis,-23.53,11.34,2.99,0.79,SD,4,Muscle/Fin
ID_0603,22633,Toothless catfish,Anodontiglanis dahli,Siluriformes,Plotosidae,Anodontiglanis,-25.13,10.94,2.4,0.52,SD,2,Muscle/Fin
ID_0603,NA,NA,Ariidae,Siluriformes,Ariidae,NA,-19.78,12.01,NA,NA,SD,1,Muscle/Fin
ID_0603,346,Barramundi,Lates calcarifer,Carangaria/misc,Latidae,Lates,-25.3,11.3,0.19,0.49,SD,3,Muscle/Fin
ID_0603,NA,NA,Melanotaenia sp,Atheriniformes,Melanotaeniidae,Melanotaenia,-21.32,10.23,NA,NA,SD,1,Muscle/Fin
ID_0603,1612,Bony bream,Nematalosa erebi,Clupeiformes,Dorosomatidae,Nematalosa,-28.07,9.48,1.54,0.59,SD,4,Muscle/Fin
ID_0603,22641,Hyrtl's tandan,Neosilurus hyrtlii,Siluriformes,Plotosidae,Neosilurus,-22.65,11.39,0.54,1.28,SD,3,Muscle/Fin
ID_0603,22769,Sleepy cod,Oxyeleotris lineolata,Gobiiformes,Butidae,Oxyeleotris,-21.54,11.38,1.49,1.02,SD,5,Muscle/Fin
ID_0603,10623,Leathery grunter,Scortum hillii,Centrarchiformes,Terapontidae,Scortum,-18.34,10.74,0.26,1.49,SD,3,Muscle/Fin
ID_0603,598,New Guinea thryssa,Thryssa scratchleyi,Clupeiformes,Engraulidae,Thryssa,-23.02,11.24,1.44,0.02,SD,2,Muscle/Fin
ID_0603,8079,Spotted archerfish,Toxotes chatareus,Carangaria/misc,Toxotidae,Toxotes,-18.7,10.51,NA,NA,SD,1,Muscle/Fin
ID_0604,NA,Glassies,Ambassis sp,Ovalentaria/misc,Ambassidae,Ambassis,-23.72,10.92,2.98,1.18,SD,3,Muscle/Fin
ID_0604,22633,Toothless catfish,Anodontiglanis dahli,Siluriformes,Plotosidae,Anodontiglanis,-22.75,11.95,2.26,0.45,SD,3,Muscle/Fin
ID_0604,NA,NA,Ariidae,Siluriformes,Ariidae,NA,-20.22,10.39,2.4,0.95,SD,3,Muscle/Fin
ID_0604,NA,NA,Gobiidae,Gobiiformes,Gobiidae,NA,-21.17,8.28,1.68,4.93,SD,3,Muscle/Fin
ID_0604,4800,Spangled perch,Leiopotherapon unicolor,Centrarchiformes,Terapontidae,Leiopotherapon,-18.62,11.15,0.95,0.32,SD,4,Muscle/Fin
ID_0604,NA,NA,Melanotaenia sp,Atheriniformes,Melanotaeniidae,Melanotaenia,-21.23,11.03,0.44,0.13,SD,3,Muscle/Fin
ID_0604,1612,Bony bream,Nematalosa erebi,Clupeiformes,Dorosomatidae,Nematalosa,-25.1,10.97,1.4,0.54,SD,3,Muscle/Fin
ID_0604,22641,Hyrtl's tandan,Neosilurus hyrtlii,Siluriformes,Plotosidae,Neosilurus,-19.87,11,0.8,0.31,SD,3,Muscle/Fin
ID_0604,22769,Sleepy cod,Oxyeleotris lineolata,Gobiiformes,Butidae,Oxyeleotris,-18.15,9.87,NA,NA,SD,1,Muscle/Fin
ID_0604,10623,Leathery grunter,Scortum hillii,Centrarchiformes,Terapontidae,Scortum,-21.5,11.13,1.22,0.89,SD,3,Muscle/Fin
ID_0604,8079,Spotted archerfish,Toxotes chatareus,Carangaria/misc,Toxotidae,Toxotes,-19.81,11.55,0.76,0.23,SD,3,Muscle/Fin
ID_0605,22633,Toothless catfish,Anodontiglanis dahli,Siluriformes,Plotosidae,Anodontiglanis,-23.08,10.99,NA,NA,SD,1,Muscle/Fin
ID_0605,NA,NA,Ariidae,Siluriformes,Ariidae,NA,-18.96,12.51,0.35,0.41,SD,3,Muscle/Fin
ID_0605,NA,NA,Gobiidae,Gobiiformes,Gobiidae,NA,-25.8,11.15,NA,NA,SD,1,Muscle/Fin
ID_0605,4800,Spangled perch,Leiopotherapon unicolor,Centrarchiformes,Terapontidae,Leiopotherapon,-24.49,12.29,1.08,0.93,SD,3,Muscle/Fin
ID_0605,NA,NA,Melanotaenia sp,Atheriniformes,Melanotaeniidae,Melanotaenia,-22.69,11.97,1.1,0.14,SD,3,Muscle/Fin
ID_0605,1612,Bony bream,Nematalosa erebi,Clupeiformes,Dorosomatidae,Nematalosa,-26.12,10.59,1.05,0.74,SD,4,Muscle/Fin
ID_0605,22641,Hyrtl's tandan,Neosilurus hyrtlii,Siluriformes,Plotosidae,Neosilurus,-19.98,11.69,NA,NA,SD,1,Muscle/Fin
ID_0605,22769,Sleepy cod,Oxyeleotris lineolata,Gobiiformes,Butidae,Oxyeleotris,-20.38,11.24,1.09,1.11,SD,5,Muscle/Fin
ID_0605,NA,NA,Parambassis sp,Ovalentaria/misc,Ambassidae,Parambassis,-22.66,11.4,3.52,0.74,SD,3,Muscle/Fin
ID_0605,10623,Leathery grunter,Scortum hillii,Centrarchiformes,Terapontidae,Scortum,-22.3,11.36,2.32,1.02,SD,4,Muscle/Fin
ID_0605,8079,Spotted archerfish,Toxotes chatareus,Carangaria/misc,Toxotidae,Toxotes,-20.64,11.44,1.49,0.12,SD,2,Muscle/Fin
ID_0606,15128,Macleay's glassfish,Ambassis macleayi,Ovalentaria/misc,Ambassidae,Ambassis,-34.31,9.15,0.65,1.27,SD,9,Muscle/Fin
ID_0606,14925,Barred grunter,Amniataba percoides,Centrarchiformes,Terapontidae,Amniataba,-27.06,9.81,0.28,0.1,SD,4,Muscle/Fin
ID_0606,12090,Salmon catfish,Bleekeriella leptaspis,Siluriformes,Ariidae,Bleekeriella,-26.31,8.54,1.58,0.75,SD,8,Muscle/Fin
ID_0606,22666,Fly-specked hardyhead,Craterocephalus stercusmuscarum,Atheriniformes,Atherinidae,Craterocephalus,-30.45,9.54,4.11,0.82,SD,6,Muscle/Fin
ID_0606,15137,Pennyfish,Denariusa australis,Ovalentaria/misc,Ambassidae,Denariusa,-24.73,6.79,0.89,1.21,SD,3,Muscle/Fin
ID_0606,14863,Mouth almighty,Glossamia aprion,Kurtiformes,Apogonidae,Glossamia,-27.41,8.85,1.37,0.62,SD,4,Muscle/Fin
ID_0606,346,Barramundi,Lates calcarifer,Carangaria/misc,Latidae,Lates,-24.97,9.77,1.07,1.24,SD,12,Muscle/Fin
ID_0606,227,Oxeye tarpon,Megalops cyprinoides,Elopiformes,Megalopidae,Megalops,-27.02,7.74,1.13,1.24,SD,6,Muscle/Fin
ID_0606,11307,Blackbanded rainbowfish,Melanotaenia nigrans,Atheriniformes,Melanotaeniidae,Melanotaenia,-29.28,8.87,0.88,0.05,SD,2,Muscle/Fin
ID_0606,NA,NA,Melanotaenia sp,Atheriniformes,Melanotaeniidae,Melanotaenia,-28.33,8.08,3.39,0.6,SD,9,Muscle/Fin
ID_0606,1612,Bony bream,Nematalosa erebi,Clupeiformes,Dorosomatidae,Nematalosa,-32.25,7.78,1.91,1.62,SD,5,Muscle/Fin
ID_0606,12094,Narrowfront tandan,Neosilurus ater,Siluriformes,Plotosidae,Neosilurus,-27.82,7.6,1.22,1.1,SD,8,Muscle/Fin
ID_0606,22769,Sleepy cod,Oxyeleotris lineolata,Gobiiformes,Butidae,Oxyeleotris,-24.85,9.19,1.87,0.51,SD,4,Muscle/Fin
ID_0606,7861,Diamond mullet,Planiliza alata,Mugiliformes,Mugilidae,Planiliza,-29.11,7.28,0.74,0.38,SD,7,Muscle/Fin
ID_0606,8079,Spotted archerfish,Toxotes chatareus,Carangaria/misc,Toxotidae,Toxotes,-24.09,8.1,NA,NA,SD,1,Muscle/Fin
ID_0607,14601,Black bream,Acanthopagrus butcheri,Eupercaria/misc,Sparidae,Acanthopagrus,-21.4,7.48,NA,NA,SD,1,Muscle/Fin
ID_0607,14925,Barred grunter,Amniataba percoides,Centrarchiformes,Terapontidae,Amniataba,-25.92,7.35,1.48,0.63,SD,3,Muscle/Fin
ID_0607,NA,NA,Craterocephalus sp,Atheriniformes,Atherinidae,Craterocephalus,-30.78,7.69,0.82,0.49,SD,6,Muscle/Fin
ID_0607,14863,Mouth almighty,Glossamia aprion,Kurtiformes,Apogonidae,Glossamia,-31.84,6.6,2.31,0.48,SD,3,Muscle/Fin
ID_0607,8250,Golden tank goby,Glossogobius aureus,Gobiiformes,Gobiidae,Glossogobius,-29.55,7.29,NA,NA,SD,1,Muscle/Fin
ID_0607,6432,Sooty grunter,Hephaestus fuliginosus,Centrarchiformes,Terapontidae,Hephaestus,-24.57,8.87,4.51,1.73,SD,8,Muscle/Fin
ID_0607,346,Barramundi,Lates calcarifer,Carangaria/misc,Latidae,Lates,-21.89,9.57,0.19,1.68,SD,2,Muscle/Fin
ID_0607,4800,Spangled perch,Leiopotherapon unicolor,Centrarchiformes,Terapontidae,Leiopotherapon,-24.55,8.26,5.37,0.49,SD,9,Muscle/Fin
ID_0607,11307,Blackbanded rainbowfish,Melanotaenia nigrans,Atheriniformes,Melanotaeniidae,Melanotaenia,-25.74,7.22,2.26,0.42,SD,7,Muscle/Fin
ID_0607,NA,NA,Melanotaenia sp,Atheriniformes,Melanotaeniidae,Melanotaenia,-25.05,6.94,2.74,0.34,SD,5,Muscle/Fin
ID_0607,22759,Northern trout gudgeon,Mogurnda mogurnda,Gobiiformes,Eleotridae,Mogurnda,-28.78,7.2,2.34,0.34,SD,4,Muscle/Fin
ID_0607,12021,Australian swamp eel,Ophisternon gutturale,Synbranchiformes,Synbranchidae,Ophisternon,-25.41,9.72,1.31,0.08,SD,3,Muscle/Fin
ID_0607,10611,Midgley's grunter,Pingalla midgleyi,Centrarchiformes,Terapontidae,Pingalla,-27.94,7.1,1.63,0.36,SD,10,Muscle/Fin
ID_0607,7536,Australian bonytongue,Scleropages jardinii,Osteoglossiformes,Osteoglossidae,Scleropages,-20.87,8.84,1.69,0.72,SD,3,Muscle/Fin
ID_0608,15124,Sailfin glassfish,Ambassis agrammus,Ovalentaria/misc,Ambassidae,Ambassis,-28.57,9.9,0.97,0.39,SD,5,Muscle/Fin
ID_0608,15128,Macleay's glassfish,Ambassis macleayi,Ovalentaria/misc,Ambassidae,Ambassis,-29.1,9.29,0.92,0.18,SD,4,Muscle/Fin
ID_0608,14925,Barred grunter,Amniataba percoides,Centrarchiformes,Terapontidae,Amniataba,-30.93,10.61,2.16,1.16,SD,8,Muscle/Fin
ID_0608,12090,Salmon catfish,Bleekeriella leptaspis,Siluriformes,Ariidae,Bleekeriella,-24.53,9.01,NA,NA,SD,1,Muscle/Fin
ID_0608,22666,Fly-specked hardyhead,Craterocephalus stercusmuscarum,Atheriniformes,Atherinidae,Craterocephalus,-32.54,11.4,2.52,0.78,SD,7,Muscle/Fin
ID_0608,15137,Pennyfish,Denariusa australis,Ovalentaria/misc,Ambassidae,Denariusa,-28.68,10.18,1.11,0.74,SD,2,Muscle/Fin
ID_0608,14863,Mouth almighty,Glossamia aprion,Kurtiformes,Apogonidae,Glossamia,-27.37,9.02,0.99,0.85,SD,5,Muscle/Fin
ID_0608,346,Barramundi,Lates calcarifer,Carangaria/misc,Latidae,Lates,-23.93,10.37,1.35,1.31,SD,22,Muscle/Fin
ID_0608,227,Oxeye tarpon,Megalops cyprinoides,Elopiformes,Megalopidae,Megalops,-26.85,9.43,NA,NA,SD,1,Muscle/Fin
ID_0608,13102,Eastern rainbowfish,Melanotaenia splendida,Atheriniformes,Melanotaeniidae,Melanotaenia,-27.15,9.52,2.82,1.35,SD,9,Muscle/Fin
ID_0608,22759,Northern trout gudgeon,Mogurnda mogurnda,Gobiiformes,Eleotridae,Mogurnda,-24.34,8.61,5.89,0.3,SD,2,Muscle/Fin
ID_0608,1612,Bony bream,Nematalosa erebi,Clupeiformes,Dorosomatidae,Nematalosa,-29.35,8.25,1.61,1.32,SD,6,Muscle/Fin
ID_0608,12094,Narrowfront tandan,Neosilurus ater,Siluriformes,Plotosidae,Neosilurus,-27.31,8.29,1.94,0.78,SD,8,Muscle/Fin
ID_0608,22769,Sleepy cod,Oxyeleotris lineolata,Gobiiformes,Butidae,Oxyeleotris,-23.28,10.14,1.62,0.58,SD,3,Muscle/Fin
ID_0608,61654,Giant gudgeon,Oxyeleotris selheimi,Gobiiformes,Butidae,Oxyeleotris,-24.58,9.93,1.81,1.26,SD,5,Muscle/Fin
ID_0608,7861,Diamond mullet,Planiliza alata,Mugiliformes,Mugilidae,Planiliza,-26.7,7.7,2.62,0.62,SD,18,Muscle/Fin
ID_0608,22654,Obbes' catfish,Porochilus obbesi,Siluriformes,Plotosidae,Porochilus,-25.13,7.05,NA,NA,SD,1,Muscle/Fin
ID_0608,22656,Rendahl's catfish,Porochilus rendahli,Siluriformes,Plotosidae,Porochilus,-26.55,7.06,1.93,0.39,SD,4,Muscle/Fin
ID_0608,7536,Australian bonytongue,Scleropages jardinii,Osteoglossiformes,Osteoglossidae,Scleropages,-20.54,12.12,0.52,1.81,SD,2,Muscle/Fin
ID_0608,8817,Longtom,Strongylura krefftii,Beloniformes,Belonidae,Strongylura,-29,10.79,NA,NA,SD,1,Muscle/Fin
ID_0608,14948,Sharpnose grunter,Syncomistes butleri,Centrarchiformes,Terapontidae,Syncomistes,-30.3,8.41,4.87,1.66,SD,2,Muscle/Fin
ID_0608,8079,Spotted archerfish,Toxotes chatareus,Carangaria/misc,Toxotidae,Toxotes,-22.49,8.54,NA,NA,SD,1,Muscle/Fin
ID_0609,15128,Macleay's glassfish,Ambassis macleayi,Ovalentaria/misc,Ambassidae,Ambassis,-27.78,7.66,3.27,0.15,SD,3,Muscle/Fin
ID_0609,14925,Barred grunter,Amniataba percoides,Centrarchiformes,Terapontidae,Amniataba,-27.16,8.5,1.68,0.31,SD,3,Muscle/Fin
ID_0609,12090,Salmon catfish,Bleekeriella leptaspis,Siluriformes,Ariidae,Bleekeriella,-21.07,8.38,NA,NA,SD,1,Muscle/Fin
ID_0609,22666,Fly-specked hardyhead,Craterocephalus stercusmuscarum,Atheriniformes,Atherinidae,Craterocephalus,-27.85,7.8,3.49,0.88,SD,3,Muscle/Fin
ID_0609,14863,Mouth almighty,Glossamia aprion,Kurtiformes,Apogonidae,Glossamia,-26.72,5.91,0.53,0.28,SD,3,Muscle/Fin
ID_0609,NA,NA,Glossogobius sp,Gobiiformes,Gobiidae,Glossogobius,-26.81,6.69,NA,NA,SD,1,Muscle/Fin
ID_0609,346,Barramundi,Lates calcarifer,Carangaria/misc,Latidae,Lates,-22.71,9.67,1.97,0.93,SD,10,Muscle/Fin
ID_0609,13102,Eastern rainbowfish,Melanotaenia splendida,Atheriniformes,Melanotaeniidae,Melanotaenia,-23.97,6.88,3.07,0.47,SD,3,Muscle/Fin
ID_0609,1612,Bony bream,Nematalosa erebi,Clupeiformes,Dorosomatidae,Nematalosa,-24.89,6.85,1.16,0.31,SD,4,Muscle/Fin
ID_0609,22590,Blue salmon catfish,Neoarius graeffei,Siluriformes,Ariidae,Neoarius,-25.87,8.13,NA,NA,SD,1,Muscle/Fin
ID_0609,12094,Narrowfront tandan,Neosilurus ater,Siluriformes,Plotosidae,Neosilurus,-26.72,7.59,NA,NA,SD,1,Muscle/Fin
ID_0609,22769,Sleepy cod,Oxyeleotris lineolata,Gobiiformes,Butidae,Oxyeleotris,-26.19,5.4,NA,NA,SD,1,Muscle/Fin
ID_0609,25254,Weber's mudskipper,Periophthalmus weberi,Gobiiformes,Oxudercidae,Periophthalmus,-20.86,7.79,1.8,0.13,SD,3,Muscle/Fin
ID_0609,7861,Diamond mullet,Planiliza alata,Mugiliformes,Mugilidae,Planiliza,-27.41,6.12,3.66,0.64,SD,6,Muscle/Fin
ID_0609,8079,Spotted archerfish,Toxotes chatareus,Carangaria/misc,Toxotidae,Toxotes,-18.21,9.14,0.47,1,SD,3,Muscle/Fin
ID_0610,NA,Glassies,Ambassis sp,Ovalentaria/misc,Ambassidae,Ambassis,-28.13,4.76,3.46,0.86,SD,11,Muscle/Fin
ID_0610,NA,NA,Craterocephalus sp,Atheriniformes,Atherinidae,Craterocephalus,-25.99,3.49,4.22,0.4,SD,3,Muscle/Fin
ID_0610,22666,Fly-specked hardyhead,Craterocephalus stercusmuscarum,Atheriniformes,Atherinidae,Craterocephalus,-31.16,5.63,0.09,0.24,SD,3,Muscle/Fin
ID_0610,15137,Pennyfish,Denariusa australis,Ovalentaria/misc,Ambassidae,Denariusa,-26.78,4.31,3.3,0.87,SD,5,Muscle/Fin
ID_0610,14863,Mouth almighty,Glossamia aprion,Kurtiformes,Apogonidae,Glossamia,-28.83,3.26,1.33,0.26,SD,4,Muscle/Fin
ID_0610,22755,Empire gudgeon,Hypseleotris compressa,Gobiiformes,Eleotridae,Hypseleotris,-22.63,4.15,1.82,0.26,SD,3,Muscle/Fin
ID_0610,346,Barramundi,Lates calcarifer,Carangaria/misc,Latidae,Lates,-22.02,6.07,1.16,0.47,SD,5,Muscle/Fin
ID_0610,4800,Spangled perch,Leiopotherapon unicolor,Centrarchiformes,Terapontidae,Leiopotherapon,-22.23,6.87,3.12,1.18,SD,4,Muscle/Fin
ID_0610,227,Oxeye tarpon,Megalops cyprinoides,Elopiformes,Megalopidae,Megalops,-22.69,5.47,3.3,0.42,SD,11,Muscle/Fin
ID_0610,NA,NA,Melanotaenia sp,Atheriniformes,Melanotaeniidae,Melanotaenia,-26.16,4.78,2.1,0.62,SD,8,Muscle/Fin
ID_0610,22759,Northern trout gudgeon,Mogurnda mogurnda,Gobiiformes,Eleotridae,Mogurnda,-24,4.26,3.56,0.15,SD,5,Muscle/Fin
ID_0610,12094,Narrowfront tandan,Neosilurus ater,Siluriformes,Plotosidae,Neosilurus,-25.68,4.71,1.25,0.68,SD,8,Muscle/Fin
ID_0610,22769,Sleepy cod,Oxyeleotris lineolata,Gobiiformes,Butidae,Oxyeleotris,-22.7,5.13,3.12,1.32,SD,15,Muscle/Fin
ID_0610,7861,Diamond mullet,Planiliza alata,Mugiliformes,Mugilidae,Planiliza,-26.86,4.57,0.97,0.91,SD,5,Muscle/Fin
ID_0610,22656,Rendahl's catfish,Porochilus rendahli,Siluriformes,Plotosidae,Porochilus,-21.77,2.91,0.85,0.53,SD,2,Muscle/Fin
ID_0610,22751,Delicate blue-eye,Pseudomugil tenellus,Atheriniformes,Pseudomugilidae,Pseudomugil,-26.1,4.09,0.23,0.41,SD,3,Muscle/Fin
ID_0610,7536,Australian bonytongue,Scleropages jardinii,Osteoglossiformes,Osteoglossidae,Scleropages,-20.01,7.51,1.1,0.42,SD,8,Muscle/Fin
ID_0610,8817,Longtom,Strongylura krefftii,Beloniformes,Belonidae,Strongylura,-21.96,7.55,1.2,0.1,SD,2,Muscle/Fin
ID_0610,598,New Guinea thryssa,Thryssa scratchleyi,Clupeiformes,Engraulidae,Thryssa,-21.76,7.65,NA,NA,SD,1,Muscle/Fin
ID_0611,15128,Macleay's glassfish,Ambassis macleayi,Ovalentaria/misc,Ambassidae,Ambassis,-26.91,7.94,0.7,0.09,SD,3,Muscle/Fin
ID_0611,NA,Glassies,Ambassis sp,Ovalentaria/misc,Ambassidae,Ambassis,-23.33,6.08,1.37,0.04,SD,2,Muscle/Fin
ID_0611,14925,Barred grunter,Amniataba percoides,Centrarchiformes,Terapontidae,Amniataba,-27.55,7.46,2.75,0.92,SD,6,Muscle/Fin
ID_0611,12090,Salmon catfish,Bleekeriella leptaspis,Siluriformes,Ariidae,Bleekeriella,-24.43,8.55,1,0.46,SD,11,Muscle/Fin
ID_0611,NA,NA,Craterocephalus sp,Atheriniformes,Atherinidae,Craterocephalus,-27.15,7.31,4.42,0.39,SD,3,Muscle/Fin
ID_0611,15137,Pennyfish,Denariusa australis,Ovalentaria/misc,Ambassidae,Denariusa,-24.52,5.92,1.41,0.19,SD,5,Muscle/Fin
ID_0611,14863,Mouth almighty,Glossamia aprion,Kurtiformes,Apogonidae,Glossamia,-26.91,6.93,1.25,0.87,SD,4,Muscle/Fin
ID_0611,6432,Sooty grunter,Hephaestus fuliginosus,Centrarchiformes,Terapontidae,Hephaestus,-27.24,9.06,NA,NA,SD,1,Muscle/Fin
ID_0611,NA,Carp gudgeon,Hypseleotris sp,Gobiiformes,Eleotridae,Hypseleotris,-26.1,4.41,NA,NA,SD,1,Muscle/Fin
ID_0611,346,Barramundi,Lates calcarifer,Carangaria/misc,Latidae,Lates,-24.79,8.96,1.77,1.02,SD,31,Muscle/Fin
ID_0611,4800,Spangled perch,Leiopotherapon unicolor,Centrarchiformes,Terapontidae,Leiopotherapon,-28.56,8.09,0.68,0.43,SD,5,Muscle/Fin
ID_0611,227,Oxeye tarpon,Megalops cyprinoides,Elopiformes,Megalopidae,Megalops,-24.89,7.74,1.66,0.85,SD,16,Muscle/Fin
ID_0611,11307,Blackbanded rainbowfish,Melanotaenia nigrans,Atheriniformes,Melanotaeniidae,Melanotaenia,-26.46,5.99,NA,NA,SD,1,Muscle/Fin
ID_0611,NA,NA,Melanotaenia sp,Atheriniformes,Melanotaeniidae,Melanotaenia,-25.46,6.22,2.43,0.83,SD,10,Muscle/Fin
ID_0611,1612,Bony bream,Nematalosa erebi,Clupeiformes,Dorosomatidae,Nematalosa,-31.45,8.09,0.24,0.1,SD,2,Muscle/Fin
ID_0611,22590,Blue salmon catfish,Neoarius graeffei,Siluriformes,Ariidae,Neoarius,-28.82,8.06,NA,NA,SD,1,Muscle/Fin
ID_0611,12094,Narrowfront tandan,Neosilurus ater,Siluriformes,Plotosidae,Neosilurus,-27.28,6.99,2.63,1.23,SD,13,Muscle/Fin
ID_0611,22769,Sleepy cod,Oxyeleotris lineolata,Gobiiformes,Butidae,Oxyeleotris,-25.17,7.8,1.12,0.87,SD,15,Muscle/Fin
ID_0611,61654,Giant gudgeon,Oxyeleotris selheimi,Gobiiformes,Butidae,Oxyeleotris,-24.09,7.5,2.15,0.56,SD,3,Muscle/Fin
ID_0611,7861,Diamond mullet,Planiliza alata,Mugiliformes,Mugilidae,Planiliza,-28.39,6.5,1.72,0.65,SD,6,Muscle/Fin
ID_0611,7536,Australian bonytongue,Scleropages jardinii,Osteoglossiformes,Osteoglossidae,Scleropages,-21.78,8.89,1.73,0.91,SD,17,Muscle/Fin
ID_0611,8817,Longtom,Strongylura krefftii,Beloniformes,Belonidae,Strongylura,-28.48,11.72,0.07,0.55,SD,2,Muscle/Fin
ID_0611,12101,Eel-tailed catfish,Tandanus tandanus,Siluriformes,Plotosidae,Tandanus,-27.88,7.69,NA,NA,SD,1,Muscle/Fin
ID_0611,8079,Spotted archerfish,Toxotes chatareus,Carangaria/misc,Toxotidae,Toxotes,-23.74,8.65,3.16,1.3,SD,3,Muscle/Fin
ID_0612,NA,Glassies,Ambassis sp,Ovalentaria/misc,Ambassidae,Ambassis,-28.51,6.99,2.72,0.6,SD,6,Muscle/fin
ID_0612,14925,Barred grunter,Amniataba percoides,Centrarchiformes,Terapontidae,Amniataba,-26.93,6.8,0.04,0.86,SD,2,Muscle/fin
ID_0612,12090,Salmon catfish,Bleekeriella leptaspis,Siluriformes,Ariidae,Bleekeriella,-22.85,7.58,0.74,0.49,SD,5,Muscle/fin
ID_0612,10475,Mariana's hardyhead,Craterocephalus marianae,Atheriniformes,Atherinidae,Craterocephalus,-27.21,5.29,2.82,0.09,SD,2,Muscle/fin
ID_0612,NA,NA,Craterocephalus sp,Atheriniformes,Atherinidae,Craterocephalus,-32.47,6.87,2.14,0.49,SD,3,Muscle/fin
ID_0612,15137,Pennyfish,Denariusa australis,Ovalentaria/misc,Ambassidae,Denariusa,-26.9,5.31,1.14,0.53,SD,3,Muscle/fin
ID_0612,14863,Mouth almighty,Glossamia aprion,Kurtiformes,Apogonidae,Glossamia,-30.06,4.92,3.3,0.15,SD,3,Muscle/fin
ID_0612,NA,NA,Glossogobius sp,Gobiiformes,Gobiidae,Glossogobius,-31.8,5.91,2.46,0.28,SD,3,Muscle/fin
ID_0612,6432,Sooty grunter,Hephaestus fuliginosus,Centrarchiformes,Terapontidae,Hephaestus,-25.53,7.61,NA,NA,SD,1,Muscle/fin
ID_0612,346,Barramundi,Lates calcarifer,Carangaria/misc,Latidae,Lates,-23.44,8.62,0.91,1.12,SD,13,Muscle/fin
ID_0612,227,Oxeye tarpon,Megalops cyprinoides,Elopiformes,Megalopidae,Megalops,-24.72,6.42,2.75,0.98,SD,4,Muscle/fin
ID_0612,13102,Eastern rainbowfish,Melanotaenia splendida,Atheriniformes,Melanotaeniidae,Melanotaenia,-25.21,5.71,1.79,0.14,SD,3,Muscle/fin
ID_0612,1612,Bony bream,Nematalosa erebi,Clupeiformes,Dorosomatidae,Nematalosa,-24.75,5.69,1.45,0.42,SD,3,Muscle/fin
ID_0612,12094,Narrowfront tandan,Neosilurus ater,Siluriformes,Plotosidae,Neosilurus,-27.13,6.31,0.38,0.54,SD,3,Muscle/fin
ID_0612,22769,Sleepy cod,Oxyeleotris lineolata,Gobiiformes,Butidae,Oxyeleotris,-24.77,7.73,0.98,0.8,SD,3,Muscle/fin
ID_0612,61654,Giant gudgeon,Oxyeleotris selheimi,Gobiiformes,Butidae,Oxyeleotris,-23.86,7.93,0.44,0.2,SD,2,Muscle/fin
ID_0612,7536,Australian bonytongue,Scleropages jardinii,Osteoglossiformes,Osteoglossidae,Scleropages,-18.9,7.56,NA,NA,SD,1,Muscle/fin
ID_0612,8817,Longtom,Strongylura krefftii,Beloniformes,Belonidae,Strongylura,-23.57,8.02,0.68,0.27,SD,2,Muscle/fin
ID_0613,271,Goldfish,Carassius auratus,Cypriniformes,Cyprinidae,Carassius,-24.81,12.27,0.78,1.34,SD,3,Muscle/fin
ID_0613,1450,Common carp,Cyprinus carpio,Cypriniformes,Cyprinidae,Cyprinus,-21.76,10.23,1.98,1.21,SD,21,Muscle/fin
ID_0613,NA,NA,Eleotridae,Gobiiformes,Eleotridae,NA,-23.41,13.22,NA,NA,SD,1,Muscle/fin
ID_0613,3215,Mosquitofish,Gambusia affinis,Cyprinodontiformes,Poeciliidae,Gambusia,-26.54,13.7,3.28,0.84,SD,8,Muscle/fin
ID_0613,4800,Spangled perch,Leiopotherapon unicolor,Centrarchiformes,Terapontidae,Leiopotherapon,-23.66,13.19,0.75,0.82,SD,3,Muscle/fin
ID_0613,10312,Golden perch,Macquaria ambigua,Centrarchiformes,Percichthyidae,Macquaria,-23.68,14.12,0.78,0.43,SD,6,Muscle/fin
ID_0613,1612,Bony bream,Nematalosa erebi,Clupeiformes,Dorosomatidae,Nematalosa,-26.55,11.33,1.77,2.06,SD,31,Muscle/fin
ID_0613,22641,Hyrtl's tandan,Neosilurus hyrtlii,Siluriformes,Plotosidae,Neosilurus,-24.35,13.5,0.86,0.49,SD,3,Muscle/fin
ID_0614,271,Goldfish,Carassius auratus,Cypriniformes,Cyprinidae,Carassius,-25.74,12.14,0.22,0.38,SD,3,Muscle/Fin
ID_0614,1450,Common carp,Cyprinus carpio,Cypriniformes,Cyprinidae,Cyprinus,-22.12,10.71,1.4,1.01,SD,20,Muscle/Fin
ID_0614,NA,NA,Eleotridae,Gobiiformes,Eleotridae,NA,-27.52,12.1,1.23,0.55,SD,8,Muscle/Fin
ID_0614,3215,Mosquitofish,Gambusia affinis,Cyprinodontiformes,Poeciliidae,Gambusia,-25.56,12.19,0.73,1.32,SD,7,Muscle/Fin
ID_0614,4800,Spangled perch,Leiopotherapon unicolor,Centrarchiformes,Terapontidae,Leiopotherapon,-24.45,13.96,0.54,0.01,SD,2,Muscle/Fin
ID_0614,10312,Golden perch,Macquaria ambigua,Centrarchiformes,Percichthyidae,Macquaria,-24.27,12.81,1.79,0.59,SD,26,Muscle/Fin
ID_0614,1612,Bony bream,Nematalosa erebi,Clupeiformes,Dorosomatidae,Nematalosa,-28.66,12.18,1.37,0.9,SD,30,Muscle/Fin
ID_0615,271,Goldfish,Carassius auratus,Cypriniformes,Cyprinidae,Carassius,-21.04,10.26,3.06,1.74,SD,2,Muscle/Fin
ID_0615,1450,Common carp,Cyprinus carpio,Cypriniformes,Cyprinidae,Cyprinus,-21.53,10.32,1.38,1.98,SD,21,Muscle/Fin
ID_0615,NA,NA,Eleotridae,Gobiiformes,Eleotridae,NA,-26.68,17.26,0.5,5.45,SD,2,Muscle/Fin
ID_0615,3215,Mosquitofish,Gambusia affinis,Cyprinodontiformes,Poeciliidae,Gambusia,-23.48,15.14,0.14,0.63,SD,2,Muscle/Fin
ID_0615,4800,Spangled perch,Leiopotherapon unicolor,Centrarchiformes,Terapontidae,Leiopotherapon,-22.78,12.82,0.15,0.71,SD,3,Muscle/Fin
ID_0615,10312,Golden perch,Macquaria ambigua,Centrarchiformes,Percichthyidae,Macquaria,-22.25,13.78,1.1,1.44,SD,17,Muscle/Fin
ID_0615,1612,Bony bream,Nematalosa erebi,Clupeiformes,Dorosomatidae,Nematalosa,-27.86,11.13,1.87,2.24,SD,36,Muscle/Fin
ID_0615,22641,Hyrtl's tandan,Neosilurus hyrtlii,Siluriformes,Plotosidae,Neosilurus,-22.94,10.93,0.52,2.62,SD,3,Muscle/Fin
ID_0615,6511,Australian smelt,Retropinna semoni,Osmeriformes,Retropinnidae,Retropinna,-28.22,13.74,NA,NA,SD,1,Muscle/Fin
ID_0616,271,Goldfish,Carassius auratus,Cypriniformes,Cyprinidae,Carassius,-24.1,10.58,0.18,1.06,SD,3,Muscle/Fin
ID_0616,1450,Common carp,Cyprinus carpio,Cypriniformes,Cyprinidae,Cyprinus,-23.19,10.37,0.88,0.86,SD,21,Muscle/Fin
ID_0616,NA,NA,Eleotridae,Gobiiformes,Eleotridae,NA,-26.57,15.15,0.55,0.36,SD,3,Muscle/Fin
ID_0616,3215,Mosquitofish,Gambusia affinis,Cyprinodontiformes,Poeciliidae,Gambusia,-23.33,13.98,2.89,1.06,SD,2,Muscle/Fin
ID_0616,4800,Spangled perch,Leiopotherapon unicolor,Centrarchiformes,Terapontidae,Leiopotherapon,-23.56,12.83,0.1,0.32,SD,3,Muscle/Fin
ID_0616,10312,Golden perch,Macquaria ambigua,Centrarchiformes,Percichthyidae,Macquaria,-25.68,13.63,2.44,1.01,SD,28,Muscle/Fin
ID_0616,1612,Bony bream,Nematalosa erebi,Clupeiformes,Dorosomatidae,Nematalosa,-29.04,13.59,1.34,2.28,SD,32,Muscle/Fin
ID_0617,271,Goldfish,Carassius auratus,Cypriniformes,Cyprinidae,Carassius,-25.24,11.34,NA,NA,SD,1,Muscle/Fin
ID_0617,1450,Common carp,Cyprinus carpio,Cypriniformes,Cyprinidae,Cyprinus,-21.23,9.63,1.5,1.39,SD,21,Muscle/Fin
ID_0617,NA,NA,Eleotridae,Gobiiformes,Eleotridae,NA,-27.38,15.88,1.96,1.69,SD,3,Muscle/Fin
ID_0617,3215,Mosquitofish,Gambusia affinis,Cyprinodontiformes,Poeciliidae,Gambusia,-26.04,10.56,0.56,0.62,SD,3,Muscle/Fin
ID_0617,4800,Spangled perch,Leiopotherapon unicolor,Centrarchiformes,Terapontidae,Leiopotherapon,-22.59,11.21,NA,NA,SD,1,Muscle/Fin
ID_0617,10312,Golden perch,Macquaria ambigua,Centrarchiformes,Percichthyidae,Macquaria,-22.71,13.83,1.25,0.86,SD,10,Muscle/Fin
ID_0617,NA,NA,Melanotaenia sp,Atheriniformes,Melanotaeniidae,Melanotaenia,-23.07,13.25,NA,NA,SD,1,Muscle/Fin
ID_0617,1612,Bony bream,Nematalosa erebi,Clupeiformes,Dorosomatidae,Nematalosa,-28.73,13.92,1.46,1.83,SD,45,Muscle/Fin
ID_0617,6511,Australian smelt,Retropinna semoni,Osmeriformes,Retropinnidae,Retropinna,-30.55,14.28,NA,NA,SD,1,Muscle/Fin
ID_0618,46775,NA,Chaetobranchus semifasciatus,Cichliformes,Cichlidae,Chaetobranchus,-36.13,9.99,NA,NA,SD,1,Muscle/Fin
ID_0618,NA,NA,Cichla sp,Cichliformes,Cichlidae,Cichla,-32.61,10.69,1.31,0.26,SD,4,Muscle/Fin
ID_0618,NA,Cichlids,Cichlidae,Cichliformes,Cichlidae,NA,-35.74,9.81,NA,NA,SD,1,Muscle/Fin
ID_0618,4757,Trahira,Hoplias malabaricus,Characiformes,Erythrinidae,Hoplias,-30.63,10.93,NA,NA,SD,1,Muscle/Fin
ID_0618,25524,Palometa,Mylossoma aureum,Characiformes,Serrasalmidae,Mylossoma,-28.2,7.11,0.67,0.64,SD,2,Muscle/Fin
ID_0618,6234,Arawana,Osteoglossum bicirrhosum,Osteoglossiformes,Osteoglossidae,Osteoglossum,-30.95,10.59,1.5,0.1,SD,5,Muscle/Fin
ID_0618,25648,NA,Potamorhina altamazonica,Characiformes,Curimatidae,Potamorhina,-34.92,8.04,NA,NA,SD,1,Muscle/Fin
ID_0618,51315,NA,Potamorhina pristigaster,Characiformes,Curimatidae,Potamorhina,-36.24,8.69,0.75,0.34,SD,3,Muscle/Fin
ID_0618,28032,NA,Pristobrycon striolatus,Characiformes,Serrasalmidae,Pristobrycon,-30.14,11.87,0.39,0.07,SD,2,Muscle/Fin
ID_0618,11894,Black prochilodus,Prochilodus nigricans,Characiformes,Prochilodontidae,Prochilodus,-34.74,8.54,1.81,0.68,SD,3,Muscle/Fin
ID_0618,25741,Amazon sailfin catfish,Pterygoplichthys pardalis,Siluriformes,Loricariidae,Pterygoplichthys,-35.83,8.42,1.09,0.81,SD,3,Muscle/Fin
ID_0618,4501,Red piranha,Pygocentrus nattereri,Characiformes,Serrasalmidae,Pygocentrus,-30.7,11.27,0.89,0.45,SD,6,Muscle/Fin
ID_0619,57800,Yarauira,Amblydoras affinis,Siluriformes,Doradidae,Amblydoras,-33.22,9.49,NA,NA,SD,1,Muscle/Fin
ID_0619,26703,Agassiz's dwarf cichlid,Apistogramma agassizii,Cichliformes,Cichlidae,Apistogramma,-34.09,10.35,NA,NA,SD,1,Muscle/Fin
ID_0619,NA,NA,Brachyhypopomus sp,Gymnotiformes,Hypopomidae,Brachyhypopomus,-33.13,10.21,NA,NA,SD,1,Muscle/Fin
ID_0619,NA,NA,Cichla sp,Cichliformes,Cichlidae,Cichla,-35.41,10.66,NA,NA,SD,1,Muscle/Fin
ID_0619,NA,Cichlids,Cichlidae,Cichliformes,Cichlidae,NA,-35.01,10.38,NA,NA,SD,1,Muscle/Fin
ID_0619,263,Tambaqui,Colossoma macropomum,Characiformes,Serrasalmidae,Colossoma,-28.62,7.54,NA,NA,SD,1,Muscle/Fin
ID_0619,51127,NA,Odontostilbe fugitiva,Characiformes,Characidae,Odontostilbe,-39.62,9.65,NA,NA,SD,1,Muscle/Fin
ID_0619,6234,Arawana,Osteoglossum bicirrhosum,Osteoglossiformes,Osteoglossidae,Osteoglossum,-28.16,10.72,0.41,0.3,SD,5,Muscle/Fin
ID_0619,51315,NA,Potamorhina pristigaster,Characiformes,Curimatidae,Potamorhina,-38.78,8.24,NA,NA,SD,1,Muscle/Fin
ID_0619,28032,NA,Pristobrycon striolatus,Characiformes,Serrasalmidae,Pristobrycon,-32.85,10.47,NA,NA,SD,1,Muscle/Fin
ID_0619,11894,Black prochilodus,Prochilodus nigricans,Characiformes,Prochilodontidae,Prochilodus,-34.96,7.51,NA,NA,SD,1,Muscle/Fin
ID_0619,4501,Red piranha,Pygocentrus nattereri,Characiformes,Serrasalmidae,Pygocentrus,-31.06,10.95,2.73,0.47,SD,6,Muscle/Fin
ID_0619,NA,NA,Serrasalmidae,Characiformes,Serrasalmidae,NA,-26.84,7.97,NA,NA,SD,1,Muscle/Fin
ID_0620,NA,NA,Ancistrus sp,Siluriformes,Loricariidae,Ancistrus,-35.45,6.65,0.07,1.01,SD,2,Muscle/Fin
ID_0620,NA,NA,Arapaima sp,Osteoglossiformes,Osteoglossidae,Arapaima,-31.56,9.55,1.46,0.86,SD,36,Muscle/Fin
ID_0620,25744,Fat oscars,Astronotus crassipinnis,Cichliformes,Cichlidae,Astronotus,-27.59,7.89,NA,NA,SD,1,Muscle/Fin
ID_0620,263,Tambaqui,Colossoma macropomum,Characiformes,Serrasalmidae,Colossoma,-28.09,7.22,NA,NA,SD,1,Muscle/Fin
ID_0620,NA,NA,Gasteropelecus sp,Characiformes,Gasteropelecidae,Gasteropelecus,-28.29,7.87,NA,NA,SD,1,Muscle/Fin
ID_0620,4757,Trahira,Hoplias malabaricus,Characiformes,Erythrinidae,Hoplias,-29.54,10.51,NA,NA,SD,1,Muscle/Fin
ID_0620,NA,NA,Leporinus sp,Characiformes,Anostomidae,Leporinus,-30.3,7.67,NA,NA,SD,1,Muscle/Fin
ID_0620,6234,Arawana,Osteoglossum bicirrhosum,Osteoglossiformes,Osteoglossidae,Osteoglossum,-26.93,10.34,1.01,0.75,SD,2,Muscle/Fin
ID_0620,7556,Bloch's catfish,Pimelodus blochii,Siluriformes,Pimelodidae,Pimelodus,-27.87,9.07,NA,NA,SD,1,Muscle/Fin
ID_0620,11894,Black prochilodus,Prochilodus nigricans,Characiformes,Prochilodontidae,Prochilodus,-30.21,6.98,2.33,0.71,SD,4,Muscle/Fin
ID_0620,8674,Spotted sorubim,Pseudoplatystoma corruscans,Siluriformes,Pimelodidae,Pseudoplatystoma,-30.17,10.9,NA,NA,SD,1,Muscle/Fin
ID_0620,25741,Amazon sailfin catfish,Pterygoplichthys pardalis,Siluriformes,Loricariidae,Pterygoplichthys,-29.01,6.06,2.38,0.81,SD,6,Muscle/Fin
ID_0620,4501,Red piranha,Pygocentrus nattereri,Characiformes,Serrasalmidae,Pygocentrus,-28.81,11.25,0.18,0.38,SD,3,Muscle/Fin
ID_0620,12144,Duckbill catfish,Sorubim lima,Siluriformes,Pimelodidae,Sorubim,-30.33,10.78,NA,NA,SD,1,Muscle/Fin
ID_0621,NA,NA,Arapaima sp,Osteoglossiformes,Osteoglossidae,Arapaima,-33.03,10.02,1.24,0.52,SD,9,Muscle/Fin
ID_0621,NA,NA,Cichla sp,Cichliformes,Cichlidae,Cichla,-30.55,10.46,0.69,0.3,SD,4,Muscle/Fin
ID_0621,NA,Cichlids,Cichlidae,Cichliformes,Cichlidae,NA,-35.69,9.75,1.98,0.81,SD,2,Muscle/Fin
ID_0621,263,Tambaqui,Colossoma macropomum,Characiformes,Serrasalmidae,Colossoma,-28.94,7.9,1.56,0.34,SD,4,Muscle/Fin
ID_0621,6234,Arawana,Osteoglossum bicirrhosum,Osteoglossiformes,Osteoglossidae,Osteoglossum,-28.11,10.59,0.4,0.59,SD,2,Muscle/Fin
ID_0621,28032,NA,Pristobrycon striolatus,Characiformes,Serrasalmidae,Pristobrycon,-28.97,11.09,0.02,0.06,SD,2,Muscle/Fin
ID_0621,11894,Black prochilodus,Prochilodus nigricans,Characiformes,Prochilodontidae,Prochilodus,-33.39,8.29,1.02,0.51,SD,3,Muscle/Fin
ID_0621,25741,Amazon sailfin catfish,Pterygoplichthys pardalis,Siluriformes,Loricariidae,Pterygoplichthys,-33.39,9.26,NA,NA,SD,1,Muscle/Fin
ID_0621,4501,Red piranha,Pygocentrus nattereri,Characiformes,Serrasalmidae,Pygocentrus,-28.82,11.68,0.43,0.91,SD,3,Muscle/Fin
ID_0621,11970,Redeye piranha,Serrasalmus rhombeus,Characiformes,Serrasalmidae,Serrasalmus,-28.91,11.78,0.35,0.28,SD,3,Muscle/Fin
ID_0622,12278,Saddle cichlid,Aequidens tetramerus,Cichliformes,Cichlidae,Aequidens,-33.64,8.8,NA,NA,SD,1,Muscle/Fin
ID_0622,NA,NA,Characidium sp,Characiformes,Crenuchidae,Characidium,-33.31,10.07,NA,NA,SD,1,Muscle/Fin
ID_0622,NA,NA,Cichla sp,Cichliformes,Cichlidae,Cichla,-31.23,10.69,0.32,0.23,SD,6,Muscle/Fin
ID_0622,NA,Cichlids,Cichlidae,Cichliformes,Cichlidae,NA,-32.62,8.06,NA,NA,SD,1,Muscle/Fin
ID_0622,263,Tambaqui,Colossoma macropomum,Characiformes,Serrasalmidae,Colossoma,-28.16,8.21,NA,NA,SD,1,Muscle/Fin
ID_0622,NA,NA,Doradidae,Siluriformes,Doradidae,NA,-34.29,9.53,NA,NA,SD,1,Muscle/Fin
ID_0622,NA,NA,Heros sp,Cichliformes,Cichlidae,Heros,-30.31,7.75,NA,NA,SD,1,Muscle/Fin
ID_0622,NA,NA,Leporinus sp,Characiformes,Anostomidae,Leporinus,-29.35,8.3,NA,NA,SD,1,Muscle/Fin
ID_0622,51154,Surutetra,Moenkhausia lepidura,Characiformes,Characidae,Moenkhausia,-27.53,5.77,NA,NA,SD,1,Muscle/Fin
ID_0622,25524,Palometa,Mylossoma aureum,Characiformes,Serrasalmidae,Mylossoma,-27.19,7.06,NA,NA,SD,1,Muscle/Fin
ID_0622,6234,Arawana,Osteoglossum bicirrhosum,Osteoglossiformes,Osteoglossidae,Osteoglossum,-28.27,11.4,0.59,0.93,SD,4,Muscle/Fin
ID_0622,25648,NA,Potamorhina altamazonica,Characiformes,Curimatidae,Potamorhina,-36,7.91,0.12,0.99,SD,2,Muscle/Fin
ID_0622,28032,NA,Pristobrycon striolatus,Characiformes,Serrasalmidae,Pristobrycon,-29.76,10.61,NA,NA,SD,1,Muscle/Fin
ID_0622,11894,Black prochilodus,Prochilodus nigricans,Characiformes,Prochilodontidae,Prochilodus,-33.61,8.1,0.16,0.12,SD,2,Muscle/Fin
ID_0622,25741,Amazon sailfin catfish,Pterygoplichthys pardalis,Siluriformes,Loricariidae,Pterygoplichthys,-29.19,6.91,2.66,0.39,SD,3,Muscle/Fin
ID_0622,4501,Red piranha,Pygocentrus nattereri,Characiformes,Serrasalmidae,Pygocentrus,-28.72,10.77,0.39,0.15,SD,2,Muscle/Fin
ID_0622,NA,NA,Serrasalmidae,Characiformes,Serrasalmidae,NA,-31.26,12.01,NA,NA,SD,1,Muscle/Fin
ID_0623,12213,Bushymouth catfish,Ancistrus dolichopterus,Siluriformes,Loricariidae,Ancistrus,-34.86,9.17,NA,NA,SD,1,Muscle/Fin
ID_0623,10622,Pinktail chalceus,Chalceus macrolepidotus,Characiformes,Chalceidae,Chalceus,-26.43,8.46,NA,NA,SD,1,Muscle/Fin
ID_0623,NA,NA,Cichla sp,Cichliformes,Cichlidae,Cichla,-34.19,10.9,1.05,0.19,SD,5,Muscle/Fin
ID_0623,25778,NA,Cichlasoma amazonarum,Cichliformes,Cichlidae,Cichlasoma,-35.68,9.27,NA,NA,SD,1,Muscle/Fin
ID_0623,NA,Cichlids,Cichlidae,Cichliformes,Cichlidae,NA,-37.74,10.05,1.27,0.39,SD,2,Muscle/Fin
ID_0623,10629,Silver tetra,Ctenobrycon spilurus,Characiformes,Characidae,Ctenobrycon,-28.95,6.93,NA,NA,SD,1,Muscle/Fin
ID_0623,NA,NA,Doradidae,Siluriformes,Doradidae,NA,-35.99,9.97,NA,NA,SD,1,Muscle/Fin
ID_0623,12390,Bandtail tetra,Moenkhausia dichroura,Characiformes,Characidae,Moenkhausia,-36.45,9.46,NA,NA,SD,1,Muscle/Fin
ID_0623,25524,Palometa,Mylossoma aureum,Characiformes,Serrasalmidae,Mylossoma,-28.07,7.91,0.34,0.71,SD,3,Muscle/Fin
ID_0623,6234,Arawana,Osteoglossum bicirrhosum,Osteoglossiformes,Osteoglossidae,Osteoglossum,-28.55,10.82,NA,NA,SD,1,Muscle/Fin
ID_0623,51315,NA,Potamorhina pristigaster,Characiformes,Curimatidae,Potamorhina,-35.95,9.37,NA,NA,SD,1,Muscle/Fin
ID_0623,28032,NA,Pristobrycon striolatus,Characiformes,Serrasalmidae,Pristobrycon,-31.54,10.47,1.18,0.2,SD,5,Muscle/Fin
ID_0623,11894,Black prochilodus,Prochilodus nigricans,Characiformes,Prochilodontidae,Prochilodus,-35.84,9.24,0.48,0.11,SD,2,Muscle/Fin
ID_0623,NA,NA,Pterobunocephalus sp,Siluriformes,Aspredinidae,Pterobunocephalus,-27.84,7.91,NA,NA,SD,1,Muscle/Fin
ID_0623,25741,Amazon sailfin catfish,Pterygoplichthys pardalis,Siluriformes,Loricariidae,Pterygoplichthys,-34.76,8.2,0.77,0.4,SD,3,Muscle/Fin
ID_0623,4501,Red piranha,Pygocentrus nattereri,Characiformes,Serrasalmidae,Pygocentrus,-31.68,10.79,0.65,0.32,SD,4,Muscle/Fin
ID_0623,11168,Jurupari,Satanoperca jurupari,Cichliformes,Cichlidae,Satanoperca,-34.68,10.83,NA,NA,SD,1,Muscle/Fin
ID_0623,NA,NA,Serrasalmidae,Characiformes,Serrasalmidae,NA,-30.03,10.17,2.2,2.13,SD,5,Muscle/Fin
ID_0623,51197,NA,Stethaprion erythrops,Characiformes,Characidae,Stethaprion,-36.59,8.4,NA,NA,SD,1,Muscle/Fin
ID_0623,12402,Elongate hatchetfish,Triportheus elongatus,Characiformes,Triportheidae,Triportheus,-34.07,8.81,NA,NA,SD,1,Muscle/Fin
ID_0623,NA,Characiforme,NA,Characiforme,NA,NA,-39.12,9.55,NA,NA,SD,1,Muscle/Fin
ID_0624,25744,Fat oscars,Astronotus crassipinnis,Cichliformes,Cichlidae,Astronotus,-32.4,10.71,NA,NA,SD,1,Muscle/Fin
ID_0624,25776,Kunapari,Chaetobranchus flavescens,Cichliformes,Cichlidae,Chaetobranchus,-36.7,10.96,NA,NA,SD,1,Muscle/Fin
ID_0624,10629,Silver tetra,Ctenobrycon spilurus,Characiformes,Characidae,Ctenobrycon,-33.29,9.3,NA,NA,SD,1,Muscle/Fin
ID_0624,51260,NA,Curimata roseni,Characiformes,Curimatidae,Curimata,-36,8.23,NA,NA,SD,1,Muscle/Fin
ID_0624,4757,Trahira,Hoplias malabaricus,Characiformes,Erythrinidae,Hoplias,-29.19,9.47,3.51,1.23,SD,2,Muscle/Fin
ID_0624,NA,NA,Hypoptopoma sp,Siluriformes,Loricariidae,Hypoptopoma,-33.57,7.92,NA,NA,SD,1,Muscle/Fin
ID_0624,NA,NA,Leporinus sp,Characiformes,Anostomidae,Leporinus,-28.46,8.12,0.37,0.95,SD,2,Muscle/Fin
ID_0624,12390,Bandtail tetra,Moenkhausia dichroura,Characiformes,Characidae,Moenkhausia,-34.53,9.45,NA,NA,SD,1,Muscle/Fin
ID_0624,6234,Arawana,Osteoglossum bicirrhosum,Osteoglossiformes,Osteoglossidae,Osteoglossum,-30.66,11.2,1.08,0.11,SD,2,Muscle/Fin
ID_0624,7556,Bloch's catfish,Pimelodus blochii,Siluriformes,Pimelodidae,Pimelodus,-30.73,9.93,4.37,0.58,SD,2,Muscle/Fin
ID_0624,51315,NA,Potamorhina pristigaster,Characiformes,Curimatidae,Potamorhina,-36.6,8.67,0.11,0.77,SD,2,Muscle/Fin
ID_0624,28032,NA,Pristobrycon striolatus,Characiformes,Serrasalmidae,Pristobrycon,-31.65,11.02,1.25,0.64,SD,5,Muscle/Fin
ID_0624,11894,Black prochilodus,Prochilodus nigricans,Characiformes,Prochilodontidae,Prochilodus,-35.84,8.84,2.37,0.91,SD,5,Muscle/Fin
ID_0624,4717,Freshwater angelfish,Pterophyllum scalare,Cichliformes,Cichlidae,Pterophyllum,-36.48,10.07,NA,NA,SD,1,Muscle/Fin
ID_0624,25741,Amazon sailfin catfish,Pterygoplichthys pardalis,Siluriformes,Loricariidae,Pterygoplichthys,-34.03,8.07,3.65,0.86,SD,3,Muscle/Fin
ID_0624,4501,Red piranha,Pygocentrus nattereri,Characiformes,Serrasalmidae,Pygocentrus,-31.15,10.85,1.07,0.49,SD,3,Muscle/Fin
ID_0624,NA,NA,Semaprochilodus sp,Characiformes,Prochilodontidae,Semaprochilodus,-35.56,7.9,NA,NA,SD,1,Muscle/Fin
ID_0624,NA,NA,Serrasalmidae,Characiformes,Serrasalmidae,NA,-30.36,11.79,NA,NA,SD,1,Muscle/Fin
ID_0624,12976,NA,Triportheus angulatus,Characiformes,Triportheidae,Triportheus,-34.3,9.31,NA,NA,SD,1,Muscle/Fin
ID_0624,NA,NA,Triportheus sp,Characiformes,Triportheidae,Triportheus,-34.66,9.67,NA,NA,SD,1,Muscle/Fin
ID_0625,NA,NA,Ancistrus sp,Siluriformes,Loricariidae,Ancistrus,-35.44,9.23,NA,NA,SD,1,Muscle/Fin
ID_0625,NA,NA,Arapaima sp,Osteoglossiformes,Osteoglossidae,Arapaima,-32.65,9.87,NA,NA,SD,1,Muscle/Fin
ID_0625,NA,NA,Characidium sp,Characiformes,Crenuchidae,Characidium,-34.9,9.04,NA,NA,SD,1,Muscle/Fin
ID_0625,NA,NA,Cichla sp,Cichliformes,Cichlidae,Cichla,-32.51,10.53,0.6,0.15,SD,3,Muscle/Fin
ID_0625,NA,Cichlids,Cichlidae,Cichliformes,Cichlidae,NA,-35.44,8.92,1.55,0.95,SD,5,Muscle/Fin
ID_0625,25718,NA,Hemiodus immaculatus,Characiformes,Hemiodontidae,Hemiodus,-36.42,8.31,NA,NA,SD,1,Muscle/Fin
ID_0625,52199,Green severum cichlid,Heros efasciatus,Cichliformes,Cichlidae,Heros,-35.95,9.44,NA,NA,SD,1,Muscle/Fin
ID_0625,25524,Palometa,Mylossoma aureum,Characiformes,Serrasalmidae,Mylossoma,-28.21,7.6,0.13,0.19,SD,2,Muscle/Fin
ID_0625,7556,Bloch's catfish,Pimelodus blochii,Siluriformes,Pimelodidae,Pimelodus,-32.15,9.51,NA,NA,SD,1,Muscle/Fin
ID_0625,4310,Silver croaker,Plagioscion squamosissimus,Eupercaria/misc,Sciaenidae,Plagioscion,-31.52,11.39,NA,NA,SD,1,Muscle/Fin
ID_0625,28032,NA,Pristobrycon striolatus,Characiformes,Serrasalmidae,Pristobrycon,-30.23,10.82,NA,NA,SD,1,Muscle/Fin
ID_0625,11894,Black prochilodus,Prochilodus nigricans,Characiformes,Prochilodontidae,Prochilodus,-35.15,7.64,1.68,0.4,SD,4,Muscle/Fin
ID_0625,4501,Red piranha,Pygocentrus nattereri,Characiformes,Serrasalmidae,Pygocentrus,-30.36,11.22,1,0.23,SD,2,Muscle/Fin
ID_0625,25658,Kissing prochilodus,Semaprochilodus insignis,Characiformes,Prochilodontidae,Semaprochilodus,-37.68,7.13,NA,NA,SD,1,Muscle/Fin
ID_0626,NA,NA,Arapaima sp,Osteoglossiformes,Osteoglossidae,Arapaima,-35.01,10.48,2.28,0.54,SD,12,Muscle
ID_0626,25744,Fat oscars,Astronotus crassipinnis,Cichliformes,Cichlidae,Astronotus,-28.63,9.69,0.67,0.18,SD,2,Muscle
ID_0626,NA,NA,Brachyhypopomus sp,Gymnotiformes,Hypopomidae,Brachyhypopomus,-31.23,9.11,NA,NA,SD,1,Muscle
ID_0626,10622,Pinktail chalceus,Chalceus macrolepidotus,Characiformes,Chalceidae,Chalceus,-27.83,8,NA,NA,SD,1,Muscle
ID_0626,NA,NA,Cichla sp,Cichliformes,Cichlidae,Cichla,-31.97,10.81,0.51,0.77,SD,3,Muscle
ID_0626,NA,Cichlids,Cichlidae,Cichliformes,Cichlidae,NA,-35.04,9.98,NA,NA,SD,1,Muscle
ID_0626,263,Tambaqui,Colossoma macropomum,Characiformes,Serrasalmidae,Colossoma,-27.58,7.69,0.4,0.68,SD,3,Muscle
ID_0626,51319,NA,Curimatella alburnus,Characiformes,Curimatidae,Curimatella,-32.96,6.19,NA,NA,SD,1,Muscle
ID_0626,51395,NA,Cyphocharax spiluropsis,Characiformes,Curimatidae,Cyphocharax,-37.67,7.4,NA,NA,SD,1,Muscle
ID_0626,4757,Trahira,Hoplias malabaricus,Characiformes,Erythrinidae,Hoplias,-31.56,10.95,0.78,0.3,SD,2,Muscle
ID_0626,12390,Bandtail tetra,Moenkhausia dichroura,Characiformes,Characidae,Moenkhausia,-37.31,10.63,NA,NA,SD,1,Muscle
ID_0626,47466,NA,Nemadoras humeralis,Siluriformes,Doradidae,Nemadoras,-33.01,10.32,NA,NA,SD,1,Muscle
ID_0626,6234,Arawana,Osteoglossum bicirrhosum,Osteoglossiformes,Osteoglossidae,Osteoglossum,-28.02,11.23,0.61,0.26,SD,4,Muscle
ID_0626,25649,Ruskobarbitetra,Potamorhina latior,Characiformes,Curimatidae,Potamorhina,-37.59,7.43,NA,NA,SD,1,Muscle
ID_0626,51315,NA,Potamorhina pristigaster,Characiformes,Curimatidae,Potamorhina,-37.42,8.61,NA,NA,SD,1,Muscle
ID_0626,28032,NA,Pristobrycon striolatus,Characiformes,Serrasalmidae,Pristobrycon,-31.64,11.1,0.86,0.1,SD,2,Muscle
ID_0626,11894,Black prochilodus,Prochilodus nigricans,Characiformes,Prochilodontidae,Prochilodus,-34.38,8.68,2.45,0.24,SD,4,Muscle
ID_0626,25651,NA,Psectrogaster amazonica,Characiformes,Curimatidae,Psectrogaster,-38.65,8.11,NA,NA,SD,1,Muscle
ID_0626,25651,NA,Psectrogaster amazonica,Characiformes,Curimatidae,Psectrogaster,-38.62,8.1,NA,NA,SD,1,Muscle
ID_0626,25741,Amazon sailfin catfish,Pterygoplichthys pardalis,Siluriformes,Loricariidae,Pterygoplichthys,-36.28,7.65,2.08,0.64,SD,2,Muscle
ID_0626,4501,Red piranha,Pygocentrus nattereri,Characiformes,Serrasalmidae,Pygocentrus,-30.45,10.39,1.43,0.84,SD,4,Muscle
ID_0626,12402,Elongate hatchetfish,Triportheus elongatus,Characiformes,Triportheidae,Triportheus,-34.46,9.24,NA,NA,SD,1,Muscle
ID_0626,NA,NA,Triportheus sp,Characiformes,Triportheidae,Triportheus,-29.07,9.06,0.97,0.74,SD,3,Muscle
ID_0627,NA,NA,Arapaima sp,Osteoglossiformes,Osteoglossidae,Arapaima,-31.91,10.27,3.22,0.46,SD,2,Muscle/Fin
ID_0627,25516,Sabalo,Brycon cephalus,Characiformes,Bryconidae,Brycon,-27.61,8.7,NA,NA,SD,1,Muscle/Fin
ID_0627,NA,Cichlids,Cichlidae,Cichliformes,Cichlidae,NA,-34.27,9.07,NA,NA,SD,1,Muscle/Fin
ID_0627,263,Tambaqui,Colossoma macropomum,Characiformes,Serrasalmidae,Colossoma,-28.38,7.8,0.55,0.44,SD,3,Muscle/Fin
ID_0627,4757,Trahira,Hoplias malabaricus,Characiformes,Erythrinidae,Hoplias,-32.08,8.99,NA,NA,SD,1,Muscle/Fin
ID_0627,6234,Arawana,Osteoglossum bicirrhosum,Osteoglossiformes,Osteoglossidae,Osteoglossum,-27.89,10.64,0.93,0.23,SD,4,Muscle/Fin
ID_0627,5808,Pirapitinga,Piaractus brachypomus,Characiformes,Serrasalmidae,Piaractus,-28.03,7.23,NA,NA,SD,1,Muscle/Fin
ID_0627,11894,Black prochilodus,Prochilodus nigricans,Characiformes,Prochilodontidae,Prochilodus,-34.13,8.79,2.54,0.37,SD,4,Muscle/Fin
ID_0627,8674,Spotted sorubim,Pseudoplatystoma corruscans,Siluriformes,Pimelodidae,Pseudoplatystoma,-30.96,11.03,NA,NA,SD,1,Muscle/Fin
ID_0627,12109,Granulated catfish,Pterodoras granulosus,Siluriformes,Doradidae,Pterodoras,-27.62,9.01,NA,NA,SD,1,Muscle/Fin
ID_0627,25741,Amazon sailfin catfish,Pterygoplichthys pardalis,Siluriformes,Loricariidae,Pterygoplichthys,-34.15,8.25,0.88,0.86,SD,6,Muscle/Fin
ID_0627,4501,Red piranha,Pygocentrus nattereri,Characiformes,Serrasalmidae,Pygocentrus,-29.58,11.16,0.29,0.15,SD,3,Muscle/Fin
ID_0628,25744,Fat oscars,Astronotus crassipinnis,Cichliformes,Cichlidae,Astronotus,-30.15,9.12,0.24,0.38,SD,3,Muscle/Fin
ID_0628,NA,NA,Astyanax sp,Characiformes,Characidae,Astyanax,-35.12,10.36,NA,NA,SD,1,Muscle/Fin
ID_0628,NA,NA,Cichla sp,Cichliformes,Cichlidae,Cichla,-31.52,10.28,NA,NA,SD,1,Muscle/Fin
ID_0628,263,Tambaqui,Colossoma macropomum,Characiformes,Serrasalmidae,Colossoma,-27.78,8.51,NA,NA,SD,1,Muscle/Fin
ID_0628,4757,Trahira,Hoplias malabaricus,Characiformes,Erythrinidae,Hoplias,-33.25,10.14,NA,NA,SD,1,Muscle/Fin
ID_0628,25524,Palometa,Mylossoma aureum,Characiformes,Serrasalmidae,Mylossoma,-28.61,5.65,NA,NA,SD,1,Muscle/Fin
ID_0628,6234,Arawana,Osteoglossum bicirrhosum,Osteoglossiformes,Osteoglossidae,Osteoglossum,-26.69,10.28,NA,NA,SD,1,Muscle/Fin
ID_0628,1639,Amazon pellona,Pellona castelnaeana,Clupeiformes,Pristigasteridae,Pellona,-31.68,12.2,0.82,0.33,SD,3,Muscle/Fin
ID_0628,11894,Black prochilodus,Prochilodus nigricans,Characiformes,Prochilodontidae,Prochilodus,-31.64,6.76,0.98,0.21,SD,3,Muscle/Fin
ID_0628,25741,Amazon sailfin catfish,Pterygoplichthys pardalis,Siluriformes,Loricariidae,Pterygoplichthys,-31.7,6.45,2,0.38,SD,5,Muscle/Fin
ID_0628,4501,Red piranha,Pygocentrus nattereri,Characiformes,Serrasalmidae,Pygocentrus,-29.82,10.99,1.82,0.03,SD,2,Muscle/Fin
ID_0628,NA,NA,Serrasalmidae,Characiformes,Serrasalmidae,NA,-28.64,7.75,0.44,2.52,SD,4,Muscle/Fin
ID_0629,NA,NA,Arapaima sp,Osteoglossiformes,Osteoglossidae,Arapaima,-34.98,10.36,2.16,0.41,SD,15,Muscle/Fin
ID_0629,NA,NA,Cichla sp,Cichliformes,Cichlidae,Cichla,-31.29,10.81,0.53,0.26,SD,4,Muscle/Fin
ID_0629,NA,Cichlids,Cichlidae,Cichliformes,Cichlidae,NA,-36.02,10.28,NA,NA,SD,1,Muscle/Fin
ID_0629,263,Tambaqui,Colossoma macropomum,Characiformes,Serrasalmidae,Colossoma,-28.01,7.72,1.04,0.89,SD,2,Muscle/Fin
ID_0629,NA,Cichlid,Mesonauta sp,Cichliformes,Cichlidae,Mesonauta,-26.78,7.6,NA,NA,SD,1,Muscle/Fin
ID_0629,25524,Palometa,Mylossoma aureum,Characiformes,Serrasalmidae,Mylossoma,-28.17,7.49,1.48,0.87,SD,3,Muscle/Fin
ID_0629,6234,Arawana,Osteoglossum bicirrhosum,Osteoglossiformes,Osteoglossidae,Osteoglossum,-27.64,10.77,0.55,0.86,SD,5,Muscle/Fin
ID_0629,11894,Black prochilodus,Prochilodus nigricans,Characiformes,Prochilodontidae,Prochilodus,-30.16,8.08,0.06,0.34,SD,3,Muscle/Fin
ID_0629,25741,Amazon sailfin catfish,Pterygoplichthys pardalis,Siluriformes,Loricariidae,Pterygoplichthys,-30.89,8.24,2.04,1.03,SD,2,Muscle/Fin
ID_0629,NA,NA,Serrasalmidae,Characiformes,Serrasalmidae,NA,-27.64,6.18,NA,NA,SD,1,Muscle/Fin
ID_0629,NA,NA,Symphysodon sp,Cichliformes,Cichlidae,Symphysodon,-33.69,9.48,NA,NA,SD,1,Muscle/Fin
ID_0630,2963,Desert sucker,Catostomus clarkii,Cypriniformes,Catostomidae,Catostomus,-24.85,6.85,0.96,1,SD,20,Fin
ID_0630,2969,Sonora sucker,Catostomus insignis,Cypriniformes,Catostomidae,Catostomus,-24.35,7.73,0.14,0.15,SD,3,Fin
ID_0630,2769,Roundtail chub,Gila robusta,Cypriniformes,Leuciscidae,Gila,-24.81,8.6,0.94,0.9,SD,19,Fin
ID_0630,3371,Green sunfish,Lepomis cyanellus,Centrarchiformes,Centrarchidae,Lepomis,-25.43,8.13,0.61,0.4,SD,18,Fin
ID_0630,2947,Speckled dace,Rhinichthys osculus,Cypriniformes,Leuciscidae,Rhinichthys,-25.13,7.58,0.38,0.7,SD,15,Fin
ID_0631,3021,Yellow bullhead,Ameiurus natalis,Siluriformes,Ictaluridae,Ameiurus,-28.07,7.59,1.04,0.98,SD,17,Fin
ID_0631,2963,Desert sucker,Catostomus clarkii,Cypriniformes,Catostomidae,Catostomus,-26.11,5.55,1.04,0.72,SD,14,Fin
ID_0631,2876,Red shiner,Cyprinella lutrensis,Cypriniformes,Leuciscidae,Cyprinella,-27.43,6.39,0.65,0.4,SD,16,Fin
ID_0631,3371,Green sunfish,Lepomis cyanellus,Centrarchiformes,Centrarchidae,Lepomis,-27.17,6.24,0.78,0.99,SD,14,Fin
ID_0632,3021,Yellow bullhead,Ameiurus natalis,Siluriformes,Ictaluridae,Ameiurus,-24.64,10.95,0.99,0.91,SD,10,Fin
ID_0632,2876,Red shiner,Cyprinella lutrensis,Cypriniformes,Leuciscidae,Cyprinella,-24.65,9.88,0.46,0.54,SD,10,Fin
ID_0632,3371,Green sunfish,Lepomis cyanellus,Centrarchiformes,Centrarchidae,Lepomis,-24.56,9.32,1.37,0.65,SD,20,Fin
ID_0633,2963,Desert sucker,Catostomus clarkii,Cypriniformes,Catostomidae,Catostomus,-26.83,9.57,1.18,0.43,SD,20,Fin
ID_0633,2769,Roundtail chub,Gila robusta,Cypriniformes,Leuciscidae,Gila,-25.58,9.78,1.2,0.68,SD,20,Fin
ID_0633,2947,Speckled dace,Rhinichthys osculus,Cypriniformes,Leuciscidae,Rhinichthys,-26.78,10.17,0.57,0.55,SD,12,Fin
ID_0634,2963,Desert sucker,Catostomus clarkii,Cypriniformes,Catostomidae,Catostomus,-29.26,7.65,1.08,0.97,SD,13,Fin
ID_0634,2969,Sonora sucker,Catostomus insignis,Cypriniformes,Catostomidae,Catostomus,-28.74,8.86,0.76,0.61,SD,12,Fin
ID_0634,2769,Roundtail chub,Gila robusta,Cypriniformes,Leuciscidae,Gila,-27.32,8.63,0.99,1.15,SD,20,Fin
ID_0635,291,Black bullhead,Ameiurus melas,Siluriformes,Ictaluridae,Ameiurus,-23.52,9.83,1.65,0.78,SD,20,Fin
ID_0635,2963,Desert sucker,Catostomus clarkii,Cypriniformes,Catostomidae,Catostomus,-23.16,8.84,1.66,0.68,SD,16,Fin
ID_0635,2969,Sonora sucker,Catostomus insignis,Cypriniformes,Catostomidae,Catostomus,-22.72,10.4,0.19,0.06,SD,3,Fin
ID_0635,2769,Roundtail chub,Gila robusta,Cypriniformes,Leuciscidae,Gila,-23.37,9.25,1.32,0.73,SD,20,Fin
ID_0635,3371,Green sunfish,Lepomis cyanellus,Centrarchiformes,Centrarchidae,Lepomis,-22.41,10.42,1.28,0.86,SD,20,Fin
ID_0635,2947,Speckled dace,Rhinichthys osculus,Cypriniformes,Leuciscidae,Rhinichthys,-24.31,10.28,0.28,0.54,SD,9,Fin
ID_0636,3361,Rock bass,Ambloplites rupestris,Centrarchiformes,Centrarchidae,Ambloplites,-22.45,10.99,1.44,0.8,SD,14,Muscle
ID_0636,NA,NA,Cottidae,Perciformes/Cottoidei,Cottidae,NA,-25.33,8.12,1.99,0.93,SD,3,Muscle
ID_0636,3372,Pumpkinseed sunfish,Lepomis gibbosus,Centrarchiformes,Centrarchidae,Lepomis,-22.75,10.09,0.81,0.38,SD,6,Muscle
ID_0636,3385,Largemouth bass,Micropterus salmoides,Centrarchiformes,Centrarchidae,Micropterus,-22.26,10.91,1.04,0.38,SD,6,Muscle
ID_0636,239,Rainbow trout,Oncorhynchus mykiss,Salmoniformes,Salmonidae,Oncorhynchus,-26.04,10.1,NA,NA,SD,1,Muscle
ID_0636,359,Yellow perch,Perca flavescens,Perciformes/Percoidei,Percidae,Perca,-25.21,11.32,0.48,0.27,SD,6,Muscle
ID_0637,3022,Brown bullhead,Ameiurus nebulosus,Siluriformes,Ictaluridae,Ameiurus,-30.56,13.01,0.9,0.55,SD,6,Muscle
ID_0637,NA,NA,Cottidae,Perciformes/Cottoidei,Cottidae,NA,-31.14,13.24,1.73,1.4,SD,2,Muscle
ID_0637,3372,Pumpkinseed sunfish,Lepomis gibbosus,Centrarchiformes,Centrarchidae,Lepomis,-27.41,12.25,1.67,0.65,SD,7,Muscle
ID_0637,3385,Largemouth bass,Micropterus salmoides,Centrarchiformes,Centrarchidae,Micropterus,-26.38,14.64,1.13,0.71,SD,11,Muscle
ID_0637,239,Rainbow trout,Oncorhynchus mykiss,Salmoniformes,Salmonidae,Oncorhynchus,-31.02,13.55,3.53,0.53,SD,6,Muscle
ID_0637,359,Yellow perch,Perca flavescens,Perciformes/Percoidei,Percidae,Perca,-29.89,13.25,3.73,1.16,SD,10,Muscle
ID_0637,3388,Black crappie,Pomoxis nigromaculatus,Centrarchiformes,Centrarchidae,Pomoxis,-27.62,14.75,0.91,0.41,SD,4,Muscle
ID_0638,3372,Pumpkinseed sunfish,Lepomis gibbosus,Centrarchiformes,Centrarchidae,Lepomis,-30.49,8.49,NA,NA,SD,1,Muscle
ID_0638,3375,Bluegill,Lepomis macrochirus,Centrarchiformes,Centrarchidae,Lepomis,-29.04,7.33,1.6,2.46,SD,12,Muscle
ID_0638,3385,Largemouth bass,Micropterus salmoides,Centrarchiformes,Centrarchidae,Micropterus,-29.14,9.8,0.78,0.79,SD,8,Muscle
ID_0638,359,Yellow perch,Perca flavescens,Perciformes/Percoidei,Percidae,Perca,-29.93,7.84,1.77,1.48,SD,12,Muscle
ID_0639,3022,Brown bullhead,Ameiurus nebulosus,Siluriformes,Ictaluridae,Ameiurus,-28.86,15,NA,NA,SD,1,Muscle
ID_0639,3385,Largemouth bass,Micropterus salmoides,Centrarchiformes,Centrarchidae,Micropterus,-26.7,14.54,1.38,0.48,SD,10,Muscle
ID_0639,239,Rainbow trout,Oncorhynchus mykiss,Salmoniformes,Salmonidae,Oncorhynchus,-27.17,13.25,0.12,0.25,SD,2,Muscle
ID_0639,359,Yellow perch,Perca flavescens,Perciformes/Percoidei,Percidae,Perca,-27.14,15.06,1.2,0.43,SD,16,Muscle
ID_0640,3372,Pumpkinseed sunfish,Lepomis gibbosus,Centrarchiformes,Centrarchidae,Lepomis,-27.1,8.03,0.99,0.97,SD,16,Muscle
ID_0640,3385,Largemouth bass,Micropterus salmoides,Centrarchiformes,Centrarchidae,Micropterus,-27.26,8.28,0.86,0.89,SD,12,Muscle
ID_0640,359,Yellow perch,Perca flavescens,Perciformes/Percoidei,Percidae,Perca,-27.29,9.38,1.73,0.44,SD,8,Muscle
ID_0641,3372,Pumpkinseed sunfish,Lepomis gibbosus,Centrarchiformes,Centrarchidae,Lepomis,-24.87,10.87,1.19,0.47,SD,12,Muscle
ID_0641,3385,Largemouth bass,Micropterus salmoides,Centrarchiformes,Centrarchidae,Micropterus,-25.72,10.94,1.76,0.64,SD,12,Muscle
ID_0641,239,Rainbow trout,Oncorhynchus mykiss,Salmoniformes,Salmonidae,Oncorhynchus,-29.89,11.54,0.82,0.41,SD,2,Muscle
ID_0641,359,Yellow perch,Perca flavescens,Perciformes/Percoidei,Percidae,Perca,-26.24,11.14,0.24,0.18,SD,4,Muscle
ID_0642,3361,Rock bass,Ambloplites rupestris,Centrarchiformes,Centrarchidae,Ambloplites,-25.42,12.3,1.05,1.08,SD,13,Muscle
ID_0642,NA,NA,Cottidae,Perciformes/Cottoidei,Cottidae,NA,-25.43,10.86,0.94,0.38,SD,4,Muscle
ID_0642,3385,Largemouth bass,Micropterus salmoides,Centrarchiformes,Centrarchidae,Micropterus,-25.9,12.68,1.67,0.43,SD,6,Muscle
ID_0642,239,Rainbow trout,Oncorhynchus mykiss,Salmoniformes,Salmonidae,Oncorhynchus,-27.53,12.43,1.49,0.51,SD,6,Muscle
ID_0642,243,Kokanee,Oncorhynchus nerka,Salmoniformes,Salmonidae,Oncorhynchus,-29.59,12.46,0.37,0.26,SD,11,Muscle
ID_0642,359,Yellow perch,Perca flavescens,Perciformes/Percoidei,Percidae,Perca,-25.93,11.54,1.51,1.04,SD,12,Muscle
ID_0643,3361,Rock bass,Ambloplites rupestris,Centrarchiformes,Centrarchidae,Ambloplites,-25.93,11.96,1.16,0.63,SD,13,Muscle
ID_0643,3372,Pumpkinseed sunfish,Lepomis gibbosus,Centrarchiformes,Centrarchidae,Lepomis,-24.76,10.04,0.6,0.29,SD,3,Muscle
ID_0643,3385,Largemouth bass,Micropterus salmoides,Centrarchiformes,Centrarchidae,Micropterus,-26.04,10.95,0.72,2.22,SD,6,Muscle
ID_0643,359,Yellow perch,Perca flavescens,Perciformes/Percoidei,Percidae,Perca,-28.22,12.85,0.44,0.14,SD,3,Muscle
ID_0644,3022,Brown bullhead,Ameiurus nebulosus,Siluriformes,Ictaluridae,Ameiurus,-23.99,8.07,NA,NA,SD,1,Muscle
ID_0644,3372,Pumpkinseed sunfish,Lepomis gibbosus,Centrarchiformes,Centrarchidae,Lepomis,-24.92,9.42,NA,NA,SD,1,Muscle
ID_0644,3385,Largemouth bass,Micropterus salmoides,Centrarchiformes,Centrarchidae,Micropterus,-25.27,9.21,NA,NA,SD,1,Muscle
ID_0644,359,Yellow perch,Perca flavescens,Perciformes/Percoidei,Percidae,Perca,-25.97,10.13,1.95,1.03,SD,15,Muscle
ID_0644,3388,Black crappie,Pomoxis nigromaculatus,Centrarchiformes,Centrarchidae,Pomoxis,-24.65,8.77,0.55,0.9,SD,4,Muscle
ID_0645,NA,NA,Cottidae,Perciformes/Cottoidei,Cottidae,NA,-31.9,11.97,1.52,0.34,SD,5,Muscle
ID_0645,3372,Pumpkinseed sunfish,Lepomis gibbosus,Centrarchiformes,Centrarchidae,Lepomis,-25.94,12.37,1.97,0.54,SD,12,Muscle
ID_0645,239,Rainbow trout,Oncorhynchus mykiss,Salmoniformes,Salmonidae,Oncorhynchus,-35.07,13.18,4.68,0.61,SD,7,Muscle
ID_0645,359,Yellow perch,Perca flavescens,Perciformes/Percoidei,Percidae,Perca,-29.42,12.02,1.59,0.26,SD,3,Muscle
ID_0646,3361,Rock bass,Ambloplites rupestris,Centrarchiformes,Centrarchidae,Ambloplites,-21.94,11.78,1.58,0.54,SD,6,Muscle
ID_0646,NA,NA,Cottidae,Perciformes/Cottoidei,Cottidae,NA,-23.13,9.65,1.97,0.87,SD,6,Muscle
ID_0646,3372,Pumpkinseed sunfish,Lepomis gibbosus,Centrarchiformes,Centrarchidae,Lepomis,-21.16,10.95,2.53,0.67,SD,8,Muscle
ID_0646,239,Rainbow trout,Oncorhynchus mykiss,Salmoniformes,Salmonidae,Oncorhynchus,-25.3,10.8,4.32,0.31,SD,5,Muscle
ID_0646,359,Yellow perch,Perca flavescens,Perciformes/Percoidei,Percidae,Perca,-24.05,11.05,0.94,0.78,SD,8,Muscle
ID_0647,NA,NA,Cottidae,Perciformes/Cottoidei,Cottidae,NA,-25.4,7.57,NA,NA,SD,1,Muscle
ID_0647,3372,Pumpkinseed sunfish,Lepomis gibbosus,Centrarchiformes,Centrarchidae,Lepomis,-24.49,8.39,0.67,0.51,SD,5,Muscle
ID_0647,3385,Largemouth bass,Micropterus salmoides,Centrarchiformes,Centrarchidae,Micropterus,-24.43,9.74,0.47,1.14,SD,4,Muscle
ID_0647,239,Rainbow trout,Oncorhynchus mykiss,Salmoniformes,Salmonidae,Oncorhynchus,-26.73,9.78,NA,NA,SD,1,Muscle
ID_0647,243,Kokanee,Oncorhynchus nerka,Salmoniformes,Salmonidae,Oncorhynchus,-29.07,10.48,NA,NA,SD,1,Muscle
ID_0648,3385,Largemouth bass,Micropterus salmoides,Centrarchiformes,Centrarchidae,Micropterus,-27.97,7.09,1.67,0.71,SD,9,Muscle
ID_0648,2688,Cutthroat trout,Oncorhynchus clarkii,Salmoniformes,Salmonidae,Oncorhynchus,-29.46,7.49,1.61,0.66,SD,4,Muscle
ID_0648,239,Rainbow trout,Oncorhynchus mykiss,Salmoniformes,Salmonidae,Oncorhynchus,-28,8.94,6.25,0.65,SD,6,Muscle
ID_0649,3372,Pumpkinseed sunfish,Lepomis gibbosus,Centrarchiformes,Centrarchidae,Lepomis,-25.94,14.91,0.97,0.52,SD,10,Muscle
ID_0649,3385,Largemouth bass,Micropterus salmoides,Centrarchiformes,Centrarchidae,Micropterus,-26.87,16.08,0.86,0.7,SD,7,Muscle
ID_0649,2688,Cutthroat trout,Oncorhynchus clarkii,Salmoniformes,Salmonidae,Oncorhynchus,-27.19,13.85,0.43,0.47,SD,2,Muscle
ID_0649,239,Rainbow trout,Oncorhynchus mykiss,Salmoniformes,Salmonidae,Oncorhynchus,-22.64,11.14,1.54,0.74,SD,8,Muscle
ID_0649,359,Yellow perch,Perca flavescens,Perciformes/Percoidei,Percidae,Perca,-28.04,15.24,0.75,0.41,SD,10,Muscle
ID_0650,NA,NA,Cottidae,Perciformes/Cottoidei,Cottidae,NA,-25.15,9.3,2.05,0.41,SD,11,Muscle
ID_0650,3372,Pumpkinseed sunfish,Lepomis gibbosus,Centrarchiformes,Centrarchidae,Lepomis,-25.08,10.94,0.8,0.27,SD,6,Muscle
ID_0650,3385,Largemouth bass,Micropterus salmoides,Centrarchiformes,Centrarchidae,Micropterus,-24.77,12.38,1.1,0.91,SD,10,Muscle
ID_0650,239,Rainbow trout,Oncorhynchus mykiss,Salmoniformes,Salmonidae,Oncorhynchus,-26.15,10.39,1.55,1.32,SD,5,Muscle
ID_0650,359,Yellow perch,Perca flavescens,Perciformes/Percoidei,Percidae,Perca,-26.2,10.85,0.81,0.43,SD,20,Muscle
ID_0651,3372,Pumpkinseed sunfish,Lepomis gibbosus,Centrarchiformes,Centrarchidae,Lepomis,-22.25,11.35,1.49,0.42,SD,5,Muscle
ID_0651,3385,Largemouth bass,Micropterus salmoides,Centrarchiformes,Centrarchidae,Micropterus,-24.61,11.12,1.06,1.32,SD,9,Muscle
ID_0651,239,Rainbow trout,Oncorhynchus mykiss,Salmoniformes,Salmonidae,Oncorhynchus,-26.41,10.59,5.41,0.54,SD,5,Muscle
ID_0651,359,Yellow perch,Perca flavescens,Perciformes/Percoidei,Percidae,Perca,-26.3,11.69,2.27,0.54,SD,10,Muscle
ID_0652,NA,NA,Cottidae,Perciformes/Cottoidei,Cottidae,NA,-23.78,11.2,1.92,0.73,SD,5,Muscle
ID_0652,3372,Pumpkinseed sunfish,Lepomis gibbosus,Centrarchiformes,Centrarchidae,Lepomis,-24.91,10.74,0.74,1.17,SD,6,Muscle
ID_0652,3385,Largemouth bass,Micropterus salmoides,Centrarchiformes,Centrarchidae,Micropterus,-26.72,11.62,2.27,1.36,SD,5,Muscle
ID_0652,239,Rainbow trout,Oncorhynchus mykiss,Salmoniformes,Salmonidae,Oncorhynchus,-23.61,11.22,2.41,1.36,SD,5,Muscle
ID_0652,359,Yellow perch,Perca flavescens,Perciformes/Percoidei,Percidae,Perca,-25.73,12.17,1.06,0.28,SD,9,Muscle
ID_0653,3372,Pumpkinseed sunfish,Lepomis gibbosus,Centrarchiformes,Centrarchidae,Lepomis,-29.74,9.44,0.64,0.61,SD,4,Muscle
ID_0653,3385,Largemouth bass,Micropterus salmoides,Centrarchiformes,Centrarchidae,Micropterus,-32.07,10.38,0.29,0.27,SD,5,Muscle
ID_0653,2688,Cutthroat trout,Oncorhynchus clarkii,Salmoniformes,Salmonidae,Oncorhynchus,-33.37,11.66,0.19,0.1,SD,5,Muscle
ID_0653,359,Yellow perch,Perca flavescens,Perciformes/Percoidei,Percidae,Perca,-30.65,10.3,0.38,0.44,SD,4,Muscle
ID_0654,NA,NA,Cottidae,Perciformes/Cottoidei,Cottidae,NA,-27.61,5.12,2.74,2.39,SD,3,Muscle
ID_0654,3385,Largemouth bass,Micropterus salmoides,Centrarchiformes,Centrarchidae,Micropterus,-26.95,7.62,1.11,1.13,SD,10,Muscle
ID_0654,359,Yellow perch,Perca flavescens,Perciformes/Percoidei,Percidae,Perca,-25.78,7.37,2.4,0.38,SD,19,Muscle
ID_0654,2940,Northern pike minnow,Ptychocheilus oregonensis,Cypriniformes,Leuciscidae,Ptychocheilus,-24.06,8,NA,NA,SD,1,Muscle
ID_0655,NA,NA,Cottidae,Perciformes/Cottoidei,Cottidae,NA,-26.86,11.41,2.59,0.63,SD,8,Muscle
ID_0655,3371,Green sunfish,Lepomis cyanellus,Centrarchiformes,Centrarchidae,Lepomis,-27.5,12.86,2.5,0.63,SD,5,Muscle
ID_0655,3372,Pumpkinseed sunfish,Lepomis gibbosus,Centrarchiformes,Centrarchidae,Lepomis,-30.06,12.96,2.41,0.85,SD,5,Muscle
ID_0655,3385,Largemouth bass,Micropterus salmoides,Centrarchiformes,Centrarchidae,Micropterus,-29.01,13.57,2.09,0.73,SD,11,Muscle
ID_0655,239,Rainbow trout,Oncorhynchus mykiss,Salmoniformes,Salmonidae,Oncorhynchus,-30.72,12.17,7.27,1.48,SD,5,Muscle
ID_0655,243,Kokanee,Oncorhynchus nerka,Salmoniformes,Salmonidae,Oncorhynchus,-39.3,13.83,NA,NA,SD,1,Muscle
ID_0655,359,Yellow perch,Perca flavescens,Perciformes/Percoidei,Percidae,Perca,-29.92,12.64,2.8,0.4,SD,15,Muscle
ID_0656,47798,Three-barbeled catfishes,Acentronichthys leptos,Siluriformes,Heptapteridae,Acentronichthys,-23.69,7.93,0.92,0.43,SD,2,Whole
ID_0656,51342,NA,Bryconamericus microcephalus,Characiformes,Characidae,Bryconamericus,-24.85,8.33,1.68,0.75,SD,4,Whole
ID_0656,53076,South American darters,Characidium vidali,Characiformes,Crenuchidae,Characidium,-21.44,7.9,1.11,0.14,SD,4,Whole
ID_0656,53344,Blue tetra,Mimagoniates microlepis,Characiformes,Characidae,Mimagoniates,-24.86,8.75,1.37,0.64,SD,4,Whole
ID_0656,12214,Bristlemouth catfish,Peckoltia multispinis,Siluriformes,Loricariidae,Peckoltia,-21.37,7.13,2.29,0.26,SD,5,Whole
ID_0656,64072,Ellipse spot toothcarp,Phalloceros harpagos,Cyprinodontiformes,Poeciliidae,Phalloceros,-25.42,7.47,1.32,0.29,SD,5,Whole
ID_0656,48498,Mandi,Pimelodella lateristriga,Siluriformes,Heptapteridae,Pimelodella,-23.57,8.7,1.44,0.74,SD,4,Whole
ID_0656,23351,South American catfish,Rhamdia quelen,Siluriformes,Heptapteridae,Rhamdia,-22.74,8.74,3.88,0.49,SD,3,Whole
ID_0656,NA,NA,Rineloricaria sp,Siluriformes,Loricariidae,Rineloricaria,-20.09,7.01,0.96,1.51,SD,2,Whole
ID_0656,12161,Corydora,Scleromystax barbatus,Siluriformes,Callichthyidae,Scleromystax,-20.91,7.97,0.8,0.3,SD,4,Whole
ID_0656,5319,Marbled swamp eel,Synbranchus marmoratus,Synbranchiformes,Synbranchidae,Synbranchus,-26.41,8.39,4.87,0.34,SD,3,Whole
ID_0656,NA,NA,Trichomycterus sp,Siluriformes,Trichomycteridae,Trichomycterus,-21.79,9.33,0.64,0.23,SD,2,Whole
ID_0657,242,Cherry salmon,Oncorhynchus masou,Salmoniformes,Salmonidae,Oncorhynchus,-21.6,6.2,0.4,1.1,SD,5,Muscle
ID_0657,2691,Dolly varden,Salvelinus malma,Salmoniformes,Salmonidae,Salvelinus,-20.6,10.3,0.2,0.4,SD,39,Muscle
ID_0658,240,Pink salmon,Oncorhynchus gorbuscha,Salmoniformes,Salmonidae,Oncorhynchus,-21.6,10.2,0.6,0.2,SD,24,Muscle
ID_0658,240,Pink salmon_eggs,Oncorhynchus gorbuscha,Salmoniformes,Salmonidae,Oncorhynchus,-22.2,10.8,0.3,0.3,SD,10,Egg
ID_0658,242,Cherry salmon,Oncorhynchus masou,Salmoniformes,Salmonidae,Oncorhynchus,-21.4,7.2,0.5,1.1,SD,11,Muscle
ID_0658,242,Anadromous form,Oncorhynchus masou,Salmoniformes,Salmonidae,Oncorhynchus,-18.5,14,NA,NA,SD,1,Muscle
ID_0658,6411,Anadromous form,Salvelinus leucomaenis,Salmoniformes,Salmonidae,Salvelinus,-21.3,13.5,NA,NA,SD,1,Muscle
ID_0658,2691,Dolly varden,Salvelinus malma,Salmoniformes,Salmonidae,Salvelinus,-20.4,9.6,0.3,0.2,SD,32,Muscle
ID_0659,2691,Dolly varden,Salvelinus malma,Salmoniformes,Salmonidae,Salvelinus,-20,5,1.1,0.4,SD,18,Muscle
ID_0660,242,Cherry salmon,Oncorhynchus masou,Salmoniformes,Salmonidae,Oncorhynchus,-24.3,4.2,0.6,5,SD,5,Muscle
ID_0660,2691,Dolly varden,Salvelinus malma,Salmoniformes,Salmonidae,Salvelinus,-21.1,4.8,1.4,18,SD,18,Muscle
ID_0661,4730,Bleak,Alburnus alburnus,Cypriniformes,Leuciscidae,Alburnus,-27.7,8.1,0.8,0.5,SD,35,NA
ID_0661,231,Vendace,Coregonus albula,Salmoniformes,Salmonidae,Coregonus,-29.2,9.6,0.5,0.4,SD,32,NA
ID_0661,258,Northern pike,Esox lucius,Esociformes,Esocidae,Esox,-26.9,10.2,1,0.6,SD,20,NA
ID_0661,4474,Ruffe,Gymnocephalus cernua,Perciformes/Percoidei,Percidae,Gymnocephalus,-31.7,7.6,2,0.8,SD,49,NA
ID_0661,310,Burbot,Lota lota,Gadiformes,Lotidae,Lota,-26.8,10,1,0.6,SD,2,NA
ID_0661,358,Perch,Perca fluviatilis,Perciformes/Percoidei,Percidae,Perca,-28.1,9.5,1.2,0.8,SD,10,NA
ID_0661,358,Perch,Perca fluviatilis,Perciformes/Percoidei,Percidae,Perca,-27.8,10.1,1.1,0.5,SD,33,NA
ID_0661,4661,Minnow,Phoxinus phoxinus,Cypriniformes,Leuciscidae,Phoxinus,-27.7,8.2,NA,NA,SD,1,NA
ID_0661,272,Roach,Rutilus rutilus,Cypriniformes,Leuciscidae,Rutilus,-29.4,7.3,2.1,0.6,SD,37,NA
ID_0662,231,Vendace,Coregonus albula,Salmoniformes,Salmonidae,Coregonus,-27.1,9.2,0.4,0.5,SD,43,NA
ID_0662,258,Northern pike,Esox lucius,Esociformes,Esocidae,Esox,-25.1,9.3,1.5,1.5,SD,3,NA
ID_0662,4474,Ruffe,Gymnocephalus cernua,Perciformes/Percoidei,Percidae,Gymnocephalus,-26.6,8.9,1.5,0.8,SD,43,NA
ID_0662,358,Perch,Perca fluviatilis,Perciformes/Percoidei,Percidae,Perca,-25.2,9,1.3,0.7,SD,27,NA
ID_0662,358,Perch,Perca fluviatilis,Perciformes/Percoidei,Percidae,Perca,-25.3,9.6,3.1,1.4,SD,9,NA
ID_0662,3273,Ninespine stickleback,Pungitius pungitius,Perciformes/Gasterosteoidei,Gasterosteidae,Pungitius,-25.7,9.7,1.2,0.5,SD,25,NA
ID_0662,272,Roach,Rutilus rutilus,Cypriniformes,Leuciscidae,Rutilus,-27.2,7.7,1.1,0.3,SD,38,NA
ID_0662,NA,Hybrid,NA,NA,NA,NA,-26,8.9,1,0.8,SD,34,NA
ID_0662,NA,Lsr,NA,NA,NA,NA,-25.1,8,1.1,0.7,SD,48,NA
ID_0663,231,Vendace,Coregonus albula,Salmoniformes,Salmonidae,Coregonus,-29.4,8.8,0.4,0.4,SD,48,NA
ID_0663,258,Northern pike,Esox lucius,Esociformes,Esocidae,Esox,-24.6,9.5,1,0.5,SD,17,NA
ID_0663,310,Burbot,Lota lota,Gadiformes,Lotidae,Lota,-24.3,8.9,NA,NA,SD,1,NA
ID_0663,310,Burbot,Lota lota,Gadiformes,Lotidae,Lota,-24.7,10.1,1.3,0.7,SD,18,NA
ID_0663,358,Perch,Perca fluviatilis,Perciformes/Percoidei,Percidae,Perca,-23.5,8,2,0.6,SD,18,NA
ID_0663,358,Perch,Perca fluviatilis,Perciformes/Percoidei,Percidae,Perca,-24.5,9.1,2.1,0.7,SD,20,NA
ID_0663,3273,Ninespine stickleback,Pungitius pungitius,Perciformes/Gasterosteoidei,Gasterosteidae,Pungitius,-22.9,7.1,2.5,0.8,SD,27,NA
ID_0663,247,Arctic charr,Salvelinus alpinus,Salmoniformes,Salmonidae,Salvelinus,-22,11.8,1.9,0.6,SD,52,NA
ID_0663,247,Arctic charr,Salvelinus alpinus,Salmoniformes,Salmonidae,Salvelinus,-26.3,11.4,1.6,1,SD,11,NA
ID_0663,248,Lake trout,Salvelinus namaycush,Salmoniformes,Salmonidae,Salvelinus,-24.7,11.5,2.1,0.5,SD,16,NA
ID_0663,4605,Grayling,Thymallus thymallus,Salmoniformes,Salmonidae,Thymallus,-21.8,7.6,0.7,0.3,SD,27,NA
ID_0663,NA,Ssr,NA,NA,NA,NA,-28,10.7,0.6,0.4,SD,46,NA
ID_0663,NA,Hybrid,NA,NA,NA,NA,-27,8.9,2.4,0.1,SD,3,NA
ID_0663,NA,Lsr,NA,NA,NA,NA,-25.3,8.6,2.5,1,SD,40,NA
ID_0663,NA,Dr,NA,NA,NA,NA,-28.6,8.8,0.6,0.7,SD,32,NA
ID_0663,NA,Ldr,NA,NA,NA,NA,-26.5,8.4,1.5,0.5,SD,38,NA
ID_0664,231,Vendace,Coregonus albula,Salmoniformes,Salmonidae,Coregonus,-24.6,8.6,0.6,0.6,SD,48,NA
ID_0664,258,Northern pike,Esox lucius,Esociformes,Esocidae,Esox,-28.5,3.9,0.5,1.5,SD,3,NA
ID_0664,4474,Ruffe,Gymnocephalus cernua,Perciformes/Percoidei,Percidae,Gymnocephalus,-26.6,7.6,0.9,1.3,SD,43,NA
ID_0664,358,Perch,Perca fluviatilis,Perciformes/Percoidei,Percidae,Perca,-23.4,8.2,2.6,1.9,SD,35,NA
ID_0664,358,Perch,Perca fluviatilis,Perciformes/Percoidei,Percidae,Perca,-28.9,4.2,0.6,0.1,SD,2,NA
ID_0664,NA,Lsr,NA,NA,NA,NA,-23.5,8.1,2.6,0.5,SD,46,NA
ID_0665,310,Burbot,Lota lota,Gadiformes,Lotidae,Lota,-21.2,7.5,2.7,0.9,SD,15,NA
ID_0665,310,Burbot,Lota lota,Gadiformes,Lotidae,Lota,-18.6,7.5,1.1,0.6,SD,2,NA
ID_0665,247,Arctic charr,Salvelinus alpinus,Salmoniformes,Salmonidae,Salvelinus,-25.6,7,0.9,0.4,SD,32,NA
ID_0665,247,Arctic charr,Salvelinus alpinus,Salmoniformes,Salmonidae,Salvelinus,-25.8,6.8,0.7,0.2,SD,34,NA
ID_0666,8419,Alpine bullhead,Alpinocottus poecilopus,Perciformes/Cottoidei,Cottidae,Alpinocottus,-19,8.1,3,0.9,SD,12,NA
ID_0666,258,Northern pike,Esox lucius,Esociformes,Esocidae,Esox,-22.3,10,1.1,0.3,SD,26,NA
ID_0666,310,Burbot,Lota lota,Gadiformes,Lotidae,Lota,-17.5,6.9,3,1,SD,29,NA
ID_0666,310,Burbot,Lota lota,Gadiformes,Lotidae,Lota,-17.3,9.2,4.4,2.5,SD,5,NA
ID_0666,4661,Minnow,Phoxinus phoxinus,Cypriniformes,Leuciscidae,Phoxinus,-15.7,8.3,2.5,0.8,SD,10,NA
ID_0666,238,Brown trout,Salmo trutta,Salmoniformes,Salmonidae,Salmo,-22.9,7.9,1.4,0.4,SD,4,NA
ID_0666,238,Brown trout,Salmo trutta,Salmoniformes,Salmonidae,Salmo,-21.9,8.2,1.3,0.7,SD,14,NA
ID_0666,247,Arctic charr,Salvelinus alpinus,Salmoniformes,Salmonidae,Salvelinus,-24,11.1,0.9,0.5,SD,16,NA
ID_0666,247,Arctic charr,Salvelinus alpinus,Salmoniformes,Salmonidae,Salvelinus,-23,12,1.3,0.7,SD,41,NA
ID_0666,4605,Grayling,Thymallus thymallus,Salmoniformes,Salmonidae,Thymallus,-20.5,7.2,2.7,0.7,SD,30,NA
ID_0666,NA,Lsr,NA,NA,NA,NA,-24.5,8.5,2.1,0.4,SD,121,NA
ID_0667,258,Northern pike,Esox lucius,Esociformes,Esocidae,Esox,-24.3,9.9,0.5,0.8,SD,13,NA
ID_0667,4474,Ruffe,Gymnocephalus cernua,Perciformes/Percoidei,Percidae,Gymnocephalus,-24.4,8.9,1.5,0.6,SD,61,NA
ID_0667,358,Perch,Perca fluviatilis,Perciformes/Percoidei,Percidae,Perca,-25.5,6.9,0.8,0.5,SD,21,NA
ID_0667,358,Perch,Perca fluviatilis,Perciformes/Percoidei,Percidae,Perca,-24.2,9,1.1,1.1,SD,37,NA
ID_0667,238,Brown trout,Salmo trutta,Salmoniformes,Salmonidae,Salmo,-24.9,9.3,NA,NA,SD,1,NA
ID_0667,4605,Grayling,Thymallus thymallus,Salmoniformes,Salmonidae,Thymallus,-22.1,8.3,0.6,0,SD,3,NA
ID_0667,NA,Lsr,NA,NA,NA,NA,-25,7.5,1.7,0.5,SD,77,NA
ID_0668,258,Northern pike,Esox lucius,Esociformes,Esocidae,Esox,-21.8,6.9,1.1,1,SD,14,NA
ID_0668,310,Burbot,Lota lota,Gadiformes,Lotidae,Lota,-17.6,5.6,NA,NA,SD,1,NA
ID_0668,NA,Lsr,NA,NA,NA,NA,-21.7,5.5,1.4,0.3,SD,49,NA
ID_0669,258,Northern pike,Esox lucius,Esociformes,Esocidae,Esox,-23.8,7.7,0.9,0.7,SD,9,NA
ID_0669,4605,Grayling,Thymallus thymallus,Salmoniformes,Salmonidae,Thymallus,-22.4,6.8,0.6,0.5,SD,3,NA
ID_0669,NA,Lsr,NA,NA,NA,NA,-26,7,2.2,0.6,SD,120,NA
ID_0670,258,Northern pike,Esox lucius,Esociformes,Esocidae,Esox,-26.8,9.8,NA,NA,SD,1,NA
ID_0670,258,Northern pike,Esox lucius,Esociformes,Esocidae,Esox,-26.5,9.3,0.9,0.7,SD,28,NA
ID_0670,310,Burbot,Lota lota,Gadiformes,Lotidae,Lota,-27.8,11,0.1,0.8,SD,3,NA
ID_0670,358,Perch,Perca fluviatilis,Perciformes/Percoidei,Percidae,Perca,-26,6.7,1.2,0.6,SD,33,NA
ID_0670,358,Perch,Perca fluviatilis,Perciformes/Percoidei,Percidae,Perca,-26.3,7.8,0.9,1.1,SD,31,NA
ID_0670,238,Brown trout,Salmo trutta,Salmoniformes,Salmonidae,Salmo,-27.4,9.7,0.7,1,SD,30,NA
ID_0670,247,Arctic charr,Salvelinus alpinus,Salmoniformes,Salmonidae,Salvelinus,-26.9,10.5,NA,NA,SD,1,NA
ID_0670,247,Arctic charr,Salvelinus alpinus,Salmoniformes,Salmonidae,Salvelinus,-27.1,10.6,NA,NA,SD,1,NA
ID_0670,4605,Grayling,Thymallus thymallus,Salmoniformes,Salmonidae,Thymallus,-24.6,7.4,0.7,0.5,SD,25,NA
ID_0670,NA,Ssr,NA,NA,NA,NA,-29.4,9.7,0.9,0.5,SD,37,NA
ID_0670,NA,Lsr,NA,NA,NA,NA,-26.4,7.7,1.8,0.7,SD,24,NA
ID_0670,NA,Dr,NA,NA,NA,NA,-28.9,8.3,0.7,0.4,SD,31,NA
ID_0670,NA,Ldr,NA,NA,NA,NA,-27.1,7.6,1.4,0.6,SD,65,NA
ID_0671,258,Northern pike,Esox lucius,Esociformes,Esocidae,Esox,-27,9.7,0.9,0.6,SD,15,NA
ID_0671,4474,Ruffe,Gymnocephalus cernua,Perciformes/Percoidei,Percidae,Gymnocephalus,-27.9,9.1,1.2,0.4,SD,57,NA
ID_0671,310,Burbot,Lota lota,Gadiformes,Lotidae,Lota,-25.9,10.3,0.6,0.9,SD,5,NA
ID_0671,4661,Minnow,Phoxinus phoxinus,Cypriniformes,Leuciscidae,Phoxinus,-25.1,7.2,0.8,0.3,SD,3,NA
ID_0671,4605,Grayling,Thymallus thymallus,Salmoniformes,Salmonidae,Thymallus,-25.6,7.1,1.1,0.3,SD,3,NA
ID_0671,NA,Lsr,NA,NA,NA,NA,-28.8,8,1.9,0.5,SD,73,NA
ID_0672,258,Northern pike,Esox lucius,Esociformes,Esocidae,Esox,-23.5,7.9,NA,NA,SD,1,NA
ID_0672,310,Burbot,Lota lota,Gadiformes,Lotidae,Lota,-24.1,8.1,NA,NA,SD,1,NA
ID_0672,310,Burbot,Lota lota,Gadiformes,Lotidae,Lota,-26.7,10.3,1.9,0.4,SD,3,NA
ID_0672,358,Perch,Perca fluviatilis,Perciformes/Percoidei,Percidae,Perca,-23.5,6.4,1.3,0.5,SD,17,NA
ID_0672,358,Perch,Perca fluviatilis,Perciformes/Percoidei,Percidae,Perca,-22.9,7.8,1,0.9,SD,6,NA
ID_0672,4661,Minnow,Phoxinus phoxinus,Cypriniformes,Leuciscidae,Phoxinus,-24.1,6.5,NA,NA,SD,1,NA
ID_0672,238,Brown trout,Salmo trutta,Salmoniformes,Salmonidae,Salmo,-27,7.6,1.6,0.7,SD,6,NA
ID_0672,238,Brown trout,Salmo trutta,Salmoniformes,Salmonidae,Salmo,-25.8,9.5,2,0.8,SD,30,NA
ID_0672,4605,Grayling,Thymallus thymallus,Salmoniformes,Salmonidae,Thymallus,-23.2,7.2,0.7,0.6,SD,8,NA
ID_0672,NA,Ssr,NA,NA,NA,NA,-28.9,9.8,1.4,0.5,SD,60,NA
ID_0672,NA,Lsr,NA,NA,NA,NA,-24.1,7.1,1.6,0.5,SD,56,NA
ID_0672,NA,Dr,NA,NA,NA,NA,-29.1,9,0.1,0.3,SD,24,NA
ID_0672,NA,Ldr,NA,NA,NA,NA,-27,7.9,0.8,0.8,SD,67,NA
ID_0673,231,Vendace,Coregonus albula,Salmoniformes,Salmonidae,Coregonus,-25.4,5.9,0.5,0.5,SD,103,NA
ID_0673,258,Northern pike,Esox lucius,Esociformes,Esocidae,Esox,-24.7,6.5,0.4,1.1,SD,9,NA
ID_0673,4474,Ruffe,Gymnocephalus cernua,Perciformes/Percoidei,Percidae,Gymnocephalus,-24.2,5.4,0.3,0.4,SD,56,NA
ID_0673,310,Burbot,Lota lota,Gadiformes,Lotidae,Lota,-24.6,4.5,1,0.4,SD,4,NA
ID_0673,358,Perch,Perca fluviatilis,Perciformes/Percoidei,Percidae,Perca,-25.8,5,1.1,0.3,SD,19,NA
ID_0673,358,Perch,Perca fluviatilis,Perciformes/Percoidei,Percidae,Perca,-25.8,6.2,1.7,0.7,SD,21,NA
ID_0673,NA,Lsr,NA,NA,NA,NA,-24.4,5.7,0.8,0.7,SD,74,NA
ID_0674,4730,Bleak,Alburnus alburnus,Cypriniformes,Leuciscidae,Alburnus,-27.7,7.8,NA,NA,SD,1,NA
ID_0674,231,Vendace,Coregonus albula,Salmoniformes,Salmonidae,Coregonus,-29.2,9,0.2,0.3,SD,30,NA
ID_0674,258,Northern pike,Esox lucius,Esociformes,Esocidae,Esox,-27.8,9.4,0.5,0.9,SD,14,NA
ID_0674,4474,Ruffe,Gymnocephalus cernua,Perciformes/Percoidei,Percidae,Gymnocephalus,-30.6,7.2,0.9,0.4,SD,18,NA
ID_0674,2801,Ide,Leuciscus idus,Cypriniformes,Leuciscidae,Leuciscus,-28.6,7.6,NA,NA,SD,1,NA
ID_0674,358,Perch,Perca fluviatilis,Perciformes/Percoidei,Percidae,Perca,-28.4,7.6,1.1,0.5,SD,19,NA
ID_0674,358,Perch,Perca fluviatilis,Perciformes/Percoidei,Percidae,Perca,-28.4,9.3,0.4,0.3,SD,10,NA
ID_0674,272,Roach,Rutilus rutilus,Cypriniformes,Leuciscidae,Rutilus,-29,7.2,0.4,0.2,SD,13,NA
ID_0674,NA,Lsr,NA,NA,NA,NA,-29.5,8.1,0.5,0.7,SD,27,NA
ID_0675,NA,NA,Cottidae,Perciformes/Cottoidei,Cottidae,NA,-25.8,8.4,NA,NA,SD,1,NA
ID_0675,1341,Flounder,Platichthys flesus,Pleuronectiformes,Pleuronectidae,Platichthys,-22.1,7.3,1.8,0.4,SD,21,NA
ID_0675,238,Brown trout,Salmo trutta,Salmoniformes,Salmonidae,Salmo,-23.2,7.9,NA,NA,SD,1,NA
ID_0675,238,Brown trout,Salmo trutta,Salmoniformes,Salmonidae,Salmo,-26.9,8.2,0.5,0.7,SD,2,NA
ID_0675,247,Arctic charr,Salvelinus alpinus,Salmoniformes,Salmonidae,Salvelinus,-27.9,9.4,2.8,1.1,SD,8,NA
ID_0675,247,Arctic charr,Salvelinus alpinus,Salmoniformes,Salmonidae,Salvelinus,-27.2,9.3,0.4,0.4,SD,32,NA
ID_0675,4605,Grayling,Thymallus thymallus,Salmoniformes,Salmonidae,Thymallus,-24.6,7,1.2,0.5,SD,5,NA
ID_0675,NA,Ssr,NA,NA,NA,NA,-27.2,10.4,0.3,0.4,SD,32,NA
ID_0675,NA,Lsr,NA,NA,NA,NA,-26,8.8,1.9,1.4,SD,56,NA
ID_0675,NA,Dr,NA,NA,NA,NA,-28.4,8.9,0.3,0.6,SD,59,NA
ID_0676,231,Vendace,Coregonus albula,Salmoniformes,Salmonidae,Coregonus,-29.1,7.7,1.1,0.9,SD,93,NA
ID_0676,258,Northern pike,Esox lucius,Esociformes,Esocidae,Esox,-25.9,9.2,0.4,0.2,SD,4,NA
ID_0676,310,Burbot,Lota lota,Gadiformes,Lotidae,Lota,-22.7,8.7,NA,NA,SD,1,NA
ID_0676,310,Burbot,Lota lota,Gadiformes,Lotidae,Lota,-23,9.8,0.8,1.1,SD,8,NA
ID_0676,358,Perch,Perca fluviatilis,Perciformes/Percoidei,Percidae,Perca,-25.4,7,1.3,0.3,SD,15,NA
ID_0676,358,Perch,Perca fluviatilis,Perciformes/Percoidei,Percidae,Perca,-25.5,8.3,1,0.3,SD,20,NA
ID_0676,238,Brown trout,Salmo trutta,Salmoniformes,Salmonidae,Salmo,-25.4,8.5,0.9,1,SD,28,NA
ID_0676,247,Arctic charr,Salvelinus alpinus,Salmoniformes,Salmonidae,Salvelinus,-27.1,9.8,0.9,0.6,SD,17,NA
ID_0676,247,Arctic charr,Salvelinus alpinus,Salmoniformes,Salmonidae,Salvelinus,-26,10.5,0.7,0.7,SD,45,NA
ID_0676,NA,Lsr,NA,NA,NA,NA,-28.1,7.5,0.9,0.5,SD,92,NA
ID_0677,4730,Bleak,Alburnus alburnus,Cypriniformes,Leuciscidae,Alburnus,-25.6,6.4,1.5,0.5,SD,13,NA
ID_0677,231,Vendace,Coregonus albula,Salmoniformes,Salmonidae,Coregonus,-29.5,8.2,0.5,0.5,SD,40,NA
ID_0677,258,Northern pike,Esox lucius,Esociformes,Esocidae,Esox,-27.7,8.8,0.6,0.5,SD,16,NA
ID_0677,4474,Ruffe,Gymnocephalus cernua,Perciformes/Percoidei,Percidae,Gymnocephalus,-30.5,7.6,1.8,0.6,SD,50,NA
ID_0677,358,Perch,Perca fluviatilis,Perciformes/Percoidei,Percidae,Perca,-27.3,7.5,2.5,1.6,SD,11,NA
ID_0677,358,Perch,Perca fluviatilis,Perciformes/Percoidei,Percidae,Perca,-28.1,8.8,1.2,0.4,SD,8,NA
ID_0677,272,Roach,Rutilus rutilus,Cypriniformes,Leuciscidae,Rutilus,-28.6,7.1,1.7,0.6,SD,23,NA
ID_0677,NA,Smelt,NA,NA,NA,NA,-27.7,8,2,0.8,SD,25,NA
ID_0677,NA,Lsr,NA,NA,NA,NA,-30.6,7.7,0,0,SD,2,NA
ID_0678,258,Northern pike,Esox lucius,Esociformes,Esocidae,Esox,-23.7,7.7,2.2,0.7,SD,13,NA
ID_0678,4474,Ruffe,Gymnocephalus cernua,Perciformes/Percoidei,Percidae,Gymnocephalus,-24.8,8.3,2.4,0.6,SD,52,NA
ID_0678,2801,Ide,Leuciscus idus,Cypriniformes,Leuciscidae,Leuciscus,-21.2,6.3,0.7,0.1,SD,3,NA
ID_0678,310,Burbot,Lota lota,Gadiformes,Lotidae,Lota,-23.6,7.3,1.5,0.9,SD,2,NA
ID_0678,310,Burbot,Lota lota,Gadiformes,Lotidae,Lota,-24,9.3,1.4,0.8,SD,32,NA
ID_0678,358,Perch,Perca fluviatilis,Perciformes/Percoidei,Percidae,Perca,-23.7,7.2,0.3,0.4,SD,4,NA
ID_0678,358,Perch,Perca fluviatilis,Perciformes/Percoidei,Percidae,Perca,-23.5,7,0.3,0.6,SD,5,NA
ID_0678,238,Brown trout,Salmo trutta,Salmoniformes,Salmonidae,Salmo,-26.4,6.7,1.2,0.2,SD,8,NA
ID_0678,238,Brown trout,Salmo trutta,Salmoniformes,Salmonidae,Salmo,-25.5,8.6,1.1,0.8,SD,7,NA
ID_0678,4605,Grayling,Thymallus thymallus,Salmoniformes,Salmonidae,Thymallus,-23.9,6.7,1.2,0.5,SD,9,NA
ID_0678,NA,Lsr,NA,NA,NA,NA,-23.8,6.8,2.4,0.5,SD,62,NA
ID_0678,NA,Dr,NA,NA,NA,NA,-26.3,7.8,1.9,0.6,SD,57,NA
ID_0679,231,Vendace,Coregonus albula,Salmoniformes,Salmonidae,Coregonus,-24,11.8,0.4,0.4,SD,33,NA
ID_0679,258,Northern pike,Esox lucius,Esociformes,Esocidae,Esox,-24.6,11.3,NA,NA,SD,1,NA
ID_0679,4474,Ruffe,Gymnocephalus cernua,Perciformes/Percoidei,Percidae,Gymnocephalus,-26.2,10.1,1.2,0.4,SD,48,NA
ID_0679,358,Perch,Perca fluviatilis,Perciformes/Percoidei,Percidae,Perca,-21.4,10.6,1.6,0.6,SD,33,NA
ID_0679,358,Perch,Perca fluviatilis,Perciformes/Percoidei,Percidae,Perca,-20.3,11,1.5,0.9,SD,5,NA
ID_0679,NA,Hybrid,NA,NA,NA,NA,-23.6,11.4,0.8,0.6,SD,42,NA
ID_0679,NA,Lsr,NA,NA,NA,NA,-24.9,10.8,1.6,0.7,SD,38,NA
ID_0680,231,Vendace,Coregonus albula,Salmoniformes,Salmonidae,Coregonus,-28.8,10,0.6,0.3,SD,38,NA
ID_0680,4687,Peled,Coregonus peled,Salmoniformes,Salmonidae,Coregonus,-28.2,9.1,0.2,0.2,SD,5,NA
ID_0680,258,Northern pike,Esox lucius,Esociformes,Esocidae,Esox,-27.8,10.6,1.2,0.9,SD,10,NA
ID_0680,4474,Ruffe,Gymnocephalus cernua,Perciformes/Percoidei,Percidae,Gymnocephalus,-30.1,9.1,0.2,0.4,SD,48,NA
ID_0680,310,Burbot,Lota lota,Gadiformes,Lotidae,Lota,-26.5,11.5,NA,NA,SD,1,NA
ID_0680,358,Perch,Perca fluviatilis,Perciformes/Percoidei,Percidae,Perca,-28.5,9.5,0.8,0.5,SD,23,NA
ID_0680,358,Perch,Perca fluviatilis,Perciformes/Percoidei,Percidae,Perca,-28.1,9.9,1.1,0.9,SD,11,NA
ID_0680,272,Roach,Rutilus rutilus,Cypriniformes,Leuciscidae,Rutilus,-27.7,8.3,0.3,0.2,SD,3,NA
ID_0680,NA,Hybrid,NA,NA,NA,NA,-29,9.7,0.7,0.5,SD,21,NA
ID_0680,NA,Lsr,NA,NA,NA,NA,-29.8,8.8,0.7,0.6,SD,73,NA
ID_0681,8419,Alpine bullhead,Alpinocottus poecilopus,Perciformes/Cottoidei,Cottidae,Alpinocottus,-21.3,6.9,0.7,0.5,SD,2,NA
ID_0681,258,Northern pike,Esox lucius,Esociformes,Esocidae,Esox,-21.9,9,3.4,0.9,SD,2,NA
ID_0681,310,Burbot,Lota lota,Gadiformes,Lotidae,Lota,-21.8,6.7,3,0.9,SD,15,NA
ID_0681,238,Brown trout,Salmo trutta,Salmoniformes,Salmonidae,Salmo,-25.8,5.8,0.8,0.9,SD,7,NA
ID_0681,238,Brown trout,Salmo trutta,Salmoniformes,Salmonidae,Salmo,-24.9,6.8,0.7,0.5,SD,6,NA
ID_0681,4605,Grayling,Thymallus thymallus,Salmoniformes,Salmonidae,Thymallus,-24.4,6.4,0.5,0.4,SD,4,NA
ID_0681,NA,Lsr,NA,NA,NA,NA,-25.9,6.5,1.3,0.4,SD,29,NA
ID_0682,4730,Bleak,Alburnus alburnus,Cypriniformes,Leuciscidae,Alburnus,-25.6,8.6,0.6,0.5,SD,16,NA
ID_0682,231,Vendace,Coregonus albula,Salmoniformes,Salmonidae,Coregonus,-28.2,8.7,0.3,0.3,SD,31,NA
ID_0682,258,Northern pike,Esox lucius,Esociformes,Esocidae,Esox,-24.5,8,NA,NA,SD,1,NA
ID_0682,4474,Ruffe,Gymnocephalus cernua,Perciformes/Percoidei,Percidae,Gymnocephalus,-28.8,10,2.2,0.6,SD,48,NA
ID_0682,310,Burbot,Lota lota,Gadiformes,Lotidae,Lota,-24.5,8.1,2.6,0.5,SD,4,NA
ID_0682,310,Burbot,Lota lota,Gadiformes,Lotidae,Lota,-24.7,9.9,1.3,1.3,SD,14,NA
ID_0682,358,Perch,Perca fluviatilis,Perciformes/Percoidei,Percidae,Perca,-27.1,9.7,1.4,1,SD,29,NA
ID_0682,358,Perch,Perca fluviatilis,Perciformes/Percoidei,Percidae,Perca,-24.1,10,NA,NA,SD,1,NA
ID_0682,4661,Minnow,Phoxinus phoxinus,Cypriniformes,Leuciscidae,Phoxinus,-27.5,8.5,NA,NA,SD,1,NA
ID_0682,3273,Ninespine stickleback,Pungitius pungitius,Perciformes/Gasterosteoidei,Gasterosteidae,Pungitius,-27.8,9.6,NA,NA,SD,1,NA
ID_0682,272,Roach,Rutilus rutilus,Cypriniformes,Leuciscidae,Rutilus,-25.6,8.3,2.6,1.2,SD,18,NA
ID_0682,NA,Hybrid,NA,NA,NA,NA,-27.2,9.5,NA,NA,SD,1,NA
ID_0682,NA,Lsr,NA,NA,NA,NA,-27,8.4,2.9,0.8,SD,53,NA
ID_0683,310,Burbot,Lota lota,Gadiformes,Lotidae,Lota,-26,7.8,1.4,1.4,SD,3,NA
ID_0683,310,Burbot,Lota lota,Gadiformes,Lotidae,Lota,-24.8,9,1.4,1.1,SD,8,NA
ID_0683,238,Brown trout,Salmo trutta,Salmoniformes,Salmonidae,Salmo,-25.4,6.9,0.9,0.5,SD,16,NA
ID_0683,238,Brown trout,Salmo trutta,Salmoniformes,Salmonidae,Salmo,-25.2,7.7,0.9,0.5,SD,40,NA
ID_0683,247,Arctic charr,Salvelinus alpinus,Salmoniformes,Salmonidae,Salvelinus,-26.6,10.5,NA,NA,SD,1,NA
ID_0683,247,Arctic charr,Salvelinus alpinus,Salmoniformes,Salmonidae,Salvelinus,-26.8,10.6,NA,NA,SD,1,NA
ID_0683,NA,Lsr,NA,NA,NA,NA,-27.2,8.3,2.7,0.9,SD,126,NA
ID_0684,231,Vendace,Coregonus albula,Salmoniformes,Salmonidae,Coregonus,-28.6,7.7,0.2,0.2,SD,3,NA
ID_0684,258,Northern pike,Esox lucius,Esociformes,Esocidae,Esox,-23.5,8.5,0.5,0.2,SD,3,NA
ID_0684,310,Burbot,Lota lota,Gadiformes,Lotidae,Lota,-20.9,7.4,3.2,1.3,SD,7,NA
ID_0684,310,Burbot,Lota lota,Gadiformes,Lotidae,Lota,-21.3,8.7,2.1,0.8,SD,36,NA
ID_0684,358,Perch,Perca fluviatilis,Perciformes/Percoidei,Percidae,Perca,-22,7.9,2.2,0.6,SD,29,NA
ID_0684,358,Perch,Perca fluviatilis,Perciformes/Percoidei,Percidae,Perca,-22.6,8.5,1.1,0.3,SD,14,NA
ID_0684,3273,Ninespine stickleback,Pungitius pungitius,Perciformes/Gasterosteoidei,Gasterosteidae,Pungitius,-24.7,7.6,1.9,0.8,SD,25,NA
ID_0684,238,Brown trout,Salmo trutta,Salmoniformes,Salmonidae,Salmo,-23.1,7.7,NA,NA,SD,1,NA
ID_0684,238,Brown trout,Salmo trutta,Salmoniformes,Salmonidae,Salmo,-23.6,9.3,1.6,0.6,SD,27,NA
ID_0684,247,Arctic charr,Salvelinus alpinus,Salmoniformes,Salmonidae,Salvelinus,-26,9.1,1,0.4,SD,12,NA
ID_0684,247,Arctic charr,Salvelinus alpinus,Salmoniformes,Salmonidae,Salvelinus,-25.3,9.7,1.1,0.8,SD,10,NA
ID_0684,4605,Grayling,Thymallus thymallus,Salmoniformes,Salmonidae,Thymallus,-22.3,7.7,NA,NA,SD,1,NA
ID_0684,NA,Lsr,NA,NA,NA,NA,-22.3,8.8,0.8,0.3,SD,2,NA
ID_0684,NA,Ldr,NA,NA,NA,NA,-27.1,6.9,1.1,0.9,SD,2,NA
ID_0685,4730,Bleak,Alburnus alburnus,Cypriniformes,Leuciscidae,Alburnus,-29.2,8.4,0.6,0.4,SD,38,NA
ID_0685,231,Vendace,Coregonus albula,Salmoniformes,Salmonidae,Coregonus,-31.7,9.5,0.5,0.5,SD,13,NA
ID_0685,258,Northern pike,Esox lucius,Esociformes,Esocidae,Esox,-30,10.6,0.9,0.6,SD,12,NA
ID_0685,4474,Ruffe,Gymnocephalus cernua,Perciformes/Percoidei,Percidae,Gymnocephalus,-32.2,9.5,1,0.3,SD,44,NA
ID_0685,2801,Ide,Leuciscus idus,Cypriniformes,Leuciscidae,Leuciscus,-29.8,7.4,1,0.4,SD,4,NA
ID_0685,358,Perch,Perca fluviatilis,Perciformes/Percoidei,Percidae,Perca,-30.8,9.1,1.7,1.1,SD,21,NA
ID_0685,358,Perch,Perca fluviatilis,Perciformes/Percoidei,Percidae,Perca,-31.1,10.1,1.1,1,SD,17,NA
ID_0685,272,Roach,Rutilus rutilus,Cypriniformes,Leuciscidae,Rutilus,-30.9,8.2,1.1,0.4,SD,33,NA
ID_0685,NA,Lsr,NA,NA,NA,NA,-31.4,8.6,0.8,0.9,SD,10,NA
ID_0686,258,Northern pike,Esox lucius,Esociformes,Esocidae,Esox,-23,6.9,0.7,0.7,SD,19,NA
ID_0686,4474,Ruffe,Gymnocephalus cernua,Perciformes/Percoidei,Percidae,Gymnocephalus,-22,6.9,0.7,0.3,SD,42,NA
ID_0686,4662,Dace,Leuciscus leuciscus,Cypriniformes,Leuciscidae,Leuciscus,-22.8,6.4,0.8,0.3,SD,14,NA
ID_0686,358,Perch,Perca fluviatilis,Perciformes/Percoidei,Percidae,Perca,-23.2,6.3,0.9,0.5,SD,37,NA
ID_0686,358,Perch,Perca fluviatilis,Perciformes/Percoidei,Percidae,Perca,-23.1,6.8,0.8,0.3,SD,10,NA
ID_0686,NA,Lsr,NA,NA,NA,NA,-23,5.9,1,0.3,SD,39,NA
ID_0687,258,Northern pike,Esox lucius,Esociformes,Esocidae,Esox,-25.4,8.7,1.2,0.6,SD,38,NA
ID_0687,310,Burbot,Lota lota,Gadiformes,Lotidae,Lota,-26.1,6.5,1.8,1.1,SD,4,NA
ID_0687,310,Burbot,Lota lota,Gadiformes,Lotidae,Lota,-23.8,10.6,1.1,0.5,SD,2,NA
ID_0687,358,Perch,Perca fluviatilis,Perciformes/Percoidei,Percidae,Perca,-26.2,6.2,1.8,0.4,SD,14,NA
ID_0687,358,Perch,Perca fluviatilis,Perciformes/Percoidei,Percidae,Perca,-25.3,7.2,1,0.6,SD,9,NA
ID_0687,238,Brown trout,Salmo trutta,Salmoniformes,Salmonidae,Salmo,-25.7,7.3,0.3,1.1,SD,3,NA
ID_0687,238,Brown trout,Salmo trutta,Salmoniformes,Salmonidae,Salmo,-25.4,8.6,1.8,0.5,SD,10,NA
ID_0687,4605,Grayling,Thymallus thymallus,Salmoniformes,Salmonidae,Thymallus,-24,6.6,1.5,0.5,SD,7,NA
ID_0687,NA,Lsr,NA,NA,NA,NA,-25.6,7.1,2.2,0.4,SD,17,NA
ID_0687,NA,Dr,NA,NA,NA,NA,-27.4,7.9,0.3,0.3,SD,23,NA
ID_0688,258,Northern pike,Esox lucius,Esociformes,Esocidae,Esox,-25.2,9.7,NA,NA,SD,1,NA
ID_0688,258,Northern pike,Esox lucius,Esociformes,Esocidae,Esox,-24.2,9.1,0.5,0.5,SD,14,NA
ID_0688,3273,Ninespine stickleback,Pungitius pungitius,Perciformes/Gasterosteoidei,Gasterosteidae,Pungitius,-25,6.3,2.3,0.4,SD,6,NA
ID_0688,3273,Ninespine stickleback,Pungitius pungitius,Perciformes/Gasterosteoidei,Gasterosteidae,Pungitius,-26.4,6.6,0.2,0.3,SD,3,NA
ID_0688,238,Brown trout,Salmo trutta,Salmoniformes,Salmonidae,Salmo,-24.3,9.4,0.6,0.4,SD,14,NA
ID_0688,4605,Grayling,Thymallus thymallus,Salmoniformes,Salmonidae,Thymallus,-19.9,5.9,1.4,0.4,SD,8,NA
ID_0688,NA,Lsr,NA,NA,NA,NA,-25.8,7.3,2.1,0.8,SD,53,NA
ID_0689,28234,NA,Andinoacara coeruleopunctatus,Cichliformes,Cichlidae,Andinoacara,-30.85,7.69,0.48,0.23,SD,5,Muscle
ID_0689,27221,NA,Ctenolucius beani,Characiformes,Ctenoluciidae,Ctenolucius,-30.44,9.43,0.27,0.3,SD,3,Muscle
ID_0689,26763,Mojarra,Isthmoheros tuyrensis,Cichliformes,Cichlidae,Isthmoheros,-31.1,7.81,0.71,0.74,SD,3,Muscle
ID_0689,2,Nile tilapia,Oreochromis niloticus,Cichliformes,Cichlidae,Oreochromis,-29.98,6.43,4.15,0.37,SD,3,Muscle
ID_0689,58418,NA,Pimelodus punctatus,Siluriformes,Pimelodidae,Pimelodus,-31.03,8.37,NA,NA,SD,1,Muscle
ID_0689,49039,Molly,Poecilia gillii,Cyprinodontiformes,Poeciliidae,Poecilia,-29.89,7.42,0.19,0.72,SD,5,Muscle
ID_0689,8080,Characid,Psalidodon fasciatus,Characiformes,Characidae,Psalidodon,-28.03,8.71,0.62,0.72,SD,3,Muscle
ID_0689,52061,Anchobeta,Roeboides occidentalis,Characiformes,Characidae,Roeboides,-29.7,8.65,1.8,0.21,SD,3,Muscle
ID_0689,47726,NA,Trachelyopterus amblops,Siluriformes,Auchenipteridae,Trachelyopterus,-30.51,8.11,0.24,0.05,SD,2,Muscle
ID_0690,3612,Tiger oscar,Astronotus ocellatus,Cichliformes,Cichlidae,Astronotus,-24.56,7.26,1.02,0.17,SD,2,Muscle
ID_0690,51290,Ristikiiltotetra,Astyanax ruberrimus,Characiformes,Characidae,Astyanax,-22.55,9.37,5.4,1.91,SD,3,Muscle
ID_0690,52995,Sabalo pipon,Brycon chagrensis,Characiformes,Bryconidae,Brycon,-25.9,6.69,0.7,0.94,SD,5,Muscle
ID_0690,13502,Besudo sea catfish,Cathorops tuyra,Siluriformes,Ariidae,Cathorops,-27.37,11.35,4.54,0.41,SD,3,Muscle
ID_0690,1015,Tarpon snook,Centropomus pectinatus,Carangaria/misc,Centropomidae,Centropomus,-27.85,13.1,NA,NA,SD,1,Muscle
ID_0690,13270,Tunacare peacock bass,Cichla monoculus,Cichliformes,Cichlidae,Cichla,-24.71,9.78,2.06,1.93,SD,3,Muscle
ID_0690,48997,Carp headstander,Cyphocharax magdalenae,Characiformes,Curimatidae,Cyphocharax,-32.24,7.93,3.01,2.19,SD,3,Muscle
ID_0690,7533,Brazilian mojarra,Eugerres brasilianus,Eupercaria/misc,Gerreidae,Eugerres,-30.02,11.56,0.81,0.37,SD,2,Muscle
ID_0690,14164,Tiger fish,Hoplias microlepis,Characiformes,Erythrinidae,Hoplias,-31.74,11.89,NA,NA,SD,1,Muscle
ID_0690,26763,Mojarra,Isthmoheros tuyrensis,Cichliformes,Cichlidae,Isthmoheros,-31.13,7.79,NA,NA,SD,1,Muscle
ID_0690,11140,Flag cichlid,Mesonauta festivus,Cichliformes,Cichlidae,Mesonauta,-16.75,5.89,0.88,0.62,SD,2,Muscle
ID_0690,2,Nile tilapia,Oreochromis niloticus,Cichliformes,Cichlidae,Oreochromis,-26.04,7.02,5.49,0.76,SD,3,Muscle
ID_0690,4684,Jaguar guapote,Parachromis managuensis,Cichliformes,Cichlidae,Parachromis,-20.31,10.01,NA,NA,SD,1,Muscle
ID_0690,49039,Molly,Poecilia gillii,Cyprinodontiformes,Poeciliidae,Poecilia,-30.06,9.45,NA,NA,SD,1,Muscle
ID_0690,23351,South American catfish,Rhamdia quelen,Siluriformes,Heptapteridae,Rhamdia,-30.19,12,1.24,1.36,SD,2,Muscle
ID_0690,12399,Guatemalan headstander,Roeboides guatemalensis,Characiformes,Characidae,Roeboides,-31.9,12.3,0.36,0.69,SD,2,Muscle
ID_0691,24395,Queen danio,Devario regina,Cypriniformes,Danionidae,Devario,-21.44,8.11,0.04,0.04,SE,NA,Muscle
ID_0692,NA,NA,Syngnathidae,Syngnathiformes,Syngnathidae,NA,-28.83,8.55,0.02,0.02,SE,NA,Muscle
ID_0693,24395,Queen danio,Devario regina,Cypriniformes,Danionidae,Devario,-29.17,8.93,0.01,0.01,SE,NA,Muscle
ID_0693,NA,NA,Zenarchopteridae,Beloniformes,Zenarchopteridae,NA,-23.1,9.68,0.83,0.02,SE,NA,Muscle
ID_0694,24395,Queen danio,Devario regina,Cypriniformes,Danionidae,Devario,-22.71,7.63,0.06,0.07,SE,NA,Muscle
ID_0695,24301,Mola carplet,Amblypharyngodon mola,Cypriniformes,Danionidae,Amblypharyngodon,-30.79,9.9,1.85,2.71,SD,1,Muscle
ID_0695,5144,Bullseye snakehead,Channa marulius,Anabantiformes,Channidae,Channa,-22.1,9.27,4.31,1.46,SD,3,Muscle
ID_0695,5150,Flying barb,Esomus danrica,Cypriniformes,Danionidae,Esomus,-26.63,10.8,0.83,2.14,SD,4,Muscle
ID_0695,4833,Tank goby,Glossogobius giuris,Gobiiformes,Gobiidae,Glossogobius,-25.38,11.82,2.32,3.13,SD,5,Muscle
ID_0695,10254,Kuria labeo,Labeo gonius,Cypriniformes,Cyprinidae,Labeo,-29.74,16.5,NA,NA,SD,1,Muscle
ID_0695,12061,Indian glass-barb,Laubuka laubuca,Cypriniformes,Danionidae,Laubuka,-26,16,NA,NA,SD,1,Muscle
ID_0695,6535,Butter catfish,Ompok bimaculatus,Siluriformes,Siluridae,Ompok,-26.23,17.2,NA,NA,SD,1,Muscle
ID_0695,13225,NA,Opsarius bendelisis,Cypriniformes,Danionidae,Opsarius,-25.5,9.65,0,0.07,SD,2,Muscle
ID_0695,13187,Hafo,Osteobrama cotio,Cypriniformes,Cyprinidae,Osteobrama,-28.01,15.68,0.63,2.75,SD,3,Muscle
ID_0695,10130,Indian glassy fish,Parambassis ranga,Ovalentaria/misc,Ambassidae,Parambassis,-27.4,14.23,0.37,2.92,SD,3,Muscle
ID_0695,10796,Swamp barb,Puntius chola,Cypriniformes,Cyprinidae,Puntius,-27.02,15.3,NA,NA,SD,1,Muscle
ID_0695,24615,NA,Schistura savona,Cypriniformes,Nemacheilidae,Schistura,-30.58,11.5,NA,NA,SD,1,Muscle
ID_0695,13197,Olive barb,Systomus sarana,Cypriniformes,Cyprinidae,Systomus,-27.25,12.1,0.15,1,SD,2,Muscle
ID_0695,4644,Tor barb,Tor tor,Cypriniformes,Cyprinidae,Tor,-28.68,11.95,0.29,0.57,SD,4,Muscle
ID_0695,NA,NA,Trichogaster sp,Anabantiformes,Osphronemidae,Trichogaster,-26.52,10.8,NA,NA,SD,1,Muscle
ID_0696,24792,Indian torrent catfish,Amblyceps mangois,Siluriformes,Amblycipitidae,Amblyceps,-30.8,6.8,0,0,SD,2,Muscle
ID_0696,NA,NA,Barilius spp,Cypriniformes,Danionidae,Barilius,-24.82,9.27,1.51,0.02,SD,4,Muscle
ID_0696,24686,Gongota loach,Canthophrys gongota,Cypriniformes,Cobitidae,Canthophrys,-31.5,9.2,0.2,0,SD,2,Muscle
ID_0696,23184,Chaguni,Chagunius chagunio,Cypriniformes,Cyprinidae,Chagunius,-22.55,10.25,1.65,0.05,SD,2,Muscle
ID_0696,2078,Clown knifefish,Chitala chitala,Osteoglossiformes,Notopteridae,Chitala,-25.5,8.8,NA,NA,SD,1,Muscle
ID_0696,4653,Zebra danio,Danio rerio,Cypriniformes,Danionidae,Danio,-30.37,8.53,2.75,1.83,SD,2,Muscle
ID_0696,60260,Scarlet badis,Dario dario,Anabantiformes,Badidae,Dario,-31.1,6,NA,NA,SD,1,Muscle
ID_0696,NA,NA,Erethistes spp,Siluriformes,Sisoridae,Erethistes,-31.4,6.7,NA,NA,SD,1,Muscle
ID_0696,24308,NA,Opsarius barna,Cypriniformes,Danionidae,Opsarius,-28.57,7.5,4.42,1.53,SD,3,Muscle
ID_0696,24894,NA,Pseudolaguvia shawi,Siluriformes,Sisoridae,Pseudolaguvia,-28.14,9.46,4.29,2.06,SD,5,Muscle
ID_0696,24489,Balitora minnow,Psilorhynchus balitora,Cypriniformes,Psilorhynchidae,Psilorhynchus,-24.83,10.6,1.78,0.8,SD,2,Muscle
ID_0696,24496,River stone carp,Psilorhynchus sucatio,Cypriniformes,Psilorhynchidae,Psilorhynchus,-23.2,5.9,NA,NA,SD,1,Muscle
ID_0697,17301,Barbel steed,Hemibarbus labeo,Cypriniformes,Gobionidae,Hemibarbus,-21.5,14.5,0.1,0.4,SD,3,Muscle
ID_0697,3375,Bluegill,Lepomis macrochirus,Centrarchiformes,Centrarchidae,Lepomis,-21.5,13.6,0,2.2,SD,3,Muscle
ID_0698,3375,Bluegill,Lepomis macrochirus,Centrarchiformes,Centrarchidae,Lepomis,-22,14.7,0.1,0.3,SD,3,Muscle
ID_0698,3385,Largemouth bass,Micropterus salmoides,Centrarchiformes,Centrarchidae,Micropterus,-20.7,13.7,0.1,0.3,SD,3,Muscle
ID_0699,4635,Predatory carp,Chanodichthys erythropterus,Cypriniformes,Xenocyprididae,Chanodichthys,-22.9,16.3,0.4,0.5,SD,3,Muscle
ID_0699,17301,Barbel steed,Hemibarbus labeo,Cypriniformes,Gobionidae,Hemibarbus,-23,14.4,0.8,0.2,SD,3,Muscle
ID_0699,3385,Largemouth bass,Micropterus salmoides,Centrarchiformes,Centrarchidae,Micropterus,-24.9,15.6,0.2,0,SD,3,Muscle
ID_0700,17301,Barbel steed,Hemibarbus labeo,Cypriniformes,Gobionidae,Hemibarbus,-22.8,13.6,0.8,0.3,SD,3,Muscle
ID_0700,3375,Bluegill,Lepomis macrochirus,Centrarchiformes,Centrarchidae,Lepomis,-22.8,13,0.2,0.3,SD,3,Muscle
ID_0700,3385,Largemouth bass,Micropterus salmoides,Centrarchiformes,Centrarchidae,Micropterus,-21.6,13.9,0.3,0.1,SD,3,Muscle
ID_0701,NA,NA,Clarias sp,Siluriformes,Clariidae,Clarias,-28.48,13.78,0.8,0.96,SD,7,Muscle
ID_0701,NA,NA,Mugil sp,Mugiliformes,Mugilidae,Mugil,-25.73,12.8,1.19,0.35,SD,6,Muscle
ID_0701,NA,NA,Tilapia sp,Cichliformes,Cichlidae,Tilapia,-27.48,10.77,1.86,1.43,SD,27,Muscle
ID_0702,NA,Glassies_13,Ambassis sp,Ovalentaria/misc,Ambassidae,Ambassis,-21.63,10.45,0.17,0.14,SD,NA,Muscle
ID_0702,14925,Barred grunter_>40,Amniataba percoides,Centrarchiformes,Terapontidae,Amniataba,-20.48,10.04,0.42,0.22,SD,NA,Muscle
ID_0702,22633,Toothless catfish_9,Anodontiglanis dahli,Siluriformes,Plotosidae,Anodontiglanis,-22.57,9.84,0.12,0.09,SD,NA,Muscle
ID_0702,873,Bull shark _1,Carcharhinus leucas,Carcharhiniformes,Carcharhinidae,Carcharhinus,-18.34,13.12,0.3,0.22,SD,NA,Muscle
ID_0702,10474,Freckled hardyhead_12,Craterocephalus lentiginosus,Atheriniformes,Atherinidae,Craterocephalus,-22.52,10.48,0.28,0.25,SD,NA,Muscle
ID_0702,6415,Hawaiian ladyfish_5,Elops hawaiensis,Elopiformes,Elopidae,Elops,-17.08,11.24,0.1,0.06,SD,NA,Muscle
ID_0702,14863,Mouth almighty_17,Glossamia aprion,Kurtiformes,Apogonidae,Glossamia,-22.47,9.67,0.24,0.27,SD,NA,Muscle
ID_0702,4833,Tank goby_20 all sizes,Glossogobius giuris,Gobiiformes,Gobiidae,Glossogobius,-22.15,10.26,0.44,0.36,SD,NA,Muscle
ID_0702,14936,Western sooty grunter_24,Hephaestus jenkinsi,Centrarchiformes,Terapontidae,Hephaestus,-25.92,9.83,0.4,0.36,SD,NA,Muscle
ID_0702,346,Barramundi_4,Lates calcarifer,Carangaria/misc,Latidae,Lates,-23.49,11.2,0.31,0.37,SD,NA,Muscle
ID_0702,4800,Spangled perch_16,Leiopotherapon unicolor,Centrarchiformes,Terapontidae,Leiopotherapon,-18.86,10.73,0.38,0.12,SD,NA,Muscle
ID_0702,227,Oxeye tarpon,Megalops cyprinoides,Elopiformes,Megalopidae,Megalops,-24.46,11.48,0.29,0.28,SD,NA,Muscle
ID_0702,1612,Australian river gizzard shad_<100,Nematalosa erebi,Clupeiformes,Dorosomatidae,Nematalosa,-26.54,9.51,1.08,0.54,SD,NA,Muscle
ID_0702,1612,Australian river gizzard shad_<100,Nematalosa erebi,Clupeiformes,Dorosomatidae,Nematalosa,-25.27,10.48,1.27,0.64,SD,NA,Muscle
ID_0702,1612,Australian river gizzard shad_>100,Nematalosa erebi,Clupeiformes,Dorosomatidae,Nematalosa,-27.81,8.55,0.89,0.44,SD,NA,Muscle
ID_0702,22590,Blue salmon catfish_7,Neoarius graeffei,Siluriformes,Ariidae,Neoarius,-19.82,10.39,0.65,0.11,SD,NA,Muscle
ID_0702,22641,Hyrtl's tandan_10,Neosilurus hyrtlii,Siluriformes,Plotosidae,Neosilurus,-22.19,8.36,0.37,0.12,SD,NA,Muscle
ID_0702,8940,Common sawfish_2,Pristis pristis,Rhinopristiformes,Pristidae,Pristis,-19.46,11.51,0.33,0.19,SD,NA,Muscle
ID_0702,8817,Longtom_3,Strongylura krefftii,Beloniformes,Belonidae,Strongylura,-23.24,10.19,0.25,0.09,SD,NA,Muscle
ID_0702,62208,Kimberley archerfish_18,Toxotes kimberleyensis,Carangaria/misc,Toxotidae,Toxotes,-23.72,10.48,0.16,0.09,SD,NA,Muscle
ID_0702,62208,Kimberley archerfish_19,Toxotes kimberleyensis,Carangaria/misc,Toxotidae,Toxotes,-21.19,10.37,0.1,0.11,SD,NA,Muscle
ID_0703,NA,Glassies_13,Ambassis sp,Ovalentaria/misc,Ambassidae,Ambassis,-29.76,10.59,0.23,0.12,SD,NA,Muscle
ID_0703,14925,Barred grunter_all sizes,Amniataba percoides,Centrarchiformes,Terapontidae,Amniataba,-29.41,10.59,0.23,0.17,SD,NA,Muscle
ID_0703,873,Bull shark _1,Carcharhinus leucas,Carcharhiniformes,Carcharhinidae,Carcharhinus,-17.24,13.23,0.14,0.1,SD,NA,Muscle
ID_0703,10474,Freckled hardyhead_12,Craterocephalus lentiginosus,Atheriniformes,Atherinidae,Craterocephalus,-30.32,10.45,0.28,0.33,SD,NA,Muscle
ID_0703,6415,Hawaiian ladyfish_5,Elops hawaiensis,Elopiformes,Elopidae,Elops,-26.06,12.94,0.17,0.08,SD,NA,Muscle
ID_0703,14863,Mouth almighty_17,Glossamia aprion,Kurtiformes,Apogonidae,Glossamia,-29.08,11.15,0.11,0.2,SD,NA,Muscle
ID_0703,4833,Tank goby_20_<70,Glossogobius giuris,Gobiiformes,Gobiidae,Glossogobius,-29.78,9.11,0.19,0.43,SD,NA,Muscle
ID_0703,10597,Greenway's grunter_25,Hannia greenwayi,Centrarchiformes,Terapontidae,Hannia,-28.14,11.22,0.14,0.15,SD,NA,Muscle
ID_0703,14936,Western sooty grunter_24,Hephaestus jenkinsi,Centrarchiformes,Terapontidae,Hephaestus,-29.12,11.73,0.17,0.09,SD,NA,Muscle
ID_0703,346,Barramundi_4,Lates calcarifer,Carangaria/misc,Latidae,Lates,-22.78,11.77,0.37,0.28,SD,NA,Muscle
ID_0703,4800,Spangled perch_16,Leiopotherapon unicolor,Centrarchiformes,Terapontidae,Leiopotherapon,-24.97,10.65,0.44,0.2,SD,NA,Muscle
ID_0703,22712,Western rainbowfish_11,Melanotaenia australis,Atheriniformes,Melanotaeniidae,Melanotaenia,-28.84,10.96,0.14,0.07,SD,NA,Muscle
ID_0703,1612,Australian river gizzard shad_all sizes,Nematalosa erebi,Clupeiformes,Dorosomatidae,Nematalosa,-28.93,9.58,0.23,0.16,SD,NA,Muscle
ID_0703,22590,Blue salmon catfish_7_all sizes,Neoarius graeffei,Siluriformes,Ariidae,Neoarius,-23.3,11.13,0.57,0.25,SD,NA,Muscle
ID_0703,8940,Common sawfish_2,Pristis pristis,Rhinopristiformes,Pristidae,Pristis,-18.52,12.69,0,0.15,SD,NA,Muscle
ID_0703,8817,Longtom_3,Strongylura krefftii,Beloniformes,Belonidae,Strongylura,-29.66,13.25,0.17,0.08,SD,NA,Muscle
ID_0703,62208,Kimberley archerfish_19,Toxotes kimberleyensis,Carangaria/misc,Toxotidae,Toxotes,-22.65,10.99,0.5,0.13,SD,NA,Muscle
ID_0704,NA,Glassies_13,Ambassis sp,Ovalentaria/misc,Ambassidae,Ambassis,-27.52,8.43,0.14,0.02,SD,NA,Muscle
ID_0704,14925,Barred grunter_all sizes,Amniataba percoides,Centrarchiformes,Terapontidae,Amniataba,-27.03,10.28,0.28,0.3,SD,NA,Muscle
ID_0704,873,Bull shark _1,Carcharhinus leucas,Carcharhiniformes,Carcharhinidae,Carcharhinus,-17.8,12.48,0.13,0.21,SD,NA,Muscle
ID_0704,10474,Freckled hardyhead_12,Craterocephalus lentiginosus,Atheriniformes,Atherinidae,Craterocephalus,-26.14,8.5,0.33,0.34,SD,NA,Muscle
ID_0704,14863,Mouth almighty_17,Glossamia aprion,Kurtiformes,Apogonidae,Glossamia,-27.16,8.63,NA,NA,SD,1,Muscle
ID_0704,4833,Tank goby_20_<70,Glossogobius giuris,Gobiiformes,Gobiidae,Glossogobius,-26.64,8.06,0.17,0.12,SD,NA,Muscle
ID_0704,14936,Western sooty grunter_24,Hephaestus jenkinsi,Centrarchiformes,Terapontidae,Hephaestus,-25.79,10.15,0.72,0.3,SD,NA,Muscle
ID_0704,346,Barramundi_4,Lates calcarifer,Carangaria/misc,Latidae,Lates,-24.69,11.96,0.15,0.22,SD,NA,Muscle
ID_0704,4800,Spangled perch_16,Leiopotherapon unicolor,Centrarchiformes,Terapontidae,Leiopotherapon,-24.85,9.14,0.74,0.27,SD,NA,Muscle
ID_0704,227,Oxeye tarpon,Megalops cyprinoides,Elopiformes,Megalopidae,Megalops,-27.23,12.66,0.11,0.1,SD,NA,Muscle
ID_0704,22712,Western rainbowfish_11,Melanotaenia australis,Atheriniformes,Melanotaeniidae,Melanotaenia,-25.84,9.12,0,0.3,SD,NA,Muscle
ID_0704,1612,Australian river gizzard shad_22,Nematalosa erebi,Clupeiformes,Dorosomatidae,Nematalosa,-26.94,8.82,0.77,0.3,SD,NA,Muscle
ID_0704,22590,Blue salmon catfish_8,Neoarius graeffei,Siluriformes,Ariidae,Neoarius,-19.89,11.21,1.82,0.54,SD,NA,Muscle
ID_0704,8940,Common sawfish_2,Pristis pristis,Rhinopristiformes,Pristidae,Pristis,-19.46,12.49,0.08,0.09,SD,NA,Muscle
ID_0704,8817,Longtom_3,Strongylura krefftii,Beloniformes,Belonidae,Strongylura,-27.29,10.8,0.11,0.09,SD,NA,Muscle
ID_0704,62208,Kimberley archerfish_18,Toxotes kimberleyensis,Carangaria/misc,Toxotidae,Toxotes,-24.93,8.53,0.14,0.12,SD,NA,Muscle
ID_0704,62208,Kimberley archerfish_19,Toxotes kimberleyensis,Carangaria/misc,Toxotidae,Toxotes,-23.66,10.74,0.3,0.2,SD,NA,Muscle
ID_0705,4730,Bleak,Alburnus alburnus,Cypriniformes,Leuciscidae,Alburnus,-30.15,5.19,0.6,0.44,SD,46,Muscle
ID_0705,4474,Ruffe,Gymnocephalus cernua,Perciformes/Percoidei,Percidae,Gymnocephalus,-28.35,6.72,1.31,1.49,SD,19,Muscle
ID_0705,358,Perch,Perca fluviatilis,Perciformes/Percoidei,Percidae,Perca,-28.29,4.53,0.75,0.46,SD,33,Muscle
ID_0705,272,Roach,Rutilus rutilus,Cypriniformes,Leuciscidae,Rutilus,-28.35,4.5,1.08,0.48,SD,27,Muscle
ID_0706,268,Common bream,Abramis brama,Cypriniformes,Leuciscidae,Abramis,-29.46,9.18,1.19,1.15,SD,15,Muscle
ID_0706,4730,Bleak,Alburnus alburnus,Cypriniformes,Leuciscidae,Alburnus,-28.45,8.92,0.55,0.62,SD,43,Muscle
ID_0706,4474,Ruffe,Gymnocephalus cernua,Perciformes/Percoidei,Percidae,Gymnocephalus,-33.48,10.43,3.37,1.06,SD,43,Muscle
ID_0706,358,Perch,Perca fluviatilis,Perciformes/Percoidei,Percidae,Perca,-27.89,9.19,0.66,0.43,SD,60,Muscle
ID_0706,272,Roach,Rutilus rutilus,Cypriniformes,Leuciscidae,Rutilus,-28.61,8.85,0.86,1.26,SD,60,Muscle
ID_0706,2951,Rudd,Scardinius erythrophthalmus,Cypriniformes,Leuciscidae,Scardinius,-27.74,8.43,0.59,0.64,SD,42,Muscle
ID_0707,4730,Bleak,Alburnus alburnus,Cypriniformes,Leuciscidae,Alburnus,-31.27,7.61,1.26,0.64,SD,49,Muscle
ID_0707,4474,Ruffe,Gymnocephalus cernua,Perciformes/Percoidei,Percidae,Gymnocephalus,-29.18,9.47,1.51,1.07,SD,35,Muscle
ID_0707,358,Perch,Perca fluviatilis,Perciformes/Percoidei,Percidae,Perca,-29.26,7.59,1.08,0.51,SD,58,Muscle
ID_0707,272,Roach,Rutilus rutilus,Cypriniformes,Leuciscidae,Rutilus,-28.88,7.14,2,0.45,SD,55,Muscle
ID_0708,4730,Bleak,Alburnus alburnus,Cypriniformes,Leuciscidae,Alburnus,-29.37,7.85,1.28,0.68,SD,27,Muscle
ID_0708,48234,Lacustrine fluvial whitefish,Coregonus megalops,Salmoniformes,Salmonidae,Coregonus,-31.65,7.37,0.93,0.35,SD,39,Muscle
ID_0708,4474,Ruffe,Gymnocephalus cernua,Perciformes/Percoidei,Percidae,Gymnocephalus,-29.61,9.39,1.56,0.72,SD,25,Muscle
ID_0708,1334,Smelt,Osmerus eperlanus,Osmeriformes,Osmeridae,Osmerus,-32.02,8.09,0.27,0.44,SD,60,Muscle
ID_0708,358,Perch,Perca fluviatilis,Perciformes/Percoidei,Percidae,Perca,-29.73,8.04,1.49,1.25,SD,34,Muscle
ID_0708,272,Roach,Rutilus rutilus,Cypriniformes,Leuciscidae,Rutilus,-29.73,7,0.91,0.65,SD,30,Muscle
ID_0709,48234,Lacustrine fluvial whitefish,Coregonus megalops,Salmoniformes,Salmonidae,Coregonus,-29.02,6.69,1.13,0.61,SD,46,Muscle
ID_0709,358,Perch,Perca fluviatilis,Perciformes/Percoidei,Percidae,Perca,-27.52,8.23,1.58,0.8,SD,86,Muscle
ID_0709,272,Roach,Rutilus rutilus,Cypriniformes,Leuciscidae,Rutilus,-26.99,8.23,1.59,0.74,SD,62,Muscle
ID_0710,4474,Ruffe,Gymnocephalus cernua,Perciformes/Percoidei,Percidae,Gymnocephalus,-32.87,8.86,1.54,0.57,SD,16,Muscle
ID_0710,1334,Smelt,Osmerus eperlanus,Osmeriformes,Osmeridae,Osmerus,-31.73,8.46,0.62,0.99,SD,57,Muscle
ID_0710,358,Perch,Perca fluviatilis,Perciformes/Percoidei,Percidae,Perca,-29.72,6.97,0.76,0.64,SD,14,Muscle
ID_0710,272,Roach,Rutilus rutilus,Cypriniformes,Leuciscidae,Rutilus,-30.22,6.62,0.67,2.37,SD,55,Muscle
ID_0710,2951,Rudd,Scardinius erythrophthalmus,Cypriniformes,Leuciscidae,Scardinius,-28.47,7.53,0.82,0.52,SD,25,Muscle
ID_0711,4730,Bleak,Alburnus alburnus,Cypriniformes,Leuciscidae,Alburnus,-29.42,7.44,1.31,0.56,SD,8,Muscle
ID_0711,48234,Lacustrine fluvial whitefish,Coregonus megalops,Salmoniformes,Salmonidae,Coregonus,-30.7,8.01,0.19,0.41,SD,6,Muscle
ID_0711,4474,Ruffe,Gymnocephalus cernua,Perciformes/Percoidei,Percidae,Gymnocephalus,-32.36,8.59,1.7,1.22,SD,11,Muscle
ID_0711,1334,Smelt,Osmerus eperlanus,Osmeriformes,Osmeridae,Osmerus,-30.5,8.6,0.2,0.36,SD,32,Muscle
ID_0711,358,Perch,Perca fluviatilis,Perciformes/Percoidei,Percidae,Perca,-29.8,9.06,0.6,0.92,SD,30,Muscle
ID_0711,272,Roach,Rutilus rutilus,Cypriniformes,Leuciscidae,Rutilus,-29.84,7.38,1.01,0.53,SD,60,Muscle
ID_0712,4474,Ruffe,Gymnocephalus cernua,Perciformes/Percoidei,Percidae,Gymnocephalus,-29.35,7.58,1.63,1.14,SD,31,Muscle
ID_0712,358,Perch,Perca fluviatilis,Perciformes/Percoidei,Percidae,Perca,-28.3,6.95,0.89,0.33,SD,60,Muscle
ID_0712,272,Roach,Rutilus rutilus,Cypriniformes,Leuciscidae,Rutilus,-28.74,6.7,1.3,0.58,SD,57,Muscle
ID_0713,297,Shortfin eel,Anguilla australis,Anguilliformes,Anguillidae,Anguilla,-28.32,10.6,3.22,0.55,SD,3,Muscle
ID_0713,11878,New Zealand longfin eel,Anguilla dieffenbachii,Anguilliformes,Anguillidae,Anguilla,-27.26,11.18,NA,NA,SD,1,Muscle
ID_0713,22535,Upland bully,Gobiomorphus breviceps,Gobiiformes,Eleotridae,Gobiomorphus,-26.37,10.27,0.3,0.33,SD,3,Muscle
ID_0713,10353,Common bully,Gobiomorphus cotidianus,Gobiiformes,Eleotridae,Gobiomorphus,-26.86,10.13,0.71,0.42,SD,3,Muscle
ID_0713,238,Brown trout,Salmo trutta,Salmoniformes,Salmonidae,Salmo,-26.27,9.52,NA,NA,SD,1,Muscle
ID_0714,297,Shortfin eel,Anguilla australis,Anguilliformes,Anguillidae,Anguilla,-25.17,18.24,0.04,0.29,SD,3,Muscle
ID_0714,11878,New Zealand longfin eel,Anguilla dieffenbachii,Anguilliformes,Anguillidae,Anguilla,-26.51,16.5,1.87,2.07,SD,3,Muscle
ID_0714,22535,Upland bully,Gobiomorphus breviceps,Gobiiformes,Eleotridae,Gobiomorphus,-24.63,17.45,1.66,0.67,SD,3,Muscle
ID_0714,244,Chinook Salmon,Oncorhynchus tshawytscha,Salmoniformes,Salmonidae,Oncorhynchus,-27.22,14.22,NA,NA,SD,1,Muscle
ID_0714,238,Brown trout,Salmo trutta,Salmoniformes,Salmonidae,Salmo,-28.09,15.27,0.1,0.36,SD,3,Muscle
ID_0715,297,Shortfin eel,Anguilla australis,Anguilliformes,Anguillidae,Anguilla,-28.15,13.12,NA,NA,SD,1,Muscle
ID_0715,11878,New Zealand longfin eel,Anguilla dieffenbachii,Anguilliformes,Anguillidae,Anguilla,-31.34,10.91,1.56,0.66,SD,2,Muscle
ID_0715,22535,Upland bully,Gobiomorphus breviceps,Gobiiformes,Eleotridae,Gobiomorphus,-33.28,10.62,0.72,0.16,SD,3,Muscle
ID_0715,10353,Common bully,Gobiomorphus cotidianus,Gobiiformes,Eleotridae,Gobiomorphus,-31.3,10.94,0.87,0.2,SD,3,Muscle
ID_0715,238,Brown trout,Salmo trutta,Salmoniformes,Salmonidae,Salmo,-36.26,9.73,0.21,0.21,SD,3,Muscle
ID_0716,297,Shortfin eel,Anguilla australis,Anguilliformes,Anguillidae,Anguilla,-28.19,12.54,0.81,0.69,SD,3,Muscle
ID_0716,22535,Upland bully,Gobiomorphus breviceps,Gobiiformes,Eleotridae,Gobiomorphus,-30.12,11.63,0.37,0.27,SD,3,Muscle
ID_0716,10353,Common bully,Gobiomorphus cotidianus,Gobiiformes,Eleotridae,Gobiomorphus,-30.42,12.81,0.78,0.83,SD,3,Muscle
ID_0717,297,Shortfin eel,Anguilla australis,Anguilliformes,Anguillidae,Anguilla,-26.89,13.72,0.48,0.16,SD,3,Muscle
ID_0717,11878,New Zealand longfin eel,Anguilla dieffenbachii,Anguilliformes,Anguillidae,Anguilla,-26.96,13.79,NA,NA,SD,1,Muscle
ID_0717,22535,Upland bully,Gobiomorphus breviceps,Gobiiformes,Eleotridae,Gobiomorphus,-28.54,12.68,0.49,0.67,SD,3,Muscle
ID_0717,10353,Common bully,Gobiomorphus cotidianus,Gobiiformes,Eleotridae,Gobiomorphus,-28.37,12.93,1.33,0.44,SD,3,Muscle
ID_0717,238,Brown trout,Salmo trutta,Salmoniformes,Salmonidae,Salmo,-28.55,12.47,0.01,0.22,SD,3,Muscle
ID_0718,297,Shortfin eel,Anguilla australis,Anguilliformes,Anguillidae,Anguilla,-27.51,12.91,0.31,0.26,SD,3,Muscle
ID_0718,11878,New Zealand longfin eel,Anguilla dieffenbachii,Anguilliformes,Anguillidae,Anguilla,-28.56,13.12,1.4,0.19,SD,2,Muscle
ID_0718,6947,Pouched lamprey,Geotria australis,Petromyzontiformes,Geotriidae,Geotria,-21.18,7.07,2.02,0.46,SD,3,Muscle
ID_0718,22535,Upland bully,Gobiomorphus breviceps,Gobiiformes,Eleotridae,Gobiomorphus,-31.54,12.88,NA,NA,SD,1,Muscle
ID_0718,10353,Common bully,Gobiomorphus cotidianus,Gobiiformes,Eleotridae,Gobiomorphus,-30.51,12.57,NA,NA,SD,1,Muscle
ID_0718,238,Brown trout,Salmo trutta,Salmoniformes,Salmonidae,Salmo,-29.78,13.11,0.22,0.28,SD,3,Muscle
ID_0719,297,Shortfin eel,Anguilla australis,Anguilliformes,Anguillidae,Anguilla,-28.9,13.54,0.89,0.51,SD,3,Muscle
ID_0719,11878,New Zealand longfin eel,Anguilla dieffenbachii,Anguilliformes,Anguillidae,Anguilla,-27.16,13.39,0.78,0.2,SD,3,Muscle
ID_0719,7579,Inanga,Galaxias maculatus,Galaxiiformes,Galaxiidae,Galaxias,-25.82,12.15,NA,NA,SD,1,Muscle
ID_0719,10353,Common bully,Gobiomorphus cotidianus,Gobiiformes,Eleotridae,Gobiomorphus,-28.53,12.82,0.29,0.52,SD,3,Muscle
ID_0719,22534,Bluegill bully,Gobiomorphus hubbsi,Gobiiformes,Eleotridae,Gobiomorphus,-30.05,13.98,0.27,0.54,SD,3,Muscle
ID_0719,238,Brown trout,Salmo trutta,Salmoniformes,Salmonidae,Salmo,-28.14,13.26,1.3,1.02,SD,3,Muscle
ID_0720,297,Shortfin eel,Anguilla australis,Anguilliformes,Anguillidae,Anguilla,-29.58,9.66,0.66,0.38,SD,3,Muscle
ID_0720,11878,New Zealand longfin eel,Anguilla dieffenbachii,Anguilliformes,Anguillidae,Anguilla,-30.52,10.28,NA,NA,SD,1,Muscle
ID_0720,10353,Common bully,Gobiomorphus cotidianus,Gobiiformes,Eleotridae,Gobiomorphus,-31.4,9.04,0.33,0.12,SD,3,Muscle
ID_0720,238,Brown trout,Salmo trutta,Salmoniformes,Salmonidae,Salmo,-31.38,9.09,0.27,0.07,SD,3,Muscle
ID_0721,297,Shortfin eel,Anguilla australis,Anguilliformes,Anguillidae,Anguilla,-26.87,11.66,0.55,1,SD,3,Muscle
ID_0721,11878,New Zealand longfin eel,Anguilla dieffenbachii,Anguilliformes,Anguillidae,Anguilla,-28.95,13.51,0.95,0.39,SD,2,Muscle
ID_0721,22535,Upland bully,Gobiomorphus breviceps,Gobiiformes,Eleotridae,Gobiomorphus,-31.46,12.36,NA,NA,SD,1,Muscle
ID_0721,10353,Common bully,Gobiomorphus cotidianus,Gobiiformes,Eleotridae,Gobiomorphus,-32.65,13.18,NA,NA,SD,1,Muscle
ID_0721,238,Brown trout,Salmo trutta,Salmoniformes,Salmonidae,Salmo,-31.71,12.63,3.48,0.7,SD,3,Muscle
ID_0722,297,Shortfin eel,Anguilla australis,Anguilliformes,Anguillidae,Anguilla,-27.06,11.28,1,0.78,SD,3,Muscle
ID_0722,11878,New Zealand longfin eel,Anguilla dieffenbachii,Anguilliformes,Anguillidae,Anguilla,-26.76,11.19,0.15,1.12,SD,2,Muscle
ID_0722,22535,Upland bully,Gobiomorphus breviceps,Gobiiformes,Eleotridae,Gobiomorphus,-30.18,9.86,NA,NA,SD,1,Muscle
ID_0722,10353,Common bully,Gobiomorphus cotidianus,Gobiiformes,Eleotridae,Gobiomorphus,-29.01,9.51,0.22,0.27,SD,3,Muscle
ID_0723,11878,New Zealand longfin eel,Anguilla dieffenbachii,Anguilliformes,Anguillidae,Anguilla,-26.57,8.75,0.42,0.08,SD,3,Muscle
ID_0723,6947,Pouched lamprey,Geotria australis,Petromyzontiformes,Geotriidae,Geotria,-24.25,3.16,NA,NA,SD,1,Muscle
ID_0723,10353,Common bully,Gobiomorphus cotidianus,Gobiiformes,Eleotridae,Gobiomorphus,-26.06,7.66,1.83,0.56,SD,3,Muscle
ID_0724,11878,New Zealand longfin eel,Anguilla dieffenbachii,Anguilliformes,Anguillidae,Anguilla,-25.02,6.43,0.32,0.25,SD,10,Muscle
ID_0724,12247,Banded kokopu,Galaxias fasciatus,Galaxiiformes,Galaxiidae,Galaxias,-22.63,8.65,1.91,2.18,SD,9,Muscle
ID_0724,10427,Shortjaw kokopu,Galaxias postvectis,Galaxiiformes,Galaxiidae,Galaxias,-24.4,5.97,0.76,1.33,SD,5,Muscle
ID_0724,10353,Common bully,Gobiomorphus cotidianus,Gobiiformes,Eleotridae,Gobiomorphus,-25.7,5.52,1.01,0.45,SD,10,Muscle
ID_0724,22534,Bluegill bully,Gobiomorphus hubbsi,Gobiiformes,Eleotridae,Gobiomorphus,-25.45,5.84,0.63,0.46,SD,4,Muscle
ID_0724,22533,Redfin bully,Gobiomorphus huttoni,Gobiiformes,Eleotridae,Gobiomorphus,-25.74,5.73,0.39,0.6,SD,10,Muscle
ID_0725,12249,Alpine galaxias,Galaxias paucispondylus,Galaxiiformes,Galaxiidae,Galaxias,-26.49,4.86,NA,NA,SD,1,Muscle
ID_0725,22531,Common river galaxias,Galaxias vulgaris,Galaxiiformes,Galaxiidae,Galaxias,-25.52,4.96,0.94,0.22,SD,4,Muscle
ID_0725,22535,Upland bully,Gobiomorphus breviceps,Gobiiformes,Eleotridae,Gobiomorphus,-23.76,4.52,1.24,0.26,SD,4,Muscle
ID_0725,238,Brown trout,Salmo trutta,Salmoniformes,Salmonidae,Salmo,-26.46,3.84,NA,NA,SD,1,Muscle
ID_0726,11878,New Zealand longfin eel,Anguilla dieffenbachii,Anguilliformes,Anguillidae,Anguilla,-26.63,5.61,NA,NA,SD,1,Muscle
ID_0726,12249,Alpine galaxias,Galaxias paucispondylus,Galaxiiformes,Galaxiidae,Galaxias,-27.88,5,NA,NA,SD,1,Muscle
ID_0726,22531,Common river galaxias,Galaxias vulgaris,Galaxiiformes,Galaxiidae,Galaxias,-26.2,5.09,0.82,0.12,SD,3,Muscle
ID_0726,22535,Upland bully,Gobiomorphus breviceps,Gobiiformes,Eleotridae,Gobiomorphus,-22.65,4.53,3.91,0.26,SD,3,Muscle
ID_0726,238,Brown trout,Salmo trutta,Salmoniformes,Salmonidae,Salmo,-26.4,4.22,0.46,0.19,SD,3,Muscle
ID_0727,11878,New Zealand longfin eel,Anguilla dieffenbachii,Anguilliformes,Anguillidae,Anguilla,-25.95,5.3,NA,NA,SD,1,Muscle
ID_0727,22531,Common river galaxias,Galaxias vulgaris,Galaxiiformes,Galaxiidae,Galaxias,-25.81,5.17,0.32,0.23,SD,4,Muscle
ID_0727,22535,Upland bully,Gobiomorphus breviceps,Gobiiformes,Eleotridae,Gobiomorphus,-25.02,4.58,1.42,0.31,SD,3,Muscle
ID_0727,238,Brown trout,Salmo trutta,Salmoniformes,Salmonidae,Salmo,-26.59,4.13,0.41,0.45,SD,2,Muscle
ID_0728,11878,New Zealand longfin eel,Anguilla dieffenbachii,Anguilliformes,Anguillidae,Anguilla,-25.28,5.68,0.8,0.07,SD,2,Muscle
ID_0728,12249,Alpine galaxias,Galaxias paucispondylus,Galaxiiformes,Galaxiidae,Galaxias,-26.8,5.06,1.7,0.35,SD,2,Muscle
ID_0728,22531,Common river galaxias,Galaxias vulgaris,Galaxiiformes,Galaxiidae,Galaxias,-25.81,5.22,0.8,0.4,SD,2,Muscle
ID_0728,22535,Upland bully,Gobiomorphus breviceps,Gobiiformes,Eleotridae,Gobiomorphus,-25.91,5.03,0.84,0.37,SD,2,Muscle
ID_0728,238,Brown trout,Salmo trutta,Salmoniformes,Salmonidae,Salmo,-26.06,6.11,NA,NA,SD,1,Muscle
ID_0729,7544,Koaro,Galaxias brevipinnis,Galaxiiformes,Galaxiidae,Galaxias,-23.12,7.98,0.12,0.33,SD,4,Muscle
ID_0729,22535,Upland bully,Gobiomorphus breviceps,Gobiiformes,Eleotridae,Gobiomorphus,-23.15,6.75,0.46,0.98,SD,3,Muscle
ID_0729,238,Brown trout,Salmo trutta,Salmoniformes,Salmonidae,Salmo,-26.2,5.62,3.94,0.75,SD,4,Muscle
ID_0730,7544,Koaro,Galaxias brevipinnis,Galaxiiformes,Galaxiidae,Galaxias,-23.02,7.83,0.06,0.1,SD,2,Muscle
ID_0730,22535,Upland bully,Gobiomorphus breviceps,Gobiiformes,Eleotridae,Gobiomorphus,-23.41,7.21,NA,NA,SD,1,Muscle
ID_0730,238,Brown trout,Salmo trutta,Salmoniformes,Salmonidae,Salmo,-23.55,5.95,0.74,0.5,SD,4,Muscle
ID_0731,11878,New Zealand longfin eel,Anguilla dieffenbachii,Anguilliformes,Anguillidae,Anguilla,-25.07,5.93,NA,NA,SD,1,Muscle
ID_0731,22531,Common river galaxias,Galaxias vulgaris,Galaxiiformes,Galaxiidae,Galaxias,-27.51,6.24,0.48,0.69,SD,4,Muscle
ID_0731,22535,Upland bully,Gobiomorphus breviceps,Gobiiformes,Eleotridae,Gobiomorphus,-28.51,4.96,0.85,0.8,SD,4,Muscle
ID_0732,11878,New Zealand longfin eel,Anguilla dieffenbachii,Anguilliformes,Anguillidae,Anguilla,-25.43,5.97,1.47,0.14,SD,3,Muscle
ID_0732,22531,Common river galaxias,Galaxias vulgaris,Galaxiiformes,Galaxiidae,Galaxias,-28.13,6.08,0.9,0.76,SD,4,Muscle
ID_0732,22535,Upland bully,Gobiomorphus breviceps,Gobiiformes,Eleotridae,Gobiomorphus,-27.59,5.41,0.72,0.28,SD,5,Muscle
ID_0733,22531,Common river galaxias,Galaxias vulgaris,Galaxiiformes,Galaxiidae,Galaxias,-26,10,NA,NA,SD,1,Muscle
ID_0733,22535,Upland bully,Gobiomorphus breviceps,Gobiiformes,Eleotridae,Gobiomorphus,-26.44,11.3,0.22,0.33,SD,2,Muscle
ID_0733,5378,Canterbury mudfish,Neochanna burrowsius,Galaxiiformes,Galaxiidae,Neochanna,-26.64,11.05,0.78,0.1,SD,2,Muscle
ID_0734,22531,Common river galaxias,Galaxias vulgaris,Galaxiiformes,Galaxiidae,Galaxias,-25.76,9.15,NA,NA,SD,1,Muscle
ID_0734,22535,Upland bully,Gobiomorphus breviceps,Gobiiformes,Eleotridae,Gobiomorphus,-28.65,9.54,0.86,0.32,SD,2,Muscle
ID_0734,5378,Canterbury mudfish,Neochanna burrowsius,Galaxiiformes,Galaxiidae,Neochanna,-28.89,12.2,NA,NA,SD,1,Muscle
ID_0735,22531,Common river galaxias,Galaxias vulgaris,Galaxiiformes,Galaxiidae,Galaxias,-25.44,9.14,0.43,1.44,SD,2,Muscle
ID_0735,22535,Upland bully,Gobiomorphus breviceps,Gobiiformes,Eleotridae,Gobiomorphus,-28.14,10.09,0.33,0.42,SD,3,Muscle
ID_0735,5378,Canterbury mudfish,Neochanna burrowsius,Galaxiiformes,Galaxiidae,Neochanna,-28.05,10.4,0.45,0.62,SD,2,Muscle
ID_0736,22531,Common river galaxias,Galaxias vulgaris,Galaxiiformes,Galaxiidae,Galaxias,-27.18,10.21,0.68,0.1,SD,2,Muscle
ID_0736,22535,Upland bully,Gobiomorphus breviceps,Gobiiformes,Eleotridae,Gobiomorphus,-28.3,11.43,0.37,0.25,SD,2,Muscle
ID_0736,5378,Canterbury mudfish,Neochanna burrowsius,Galaxiiformes,Galaxiidae,Neochanna,-26.95,11.39,0.28,0.08,SD,2,Muscle
ID_0737,22531,Common river galaxias,Galaxias vulgaris,Galaxiiformes,Galaxiidae,Galaxias,-28.84,10.72,NA,NA,SD,1,Muscle
ID_0737,22535,Upland bully,Gobiomorphus breviceps,Gobiiformes,Eleotridae,Gobiomorphus,-29.2,11.08,0.19,0.53,SD,2,Muscle
ID_0737,5378,Canterbury mudfish,Neochanna burrowsius,Galaxiiformes,Galaxiidae,Neochanna,-29.41,11.27,0.11,0.2,SD,2,Muscle
ID_0738,22531,Common river galaxias,Galaxias vulgaris,Galaxiiformes,Galaxiidae,Galaxias,-25.78,10.23,0.07,0.82,SD,2,Muscle
ID_0738,22535,Upland bully,Gobiomorphus breviceps,Gobiiformes,Eleotridae,Gobiomorphus,-26.74,10.52,0.44,0.19,SD,3,Muscle
ID_0738,5378,Canterbury mudfish,Neochanna burrowsius,Galaxiiformes,Galaxiidae,Neochanna,-26.13,11.63,NA,NA,SD,1,Muscle
ID_0739,22531,Common river galaxias,Galaxias vulgaris,Galaxiiformes,Galaxiidae,Galaxias,-25.19,10.55,NA,NA,SD,1,Muscle
ID_0739,22535,Upland bully,Gobiomorphus breviceps,Gobiiformes,Eleotridae,Gobiomorphus,-25.87,11.39,0.02,0.02,SD,2,Muscle
ID_0739,5378,Canterbury mudfish,Neochanna burrowsius,Galaxiiformes,Galaxiidae,Neochanna,-29.79,10.33,NA,NA,SD,1,Muscle
ID_0740,22531,Common river galaxias,Galaxias vulgaris,Galaxiiformes,Galaxiidae,Galaxias,-26.5,10.68,NA,NA,SD,1,Muscle
ID_0740,22535,Upland bully,Gobiomorphus breviceps,Gobiiformes,Eleotridae,Gobiomorphus,-28.61,10.04,NA,NA,SD,1,Muscle
ID_0740,5378,Canterbury mudfish,Neochanna burrowsius,Galaxiiformes,Galaxiidae,Neochanna,-26.93,11.31,0.82,0.54,SD,6,Muscle
ID_0741,35,European eel,Anguilla anguilla,Anguilliformes,Anguillidae,Anguilla,-29.98,13.17,0.91,1,SE,3,Muscle
ID_0741,6377,Stone loach,Barbatula barbatula,Cypriniformes,Nemacheilidae,Barbatula,-30.96,14.12,0.33,0.14,SE,3,Muscle
ID_0741,6378,Spined loach,Cobitis taenia,Cypriniformes,Cobitidae,Cobitis,-31.07,15.31,0.44,0.46,SE,3,Muscle
ID_0741,62356,Bullhead,Cottus perifretum,Perciformes/Cottoidei,Cottidae,Cottus,-31.04,15.9,0.37,0.09,SE,3,Muscle
ID_0741,258,Northern pike,Esox lucius,Esociformes,Esocidae,Esox,-29.98,15.45,0.37,0.32,SE,3,Muscle
ID_0741,4478,Gudgeon,Gobio gobio,Cypriniformes,Gobionidae,Gobio,-30.96,13.76,0.44,0.23,SE,3,Muscle
ID_0741,4480,Lamprey,Lampetra fluviatilis,Petromyzontiformes,Petromyzontidae,Lampetra,-30.34,8.56,0.44,0.18,SE,3,Muscle
ID_0741,358,Perch,Perca fluviatilis,Perciformes/Percoidei,Percidae,Perca,-30.74,12.62,0.88,0.64,SE,3,Muscle
ID_0742,8419,Arctic charr,Alpinocottus poecilopus,Perciformes/Cottoidei,Cottidae,Alpinocottus,-20.81,7.15,3.2,0,SD,NA,Muscle
ID_0743,232,Adriatic roach_large,Coregonus lavaretus,Salmoniformes,Salmonidae,Coregonus,-25.92,7.3,2.3,0,SD,NA,Muscle
ID_0743,310,Burbot,Lota lota,Gadiformes,Lotidae,Lota,-19.31,8.83,0.86,1.52,SD,NA,Muscle
ID_0743,236,Brown trout,Salmo salar,Salmoniformes,Salmonidae,Salmo,-21.9,8.04,NA,NA,NA,1,Muscle
ID_0743,236,Brown trout,Salmo salar,Salmoniformes,Salmonidae,Salmo,-20.46,8.52,NA,NA,NA,1,Muscle
ID_0743,247,Arctic charr,Salvelinus alpinus,Salmoniformes,Salmonidae,Salvelinus,-24.2,7.15,2.87,0.6,SD,NA,Muscle
ID_0743,247,Arctic charr,Salvelinus alpinus,Salmoniformes,Salmonidae,Salvelinus,-23.05,8.22,1.72,1.22,SD,NA,Muscle
ID_0743,4605,Grayling,Thymallus thymallus,Salmoniformes,Salmonidae,Thymallus,-20.75,6.39,1.72,0,SD,NA,Muscle
ID_0744,2420,Three-spined stickleback,Gasterosteus aculeatus,Perciformes/Gasterosteoidei,Gasterosteidae,Gasterosteus,-31.38,10.35,2.87,0.61,SD,NA,Muscle
ID_0744,236,Brown trout,Salmo salar,Salmoniformes,Salmonidae,Salmo,-26.49,11.26,2.87,0.91,SD,NA,Muscle
ID_0744,247,Arctic charr,Salvelinus alpinus,Salmoniformes,Salmonidae,Salvelinus,-31.38,12.48,1.15,1.22,SD,NA,Muscle
ID_0745,232,Sparsely rakered European whitefish_large,Coregonus lavaretus,Salmoniformes,Salmonidae,Coregonus,-27.36,7.61,0.86,0,SD,NA,Muscle
ID_0745,310,Burbot,Lota lota,Gadiformes,Lotidae,Lota,-22.47,8.22,NA,NA,NA,1,Muscle
ID_0745,236,Brown trout,Salmo salar,Salmoniformes,Salmonidae,Salmo,-22.47,7.61,NA,NA,NA,1,Muscle
ID_0745,247,Arctic charr,Salvelinus alpinus,Salmoniformes,Salmonidae,Salvelinus,-25.06,10.65,1.44,0.91,SD,NA,Muscle
ID_0745,4605,Grayling,Thymallus thymallus,Salmoniformes,Salmonidae,Thymallus,-21.32,7,0.86,0,SD,NA,Muscle
ID_0746,232,Sparsely rakered European whitefish_large,Coregonus lavaretus,Salmoniformes,Salmonidae,Coregonus,-20.86,5.48,2.01,0.3,SD,NA,Muscle
ID_0746,310,Burbot,Lota lota,Gadiformes,Lotidae,Lota,-17.44,6.7,1.72,0.61,SD,NA,Muscle
ID_0746,4661,Minnow,Phoxinus phoxinus,Cypriniformes,Leuciscidae,Phoxinus,-18.87,6.39,1.72,0.61,SD,NA,Muscle
ID_0746,247,Arctic charr,Salvelinus alpinus,Salmoniformes,Salmonidae,Salvelinus,-24.9,6.09,2.01,0,SD,NA,Muscle
ID_0747,236,Brown trout,Salmo salar,Salmoniformes,Salmonidae,Salmo,-25.23,10.72,1.99,0.89,SD,NA,Muscle
ID_0747,247,Arctic charr,Salvelinus alpinus,Salmoniformes,Salmonidae,Salvelinus,-31.19,11.32,1.42,0.89,SD,NA,Muscle
ID_0747,4605,Grayling,Thymallus thymallus,Salmoniformes,Salmonidae,Thymallus,-26.93,12.21,1.99,0.89,SD,NA,Muscle
ID_0748,232,Sparsely rakered European whitefish_large,Coregonus lavaretus,Salmoniformes,Salmonidae,Coregonus,-27.78,7,1.7,0,SD,NA,Muscle
ID_0748,310,Burbot,Lota lota,Gadiformes,Lotidae,Lota,-19.26,8.83,1.7,0,SD,NA,Muscle
ID_0748,4661,Minnow,Phoxinus phoxinus,Cypriniformes,Leuciscidae,Phoxinus,-28.64,7.91,NA,NA,NA,1,Muscle
ID_0748,247,Arctic charr,Salvelinus alpinus,Salmoniformes,Salmonidae,Salvelinus,-21.53,7.91,2.84,1.22,SD,NA,Muscle
ID_0748,4605,Grayling,Thymallus thymallus,Salmoniformes,Salmonidae,Thymallus,-20.97,7,1.14,0,SD,NA,Muscle
ID_0749,236,Brown trout,Salmo salar,Salmoniformes,Salmonidae,Salmo,-23.33,7.15,1.44,0.89,SD,NA,Muscle
ID_0749,247,Arctic charr,Salvelinus alpinus,Salmoniformes,Salmonidae,Salvelinus,-26.21,7.15,2.01,0.89,SD,NA,Muscle
ID_0750,232,Sparsely rakered European whitefish_small,Coregonus lavaretus,Salmoniformes,Salmonidae,Coregonus,-27.5,10.43,NA,NA,NA,1,Muscle
ID_0750,232,Sparsely rakered European whitefish_large,Coregonus lavaretus,Salmoniformes,Salmonidae,Coregonus,-24.94,7.45,1.14,1.19,SD,NA,Muscle
ID_0750,2420,Three-spined stickleback,Gasterosteus aculeatus,Perciformes/Gasterosteoidei,Gasterosteidae,Gasterosteus,-25.8,6.26,1.42,0,SD,NA,Muscle
ID_0750,1341,Flounder,Platichthys flesus,Pleuronectiformes,Pleuronectidae,Platichthys,-28.92,8.94,NA,NA,NA,1,Muscle
ID_0750,1341,Flounder,Platichthys flesus,Pleuronectiformes,Pleuronectidae,Platichthys,-22.95,7.15,1.7,0,SD,NA,Muscle
ID_0750,236,Brown trout,Salmo salar,Salmoniformes,Salmonidae,Salmo,-26.08,8.04,NA,NA,NA,1,Muscle
ID_0750,247,Arctic charr,Salvelinus alpinus,Salmoniformes,Salmonidae,Salvelinus,-27.78,9.23,1.14,0,SD,NA,Muscle
ID_0750,4605,Grayling,Thymallus thymallus,Salmoniformes,Salmonidae,Thymallus,-25.8,6.85,NA,NA,NA,1,Muscle
ID_0751,310,Burbot,Lota lota,Gadiformes,Lotidae,Lota,-25.17,7.15,3.49,1.49,SD,NA,Muscle
ID_0751,4661,Minnow,Phoxinus phoxinus,Cypriniformes,Leuciscidae,Phoxinus,-24.88,6.55,3.2,1.19,SD,NA,Muscle
ID_0751,236,Brown trout,Salmo salar,Salmoniformes,Salmonidae,Salmo,-23.72,7.15,1.16,0,SD,NA,Muscle
ID_0751,236,Atlantic Salmon,Salmo salar,Salmoniformes,Salmonidae,Salmo,-23.43,5.66,1.45,0,SD,NA,Muscle
ID_0751,247,Arctic charr,Salvelinus alpinus,Salmoniformes,Salmonidae,Salvelinus,-27.21,6.55,1.74,0,SD,NA,Muscle
ID_0751,4605,Grayling,Thymallus thymallus,Salmoniformes,Salmonidae,Thymallus,-23.43,5.96,1.74,0,SD,NA,Muscle
ID_0752,2420,Three-spined stickleback,Gasterosteus aculeatus,Perciformes/Gasterosteoidei,Gasterosteidae,Gasterosteus,-23.91,8.04,1.44,0,SD,NA,Muscle
ID_0752,236,Brown trout,Salmo salar,Salmoniformes,Salmonidae,Salmo,-21.32,7.74,1.72,0.89,SD,NA,Muscle
ID_0752,247,Arctic charr,Salvelinus alpinus,Salmoniformes,Salmonidae,Salvelinus,-24.2,7.15,2.59,0.6,SD,NA,Muscle
ID_0753,231,Vendace,Coregonus albula,Salmoniformes,Salmonidae,Coregonus,-29.08,7.74,NA,NA,NA,1,Muscle
ID_0753,232,Sparsely rakered European whitefish_large,Coregonus lavaretus,Salmoniformes,Salmonidae,Coregonus,-25.06,7.45,2.59,0.6,SD,NA,Muscle
ID_0753,258,Northern pike,Esox lucius,Esociformes,Esocidae,Esox,-24.2,8.34,NA,NA,NA,1,Muscle
ID_0753,2420,Three-spined stickleback,Gasterosteus aculeatus,Perciformes/Gasterosteoidei,Gasterosteidae,Gasterosteus,-29.08,5.96,2.3,0,SD,NA,Muscle
ID_0753,358,Perch,Perca fluviatilis,Perciformes/Percoidei,Percidae,Perca,-23.05,8.04,1.72,0,SD,NA,Muscle
ID_0753,3273,Ninespine stickleback,Pungitius pungitius,Perciformes/Gasterosteoidei,Gasterosteidae,Pungitius,-26.78,7.74,1.72,0.6,SD,NA,Muscle
ID_0753,236,Brown trout,Salmo salar,Salmoniformes,Salmonidae,Salmo,-24.48,9.23,2.01,0.6,SD,NA,Muscle
ID_0753,247,Arctic charr,Salvelinus alpinus,Salmoniformes,Salmonidae,Salvelinus,-26.49,9.53,1.15,0.89,SD,NA,Muscle
ID_0754,231,Vendace,Coregonus albula,Salmoniformes,Salmonidae,Coregonus,-30.23,8.64,NA,NA,NA,1,Muscle
ID_0754,232,Sparsely rakered European whitefish_large,Coregonus lavaretus,Salmoniformes,Salmonidae,Coregonus,-29.37,7.45,NA,NA,NA,1,Muscle
ID_0754,358,Perch,Perca fluviatilis,Perciformes/Percoidei,Percidae,Perca,-26.21,6.85,1.44,0,SD,NA,Muscle
ID_0754,236,Brown trout,Salmo salar,Salmoniformes,Salmonidae,Salmo,-27.07,8.64,1.15,0.89,SD,NA,Muscle
ID_0754,247,Arctic charr,Salvelinus alpinus,Salmoniformes,Salmonidae,Salvelinus,-27.36,10.43,0.86,0.6,SD,NA,Muscle
ID_0755,8419,Alpine bullhead,Alpinocottus poecilopus,Perciformes/Cottoidei,Cottidae,Alpinocottus,-18.69,8.64,1.14,0,SD,NA,Muscle
ID_0755,232,Sparsely rakered European whitefish_large,Coregonus lavaretus,Salmoniformes,Salmonidae,Coregonus,-27.22,7.45,NA,NA,NA,1,Muscle
ID_0755,258,Northern pike,Esox lucius,Esociformes,Esocidae,Esox,-21.82,9.53,1.14,0,SD,NA,Muscle
ID_0755,310,Burbot,Lota lota,Gadiformes,Lotidae,Lota,-17.84,7.15,2.84,1.49,SD,NA,Muscle
ID_0755,236,Brown trout,Salmo salar,Salmoniformes,Salmonidae,Salmo,-22.67,8.04,1.7,0.6,SD,NA,Muscle
ID_0755,247,Arctic charr,Salvelinus alpinus,Salmoniformes,Salmonidae,Salvelinus,-25.8,11.02,1.42,0,SD,NA,Muscle
ID_0755,4605,Grayling,Thymallus thymallus,Salmoniformes,Salmonidae,Thymallus,-22.1,7.15,1.7,0.6,SD,NA,Muscle
ID_0756,232,Densely rakered European whitefish,Coregonus lavaretus,Salmoniformes,Salmonidae,Coregonus,-29.83,8.34,NA,NA,NA,1,Muscle
ID_0756,232,Sparsely rakered European whitefish_small,Coregonus lavaretus,Salmoniformes,Salmonidae,Coregonus,-29.53,9.83,0.58,0,SD,NA,Muscle
ID_0756,232,Sparsely rakered European whitefish_large,Coregonus lavaretus,Salmoniformes,Salmonidae,Coregonus,-26.92,7.15,0.87,0,SD,NA,Muscle
ID_0756,358,Perch,Perca fluviatilis,Perciformes/Percoidei,Percidae,Perca,-27.79,6.85,1.16,0.3,SD,NA,Muscle
ID_0756,236,Brown trout,Salmo salar,Salmoniformes,Salmonidae,Salmo,-27.79,9.83,0.87,0.6,SD,NA,Muscle
ID_0756,247,Arctic charr,Salvelinus alpinus,Salmoniformes,Salmonidae,Salvelinus,-28.37,11.62,NA,NA,NA,1,Muscle
ID_0757,231,Vendace,Coregonus albula,Salmoniformes,Salmonidae,Coregonus,-29.94,8.64,NA,NA,NA,1,Muscle
ID_0757,232,Sparsely rakered European whitefish_small,Coregonus lavaretus,Salmoniformes,Salmonidae,Coregonus,-28.51,10.72,NA,NA,NA,1,Muscle
ID_0757,232,Densely rakered European whitefish,Coregonus lavaretus,Salmoniformes,Salmonidae,Coregonus,-27.07,8.34,1.72,0.6,SD,NA,Muscle
ID_0757,232,Sparsely rakered European whitefish_large,Coregonus lavaretus,Salmoniformes,Salmonidae,Coregonus,-25.63,8.34,NA,NA,NA,1,Muscle
ID_0757,258,Northern pike,Esox lucius,Esociformes,Esocidae,Esox,-24.77,9.53,0.86,0,SD,NA,Muscle
ID_0757,358,Perch,Perca fluviatilis,Perciformes/Percoidei,Percidae,Perca,-24.48,8.64,2.01,1.19,SD,NA,Muscle
ID_0757,3273,Ninespine stickleback,Pungitius pungitius,Perciformes/Gasterosteoidei,Gasterosteidae,Pungitius,-25.06,7.15,2.59,0.89,SD,NA,Muscle
ID_0757,236,Brown trout,Salmo salar,Salmoniformes,Salmonidae,Salmo,-26.78,9.83,1.72,0,SD,NA,Muscle
ID_0757,247,Arctic charr,Salvelinus alpinus,Salmoniformes,Salmonidae,Salvelinus,-27.64,11.32,1.72,0.89,SD,NA,Muscle
ID_0757,248,Lake trout,Salvelinus namaycush,Salmoniformes,Salmonidae,Salvelinus,-25.63,11.62,1.44,0,SD,NA,Muscle
ID_0757,4605,Grayling,Thymallus thymallus,Salmoniformes,Salmonidae,Thymallus,-22.18,7.45,NA,NA,NA,1,Muscle
ID_0758,1696,Big-scale sand smelt,Atherina boyeri,Atheriniformes,Atherinidae,Atherina,-18.05,5.8,0.32,0,SD,NA,Muscle
ID_0758,258,Northern pike,Esox lucius,Esociformes,Esocidae,Esox,-12.9,10.79,0.64,0.4,SD,NA,Muscle
ID_0758,3372,Pumpkinseed sunfish,Lepomis gibbosus,Centrarchiformes,Centrarchidae,Lepomis,-13.95,8.63,1.21,0.67,SD,NA,Muscle
ID_0758,3385,Largemouth bass,Micropterus salmoides,Centrarchiformes,Centrarchidae,Micropterus,-14.91,9.98,0.56,0.54,SD,NA,Muscle
ID_0758,358,Perch,Perca fluviatilis,Perciformes/Percoidei,Percidae,Perca,-14.75,10.25,0.32,0.4,SD,NA,Muscle
ID_0758,4877,Freshwater blenny,Salariopsis fluviatilis,Blenniiformes,Blenniidae,Salariopsis,-14.27,5.66,2.01,0,SD,NA,Muscle
ID_0758,269,Tench,Tinca tinca,Cypriniformes,Tincidae,Tinca,-12.9,7.15,0.48,0.4,SD,NA,Muscle
ID_0759,35,European eel,Anguilla anguilla,Anguilliformes,Anguillidae,Anguilla,-15.2,8.8,0.48,0.44,SD,NA,Muscle
ID_0759,1696,Big-scale sand smelt,Atherina boyeri,Atheriniformes,Atherinidae,Atherina,-17.54,8.71,0.37,0,SD,NA,Muscle
ID_0759,270,Crucian carp,Carassius carassius,Cypriniformes,Cyprinidae,Carassius,-14.25,6.4,0.48,0.36,SD,NA,Muscle
ID_0759,232,European whitefish,Coregonus lavaretus,Salmoniformes,Salmonidae,Coregonus,-19.98,9.69,0.21,0.71,SD,NA,Muscle
ID_0759,258,Northern pike,Esox lucius,Esociformes,Esocidae,Esox,-15.47,9.42,0.58,0.27,SD,NA,Muscle
ID_0759,3372,Pumpkinseed sunfish,Lepomis gibbosus,Centrarchiformes,Centrarchidae,Lepomis,-14.35,9.24,0.96,0.71,SD,NA,Muscle
ID_0759,26082,NA,Leucos aula,Cypriniformes,Leuciscidae,Leucos,-10.8,6.49,0.42,0.44,SD,NA,Muscle
ID_0759,3385,Largemouth bass,Micropterus salmoides,Centrarchiformes,Centrarchidae,Micropterus,-13.77,9.51,1.06,0.89,SD,NA,Muscle
ID_0759,785,Flathead grey mullet,Mugil cephalus,Mugiliformes,Mugilidae,Mugil,-16.05,9.24,2.34,1.33,SD,NA,Muscle
ID_0759,358,Perch,Perca fluviatilis,Perciformes/Percoidei,Percidae,Perca,-14.88,10.76,0.32,0.36,SD,NA,Muscle
ID_0759,4877,Freshwater blenny,Salariopsis fluviatilis,Blenniiformes,Blenniidae,Salariopsis,-16.9,8.98,2.02,0,SD,NA,Muscle
ID_0759,26090,NA,Sarmarutilus rubilio,Cypriniformes,Leuciscidae,Sarmarutilus,-16.69,8.44,1.38,0.71,SD,NA,Muscle
ID_0759,2951,Rudd,Scardinius erythrophthalmus,Cypriniformes,Leuciscidae,Scardinius,-16.05,8.53,1.33,0.44,SD,NA,Muscle
ID_0759,269,Tench,Tinca tinca,Cypriniformes,Tincidae,Tinca,-14.46,7.91,1.17,0.44,SD,NA,Muscle
ID_0760,271,Goldfish,Carassius auratus,Cypriniformes,Cyprinidae,Carassius,-24.38,14.8,0,0,NA,NA,Muscle
ID_0760,4799,Snakehead,Channa argus,Anabantiformes,Channidae,Channa,-18.77,18.71,0,0,NA,NA,Muscle
ID_0760,630,Lake anchony,Coilia nasus,Clupeiformes,Engraulidae,Coilia,-23.16,20.16,0.4,0,NA,NA,Muscle
ID_0760,79,Grass carp,Ctenopharyngodon idella,Cypriniformes,Xenocyprididae,Ctenopharyngodon,-23.74,17.03,1.44,2.18,NA,NA,Muscle
ID_0760,46708,Topmouth culter,Culter alburnus,Cypriniformes,Xenocyprididae,Culter,-22.76,18.76,0,0.84,NA,NA,Muscle
ID_0760,1450,Common carp,Cyprinus carpio,Cypriniformes,Cyprinidae,Cyprinus,-22.06,16.47,0.58,0.56,NA,NA,Muscle
ID_0760,12068,Yellowcheek carp,Elopichthys bambusa,Cypriniformes,Xenocyprididae,Elopichthys,-22.47,18.93,0.35,0.61,NA,NA,Muscle
ID_0760,274,Silver carp,Hypophthalmichthys molitrix,Cypriniformes,Xenocyprididae,Hypophthalmichthys,-27.09,18.37,4.04,0,NA,NA,Muscle
ID_0760,275,Bighead carp,Hypophthalmichthys nobilis,Cypriniformes,Xenocyprididae,Hypophthalmichthys,-21.95,15.53,0.69,0,NA,NA,Muscle
ID_0760,3016,Loach,Misgurnus anguillicaudatus,Cypriniformes,Cobitidae,Misgurnus,-26.45,13.57,0.06,0,NA,NA,Muscle
ID_0760,4602,Black carp,Mylopharyngodon piceus,Cypriniformes,Xenocyprididae,Mylopharyngodon,-24.09,16.42,0,0,NA,NA,Muscle
ID_0760,46742,Smallscale yellowfin,Plagiognathops microlepis,Cypriniformes,Xenocyprididae,Plagiognathops,-22.99,17.53,0.06,1,NA,NA,Muscle
ID_0760,4691,Stone moroko,Pseudorasbora parva,Cypriniformes,Gobionidae,Pseudorasbora,-26.97,14.24,0.17,0.67,NA,NA,Muscle
ID_0760,47139,Icefish,Salanx prognathus,Osmeriformes,Salangidae,Salanx,-24.32,20.83,0,0,NA,NA,Muscle
ID_0760,6566,Amur catfish,Silurus asotus,Siluriformes,Siluridae,Silurus,-18.31,18.87,0.46,0.33,NA,NA,Muscle
ID_0760,28054,Mandarin fish,Siniperca chuatsi,Centrarchiformes,Sinipercidae,Siniperca,-21.43,17.03,0,0,NA,NA,Muscle
ID_0760,28052,Yellow fish,Tachysurus fulvidraco,Siluriformes,Bagridae,Tachysurus,-22.99,17.53,0.23,0.22,NA,NA,Muscle
ID_0761,9855,Turquoise killifish,Nothobranchius furzeri,Cyprinodontiformes,Nothobranchiidae,Nothobranchius,-23.34,10.38,1.43,0.63,SD,10,Muscle
ID_0761,8379,Spotted killifish,Nothobranchius orthonotus,Cyprinodontiformes,Nothobranchiidae,Nothobranchius,-22.18,10.15,1.05,0.29,SD,10,Muscle
ID_0761,65874,NA,Nothobranchius pienaari,Cyprinodontiformes,Nothobranchiidae,Nothobranchius,-23.48,10.27,0.95,0.28,SD,7,Whole
ID_0762,9855,Turquoise killifish,Nothobranchius furzeri,Cyprinodontiformes,Nothobranchiidae,Nothobranchius,-21.97,10.46,1.14,0.43,SD,10,Muscle
ID_0762,8379,Spotted killifish,Nothobranchius orthonotus,Cyprinodontiformes,Nothobranchiidae,Nothobranchius,-22.68,10.68,1.02,0.45,SD,10,Muscle
ID_0762,65874,NA,Nothobranchius pienaari,Cyprinodontiformes,Nothobranchiidae,Nothobranchius,-21.95,9.06,1.84,0.56,SD,10,Muscle
ID_0763,9855,Turquoise killifish,Nothobranchius furzeri,Cyprinodontiformes,Nothobranchiidae,Nothobranchius,-20.93,10.45,0.79,0.24,SD,10,Muscle
ID_0763,8379,Spotted killifish,Nothobranchius orthonotus,Cyprinodontiformes,Nothobranchiidae,Nothobranchius,-21.29,10.42,1.12,0.27,SD,9,Muscle
ID_0763,65874,NA,Nothobranchius pienaari,Cyprinodontiformes,Nothobranchiidae,Nothobranchius,-20.79,9.55,1.05,0.33,SD,10,Muscle
ID_0764,NA,Stickleback,Gasterosteidae,Perciformes/Gasterosteoidei,Gasterosteidae,NA,-23.68,7.68,3.06,2.25,SD,NA,Muscle
ID_0764,247,Arctic charr_large,Salvelinus alpinus,Salmoniformes,Salmonidae,Salvelinus,-23.64,7.27,1.04,0.85,SD,40,Muscle
ID_0765,NA,Stickleback,Gasterosteidae,Perciformes/Gasterosteoidei,Gasterosteidae,NA,-23.71,7.26,2.17,1.88,SD,NA,Muscle
ID_0765,247,Arctic charr_large,Salvelinus alpinus,Salmoniformes,Salmonidae,Salvelinus,-23.46,8.3,1.48,0.76,SD,13,Muscle
ID_0766,NA,Stickleback,Gasterosteidae,Perciformes/Gasterosteoidei,Gasterosteidae,NA,-23.71,7.26,2.17,1.88,SD,NA,Muscle
ID_0766,247,Arctic charr_large,Salvelinus alpinus,Salmoniformes,Salmonidae,Salvelinus,-25.2,7.95,0.97,0.69,SD,17,Muscle
ID_0767,NA,Stickleback,Gasterosteidae,Perciformes/Gasterosteoidei,Gasterosteidae,NA,-23.71,7.26,2.17,1.88,SD,NA,Muscle
ID_0767,247,Arctic charr_large,Salvelinus alpinus,Salmoniformes,Salmonidae,Salvelinus,-23.96,7.76,1.98,0.66,SD,12,Muscle
ID_0768,NA,Stickleback,Gasterosteidae,Perciformes/Gasterosteoidei,Gasterosteidae,NA,-23.68,7.68,3.06,2.25,SD,NA,Muscle
ID_0768,247,Arctic charr_large,Salvelinus alpinus,Salmoniformes,Salmonidae,Salvelinus,-24.41,8.36,2.39,1.04,SD,34,Muscle
ID_0769,NA,Stickleback,Gasterosteidae,Perciformes/Gasterosteoidei,Gasterosteidae,NA,-23.68,7.68,3.06,2.25,SD,NA,Muscle
ID_0769,247,Arctic charr_large,Salvelinus alpinus,Salmoniformes,Salmonidae,Salvelinus,-23.79,8.59,1.14,0.98,SD,23,Muscle
ID_0770,64841,Marmara barbel,Barbus oligolepis,Cypriniformes,Cyprinidae,Barbus,-28.52,16.31,0.53,0.59,SD,9,Muscle
ID_0770,6376,Prussian carp,Carassius gibelio,Cypriniformes,Cyprinidae,Carassius,-27.16,15.08,1.02,0.71,SD,6,Muscle
ID_0770,4583,Thinlip mullet,Chelon ramada,Mugiliformes,Mugilidae,Chelon,-33.36,14.62,1.87,1.35,SD,5,Muscle
ID_0770,785,Flathead grey mullet,Mugil cephalus,Mugiliformes,Mugilidae,Mugil,-33.08,15.7,0.74,0.39,SD,3,Muscle
ID_0770,1341,Flounder,Platichthys flesus,Pleuronectiformes,Pleuronectidae,Platichthys,-29.41,16.6,1.48,0.45,SD,10,Muscle
ID_0771,64207,Bakir shemaya,Alburnus attalus,Cypriniformes,Leuciscidae,Alburnus,-27.46,15.35,0.88,0.61,SD,9,Muscle
ID_0771,64841,Marmara barbel,Barbus oligolepis,Cypriniformes,Cyprinidae,Barbus,-27.94,15.92,0.58,0.45,SD,6,Muscle
ID_0771,6376,Prussian carp,Carassius gibelio,Cypriniformes,Cyprinidae,Carassius,-27.9,14.24,1.49,1.86,SD,12,Muscle
ID_0771,4583,Thinlip mullet,Chelon ramada,Mugiliformes,Mugilidae,Chelon,-30.53,14.56,1.75,0.87,SD,7,Muscle
ID_0771,785,Flathead grey mullet,Mugil cephalus,Mugiliformes,Mugilidae,Mugil,-28.53,13.53,0.94,2.39,SD,8,Muscle
ID_0771,4483,European bitterling,Rhodeus amarus,Cypriniformes,Acheilognathidae,Rhodeus,-26.76,14.77,1.16,0.72,SD,19,Muscle
ID_0771,63478,European chub,Squalius cii,Cypriniformes,Leuciscidae,Squalius,-28.05,15.56,0.97,0.72,SD,5,Muscle
ID_0772,64207,Bakir shemaya,Alburnus attalus,Cypriniformes,Leuciscidae,Alburnus,-26.17,14.55,0.15,0.59,SD,6,Muscle
ID_0772,64841,Marmara barbel,Barbus oligolepis,Cypriniformes,Cyprinidae,Barbus,-25.34,13.51,1.41,0.82,SD,7,Muscle
ID_0772,6376,Prussian carp,Carassius gibelio,Cypriniformes,Cyprinidae,Carassius,-27.59,15.18,1.48,1.6,SD,14,Muscle
ID_0772,63478,European chub,Squalius cii,Cypriniformes,Leuciscidae,Squalius,-27.61,14.79,1.09,0.81,SD,4,Muscle
ID_0773,64207,Bakir shemaya,Alburnus attalus,Cypriniformes,Leuciscidae,Alburnus,-28.72,15.4,0.42,0.37,SD,6,Muscle
ID_0773,64841,Marmara barbel,Barbus oligolepis,Cypriniformes,Cyprinidae,Barbus,-27.35,15.49,1.21,0.89,SD,9,Muscle
ID_0773,6376,Prussian carp,Carassius gibelio,Cypriniformes,Cyprinidae,Carassius,-27.87,14.31,1.67,1.36,SD,6,Muscle
ID_0773,1450,Common carp,Cyprinus carpio,Cypriniformes,Cyprinidae,Cyprinus,-27.11,12.38,2.86,2.24,SD,4,Muscle
ID_0773,4521,Eastern mosquitofish,Gambusia holbrooki,Cyprinodontiformes,Poeciliidae,Gambusia,-26.6,16.13,0.13,0.2,SD,4,Muscle
ID_0773,4483,European bitterling,Rhodeus amarus,Cypriniformes,Acheilognathidae,Rhodeus,-29.89,14.8,0.89,0.28,SD,7,Muscle
ID_0773,63478,European chub,Squalius cii,Cypriniformes,Leuciscidae,Squalius,-26.84,14.86,0.67,0.63,SD,10,Muscle
ID_0774,64207,Bakir shemaya,Alburnus attalus,Cypriniformes,Leuciscidae,Alburnus,-27.66,15.37,0.93,0.63,SD,9,Muscle
ID_0774,64841,Marmara barbel,Barbus oligolepis,Cypriniformes,Cyprinidae,Barbus,-27.84,13.89,1.01,0.51,SD,18,Muscle
ID_0774,6376,Prussian carp,Carassius gibelio,Cypriniformes,Cyprinidae,Carassius,-26.41,12.99,0.92,1.28,SD,9,Muscle
ID_0774,65118,Gudgeon,Gobio kovatschevi,Cypriniformes,Gobionidae,Gobio,-28.39,16.76,0.41,0.85,SD,5,Muscle
ID_0774,4483,European bitterling,Rhodeus amarus,Cypriniformes,Acheilognathidae,Rhodeus,-27.09,13.58,1.56,0.49,SD,11,Muscle
ID_0774,63478,European chub,Squalius cii,Cypriniformes,Leuciscidae,Squalius,-25.72,12.94,0.73,0.45,SD,9,Muscle
ID_0775,64841,Marmara barbel,Barbus oligolepis,Cypriniformes,Cyprinidae,Barbus,-27.85,13.9,1.01,0.51,SD,18,Muscle
ID_0775,6376,Prussian carp,Carassius gibelio,Cypriniformes,Cyprinidae,Carassius,-26.46,13.45,1.07,0.57,SD,7,Muscle
ID_0775,4483,European bitterling,Rhodeus amarus,Cypriniformes,Acheilognathidae,Rhodeus,-27.1,13.6,1.56,0.49,SD,11,Muscle
ID_0775,63478,European chub,Squalius cii,Cypriniformes,Leuciscidae,Squalius,-25.75,12.96,0.74,0.45,SD,9,Muscle
ID_0776,6519,Silver catfish,Bagrus docmak,Siluriformes,Bagridae,Bagrus,-14.21,9.02,NA,NA,SE,1,Muscle
ID_0776,NA,Barb,Barbus sp,Cypriniformes,Cyprinidae,Barbus,-14.98,6.67,0.72,0.21,SE,6,Muscle
ID_0776,4648,Sadlers robber,Brycinus sadleri,Characiformes,Alestidae,Brycinus,-16.86,8.69,0.27,0.22,SE,57,Muscle
ID_0776,1934,Sharptooth catfish,Clarias gariepinus,Siluriformes,Clariidae,Clarias,-18.04,8.09,1.87,0.54,SE,3,Muscle
ID_0776,NA,Cichlids,Haplochromis sp,Cichliformes,Cichlidae,Haplochromis,-16.68,8.55,0.2,0.11,SE,204,Muscle
ID_0776,11588,Ningu,Labeo victorianus,Cypriniformes,Cyprinidae,Labeo,-17.79,7.34,0.48,1.59,SE,3,Muscle
ID_0776,347,Nile perch,Lates niloticus,Carangaria/misc,Latidae,Lates,-16.91,8.58,0.12,0.07,SE,516,Muscle
ID_0776,10060,Longtail spiny eel,Mastacembelus frenatus,Synbranchiformes,Mastacembelidae,Mastacembelus,-21.39,10.15,NA,NA,SE,1,Muscle
ID_0776,8767,Elephant-snout fish,Mormyrus kannume,Osteoglossiformes,Mormyridae,Mormyrus,-18.24,8.21,NA,NA,SE,1,Muscle
ID_0776,2,Nile tilapia,Oreochromis niloticus,Cichliformes,Cichlidae,Oreochromis,-16.59,5.22,0.63,0.53,SE,12,Muscle
ID_0776,8734,Marbled lungfish,Protopterus aethiopicus,Ceratodontiformes,Protopteridae,Protopterus,-17.64,8.09,1.03,0.49,SE,4,Muscle
ID_0776,281,Dagaa,Rastrineobola argentea,Cypriniformes,Danionidae,Rastrineobola,-14.91,9.31,0.59,0.41,SE,20,Muscle
ID_0776,12914,Silver cafish,Schilbe intermedius,Siluriformes,Schilbeidae,Schilbe,-16.88,8.44,0.44,0.25,SE,11,Muscle
ID_0776,9533,Marbled squaker,Synodontis afrofischeri,Siluriformes,Mochokidae,Synodontis,-17.11,8.04,2.18,0.25,SE,3,Muscle
ID_0776,9638,Victoria squaker,Synodontis victoriae,Siluriformes,Mochokidae,Synodontis,-18.27,9.44,0.34,0.18,SE,44,Muscle
ID_0777,4661,Minnow,Phoxinus phoxinus,Cypriniformes,Leuciscidae,Phoxinus,-10.84,4.87,0.66,0.54,SD,5,Scale
ID_0777,238,Brown trout,Salmo trutta,Salmoniformes,Salmonidae,Salmo,-14.29,6.29,1.75,0.79,SD,6,Scale
ID_0777,247,Arctic charr,Salvelinus alpinus,Salmoniformes,Salmonidae,Salvelinus,-13.98,6.09,3.42,0.47,SD,17,Scale
ID_0778,248,Lake trout,Salvelinus namaycush,Salmoniformes,Salmonidae,Salvelinus,-12.02,5.05,1.61,0.81,SD,36,Scale
ID_0779,4661,Minnow,Phoxinus phoxinus,Cypriniformes,Leuciscidae,Phoxinus,-22.38,6.1,0.42,0.82,SD,5,Scale
ID_0779,247,Arctic charr,Salvelinus alpinus,Salmoniformes,Salmonidae,Salvelinus,-18.59,5,0.84,0.87,SD,24,Scale
ID_0780,2439,Bullhead,Cottus gobio,Perciformes/Cottoidei,Cottidae,Cottus,-25.58,9.08,2.44,0.73,SD,3,Scale
ID_0780,4661,Minnow,Phoxinus phoxinus,Cypriniformes,Leuciscidae,Phoxinus,-25.5,7.04,1.13,0.18,SD,5,Scale
ID_0780,238,Brown trout,Salmo trutta,Salmoniformes,Salmonidae,Salmo,-21.27,8.84,0.49,0.51,SD,6,Scale
ID_0780,247,Arctic charr,Salvelinus alpinus,Salmoniformes,Salmonidae,Salvelinus,-26.53,7.88,1.57,0.73,SD,31,Scale
ID_0781,4661,Minnow,Phoxinus phoxinus,Cypriniformes,Leuciscidae,Phoxinus,-22.75,7.49,NA,NA,SD,1,Scale
ID_0781,247,Arctic charr,Salvelinus alpinus,Salmoniformes,Salmonidae,Salvelinus,-17.43,7.13,NA,NA,SD,1,Scale
ID_0781,248,Lake trout,Salvelinus namaycush,Salmoniformes,Salmonidae,Salvelinus,-16.99,9.6,NA,NA,SD,1,Scale
ID_0782,4661,Minnow,Phoxinus phoxinus,Cypriniformes,Leuciscidae,Phoxinus,-25.99,7.72,0.67,0.18,SD,5,Scale
ID_0782,238,Brown trout,Salmo trutta,Salmoniformes,Salmonidae,Salmo,-21.32,8.16,1.14,1.12,SD,2,Scale
ID_0782,247,Arctic charr,Salvelinus alpinus,Salmoniformes,Salmonidae,Salvelinus,-27.06,6.59,0.45,0.15,SD,6,Scale
ID_0783,247,Arctic charr,Salvelinus alpinus,Salmoniformes,Salmonidae,Salvelinus,-15.25,5.83,1.91,0.86,SD,14,Scale
ID_0783,248,Lake trout,Salvelinus namaycush,Salmoniformes,Salmonidae,Salvelinus,-15.52,6.29,1.68,1.03,SD,7,Scale
ID_0784,247,Arctic charr,Salvelinus alpinus,Salmoniformes,Salmonidae,Salvelinus,-22.2,6.44,2.47,0.79,SD,74,Muscle
ID_0785,238,Brown trout,Salmo trutta,Salmoniformes,Salmonidae,Salmo,-23.88,6,0.71,0.57,SD,30,Muscle
ID_0786,2420,Three-spined stickleback,Gasterosteus aculeatus,Perciformes/Gasterosteoidei,Gasterosteidae,Gasterosteus,-24.62,4.11,3.9,0.71,SD,NA,Muscle
ID_0786,238,Brown trout,Salmo trutta,Salmoniformes,Salmonidae,Salmo,-26.75,8.11,1.77,1.5,SD,22,Muscle
ID_0786,247,Arctic charr,Salvelinus alpinus,Salmoniformes,Salmonidae,Salvelinus,-31,7.04,0.35,0.07,SD,14,Muscle
ID_0787,238,Brown trout,Salmo trutta,Salmoniformes,Salmonidae,Salmo,-22.98,7.04,1.81,0.79,SD,20,Muscle
ID_0787,247,Arctic charr,Salvelinus alpinus,Salmoniformes,Salmonidae,Salvelinus,-26.84,7.54,1.81,1.43,SD,20,Muscle
ID_0788,238,Brown trout,Salmo trutta,Salmoniformes,Salmonidae,Salmo,-21.45,7.87,2.13,0.6,SD,20,Muscle
ID_0788,247,Arctic charr,Salvelinus alpinus,Salmoniformes,Salmonidae,Salvelinus,-24.85,8.38,2.83,0.94,SD,20,Muscle
ID_0789,310,Burbot,Lota lota,Gadiformes,Lotidae,Lota,-23.58,6.71,1.69,1.45,SD,NA,Muscle
ID_0789,236,Atlantic Salmon,Salmo salar,Salmoniformes,Salmonidae,Salmo,-22.16,5.41,0.99,0.17,SD,NA,Muscle
ID_0789,238,Brown trout,Salmo trutta,Salmoniformes,Salmonidae,Salmo,-22.87,6.36,1.83,0.94,SD,20,Muscle
ID_0789,247,Arctic charr,Salvelinus alpinus,Salmoniformes,Salmonidae,Salvelinus,-25.41,6.31,2.82,0.6,SD,23,Muscle
ID_0789,4605,Grayling,Thymallus thymallus,Salmoniformes,Salmonidae,Thymallus,-24.14,5.69,2.54,0.51,SD,NA,Muscle
ID_0790,310,Burbot,Lota lota,Gadiformes,Lotidae,Lota,-22.38,6.9,1.93,0.79,SD,NA,Muscle
ID_0790,238,Brown trout,Salmo trutta,Salmoniformes,Salmonidae,Salmo,-22.5,7.61,0.48,0.57,SD,20,Muscle
ID_0790,247,Arctic charr,Salvelinus alpinus,Salmoniformes,Salmonidae,Salvelinus,-23.1,7.4,1.57,0.93,SD,20,Muscle
ID_0791,2420,Three-spined stickleback,Gasterosteus aculeatus,Perciformes/Gasterosteoidei,Gasterosteidae,Gasterosteus,-22.05,4.24,2.12,0,SD,NA,Muscle
ID_0791,238,Brown trout,Salmo trutta,Salmoniformes,Salmonidae,Salmo,-24.17,7.43,1.69,0.78,SD,20,Muscle
ID_0791,247,Arctic charr,Salvelinus alpinus,Salmoniformes,Salmonidae,Salvelinus,-26.14,6.83,3.53,0.52,SD,20,Muscle
ID_0792,238,Brown trout,Salmo trutta,Salmoniformes,Salmonidae,Salmo,-26.06,8.29,0.85,1.29,SD,19,Muscle
ID_0792,247,Arctic charr,Salvelinus alpinus,Salmoniformes,Salmonidae,Salvelinus,-31.02,8.11,1.42,0.69,SD,17,Muscle
ID_0793,50227,Spottail chub,Algansea tincella,Cypriniformes,Leuciscidae,Algansea,-26.64,9.26,0.87,0.58,SE,NA,Muscle
ID_0793,11933,Bulldog goodeid,Alloophorus robustus,Cyprinodontiformes,Goodeidae,Alloophorus,-21.36,12.44,0.76,0.87,SE,NA,Muscle
ID_0793,59987,Zacapu allotoca,Allotoca zacapuensis,Cyprinodontiformes,Goodeidae,Allotoca,-20.21,10.87,1.64,1.32,SE,NA,Muscle
ID_0793,48419,NA,Chirostoma humboldtianum,Atheriniformes,Atherinopsidae,Chirostoma,-24.9,11.84,1.58,0.8,SE,NA,Muscle
ID_0793,79,Grass carp,Ctenopharyngodon idella,Cypriniformes,Xenocyprididae,Ctenopharyngodon,-22.44,8.77,0.39,0.23,SE,NA,Muscle
ID_0793,1450,Common carp,Cyprinus carpio,Cypriniformes,Cyprinidae,Cyprinus,-23.85,9.18,0.69,0.26,SE,NA,Muscle
ID_0793,11945,Blackfin goodea ,Goodea atripinnis,Cyprinodontiformes,Goodeidae,Goodea,-23.17,8.32,1.77,1.06,SE,NA,Muscle
ID_0793,6241,Highland splitfin ,Hubbsina turneri,Cyprinodontiformes,Goodeidae,Hubbsina,-23.09,10.21,1.99,0.93,SE,NA,Muscle
ID_0793,65658,Zacapu shiner,Notropis grandis,Cypriniformes,Leuciscidae,Notropis,-23.78,10.53,0.89,0.9,SE,NA,Muscle
ID_0793,47233,Lerma livebearer ,Poeciliopsis infans,Cyprinodontiformes,Poeciliidae,Poeciliopsis,-20.21,10.2,0.87,0.84,SE,NA,Muscle
ID_0793,46444,Olive skiffia,Skiffia lermae,Cyprinodontiformes,Goodeidae,Skiffia,-20.66,9.39,0.91,0.74,SE,NA,Muscle
ID_0793,11955,Jeweled splitfin,Xenotoca variata,Cyprinodontiformes,Goodeidae,Xenotoca,-22.37,10.7,1.13,0.93,SE,NA,Muscle
ID_0793,11956,Picotee goodeid,Zoogoneticus quitzeoensis,Cyprinodontiformes,Goodeidae,Zoogoneticus,-21.57,11.57,0.78,0.55,SE,NA,Muscle
ID_0794,2420,Three-spined stickleback,Gasterosteus aculeatus,Perciformes/Gasterosteoidei,Gasterosteidae,Gasterosteus,-20.77,7.2,4.81,0.84,SD,NA,Muscle
ID_0794,236,Atlantic salmon,Salmo salar,Salmoniformes,Salmonidae,Salmo,-15.4,6.9,2.26,0,SD,NA,Muscle
ID_0795,232,European whitefish,Coregonus lavaretus,Salmoniformes,Salmonidae,Coregonus,-25.25,8.36,2.13,0.94,SD,51,Muscle
ID_0795,310,Burbot,Lota lota,Gadiformes,Lotidae,Lota,-19.25,9.98,0.75,0,SD,NA,Muscle
ID_0795,358,Perch,Perca fluviatilis,Perciformes/Percoidei,Percidae,Perca,-24.22,7.41,0,0,SD,NA,Muscle
ID_0795,4661,Minnow,Phoxinus phoxinus,Cypriniformes,Leuciscidae,Phoxinus,-17.68,8.27,0.89,0,SD,NA,Muscle
ID_0795,238,Brown trout,Salmo trutta,Salmoniformes,Salmonidae,Salmo,-21.35,9.35,2.24,1.18,SD,28,Muscle
ID_0795,247,Arctic charr,Salvelinus alpinus,Salmoniformes,Salmonidae,Salvelinus,-25.1,8.38,0.96,0.98,SD,9,Muscle
ID_0795,4605,Grayling,Thymallus thymallus,Salmoniformes,Salmonidae,Thymallus,-19.66,7.84,0.61,0,SD,NA,Muscle
ID_0796,4661,Minnow,Phoxinus phoxinus,Cypriniformes,Leuciscidae,Phoxinus,-24.18,7.43,0.55,0,SD,NA,Muscle
ID_0796,238,Brown trout,Salmo trutta,Salmoniformes,Salmonidae,Salmo,-24.21,8.71,1.35,0.54,SD,31,Muscle
ID_0796,247,Arctic charr,Salvelinus alpinus,Salmoniformes,Salmonidae,Salvelinus,-28.14,7.66,1.59,0.74,SD,30,Muscle
ID_0797,232,European whitefish,Coregonus lavaretus,Salmoniformes,Salmonidae,Coregonus,-28.21,11.37,1.15,0.51,SD,12,Muscle
ID_0797,238,Brown trout,Salmo trutta,Salmoniformes,Salmonidae,Salmo,-26.01,12.42,3.13,2.05,SD,35,Muscle
ID_0797,247,Arctic charr,Salvelinus alpinus,Salmoniformes,Salmonidae,Salvelinus,-29.44,12.27,0.69,0.73,SD,18,Muscle
ID_0797,4605,Grayling,Thymallus thymallus,Salmoniformes,Salmonidae,Thymallus,-20.52,10.14,2.5,0,SD,NA,Muscle
ID_0798,NA,NA,Cottidae,Perciformes/Cottoidei,Cottidae,NA,-25.88,8.22,1.86,0.96,SD,NA,Muscle
ID_0798,238,Brown trout,Salmo trutta,Salmoniformes,Salmonidae,Salmo,-26.67,6.92,2.32,1.01,SD,27,Muscle
ID_0798,247,Arctic charr,Salvelinus alpinus,Salmoniformes,Salmonidae,Salvelinus,-30.66,6.19,0.84,0.73,SD,24,Muscle
ID_0799,232,European whitefish,Coregonus lavaretus,Salmoniformes,Salmonidae,Coregonus,-28.72,4.97,0.56,0.4,SD,NA,Muscle
ID_0799,232,European whitefish,Coregonus lavaretus,Salmoniformes,Salmonidae,Coregonus,-28.81,5.02,0.69,0.49,SD,14,Muscle
ID_0799,258,Northern pike,Esox lucius,Esociformes,Esocidae,Esox,-23.72,8.12,0,0,SD,NA,Muscle
ID_0799,310,Burbot,Lota lota,Gadiformes,Lotidae,Lota,-23.94,7.25,2.33,0.67,SD,NA,Muscle
ID_0799,358,Perch,Perca fluviatilis,Perciformes/Percoidei,Percidae,Perca,-25.89,5.88,1.6,0.25,SD,24,Muscle
ID_0799,4661,Minnow,Phoxinus phoxinus,Cypriniformes,Leuciscidae,Phoxinus,-27.33,4.97,0.89,0,SD,NA,Muscle
ID_0799,247,Arctic charr,Salvelinus alpinus,Salmoniformes,Salmonidae,Salvelinus,-28.51,5.28,0.18,0.51,SD,9,Muscle
ID_0799,4605,Grayling,Thymallus thymallus,Salmoniformes,Salmonidae,Thymallus,-23.89,6.17,1.06,0,SD,NA,Muscle
ID_0800,310,Burbot,Lota lota,Gadiformes,Lotidae,Lota,-25.31,5.95,0.91,0.44,SD,NA,Muscle
ID_0800,358,Perch,Perca fluviatilis,Perciformes/Percoidei,Percidae,Perca,-26.35,5.97,1.35,0.7,SD,23,Muscle
ID_0800,4661,Minnow,Phoxinus phoxinus,Cypriniformes,Leuciscidae,Phoxinus,-24.22,5.59,0.64,0,SD,NA,Muscle
ID_0800,272,Roach,Rutilus rutilus,Cypriniformes,Leuciscidae,Rutilus,-26.37,5.81,0.75,0.35,SD,10,Muscle
ID_0800,247,Arctic charr,Salvelinus alpinus,Salmoniformes,Salmonidae,Salvelinus,-28.25,6.17,0.5,0.36,SD,13,Muscle
ID_0801,NA,NA,Astyanax sp,Characiformes,Characidae,Astyanax,-24.43,8.89,1.03,0.63,NA,5,Muscle
ID_0801,4679,Chameleon cichlid,Australoheros facetus,Cichliformes,Cichlidae,Australoheros,-27.32,7.85,1.31,0.49,NA,3,Muscle
ID_0801,47953,NA,Eigenmannia microstomus,Gymnotiformes,Sternopygidae,Eigenmannia,-26.56,7.85,0.69,0.49,NA,6,Muscle
ID_0801,67591,NA,Hoplias intermedius,Characiformes,Erythrinidae,Hoplias,-24.08,10.9,0.07,0.63,NA,2,Muscle
ID_0801,48907,Cascudo,Hypostomus francisci,Siluriformes,Loricariidae,Hypostomus,-27.75,7.8,NA,NA,NA,1,Muscle
ID_0801,NA,NA,Hypostomus sp,Siluriformes,Loricariidae,Hypostomus,-31.78,5.72,NA,NA,NA,1,Muscle
ID_0801,66186,NA,Lepidocharax burnsi,Characiformes,Characidae,Lepidocharax,-25.94,8.54,0.69,0.21,NA,5,Muscle
ID_0801,58478,NA,Leporinus marcgravii,Characiformes,Anostomidae,Leporinus,-26.08,8.47,0.83,0.28,NA,5,Muscle
ID_0801,64078,One spot toothcarp,Phalloceros uai,Cyprinodontiformes,Poeciliidae,Phalloceros,-26.56,8.06,1.51,0.83,NA,5,Muscle
ID_0801,56456,Piaba,Piabina argentea,Characiformes,Characidae,Piabina,-25.87,8.47,0.55,0.14,NA,5,Muscle
ID_0801,3228,Guppy,Poecilia reticulata,Cyprinodontiformes,Poeciliidae,Poecilia,-25.73,7.5,2.13,0.28,NA,5,Muscle
ID_0801,8080,Banded astyanax,Psalidodon fasciatus,Characiformes,Characidae,Psalidodon,-23.74,10.21,NA,NA,NA,1,Muscle
ID_0801,53116,NA,Steindachnerina elegans,Characiformes,Curimatidae,Steindachnerina,-22.91,4.93,0.76,0.42,NA,5,Muscle
ID_0802,12340,Tetras,Aphyocharax rathbuni,Characiformes,Characidae,Aphyocharax,-23.26,11.2,0.69,0.41,NA,5,Muscle
ID_0802,58130,Tambiu,Astyanax lacustris,Characiformes,Characidae,Astyanax,-22.16,11.61,0.48,2.07,NA,5,Muscle
ID_0802,NA,NA,Astyanax sp,Characiformes,Characidae,Astyanax,-22.22,9.47,1.31,0.69,NA,5,Muscle
ID_0802,47953,NA,Eigenmannia microstomus,Gymnotiformes,Sternopygidae,Eigenmannia,-22.57,11.75,0.14,0.62,NA,6,Muscle
ID_0802,50837,Keltaharttia,Harttia torrenticola,Siluriformes,Loricariidae,Harttia,-27.25,8.43,0.89,0.62,NA,5,Muscle
ID_0802,67591,NA,Hoplias intermedius,Characiformes,Erythrinidae,Hoplias,-21.64,13.12,NA,NA,NA,1,Muscle
ID_0802,5377,Atipa,Hoplosternum littorale,Siluriformes,Callichthyidae,Hoplosternum,-21.48,10.34,NA,NA,NA,1,Muscle
ID_0802,48884,Cascudo,Hypostomus auroguttatus,Siluriformes,Loricariidae,Hypostomus,-27.32,10.58,0.69,0.28,NA,3,Muscle
ID_0802,48907,Cascudo,Hypostomus francisci,Siluriformes,Loricariidae,Hypostomus,-22.84,11.34,0.28,0.28,NA,5,Muscle
ID_0802,66186,NA,Lepidocharax burnsi,Characiformes,Characidae,Lepidocharax,-22.29,11.75,0.41,0.55,NA,5,Muscle
ID_0802,23445,Characin,Megaleporinus obtusidens,Characiformes,Anostomidae,Megaleporinus,-25.07,11.22,NA,NA,NA,1,Muscle
ID_0802,64078,One spot toothcarp,Phalloceros uai,Cyprinodontiformes,Poeciliidae,Phalloceros,-23.26,10.85,0.41,0.28,NA,5,Muscle
ID_0802,56456,Piaba,Piabina argentea,Characiformes,Characidae,Piabina,-22.16,11.13,0.83,0.62,NA,5,Muscle
ID_0802,8080,Banded astyanax,Psalidodon fasciatus,Characiformes,Characidae,Psalidodon,-22.34,9.01,NA,NA,NA,1,Muscle
ID_0802,53116,NA,Steindachnerina elegans,Characiformes,Curimatidae,Steindachnerina,-23.33,9.26,2.06,0.55,NA,7,Muscle
ID_0803,12340,Tetras,Aphyocharax rathbuni,Characiformes,Characidae,Aphyocharax,-22.1,12.26,NA,NA,NA,1,Muscle
ID_0803,NA,NA,Astyanax sp,Characiformes,Characidae,Astyanax,-21.78,10.02,0.55,0.62,NA,5,Muscle
ID_0803,1397,Redbreast tilapia,Coptodon rendalli,Cichliformes,Cichlidae,Coptodon,-21.85,11.47,0.27,0.14,NA,5,Muscle
ID_0803,47953,NA,Eigenmannia microstomus,Gymnotiformes,Sternopygidae,Eigenmannia,-22.37,11.96,NA,NA,NA,1,Muscle
ID_0803,67591,NA,Hoplias intermedius,Characiformes,Erythrinidae,Hoplias,-21.16,12.86,0.68,1.66,NA,6,Muscle
ID_0803,48884,Cascudo,Hypostomus auroguttatus,Siluriformes,Loricariidae,Hypostomus,-20.55,11.75,1.23,0.48,NA,5,Muscle
ID_0803,66186,NA,Lepidocharax burnsi,Characiformes,Characidae,Lepidocharax,-22.12,11.61,0.27,0.41,NA,5,Muscle
ID_0803,64078,One spot toothcarp,Phalloceros uai,Cyprinodontiformes,Poeciliidae,Phalloceros,-21.58,10.99,0.82,0.76,NA,5,Muscle
ID_0803,48464,Mandi,Pimelodus fur,Siluriformes,Pimelodidae,Pimelodus,-21.03,11.47,0.48,0.62,NA,NA,Muscle
ID_0803,3228,Guppy,Poecilia reticulata,Cyprinodontiformes,Poeciliidae,Poecilia,-22.6,10.71,0.34,0.35,NA,5,Muscle
ID_0803,8080,Banded astyanax,Psalidodon fasciatus,Characiformes,Characidae,Psalidodon,-21.85,10.02,0.68,0.76,NA,3,Muscle
ID_0803,53116,NA,Steindachnerina elegans,Characiformes,Curimatidae,Steindachnerina,-20.07,11.34,0.34,0.41,NA,5,Muscle
ID_0804,12340,Tetras,Aphyocharax rathbuni,Characiformes,Characidae,Aphyocharax,-25.34,11.42,0.07,0.35,NA,5,Muscle
ID_0804,NA,NA,Astyanax sp,Characiformes,Characidae,Astyanax,-23.9,10.87,0.96,0.55,NA,3,Muscle
ID_0804,47953,NA,Eigenmannia microstomus,Gymnotiformes,Sternopygidae,Eigenmannia,-25.48,10.59,1.51,1.59,NA,5,Muscle
ID_0804,67591,NA,Hoplias intermedius,Characiformes,Erythrinidae,Hoplias,-23.15,13.08,0.41,1.66,NA,5,Muscle
ID_0804,48907,Cascudo,Hypostomus francisci,Siluriformes,Loricariidae,Hypostomus,-22.07,11.25,NA,NA,NA,1,Muscle
ID_0804,48929,Cascudo,Hypostomus macrops,Siluriformes,Loricariidae,Hypostomus,-21.99,11.77,NA,NA,NA,1,Muscle
ID_0804,NA,NA,Hypostomus sp,Siluriformes,Loricariidae,Hypostomus,-23.42,11.98,1.3,0.35,NA,2,Muscle
ID_0804,66186,NA,Lepidocharax burnsi,Characiformes,Characidae,Lepidocharax,-24.73,11.63,0.76,0.48,NA,5,Muscle
ID_0804,53304,NA,Leporinus taeniatus,Characiformes,Anostomidae,Leporinus,-24.45,11.63,1.37,1.59,NA,5,Muscle
ID_0804,56456,Piaba,Piabina argentea,Characiformes,Characidae,Piabina,-24.45,11.63,1.44,1.59,NA,5,Muscle
ID_0804,53116,NA,Steindachnerina elegans,Characiformes,Curimatidae,Steindachnerina,-24.45,9.42,0.96,0.55,NA,5,Muscle
ID_0805,51077,Peixe-cachorro,Acestrorhynchus lacustris,Characiformes,Acestrorhynchidae,Acestrorhynchus,-22.6,12.11,1.1,2.14,NA,5,Muscle
ID_0805,12340,Tetras,Aphyocharax rathbuni,Characiformes,Characidae,Aphyocharax,-24.04,11.01,0.34,2.35,NA,3,Muscle
ID_0805,NA,NA,Astyanax sp,Characiformes,Characidae,Astyanax,-24.18,9.08,1.23,0.69,NA,4,Muscle
ID_0805,52998,NA,Brycon orthotaenia,Characiformes,Bryconidae,Brycon,-23.08,9.63,NA,NA,NA,1,Muscle
ID_0805,46801,NA,Cichlasoma sanctifranciscense,Cichliformes,Cichlidae,Cichlasoma,-22.81,8.66,0.48,0.21,NA,4,Muscle
ID_0805,47953,NA,Eigenmannia microstomus,Gymnotiformes,Sternopygidae,Eigenmannia,-25.21,10.26,2.81,0.35,NA,2,Muscle
ID_0805,67591,NA,Hoplias intermedius,Characiformes,Erythrinidae,Hoplias,-23.7,9.84,0.62,2.63,NA,2,Muscle
ID_0805,48907,Cascudo,Hypostomus francisci,Siluriformes,Loricariidae,Hypostomus,-27.53,9.09,0.55,0.76,NA,2,Muscle
ID_0805,53304,NA,Leporinus taeniatus,Characiformes,Anostomidae,Leporinus,-23.7,10.25,0.96,1.94,NA,6,Muscle
ID_0805,51875,Piau,Megaleporinus reinhardti,Characiformes,Anostomidae,Megaleporinus,-24.66,8.67,0.96,0.41,NA,5,Muscle
ID_0805,53460,Pacu,Myleus micans,Characiformes,Serrasalmidae,Myleus,-24.95,9.77,NA,NA,NA,1,Muscle
ID_0805,48464,Mandi,Pimelodus fur,Siluriformes,Pimelodidae,Pimelodus,-24.38,11.08,0.62,1.18,NA,4,Muscle
ID_0805,53116,NA,Steindachnerina elegans,Characiformes,Curimatidae,Steindachnerina,-23.63,6.8,0.34,1.24,NA,3,Muscle
ID_0806,11874,Streep-rower,Brycinus lateralis,Characiformes,Alestidae,Brycinus,-21.79,9.07,1.94,0.93,SD,8,Muscle
ID_0806,1934,Sharptooth catfish,Clarias gariepinus,Siluriformes,Clariidae,Clarias,-23.65,9.76,1.84,0.91,SD,13,Muscle
ID_0806,1397,Redbreast tilapia,Coptodon rendalli,Cichliformes,Cichlidae,Coptodon,-20.74,7.94,1.31,0.64,SD,4,Muscle
ID_0806,7571,Barb,Enteromius paludinosus,Cypriniformes,Cyprinidae,Enteromius,-20.47,8.02,3.6,0.35,SD,8,Muscle
ID_0806,67377,Southern African pike,Hepsetus cuvieri,Characiformes,Hepsetidae,Hepsetus,-23.18,8.89,1.35,0.63,SD,17,Muscle
ID_0806,67377,Southern African pike,Hepsetus cuvieri,Characiformes,Hepsetidae,Hepsetus,-22.83,9.27,1.67,0.58,SD,17,Muscle
ID_0806,64233,NA,Marcusenius altisambesi,Osteoglossiformes,Mormyridae,Marcusenius,-24.32,7.12,1.43,1.19,SD,14,Muscle
ID_0806,8768,Western bottlenose mormyrid,Mormyrus lacerda,Osteoglossiformes,Mormyridae,Mormyrus,-23.52,7.27,2.76,1.06,SD,4,Muscle
ID_0806,1399,Three spotted tilapia,Oreochromis andersonii,Cichliformes,Cichlidae,Oreochromis,-27.04,6.37,1.17,0.82,SD,5,Muscle
ID_0806,66673,Okavango kivipeakala,Petrocephalus okavangensis,Osteoglossiformes,Mormyridae,Petrocephalus,-25.95,7.18,1.34,0.91,SD,8,Muscle
ID_0806,5361,Green happy,Sargochromis codringtonii,Cichliformes,Cichlidae,Sargochromis,-22.02,8.18,2.6,0.25,SD,4,Muscle
ID_0806,12914,Silver cafish,Schilbe intermedius,Siluriformes,Schilbeidae,Schilbe,-24.25,8.17,1.86,1.14,SD,17,Muscle
ID_0806,12914,Silver cafish,Schilbe intermedius,Siluriformes,Schilbeidae,Schilbe,-24.8,7.95,2.1,1.12,SD,29,Muscle
ID_0806,50106,Humpback largemouth,Serranochromis altus,Cichliformes,Cichlidae,Serranochromis,-24.5,9.45,2.07,0.92,SD,4,Muscle
ID_0806,5358,Thinface cichlid,Serranochromis angusticeps,Cichliformes,Cichlidae,Serranochromis,-25.43,9.14,0.38,0.57,SD,4,Muscle
ID_0806,5359,Purpleface largemouth,Serranochromis macrocephalus,Cichliformes,Cichlidae,Serranochromis,-21.7,9.87,1.34,0.63,SD,3,Muscle
ID_0806,NA,NA,Synodontis sp,Siluriformes,Mochokidae,Synodontis,-25.51,7.94,2.82,0.96,SD,13,Muscle
ID_0806,4719,Banded tilapia,Tilapia sparrmanii,Cichliformes,Cichlidae,Tilapia,-25.8,7.64,1.07,4,SD,8,Muscle
ID_0807,11874,Streep-rower,Brycinus lateralis,Characiformes,Alestidae,Brycinus,-22.03,9.08,2.09,0.92,SD,20,Muscle
ID_0807,1934,Sharptooth catfish,Clarias gariepinus,Siluriformes,Clariidae,Clarias,-21.75,9.89,1.72,0.56,SD,7,Muscle
ID_0807,7571,Barb,Enteromius paludinosus,Cypriniformes,Cyprinidae,Enteromius,-18.09,8.06,1.74,0.36,SD,7,Muscle
ID_0807,64233,NA,Marcusenius altisambesi,Osteoglossiformes,Mormyridae,Marcusenius,-24.55,6.95,2.37,0.79,SD,31,Muscle
ID_0807,8768,Western bottlenose mormyrid,Mormyrus lacerda,Osteoglossiformes,Mormyridae,Mormyrus,-22.35,6.97,0.48,0.41,SD,3,Muscle
ID_0807,66673,Okavango kivipeakala,Petrocephalus okavangensis,Osteoglossiformes,Mormyridae,Petrocephalus,-25.57,7.7,0.71,1.05,SD,7,Muscle
ID_0807,6677,Zambezi bream,Pharyngochromis acuticeps,Cichliformes,Cichlidae,Pharyngochromis,-21.62,8.83,1.64,0.87,SD,5,Muscle
ID_0807,NA,NA,Synodontis sp,Siluriformes,Mochokidae,Synodontis,-26.26,8.82,2.12,0.97,SD,11,Muscle
ID_0807,4719,Banded tilapia,Tilapia sparrmanii,Cichliformes,Cichlidae,Tilapia,-25.42,7.07,1.72,0.64,SD,11,Muscle
ID_0808,11874,Streep-rower,Brycinus lateralis,Characiformes,Alestidae,Brycinus,-22.57,8.66,1.54,0.91,SD,13,Muscle
ID_0808,1934,Sharptooth catfish,Clarias gariepinus,Siluriformes,Clariidae,Clarias,-24.12,9.69,1.94,0.64,SD,3,Muscle
ID_0808,1397,Redbreast tilapia,Coptodon rendalli,Cichliformes,Cichlidae,Coptodon,-23.56,7.26,2.08,1.01,SD,4,Muscle
ID_0808,67377,Southern African pike,Hepsetus cuvieri,Characiformes,Hepsetidae,Hepsetus,-20.35,10,2.26,0.9,SD,11,Muscle
ID_0808,64233,NA,Marcusenius altisambesi,Osteoglossiformes,Mormyridae,Marcusenius,-22.72,7.42,1.6,0.97,SD,10,Muscle
ID_0808,8768,Western bottlenose mormyrid,Mormyrus lacerda,Osteoglossiformes,Mormyridae,Mormyrus,-23.74,7.46,3.31,0.5,SD,4,Muscle
ID_0808,66673,Okavango kivipeakala,Petrocephalus okavangensis,Osteoglossiformes,Mormyridae,Petrocephalus,-24.69,7.81,1.09,0.43,SD,7,Muscle
ID_0808,5361,Green happy,Sargochromis codringtonii,Cichliformes,Cichlidae,Sargochromis,-22.4,9.44,1.61,0.51,SD,5,Muscle
ID_0808,12914,Silver cafish,Schilbe intermedius,Siluriformes,Schilbeidae,Schilbe,-22.54,8.62,2.39,1.16,SD,14,Muscle
ID_0808,5358,Thinface cichlid,Serranochromis angusticeps,Cichliformes,Cichlidae,Serranochromis,-22.5,10.33,2.02,0.96,SD,5,Muscle
ID_0808,5360,Brownspot largemouth,Serranochromis thumbergi,Cichliformes,Cichlidae,Serranochromis,-23.92,9.72,3.37,0.89,SD,4,Muscle
ID_0808,NA,NA,Synodontis sp,Siluriformes,Mochokidae,Synodontis,-23.59,9.16,1.29,0.6,SD,6,Muscle
ID_0808,4719,Banded tilapia,Tilapia sparrmanii,Cichliformes,Cichlidae,Tilapia,-23.65,7.11,2.59,1,SD,12,Muscle
ID_0809,11874,Streep-rower,Brycinus lateralis,Characiformes,Alestidae,Brycinus,-22.31,9.13,1.5,0.53,SD,13,Muscle
ID_0809,64233,NA,Marcusenius altisambesi,Osteoglossiformes,Mormyridae,Marcusenius,-24.24,8.13,2.02,1.09,SD,15,Muscle
ID_0809,66673,Okavango kivipeakala,Petrocephalus okavangensis,Osteoglossiformes,Mormyridae,Petrocephalus,-24.81,7.88,1.64,0.69,SD,12,Muscle
ID_0809,12914,Silver cafish,Schilbe intermedius,Siluriformes,Schilbeidae,Schilbe,-22.7,8.78,1.63,1.13,SD,15,Muscle
ID_0809,NA,NA,Synodontis sp,Siluriformes,Mochokidae,Synodontis,-23.37,9.62,2.05,0.46,SD,7,Muscle
ID_0809,4719,Banded tilapia,Tilapia sparrmanii,Cichliformes,Cichlidae,Tilapia,-24.27,7.43,2.4,0.3,SD,3,Muscle
ID_0810,1934,Sharptooth catfish,Clarias gariepinus,Siluriformes,Clariidae,Clarias,-24.17,15.34,3.3,3,SD,19,Muscle
ID_0810,7571,Straightfin barb,Enteromius paludinosus,Cypriniformes,Cyprinidae,Enteromius,-28.75,15.43,1.18,2.04,SD,7,Muscle
ID_0810,9947,River goby,Glossogobius callidus,Gobiiformes,Gobiidae,Glossogobius,-27.98,14.16,1.38,0.75,SD,6,Muscle
ID_0810,65670,NA,Marcusenius pongolensis,Osteoglossiformes,Mormyridae,Marcusenius,-28.56,13.67,2.43,0.87,SD,22,Muscle
ID_0810,3,Mozambique tilapia,Oreochromis mossambicus,Cichliformes,Cichlidae,Oreochromis,-28.83,14.62,1.16,1.04,SD,24,Muscle
ID_0810,6891,Southern mouthbrooder,Pseudocrenilabrus philander,Cichliformes,Cichlidae,Pseudocrenilabrus,-27.41,15.36,1.8,1.24,SD,19,Muscle
ID_0810,51938,Armored catfish,Pterygoplichthys disjunctivus,Siluriformes,Loricariidae,Pterygoplichthys,-28.19,12.61,2.35,1.52,SD,41,Muscle
ID_0811,12348,Uruguay tetra,Cheirodon interruptus,Characiformes,Characidae,Cheirodon,-21.9,6.5,0.3,0.2,SD,7,Muscle
ID_0811,4753,Ten spotted live-bearer,Cnesterodon decemmaculatus,Cyprinodontiformes,Poeciliidae,Cnesterodon,-20.7,7.2,1.8,0.6,SD,5,Muscle
ID_0811,11159,Pike cichlid,Crenicichla lepidota,Cichliformes,Cichlidae,Crenicichla,-21.6,7.6,0.2,0.3,SD,2,Muscle
ID_0811,51337,Sabalito,Cyphocharax voga,Characiformes,Curimatidae,Cyphocharax,-22.3,9.3,0.3,0.1,SD,2,Muscle
ID_0811,4757,Trahira,Hoplias malabaricus,Characiformes,Erythrinidae,Hoplias,-23.4,9.3,1.4,0.6,SD,8,Muscle
ID_0811,53449,Punapilkkatetra,Hyphessobrycon igneus,Characiformes,Characidae,Hyphessobrycon,-26.8,7.3,NA,NA,SD,1,Muscle
ID_0811,11958,Onesided livebearer,Jenynsia lineata,Cyprinodontiformes,Anablepidae,Jenynsia,-21.5,7.1,1.2,0.8,SD,48,Muscle
ID_0811,51298,Tetra,Psalidodon eigenmanniorum,Characiformes,Characidae,Psalidodon,-21.6,6.9,1.4,0.8,SD,19,Muscle
ID_0811,23351,South American catfish,Rhamdia quelen,Siluriformes,Heptapteridae,Rhamdia,-24.7,8.6,NA,NA,SD,1,Muscle
ID_0811,53683,Southern driftwood catfish,Trachelyopterus lucenai,Siluriformes,Auchenipteridae,Trachelyopterus,-23.3,8.3,1.2,0.6,SD,9,Muscle
ID_0812,65803,Cichlid,Australoheros acaroides,Cichliformes,Cichlidae,Australoheros,-21.5,7.2,1.7,0.7,SD,11,Muscle
ID_0812,23419,NA,Characidium rachovii,Characiformes,Crenuchidae,Characidium,-21.1,6.7,0.4,0.3,SD,4,Muscle
ID_0812,12348,Uruguay tetra,Cheirodon interruptus,Characiformes,Characidae,Cheirodon,-23.7,7.9,1.1,0.2,SD,6,Muscle
ID_0812,46796,NA,Cichlasoma portalegrense,Cichliformes,Cichlidae,Cichlasoma,-24.6,6.8,1.7,0.6,SD,5,Muscle
ID_0812,4753,Ten spotted live-bearer,Cnesterodon decemmaculatus,Cyprinodontiformes,Poeciliidae,Cnesterodon,-22,7.6,0.7,0.2,SD,2,Muscle
ID_0812,11159,Pike cichlid,Crenicichla lepidota,Cichliformes,Cichlidae,Crenicichla,-18,7.9,0.4,0.9,SD,2,Muscle
ID_0812,4757,Trahira,Hoplias malabaricus,Characiformes,Erythrinidae,Hoplias,-21.4,8.7,1.1,0.8,SD,9,Muscle
ID_0812,53449,Punapilkkatetra,Hyphessobrycon igneus,Characiformes,Characidae,Hyphessobrycon,-20.2,8.1,3.3,0.3,SD,6,Muscle
ID_0812,11958,Onesided livebearer,Jenynsia lineata,Cyprinodontiformes,Anablepidae,Jenynsia,-20.2,7.5,2.2,0.5,SD,6,Muscle
ID_0812,51298,Tetra,Psalidodon eigenmanniorum,Characiformes,Characidae,Psalidodon,-23.1,8.1,1.6,0.3,SD,5,Muscle
ID_0812,5319,Marbled swamp eel,Synbranchus marmoratus,Synbranchiformes,Synbranchidae,Synbranchus,-21.4,7.9,3.9,0.1,SD,2,Muscle
ID_0813,12348,Uruguay tetra,Cheirodon interruptus,Characiformes,Characidae,Cheirodon,-24.4,8.7,2.3,0.6,SD,24,Muscle
ID_0813,11159,Pike cichlid,Crenicichla lepidota,Cichliformes,Cichlidae,Crenicichla,-22.9,9.1,NA,NA,SD,1,Muscle
ID_0813,51337,Sabalito,Cyphocharax voga,Characiformes,Curimatidae,Cyphocharax,-21.1,10,0.4,3,SD,2,Muscle
ID_0813,51005,Tetra,Deuterodon luetkenii,Characiformes,Characidae,Deuterodon,-23.1,8.2,0.9,0.9,SD,27,Muscle
ID_0813,4757,Trahira,Hoplias malabaricus,Characiformes,Erythrinidae,Hoplias,-22.4,10.6,1,0.5,SD,3,Muscle
ID_0813,53449,Punapilkkatetra,Hyphessobrycon igneus,Characiformes,Characidae,Hyphessobrycon,-23.1,8.7,0.6,0.2,SD,3,Muscle
ID_0813,23467,NA,Hypostomus commersoni,Siluriformes,Loricariidae,Hypostomus,-21.1,8.2,0.1,0,SD,2,Muscle
ID_0813,11958,Onesided livebearer,Jenynsia lineata,Cyprinodontiformes,Anablepidae,Jenynsia,-20.3,7.7,1.6,0.9,SD,5,Muscle
ID_0813,54572,Catfish,Microglanis cottoides,Siluriformes,Pseudopimelodidae,Microglanis,-22.8,7,2.1,0.9,SD,9,Muscle
ID_0813,23429,Pike characin,Oligosarcus jenynsii,Characiformes,Characidae,Oligosarcus,-21.9,10.5,0.9,1.3,SD,5,Muscle
ID_0813,64283,NA,Pimelodus pintado,Siluriformes,Pimelodidae,Pimelodus,-23.8,11.2,1.4,0.8,SD,3,Muscle
ID_0813,51298,Tetra,Psalidodon eigenmanniorum,Characiformes,Characidae,Psalidodon,-24.8,8.6,2.2,0.4,SD,24,Muscle
ID_0813,8080,Characid,Psalidodon fasciatus,Characiformes,Characidae,Psalidodon,-22.4,9.7,1.9,1.3,SD,2,Muscle
ID_0813,23351,South American catfish,Rhamdia quelen,Siluriformes,Heptapteridae,Rhamdia,-22.6,9.2,0.1,0.6,SD,2,Muscle
ID_0813,53683,Southern driftwood catfish,Trachelyopterus lucenai,Siluriformes,Auchenipteridae,Trachelyopterus,-21.7,10.1,NA,NA,SD,1,Muscle
ID_0814,23415,Dientudo transparente,Charax stenopterus,Characiformes,Characidae,Charax,-23.2,8.8,NA,NA,SD,1,Muscle
ID_0814,12348,Uruguay tetra,Cheirodon interruptus,Characiformes,Characidae,Cheirodon,-23.3,8.4,1.9,0.5,SD,8,Muscle
ID_0814,10926,Peppered corydoras,Corydoras paleatus,Siluriformes,Callichthyidae,Corydoras,-22.9,8.4,1.9,1.3,SD,7,Muscle
ID_0814,11159,Pike cichlid,Crenicichla lepidota,Cichliformes,Cichlidae,Crenicichla,-21,8.2,NA,NA,SD,1,Muscle
ID_0814,51337,Sabalito,Cyphocharax voga,Characiformes,Curimatidae,Cyphocharax,-27.1,6.5,1.3,0.9,SD,4,Muscle
ID_0814,4751,Peral cichlid,Geophagus brasiliensis,Cichliformes,Cichlidae,Geophagus,-22.3,8.1,NA,NA,SD,1,Muscle
ID_0814,4757,Trahira,Hoplias malabaricus,Characiformes,Erythrinidae,Hoplias,-22.5,9.3,0.5,0.5,SD,4,Muscle
ID_0814,53449,Punapilkkatetra,Hyphessobrycon igneus,Characiformes,Characidae,Hyphessobrycon,-19.4,7.2,NA,NA,SD,1,Muscle
ID_0814,23467,NA,Hypostomus commersoni,Siluriformes,Loricariidae,Hypostomus,-20.7,5.8,1.4,0.7,SD,8,Muscle
ID_0814,11958,Onesided livebearer,Jenynsia lineata,Cyprinodontiformes,Anablepidae,Jenynsia,-19.8,8.5,1.4,0.8,SD,12,Muscle
ID_0814,NA,NA,Loricariichthys spp,Siluriformes,Loricariidae,Loricariichthys,-22.8,9.3,0.8,0.3,SD,2,Muscle
ID_0814,54572,Catfish,Microglanis cottoides,Siluriformes,Pseudopimelodidae,Microglanis,-22.5,5.5,0.6,2.8,SD,3,Muscle
ID_0814,12389,Croaking tetra,Mimagoniates inequalis,Characiformes,Characidae,Mimagoniates,-27.8,9.2,3.1,1,SD,2,Muscle
ID_0814,NA,NA,Odontesthes spp,Atheriniformes,Atherinopsidae,Odontesthes,-24.3,9.4,0.9,0.2,SD,2,Muscle
ID_0814,23429,Pike characin,Oligosarcus jenynsii,Characiformes,Characidae,Oligosarcus,-21.6,9.4,1.9,0.8,SD,10,Muscle
ID_0814,57838,Mandi,Pimelodella australis,Siluriformes,Heptapteridae,Pimelodella,-22.1,10.1,NA,NA,SD,1,Muscle
ID_0814,1523,River plate sprat,Platanichthys platana,Clupeiformes,Dorosomatidae,Platanichthys,-21.9,10,1.1,0.5,SD,6,Muscle
ID_0814,51298,Tetra,Psalidodon eigenmanniorum,Characiformes,Characidae,Psalidodon,-21.6,9.4,1.5,0.8,SD,6,Muscle
ID_0814,23458,Guitarrita,Pseudobunocephalus iheringii,Siluriformes,Aspredinidae,Pseudobunocephalus,-21.5,8.2,1,1,SD,5,Muscle
ID_0814,12398,Dragonfin tetra,Pseudocorynopoma doriae,Characiformes,Characidae,Pseudocorynopoma,-21.1,8.5,0.3,0.5,SD,2,Muscle
ID_0814,23351,South American catfish,Rhamdia quelen,Siluriformes,Heptapteridae,Rhamdia,-23.3,8.2,0.7,0.7,SD,7,Muscle
ID_0815,2674,Broad whitefish,Coregonus nasus,Salmoniformes,Salmonidae,Coregonus,-28.41,9.83,2.27,0.91,SD,8,Muscle
ID_0815,2676,Humpback whitefish,Coregonus pidschian,Salmoniformes,Salmonidae,Coregonus,-27.1,10.53,0.61,0.67,SD,3,Muscle
ID_0815,2678,Least cisco,Coregonus sardinella,Salmoniformes,Salmonidae,Coregonus,-27.47,10.35,1.35,0.73,SD,6,Muscle
ID_0815,2678,Least cisco_small,Coregonus sardinella,Salmoniformes,Salmonidae,Coregonus,-28.22,7.44,0.33,0.97,SD,5,Muscle
ID_0815,NA,Whitefish spp,Coregonus spp,Salmoniformes,Salmonidae,Coregonus,-27.34,7.01,0.75,0.56,SD,11,Muscle
ID_0815,2705,Alaska blackfish,Dallia pectoralis,Esociformes,Umbridae,Dallia,-28.83,7.07,0.38,0.81,SD,3,Muscle
ID_0815,258,Northern pike,Esox lucius,Esociformes,Esocidae,Esox,-28.8,10.3,0.14,1.41,SD,2,Muscle
ID_0815,253,Rainbow smelt,Osmerus mordax,Osmeriformes,Osmeridae,Osmerus,-28.85,8.1,0.75,2.26,SD,2,Muscle
ID_0815,3273,Ninespine stickleback,Pungitius pungitius,Perciformes/Gasterosteoidei,Gasterosteidae,Pungitius,-27.88,8.96,1.13,0.69,SD,10,Muscle
ID_0815,2693,Arctic grayling,Thymallus arcticus,Salmoniformes,Salmonidae,Thymallus,-27.73,9.1,0.65,0.36,SD,3,Muscle
ID_0816,2678,Least cisco,Coregonus sardinella,Salmoniformes,Salmonidae,Coregonus,-27.66,10.69,0.64,0.47,SD,7,Muscle
ID_0816,2678,Least cisco_small,Coregonus sardinella,Salmoniformes,Salmonidae,Coregonus,-27.42,6.34,0.15,0.36,SD,5,Muscle
ID_0816,3273,Ninespine stickleback,Pungitius pungitius,Perciformes/Gasterosteoidei,Gasterosteidae,Pungitius,-27.36,8.1,0.78,1.33,SD,10,Muscle
ID_0817,4068,Slimy sculpin,Cottus cognatus,Perciformes/Cottoidei,Cottidae,Cottus,-27.28,8.3,1.22,0.29,SD,4,Muscle
ID_0817,3273,Ninespine stickleback,Pungitius pungitius,Perciformes/Gasterosteoidei,Gasterosteidae,Pungitius,-18.15,9.95,0.63,2.27,SD,11,Muscle
ID_0818,2674,Broad whitefish,Coregonus nasus,Salmoniformes,Salmonidae,Coregonus,-26.58,7.99,0.44,1.02,SD,10,Muscle
ID_0818,2678,Least cisco,Coregonus sardinella,Salmoniformes,Salmonidae,Coregonus,-27.2,9.5,NA,NA,SD,1,Muscle
ID_0818,2705,Alaska blackfish,Dallia pectoralis,Esociformes,Umbridae,Dallia,-26.77,7.6,0.38,0.26,SD,3,Muscle
ID_0818,3273,Ninespine stickleback,Pungitius pungitius,Perciformes/Gasterosteoidei,Gasterosteidae,Pungitius,-27.36,8.54,0.73,0.74,SD,10,Muscle
ID_0819,2705,Alaska blackfish,Dallia pectoralis,Esociformes,Umbridae,Dallia,-27.9,8.09,1.2,0.62,SD,9,Muscle
ID_0819,3273,Ninespine stickleback,Pungitius pungitius,Perciformes/Gasterosteoidei,Gasterosteidae,Pungitius,-25.96,7.73,1.4,0.81,SD,10,Muscle
ID_0820,2678,Least cisco,Coregonus sardinella,Salmoniformes,Salmonidae,Coregonus,-28.16,8.69,0.61,1.79,SD,9,Muscle
ID_0820,2678,Sm least cisco,Coregonus sardinella,Salmoniformes,Salmonidae,Coregonus,-27.06,7.69,0.17,0.57,SD,8,Muscle
ID_0820,4068,Slimy sculpin,Cottus cognatus,Perciformes/Cottoidei,Cottidae,Cottus,-26.33,8.57,0.38,0.51,SD,3,Muscle
ID_0820,2705,Alaska blackfish,Dallia pectoralis,Esociformes,Umbridae,Dallia,-30.17,8.57,1.36,0.31,SD,3,Muscle
ID_0820,3273,Ninespine stickleback,Pungitius pungitius,Perciformes/Gasterosteoidei,Gasterosteidae,Pungitius,-28.3,9.96,0.87,0.95,SD,10,Muscle
ID_0821,2678,Least cisco,Coregonus sardinella,Salmoniformes,Salmonidae,Coregonus,-29.8,9.2,NA,NA,SD,1,Muscle
ID_0821,2678,Least cisco_small,Coregonus sardinella,Salmoniformes,Salmonidae,Coregonus,-27.23,7.8,0.22,0.33,SD,4,Muscle
ID_0821,NA,Whitefish spp,Coregonus spp,Salmoniformes,Salmonidae,Coregonus,-27.1,7.1,NA,NA,SD,1,Muscle
ID_0821,2705,Alaska blackfish,Dallia pectoralis,Esociformes,Umbridae,Dallia,-28.3,9.47,0.3,0.67,SD,3,Muscle
ID_0821,3273,Ninespine stickleback,Pungitius pungitius,Perciformes/Gasterosteoidei,Gasterosteidae,Pungitius,-27.56,9.71,1.59,1.34,SD,10,Muscle
ID_0821,2693,Arctic grayling,Thymallus arcticus,Salmoniformes,Salmonidae,Thymallus,-26.79,8,1.48,1.88,SD,10,Muscle
ID_0822,3273,Ninespine stickleback,Pungitius pungitius,Perciformes/Gasterosteoidei,Gasterosteidae,Pungitius,-26.52,7.85,1.8,0.67,SD,10,Muscle
ID_0823,2076,Arapaima,Arapaima gigas,Osteoglossiformes,Arapaimidae,Arapaima,-31.6,7.8,1.5,1.2,SD,32,Muscle
ID_0823,263,Tambaqui,Colossoma macropomum,Characiformes,Serrasalmidae,Colossoma,-30,6.7,1.4,0.9,SD,12,Muscle
ID_0823,4757,Trahira,Hoplias malabaricus,Characiformes,Erythrinidae,Hoplias,-31.8,9.5,1.6,0.5,SD,5,Muscle
ID_0823,NA,NA,Hypophthalmus sp,Siluriformes,Pimelodidae,Hypophthalmus,-35,8,0.3,0.7,SD,7,Muscle
ID_0823,12977,Silver dollar fish,Mylossoma duriventre,Characiformes,Serrasalmidae,Mylossoma,-29,6.8,1.9,0.7,SD,13,Muscle
ID_0823,5808,Pirapitinga,Piaractus brachypomus,Characiformes,Serrasalmidae,Piaractus,-30.4,7.2,0.5,0.6,SD,4,Muscle
ID_0823,25648,NA,Potamorhina altamazonica,Characiformes,Curimatidae,Potamorhina,-31.8,6,0.7,0.8,SD,10,Muscle
ID_0823,25649,Ruskobarbitetra,Potamorhina latior,Characiformes,Curimatidae,Potamorhina,-32,6,1.8,0.9,SD,12,Muscle
ID_0823,11894,Black prochilodus,Prochilodus nigricans,Characiformes,Prochilodontidae,Prochilodus,-29.4,6.2,1.2,1.4,SD,3,Muscle
ID_0823,6410,Barred sorubim,Pseudoplatystoma fasciatum,Siluriformes,Pimelodidae,Pseudoplatystoma,-33,9,1.3,0.5,SD,9,Muscle
ID_0823,11973,Speckeled piranha,Serrasalmus spilopleura,Characiformes,Serrasalmidae,Serrasalmus,-31,8.5,1.7,0.5,SD,6,Muscle
ID_0823,51200,NA,Triportheus albus,Characiformes,Triportheidae,Triportheus,-31.3,7.6,0.9,1.1,SD,9,Muscle
ID_0824,3022,Brown bullhead_all sampling,Ameiurus nebulosus,Siluriformes,Ictaluridae,Ameiurus,-17.7,7,3.8,0.8,95%CI,5,Muscle
ID_0824,10353,Common bully_all sampling,Gobiomorphus cotidianus,Gobiiformes,Eleotridae,Gobiomorphus,-19.87,6.8,1.32,0.32,95%CI,24,Muscle
ID_0824,239,Rainbow trout_all sampling,Oncorhynchus mykiss,Salmoniformes,Salmonidae,Oncorhynchus,-26.25,8.05,0.7,0.6,95%CI,1,Muscle
ID_0824,239,Rainbow Trout_adult_littoral_pelagic_March15,Oncorhynchus mykiss,Salmoniformes,Salmonidae,Oncorhynchus,-23.2,9.9,0.5,0.1,95%CI,34,Muscle
ID_0824,12243,Smelt_all sampling,Retropinna retropinna,Osmeriformes,Retropinnidae,Retropinna,-23.5,6.57,0.85,0.33,95%CI,5,Muscle
ID_0825,23432,Darter characine,Apareiodon affinis,Characiformes,Parodontidae,Apareiodon,-21.24,11.65,1.07,0.85,SD,NA,Muscle
ID_0825,58130,Tambiu,Astyanax lacustris,Characiformes,Characidae,Astyanax,-23.76,11.53,2.3,3.07,SD,NA,Muscle
ID_0825,51337,Sabalito,Cyphocharax voga,Characiformes,Curimatidae,Cyphocharax,-24.66,13.98,2.3,0.91,SD,NA,Muscle
ID_0825,56692,Dentudo,Galeocharax humeralis,Characiformes,Characidae,Galeocharax,-26.8,12.95,2.08,0.85,SD,NA,Muscle
ID_0825,48470,Mandi,Iheringichthys labrosus,Siluriformes,Pimelodidae,Iheringichthys,-24.78,13.69,1.12,0.68,SD,NA,Muscle
ID_0825,12052,La Plata croaker,Pachyurus bonariensis,Eupercaria/misc,Sciaenidae,Pachyurus,-28.03,13.98,1.46,1.19,SD,NA,Muscle
ID_0825,48469,Catfish,Parapimelodus valenciennis,Siluriformes,Pimelodidae,Parapimelodus,-29.78,14.72,0.22,0.51,SD,NA,Muscle
ID_0825,69428,Tetras,Psalidodon rutilus,Characiformes,Characidae,Psalidodon,-27.53,14.72,1.35,0.8,SD,NA,Muscle
ID_0825,53118,Characin,Steindachnerina brevipinna,Characiformes,Curimatidae,Steindachnerina,-22.53,12.67,1.63,3.13,SD,NA,Muscle
ID_0826,23432,Darter characine,Apareiodon affinis,Characiformes,Parodontidae,Apareiodon,-19.75,11.48,1.31,0.15,SD,NA,Muscle
ID_0826,58130,Tambiu,Astyanax lacustris,Characiformes,Characidae,Astyanax,-24.75,12.35,1.31,1.43,SD,NA,Muscle
ID_0826,51337,Sabalito,Cyphocharax voga,Characiformes,Curimatidae,Cyphocharax,-25.05,14.44,0.51,0.82,SD,NA,Muscle
ID_0826,56692,Dentudo,Galeocharax humeralis,Characiformes,Characidae,Galeocharax,-28.18,13.98,1.36,0.97,SD,NA,Muscle
ID_0826,48470,Mandi,Iheringichthys labrosus,Siluriformes,Pimelodidae,Iheringichthys,-27.17,13.62,1.87,1.48,SD,NA,Muscle
ID_0826,12052,La Plata croaker,Pachyurus bonariensis,Eupercaria/misc,Sciaenidae,Pachyurus,-27.83,14.18,1.87,1.07,SD,NA,Muscle
ID_0826,48469,Catfish,Parapimelodus valenciennis,Siluriformes,Pimelodidae,Parapimelodus,-29.34,14.74,0.51,0.41,SD,NA,Muscle
ID_0826,69428,Tetras,Psalidodon rutilus,Characiformes,Characidae,Psalidodon,-28.43,14.34,0.51,1.02,SD,NA,Muscle
ID_0826,53118,Characin,Steindachnerina brevipinna,Characiformes,Curimatidae,Steindachnerina,-23.43,12.55,1.62,0.66,SD,NA,Muscle
ID_0827,14925,Barred grunter,Amniataba percoides,Centrarchiformes,Terapontidae,Amniataba,-27.54,11.6,0.78,0.43,SD,NA,Muscle
ID_0827,4800,Spangled perch,Leiopotherapon unicolor,Centrarchiformes,Terapontidae,Leiopotherapon,-25.64,10.88,2.34,0.72,SD,NA,Muscle
ID_0827,1612,Bony bream,Nematalosa erebi,Clupeiformes,Dorosomatidae,Nematalosa,-32.14,9.41,1.56,0.68,SD,NA,Muscle
ID_0827,3,Mozambique tilapia,Oreochromis mossambicus,Cichliformes,Cichlidae,Oreochromis,-30.06,9.59,1.39,0.47,SD,NA,Muscle
ID_0827,NA,NA,Oxyeleotris sp,Gobiiformes,Butidae,Oxyeleotris,-25.72,10.2,2.08,0.51,SD,NA,Muscle
ID_0827,2489,Spotted tilapia,Pelmatolapia mariae,Cichliformes,Cichlidae,Pelmatolapia,-28.15,10.36,1.13,0.55,SD,NA,Muscle
ID_0828,14925,Barred grunter,Amniataba percoides,Centrarchiformes,Terapontidae,Amniataba,-28.44,10.63,1.75,0.67,SD,NA,Muscle
ID_0828,4800,Spangled perch,Leiopotherapon unicolor,Centrarchiformes,Terapontidae,Leiopotherapon,-26.93,11.75,2.72,0.21,SD,NA,Muscle
ID_0828,1612,Bony bream,Nematalosa erebi,Clupeiformes,Dorosomatidae,Nematalosa,-30.21,9.38,2.11,0.71,SD,NA,Muscle
ID_0828,3,Mozambique tilapia,Oreochromis mossambicus,Cichliformes,Cichlidae,Oreochromis,-30.93,8.33,0,0,SD,NA,Muscle
ID_0828,NA,NA,Oxyeleotris sp,Gobiiformes,Butidae,Oxyeleotris,-25.67,8.21,0.7,2.21,SD,NA,Muscle
ID_0828,2489,Spotted tilapia,Pelmatolapia mariae,Cichliformes,Cichlidae,Pelmatolapia,-30.23,8.33,3.07,1.67,SD,NA,Muscle
ID_0829,14925,Barred grunter,Amniataba percoides,Centrarchiformes,Terapontidae,Amniataba,-28.48,10.33,1.71,0.64,SD,NA,Muscle
ID_0829,4800,Spangled perch,Leiopotherapon unicolor,Centrarchiformes,Terapontidae,Leiopotherapon,-27.09,11.4,2.66,0.22,SD,NA,Muscle
ID_0829,1612,Bony bream,Nematalosa erebi,Clupeiformes,Dorosomatidae,Nematalosa,-30.25,8.2,3.1,1.57,SD,NA,Muscle
ID_0829,3,Mozambique tilapia,Oreochromis mossambicus,Cichliformes,Cichlidae,Oreochromis,-30.89,8.22,3.23,0,SD,NA,Muscle
ID_0829,NA,NA,Oxyeleotris sp,Gobiiformes,Butidae,Oxyeleotris,-25.7,8.09,0.76,2.07,SD,NA,Muscle
ID_0829,2489,Spotted tilapia,Pelmatolapia mariae,Cichliformes,Cichlidae,Pelmatolapia,-30.25,9.21,2.03,0.64,SD,NA,Muscle
ID_0830,5207,NA,Brevimyrus niger,Osteoglossiformes,Mormyridae,Brevimyrus,-25.62,8.88,0.23,0.48,SD,NA,Muscle
ID_0830,2098,Mudfish,Clarias agboyiensis,Siluriformes,Clariidae,Clarias,-23.08,10.66,0.77,0.12,SD,NA,Muscle
ID_0830,1934,Sharptooth catfish,Clarias gariepinus,Siluriformes,Clariidae,Clarias,-24,10.31,0.77,0.24,SD,NA,Muscle
ID_0830,10050,NA,Ctenopoma petherici,Anabantiformes,Anabantidae,Ctenopoma,-25.23,8.46,1.08,1.19,SD,NA,Muscle
ID_0830,4830,Reedfish,Erpetoichthys calabaricus,Polypteriformes,Polypteridae,Erpetoichthys,-20.69,10.25,0,0,SD,NA,Muscle
ID_0830,5467,African obscure snakehead,Parachanna obscura,Anabantiformes,Channidae,Parachanna,-23.23,11.14,0.62,0.3,SD,NA,Muscle
ID_0830,5024,Gray bichir,Polypterus senegalus,Polypteriformes,Polypteridae,Polypterus,-23.54,10.13,0.38,0.48,SD,NA,Muscle
ID_0830,5065,African knifefish,Xenomystus nigri,Osteoglossiformes,Notopteridae,Xenomystus,-28.85,9.23,0.54,0.12,SD,NA,Muscle
ID_0831,5207,NA,Brevimyrus niger,Osteoglossiformes,Mormyridae,Brevimyrus,-25.64,9.35,0.57,0.54,SD,NA,Muscle
ID_0831,2098,Mudfish,Clarias agboyiensis,Siluriformes,Clariidae,Clarias,-22.86,8.72,0.38,0.34,SD,NA,Muscle
ID_0831,1934,Sharptooth catfish,Clarias gariepinus,Siluriformes,Clariidae,Clarias,-24.69,10.48,0.63,0.39,SD,NA,Muscle
ID_0831,10050,NA,Ctenopoma petherici,Anabantiformes,Anabantidae,Ctenopoma,-23.94,9.26,0.25,0.78,SD,NA,Muscle
ID_0831,4830,Reedfish,Erpetoichthys calabaricus,Polypteriformes,Polypteridae,Erpetoichthys,-21.47,9.94,0,0.29,SD,NA,Muscle
ID_0831,5467,African obscure snakehead,Parachanna obscura,Anabantiformes,Channidae,Parachanna,-23.05,11.5,0,0.44,SD,NA,Muscle
ID_0831,5024,Gray bichir,Polypterus senegalus,Polypteriformes,Polypteridae,Polypterus,-23.75,10.77,0.95,0.24,SD,NA,Muscle
ID_0831,5065,African knifefish,Xenomystus nigri,Osteoglossiformes,Notopteridae,Xenomystus,-24.82,9.79,1.33,0,SD,NA,Muscle
ID_0832,5207,NA,Brevimyrus niger,Osteoglossiformes,Mormyridae,Brevimyrus,-23.81,6.2,0,0,SD,NA,Muscle
ID_0832,1934,Sharptooth catfish,Clarias gariepinus,Siluriformes,Clariidae,Clarias,-25.37,10.75,0.67,0.23,SD,NA,Muscle
ID_0832,10050,NA,Ctenopoma petherici,Anabantiformes,Anabantidae,Ctenopoma,-25.07,8.22,0.82,0.58,SD,NA,Muscle
ID_0832,4530,African pike,Hepsetus odoe,Characiformes,Hepsetidae,Hepsetus,-24.85,11.27,0,0.23,SD,NA,Muscle
ID_0832,2,Nile tilapia,Oreochromis niloticus,Cichliformes,Cichlidae,Oreochromis,-27.99,7.65,0.52,0.58,SD,NA,Muscle
ID_0832,5467,African obscure snakehead,Parachanna obscura,Anabantiformes,Channidae,Parachanna,-24.1,10.29,0.3,0.35,SD,NA,Muscle
ID_0832,5024,Gray bichir,Polypterus senegalus,Polypteriformes,Polypteridae,Polypterus,-25.52,10.69,0,0,SD,NA,Muscle
ID_0833,6415,Hawaiian ladyfish_5,Elops hawaiensis,Elopiformes,Elopidae,Elops,-25.03,11.33,0.65,0.09,SD,NA,Muscle
ID_0833,4463,Whipfin silverbiddy,Gerres filamentosus,Eupercaria/misc,Gerreidae,Gerres,-30.11,9.68,0.45,0.27,SD,NA,Muscle
ID_0833,10597,Greenway's grunter,Hannia greenwayi,Centrarchiformes,Terapontidae,Hannia,-29.82,10.35,0.61,0.4,SD,NA,Muscle
ID_0833,14936,Western sooty grunter,Hephaestus jenkinsi,Centrarchiformes,Terapontidae,Hephaestus,-29.7,10.84,1.19,0.53,SD,NA,Muscle
ID_0833,346,Barramundi,Lates calcarifer,Carangaria/misc,Latidae,Lates,-22.42,10.66,1.19,1.16,SD,NA,Muscle
ID_0833,4800,Spangled perch,Leiopotherapon unicolor,Centrarchiformes,Terapontidae,Leiopotherapon,-27.65,9.72,1.88,0.45,SD,NA,Muscle
ID_0833,1612,Bony bream,Nematalosa erebi,Clupeiformes,Dorosomatidae,Nematalosa,-29.04,8.7,1.6,0.85,SD,NA,Muscle
ID_0833,22590,Blue salmon catfish,Neoarius graeffei,Siluriformes,Ariidae,Neoarius,-23.19,10.75,1.51,0.45,SD,NA,Muscle
ID_0833,69356,River diamond mullet,Planiliza ordensis,Mugiliformes,Mugilidae,Planiliza,-25.61,8.07,2.13,0.67,SD,NA,Muscle
ID_0833,12257,Spotbanded scat,Selenotoca multifasciata,Acanthuriformes,Scatophagidae,Selenotoca,-31.29,8.3,0.49,0.58,SD,NA,Muscle
ID_0833,8817,Longtom,Strongylura krefftii,Beloniformes,Belonidae,Strongylura,-23.56,11.99,0,0,SD,NA,Muscle
ID_0833,62208,Kimberley archerfish,Toxotes kimberleyensis,Carangaria/misc,Toxotidae,Toxotes,-25.61,9.9,0.7,0.62,SD,NA,Muscle
ID_0834,NA,NA,Ambassis spp,Ovalentaria/misc,Ambassidae,Ambassis,-22.76,8.73,2.42,1.08,SD,NA,Muscle
ID_0834,22633,Toothless catfish,Anodontiglanis dahli,Siluriformes,Plotosidae,Anodontiglanis,-26.73,9.15,1.11,0.52,SD,NA,Muscle
ID_0834,4800,Spangled perch,Leiopotherapon unicolor,Centrarchiformes,Terapontidae,Leiopotherapon,-22.09,8.64,2.38,0.89,SD,NA,Muscle
ID_0834,22712,Western rainbowfish,Melanotaenia australis,Atheriniformes,Melanotaeniidae,Melanotaenia,-23.91,8.12,1.75,0.99,SD,NA,Muscle
ID_0834,1612,Bony bream,Nematalosa erebi,Clupeiformes,Dorosomatidae,Nematalosa,-25.98,8.78,0.83,0.38,SD,NA,Muscle
ID_0834,22590,Blue salmon catfish,Neoarius graeffei,Siluriformes,Ariidae,Neoarius,-22.84,9.86,0.44,0.24,SD,NA,Muscle
ID_0834,12094,Narrowfront tandan,Neosilurus ater,Siluriformes,Plotosidae,Neosilurus,-25.54,9.72,0.4,0.05,SD,NA,Muscle
ID_0834,62208,Kimberley archerfish,Toxotes kimberleyensis,Carangaria/misc,Toxotidae,Toxotes,-24.03,8.64,0.48,0.19,SD,NA,Muscle
ID_0835,13270,Tunacare peacock bass,Cichla monoculus,Cichliformes,Cichlidae,Cichla,-29.85,10.32,0.94,0.43,SD,2,Muscle
ID_0835,25719,NA,Hemiodus microlepis,Characiformes,Hemiodontidae,Hemiodus,-35.94,8.24,1.1,0.57,SD,5,Muscle
ID_0835,25524,Palometa,Mylossoma aureum,Characiformes,Serrasalmidae,Mylossoma,-27.58,6.31,0.93,0.48,SD,6,Muscle
ID_0835,4793,Orinoco sailfin catfish,Pterygoplichthys multiradiatus,Siluriformes,Loricariidae,Pterygoplichthys,-30.36,7.05,2.77,1.07,SD,5,Muscle
ID_0835,4501,Red piranha,Pygocentrus nattereri,Characiformes,Serrasalmidae,Pygocentrus,-32.28,10.05,1.01,0.29,SD,8,Muscle
ID_0835,23448,Characin,Schizodon fasciatus,Characiformes,Anostomidae,Schizodon,-26.74,8.43,3.12,0.5,SD,10,Muscle
ID_0835,25658,Kissing prochilodus,Semaprochilodus insignis,Characiformes,Prochilodontidae,Semaprochilodus,-32.32,6.16,2.18,0.33,SD,4,Muscle
ID_0835,12976,NA,Triportheus angulatus,Characiformes,Triportheidae,Triportheus,-30.98,8.91,1.93,0.56,SD,8,Muscle
ID_0836,13270,Tunacare peacock bass,Cichla monoculus,Cichliformes,Cichlidae,Cichla,-32.69,8.92,2.96,0.4,SD,7,Muscle
ID_0836,25719,NA,Hemiodus microlepis,Characiformes,Hemiodontidae,Hemiodus,-33.81,6.88,NA,NA,SD,1,Muscle
ID_0836,12330,Threespot leporinus,Leporinus friderici,Characiformes,Anostomidae,Leporinus,-30.69,6.8,1.18,0.53,SD,5,Muscle
ID_0836,25524,Palometa,Mylossoma aureum,Characiformes,Serrasalmidae,Mylossoma,-27.69,7.2,0.72,0.51,SD,6,Muscle
ID_0836,4793,Orinoco sailfin catfish,Pterygoplichthys multiradiatus,Siluriformes,Loricariidae,Pterygoplichthys,-33.12,6.34,0.83,0.47,SD,6,Muscle
ID_0836,4501,Red piranha,Pygocentrus nattereri,Characiformes,Serrasalmidae,Pygocentrus,-29.76,9.48,1.34,0.51,SD,3,Muscle
ID_0836,23448,Characin,Schizodon fasciatus,Characiformes,Anostomidae,Schizodon,-33.07,7.17,2.23,0.92,SD,11,Muscle
ID_0836,25658,Kissing prochilodus,Semaprochilodus insignis,Characiformes,Prochilodontidae,Semaprochilodus,-33.56,6.19,3.66,1.08,SD,5,Muscle
ID_0836,12976,NA,Triportheus angulatus,Characiformes,Triportheidae,Triportheus,-30.16,8.79,1.66,0.21,SD,5,Muscle
ID_0837,268,Common bream,Abramis brama,Cypriniformes,Leuciscidae,Abramis,-22.08,9.76,0.44,0.11,SD,5,Muscle
ID_0837,270,Crucian carp,Carassius carassius,Cypriniformes,Cyprinidae,Carassius,-26.74,8.16,0.29,0.05,SD,12,Muscle
ID_0837,79,Grass carp,Ctenopharyngodon idella,Cypriniformes,Xenocyprididae,Ctenopharyngodon,-19.99,7.57,0,0,SD,3,Muscle
ID_0837,1450,Common carp,Cyprinus carpio,Cypriniformes,Cyprinidae,Cyprinus,-27.32,7.79,0.34,0.27,SD,12,Muscle
ID_0837,258,Northern pike,Esox lucius,Esociformes,Esocidae,Esox,-21.88,9.33,0.15,0.16,SD,12,Muscle
ID_0837,274,Silver carp,Hypophthalmichthys molitrix,Cypriniformes,Xenocyprididae,Hypophthalmichthys,-22.71,8.21,0.24,0.16,SD,5,Muscle
ID_0837,275,Bighead carp,Hypophthalmichthys nobilis,Cypriniformes,Xenocyprididae,Hypophthalmichthys,-23.34,9.55,0.1,0.16,SD,3,Muscle
ID_0837,358,Perch,Perca fluviatilis,Perciformes/Percoidei,Percidae,Perca,-23.97,12.37,0.15,0.16,SD,12,Muscle
ID_0837,NA,Bass,NA,NA,NA,NA,-21.59,15.31,0.15,0.32,SD,12,Muscle
ID_0837,NA,Pond smelt,NA,NA,NA,NA,-24.89,8.59,0.29,0.05,SD,NA,Whole
ID_0838,268,Common bream,Abramis brama,Cypriniformes,Leuciscidae,Abramis,-28.42,14.39,1.38,0.92,SD,NA,Muscle
ID_0838,6374,Blue bream,Ballerus ballerus,Cypriniformes,Leuciscidae,Ballerus,-29.44,14.69,0.1,0.1,SD,NA,Muscle
ID_0838,258,Northern pike,Esox lucius,Esociformes,Esocidae,Esox,-28.21,15.51,0.66,0.2,SD,NA,Muscle
ID_0838,4783,Asp,Leuciscus aspius,Cypriniformes,Leuciscidae,Leuciscus,-29.18,16.43,0.66,0.82,SD,NA,Muscle
ID_0838,358,Perch,Perca fluviatilis,Perciformes/Percoidei,Percidae,Perca,-29.54,14.9,1.07,1.63,SD,NA,Muscle
ID_0838,272,Roach,Rutilus rutilus,Cypriniformes,Leuciscidae,Rutilus,-31.17,12.24,1.38,1.53,SD,NA,Muscle
ID_0838,360,Pikeperch,Sander lucioperca,Perciformes/Percoidei,Percidae,Sander,-28.47,16.94,0.26,0.1,SD,NA,Muscle
ID_0838,2951,Rudd,Scardinius erythrophthalmus,Cypriniformes,Leuciscidae,Scardinius,-27.45,13.78,0.46,0.1,SD,NA,Muscle
ID_0839,54380,Bitterling_juvenile,Acheilognathus macropterus,Cypriniformes,Acheilognathidae,Acheilognathus,-25.08,7.53,0.99,0.12,SD,NA,Muscle
ID_0839,54380,Bitterling_adult,Acheilognathus macropterus,Cypriniformes,Acheilognathidae,Acheilognathus,-20.62,10.73,2.53,0.97,SD,NA,Muscle
ID_0839,270,Crucian carp_juvenile,Carassius carassius,Cypriniformes,Cyprinidae,Carassius,-25.68,9.76,1.05,0.66,SD,NA,Muscle
ID_0839,270,Crucian carp_adult,Carassius carassius,Cypriniformes,Cyprinidae,Carassius,-19.69,11.15,0.22,0.91,SD,NA,Muscle
ID_0839,4799,Snakehead,Channa argus,Anabantiformes,Channidae,Channa,-20.68,11.45,0,0,SD,NA,Muscle
ID_0839,4755,Sharpbelly_juvenile,Hemiculter leucisculus,Cypriniformes,Xenocyprididae,Hemiculter,-26.34,11.51,0,0,SD,NA,Muscle
ID_0839,4755,Sharpbelly_adult,Hemiculter leucisculus,Cypriniformes,Xenocyprididae,Hemiculter,-20.62,11.64,0.72,0.18,SD,NA,Muscle
ID_0839,4691,Stone moroko_juvenile,Pseudorasbora parva,Cypriniformes,Gobionidae,Pseudorasbora,-23.43,9.7,1.1,2.42,SD,NA,Muscle
ID_0839,4691,Stone moroko_adult,Pseudorasbora parva,Cypriniformes,Gobionidae,Pseudorasbora,-18.86,12.6,0.61,0.91,SD,NA,Muscle
ID_0839,28054,Mandarin fish,Siniperca chuatsi,Centrarchiformes,Sinipercidae,Siniperca,-21.28,11.27,1.93,0.48,SD,NA,Muscle
ID_0839,55396,NA,Toxabramis swinhonis,Cypriniformes,Xenocyprididae,Toxabramis,-22.82,12.06,2.48,0.79,SD,NA,Muscle
ID_0840,271,Goldfish,Carassius auratus,Cypriniformes,Cyprinidae,Carassius,-20,16.47,1.02,0.93,SD,11,Muscle
ID_0840,4799,Snakehead,Channa argus,Anabantiformes,Channidae,Channa,-15.46,12.81,2,0.42,SD,16,Muscle
ID_0840,4635,Predatory carp,Chanodichthys erythropterus,Cypriniformes,Xenocyprididae,Chanodichthys,-21.12,18.34,1.37,0.85,SD,18,Muscle
ID_0840,630,Bigmouth grenadier anchovy,Coilia nasus,Clupeiformes,Engraulidae,Coilia,-21.17,19.35,0.34,0.17,SD,5,Whole
ID_0840,79,Grass carp,Ctenopharyngodon idella,Cypriniformes,Xenocyprididae,Ctenopharyngodon,-18.54,5.48,0,0,SD,5,Muscle
ID_0840,1450,Common carp,Cyprinus carpio,Cypriniformes,Cyprinidae,Cyprinus,-20.83,16.56,0.68,2.2,SD,9,Muscle
ID_0840,274,Silver carp,Hypophthalmichthys molitrix,Cypriniformes,Xenocyprididae,Hypophthalmichthys,-23.32,9.73,0.44,1.27,SD,3,Muscle
ID_0840,275,Bighead carp,Hypophthalmichthys nobilis,Cypriniformes,Xenocyprididae,Hypophthalmichthys,-21.56,18.09,0.68,0.59,SD,4,Muscle
ID_0840,4691,Stone moroko,Pseudorasbora parva,Cypriniformes,Gobionidae,Pseudorasbora,-21.27,15.97,0.29,0.51,SD,5,Whole
ID_0840,54926,Rosy bitterling,Rhodeus sinensis,Cypriniformes,Acheilognathidae,Rhodeus,-21.02,14.62,0.59,0.25,SD,5,Whole
ID_0840,28052,Yellow catfish,Tachysurus fulvidraco,Siluriformes,Bagridae,Tachysurus,-20.1,15.54,1.27,1.35,SD,23,Muscle
ID_0841,3375,Bluegill,Lepomis macrochirus,Centrarchiformes,Centrarchidae,Lepomis,-22.33,12.22,0.45,0.32,SE,NA,Muscle
ID_0841,3385,Largemouth bass,Micropterus salmoides,Centrarchiformes,Centrarchidae,Micropterus,-21.58,14.22,0.43,0.24,SE,NA,Muscle
ID_0842,3375,Bluegill,Lepomis macrochirus,Centrarchiformes,Centrarchidae,Lepomis,-22.94,11.81,0.68,0.38,SE,NA,Muscle
ID_0842,3385,Largemouth bass,Micropterus salmoides,Centrarchiformes,Centrarchidae,Micropterus,-21.16,14.08,0.48,0.26,SE,NA,Muscle
ID_0843,3375,Bluegill,Lepomis macrochirus,Centrarchiformes,Centrarchidae,Lepomis,-23.97,9.04,0.37,0.08,SE,NA,Muscle
ID_0843,3385,Largemouth bass,Micropterus salmoides,Centrarchiformes,Centrarchidae,Micropterus,-23.66,10.95,0.43,0.3,SE,NA,Muscle
ID_0844,3375,Bluegill,Lepomis macrochirus,Centrarchiformes,Centrarchidae,Lepomis,-24.42,8.8,0.14,0.15,SE,NA,Muscle
ID_0844,3385,Largemouth bass,Micropterus salmoides,Centrarchiformes,Centrarchidae,Micropterus,-22.63,10.37,0.64,0.18,SE,NA,Muscle
ID_0845,3375,Bluegill,Lepomis macrochirus,Centrarchiformes,Centrarchidae,Lepomis,-22.45,7.24,0.23,0.07,SE,NA,Muscle
ID_0845,3385,Largemouth bass,Micropterus salmoides,Centrarchiformes,Centrarchidae,Micropterus,-21.33,7.75,0.68,0.19,SE,NA,Muscle
ID_0846,3375,Bluegill,Lepomis macrochirus,Centrarchiformes,Centrarchidae,Lepomis,-23.69,8.52,0.21,0.07,SE,NA,Muscle
ID_0846,3385,Largemouth bass,Micropterus salmoides,Centrarchiformes,Centrarchidae,Micropterus,-22.84,10.21,0.37,0.22,SE,NA,Muscle
ID_0847,2965,White sucker,Catostomus commersonii,Cypriniformes,Catostomidae,Catostomus,-21.79,10.59,0.17,0.37,SE,5,Scale
ID_0847,235,Lake herring,Coregonus artedi,Salmoniformes,Salmonidae,Coregonus,-23.35,11.77,0.1,0.28,SE,5,Scale
ID_0847,234,Lake whitefish,Coregonus clupeaformis,Salmoniformes,Salmonidae,Coregonus,-23.29,12.73,0.21,0.28,SE,5,Scale
ID_0847,3372,Pumpkinseed sunfish,Lepomis gibbosus,Centrarchiformes,Centrarchidae,Lepomis,-21.45,10.81,0.52,0.37,SE,5,Scale
ID_0847,3382,Smallmouth bass,Micropterus dolomieu,Centrarchiformes,Centrarchidae,Micropterus,-21.11,13.34,2.49,0.12,SE,5,Scale
ID_0847,2824,Emerald shiner,Notropis atherinoides,Cypriniformes,Leuciscidae,Notropis,-22.97,11.31,0.1,0.19,SE,5,Scale
ID_0847,2867,Spottail shiner,Notropis hudsonius,Cypriniformes,Leuciscidae,Notropis,-23.56,11.49,0.28,0.19,SE,5,Scale
ID_0847,253,Rainbow smelt,Osmerus mordax,Osmeriformes,Osmeridae,Osmerus,-24.25,11.86,0.1,0.22,SE,5,Scale
ID_0847,359,Yellow perch,Perca flavescens,Perciformes/Percoidei,Percidae,Perca,-22.39,12.54,0.17,0.25,SE,5,Scale
ID_0847,3489,Logperch,Percina caprodes,Perciformes/Percoidei,Percidae,Percina,-23.84,11.55,0.38,0.53,SE,5,Scale
ID_0847,3065,Trout perch,Percopsis omiscomaycus,Percopsiformes,Percopsidae,Percopsis,-23.74,13.56,0.14,0.19,SE,5,Scale
ID_0847,248,Lake trout,Salvelinus namaycush,Salmoniformes,Salmonidae,Salvelinus,-22.19,15.44,0.24,0.12,SE,5,Scale
ID_0848,2965,White sucker,Catostomus commersonii,Cypriniformes,Catostomidae,Catostomus,-18.81,9.36,0.8,0.37,SE,5,Scale
ID_0848,235,Lake herring,Coregonus artedi,Salmoniformes,Salmonidae,Coregonus,-22.59,11.55,0.17,0.19,SE,5,Scale
ID_0848,234,Lake whitefish,Coregonus clupeaformis,Salmoniformes,Salmonidae,Coregonus,-21.84,13.87,0.38,0.28,SE,5,Scale
ID_0848,4068,Slimy sculpin,Cottus cognatus,Perciformes/Cottoidei,Cottidae,Cottus,-25.3,13.5,0.35,0.19,SE,5,Scale
ID_0848,4083,Spoonhead sculpin,Cottus ricei,Perciformes/Cottoidei,Cottidae,Cottus,-24.92,13.16,0.35,0.19,SE,5,Scale
ID_0848,3372,Pumpkinseed sunfish,Lepomis gibbosus,Centrarchiformes,Centrarchidae,Lepomis,-16.42,9.92,0.38,0.25,SE,5,Scale
ID_0848,3382,Smallmouth bass,Micropterus dolomieu,Centrarchiformes,Centrarchidae,Micropterus,-17.85,12.29,0.31,0.15,SE,5,Scale
ID_0848,12019,Round goby,Neogobius melanostomus,Gobiiformes,Gobiidae,Neogobius,-18.19,10.29,0.21,0.15,SE,5,Scale
ID_0848,253,Rainbow smelt,Osmerus mordax,Osmeriformes,Osmeridae,Osmerus,-23.9,11.15,1.93,0.15,SE,5,Scale
ID_0848,359,Yellow perch,Perca flavescens,Perciformes/Percoidei,Percidae,Perca,-19.82,10.97,0.52,0.12,SE,5,Scale
ID_0848,248,Lake trout,Salvelinus namaycush,Salmoniformes,Salmonidae,Salvelinus,-21.15,15.35,0.21,0.15,SE,5,Scale
ID_0849,3361,Rock bass,Ambloplites rupestris,Centrarchiformes,Centrarchidae,Ambloplites,-26.1,11.6,0.46,0.25,SE,10,Muscle
ID_0849,2965,White sucker,Catostomus commersonii,Cypriniformes,Catostomidae,Catostomus,-28.2,8.9,0.45,0.16,SE,10,Muscle
ID_0849,235,Cisco,Coregonus artedi,Salmoniformes,Salmonidae,Coregonus,-31.1,11.6,0.19,0.09,SE,9,Muscle
ID_0849,258,Northern pike,Esox lucius,Esociformes,Esocidae,Esox,-26.7,12.1,0.23,0.14,SE,25,Muscle
ID_0849,2711,Muskellunge,Esox masquinongy,Esociformes,Esocidae,Esox,-29.2,13.9,0.14,0.08,SE,12,Muscle
ID_0849,3445,Johnny darter,Etheostoma nigrum,Perciformes/Percoidei,Percidae,Etheostoma,-27.2,10.5,0.84,0.42,SE,3,Muscle
ID_0849,3190,Banded killifish,Fundulus diaphanus,Cyprinodontiformes,Fundulidae,Fundulus,-24.6,9.9,0.29,0.16,SE,7,Muscle
ID_0849,3372,Pumpkinseed sunfish,Lepomis gibbosus,Centrarchiformes,Centrarchidae,Lepomis,-26.3,9.6,0.49,0.26,SE,10,Muscle
ID_0849,3375,Bluegill,Lepomis macrochirus,Centrarchiformes,Centrarchidae,Lepomis,-26.3,9.9,0.26,0.18,SE,14,Muscle
ID_0849,2864,Blackchin shiner,Notropis heterodon,Cypriniformes,Leuciscidae,Notropis,-27.2,10.3,0.74,0.23,SE,8,Muscle
ID_0849,2865,Blacknose shiner,Notropis heterolepis,Cypriniformes,Leuciscidae,Notropis,-28,11,0.27,0.34,SE,6,Muscle
ID_0849,359,Yellow perch,Perca flavescens,Perciformes/Percoidei,Percidae,Perca,-28.6,10.4,0.73,0.61,SE,9,Muscle
ID_0849,2931,Bluntnose minnow,Pimephales notatus,Cypriniformes,Leuciscidae,Pimephales,-26,9.6,0.55,0.15,SE,9,Muscle
ID_0849,3516,Walleye,Sander vitreus,Perciformes/Percoidei,Percidae,Sander,-27.4,13.6,0.29,0.19,SE,14,Muscle
ID_0850,232,European whitefish,Coregonus lavaretus,Salmoniformes,Salmonidae,Coregonus,-28.12,10.89,1.81,1.12,SD,NA,Muscle
ID_0850,310,Burbot,Lota lota,Gadiformes,Lotidae,Lota,-25.67,12.93,2.66,1.74,SD,NA,Muscle
ID_0850,1334,Smelt,Osmerus eperlanus,Osmeriformes,Osmeridae,Osmerus,-30.14,12.53,0.21,0.82,SD,NA,Muscle
ID_0850,4661,Minnow,Phoxinus phoxinus,Cypriniformes,Leuciscidae,Phoxinus,-21.53,10.58,1.06,0,SD,NA,Muscle
ID_0850,272,Roach,Rutilus rutilus,Cypriniformes,Leuciscidae,Rutilus,-24.56,11.35,3.23,0.36,SD,2,Muscle
ID_0850,238,Brown trout,Salmo trutta,Salmoniformes,Salmonidae,Salmo,-29.71,13.24,3.08,2.25,SD,NA,Muscle
ID_0850,247,Arctic charr,Salvelinus alpinus,Salmoniformes,Salmonidae,Salvelinus,-29.66,13.19,0.08,0.36,SD,2,Muscle
ID_0850,4605,Grayling,Thymallus thymallus,Salmoniformes,Salmonidae,Thymallus,-22.06,9.87,1.59,1.02,SD,NA,Muscle
ID_0851,7579,Inanga_adult,Galaxias maculatus,Galaxiiformes,Galaxiidae,Galaxias,-24.8,9.2,1.4,1.3,SD,8,Whole
ID_0851,7579,Inanga_juvenile,Galaxias maculatus,Galaxiiformes,Galaxiidae,Galaxias,-25.8,10.6,0.6,0.6,SD,3,Whole
ID_0851,47142,Big puyen,Galaxias platei,Galaxiiformes,Galaxiidae,Galaxias,-29.7,7.2,1.9,3.9,SD,8,Muscle
ID_0851,239,Rainbow trout,Oncorhynchus mykiss,Salmoniformes,Salmonidae,Oncorhynchus,-24.7,12.7,1,1.5,SD,5,Muscle
ID_0851,12129,Creole perch,Percichthys trucha,Centrarchiformes,Percichthyidae,Percichthys,-26.7,13.1,1.3,1.1,SD,13,Muscle
ID_0851,238,Brown trout_adult,Salmo trutta,Salmoniformes,Salmonidae,Salmo,-25.5,13.6,0.8,0.4,SD,23,Muscle
ID_0851,238,Brown trout_juvenile,Salmo trutta,Salmoniformes,Salmonidae,Salmo,-30.1,5.1,0.9,0.4,SD,5,Whole
ID_0852,7579,Inanga_adult,Galaxias maculatus,Galaxiiformes,Galaxiidae,Galaxias,-24.8,9.2,1.4,1.3,SD,8,Whole
ID_0852,7579,Inanga_juvenile,Galaxias maculatus,Galaxiiformes,Galaxiidae,Galaxias,-24.2,10.3,0.8,0,SD,2,Whole
ID_0852,11975,Velvet catfish,Olivaichthys viedmensis,Siluriformes,Diplomystidae,Olivaichthys,-21,9.4,NA,NA,SD,1,Muscle
ID_0852,239,Rainbow trout_adult,Oncorhynchus mykiss,Salmoniformes,Salmonidae,Oncorhynchus,-24.9,12.1,1.3,0.2,SD,4,Muscle
ID_0852,239,Rainbow trout_juvenile,Oncorhynchus mykiss,Salmoniformes,Salmonidae,Oncorhynchus,-25.2,7.2,2.7,1.6,SD,8,Muscle
ID_0852,12129,Creole perch,Percichthys trucha,Centrarchiformes,Percichthyidae,Percichthys,-25.1,12.4,1.2,1.7,SD,9,Muscle
ID_0852,238,Brown trout,Salmo trutta,Salmoniformes,Salmonidae,Salmo,-26.4,13.8,0.8,0.1,SD,2,Muscle
ID_0853,7579,Inanga_adult,Galaxias maculatus,Galaxiiformes,Galaxiidae,Galaxias,-21.5,11.6,1.5,1.6,SD,9,Whole
ID_0853,7579,Inanga_juvenile,Galaxias maculatus,Galaxiiformes,Galaxiidae,Galaxias,-23.3,10.9,0.8,0.2,SD,5,Whole
ID_0853,47142,Big puyen,Galaxias platei,Galaxiiformes,Galaxiidae,Galaxias,-20.2,12.7,NA,NA,SD,1,Muscle
ID_0853,11975,Velvet catfish,Olivaichthys viedmensis,Siluriformes,Diplomystidae,Olivaichthys,-20.3,10.6,NA,NA,SD,1,Muscle
ID_0853,239,Rainbow trout_adult,Oncorhynchus mykiss,Salmoniformes,Salmonidae,Oncorhynchus,-20.2,11.9,2.5,0.9,SD,10,Muscle
ID_0853,239,Rainbow trout_juvenile,Oncorhynchus mykiss,Salmoniformes,Salmonidae,Oncorhynchus,-19.3,8.1,2.5,2.1,SD,3,Whole
ID_0853,12129,Creole perch,Percichthys trucha,Centrarchiformes,Percichthyidae,Percichthys,-19.7,11.3,1.3,0.8,SD,5,Muscle
ID_0853,238,Brown trout,Salmo trutta,Salmoniformes,Salmonidae,Salmo,-24.7,13.7,NA,NA,SD,1,Muscle
ID_0854,5238,Imberi,Brycinus imberi,Characiformes,Alestidae,Brycinus,-21.29,13,0.88,0,SE,NA,Muscle
ID_0854,9507,Shortspine suckermouth,Chiloglanis pretoriae,Siluriformes,Mochokidae,Chiloglanis,-20.56,14.14,0.8,0,SE,NA,Muscle
ID_0854,1934,Sharptooth catfish,Clarias gariepinus,Siluriformes,Clariidae,Clarias,-20.41,13.17,0,0.09,SE,NA,Muscle
ID_0854,1397,Redbreast tilapia,Coptodon rendalli,Cichliformes,Cichlidae,Coptodon,-19.1,11.94,0.73,0,SE,NA,Muscle
ID_0854,11276,Hamilton's barb,Enteromius afrohamiltoni,Cypriniformes,Cyprinidae,Enteromius,-21.37,10.45,0.88,0.44,SE,NA,Muscle
ID_0854,9947,River goby,Glossogobius callidus,Gobiiformes,Gobiidae,Glossogobius,-21.15,12.82,0.37,0.18,SE,NA,Muscle
ID_0854,4479,African tigerfish_small,Hydrocynus vittatus,Characiformes,Alestidae,Hydrocynus,-21.59,12.56,0.29,0,SE,NA,Muscle
ID_0854,4479,African tigerfish_large,Hydrocynus vittatus,Characiformes,Alestidae,Hydrocynus,-20.2,15.19,0.15,0,SE,NA,Muscle
ID_0854,5409,Redeye labeo,Labeo cylindricus,Cypriniformes,Cyprinidae,Labeo,-23.12,12.38,0.73,0.61,SE,NA,Muscle
ID_0854,11561,Leaden labeo,Labeo molybdinus,Cypriniformes,Cyprinidae,Labeo,-20.85,12.82,0.29,0.26,SE,NA,Muscle
ID_0854,11570,Rednose labeo,Labeo rosae,Cypriniformes,Cyprinidae,Labeo,-22.1,12.91,0.88,0.79,SE,NA,Muscle
ID_0854,11403,Largescale yellowfish,Labeobarbus marequensis,Cypriniformes,Cyprinidae,Labeobarbus,-22.1,13.7,0.15,0.18,SE,NA,Muscle
ID_0854,2402,Sharptooth tetra,Micralestes acutidens,Characiformes,Alestidae,Micralestes,-21.73,13.08,0.44,0.44,SE,NA,Muscle
ID_0854,3,Mozambique tilapia,Oreochromis mossambicus,Cichliformes,Cichlidae,Oreochromis,-19.17,11.15,0.59,0.35,SE,NA,Muscle
ID_0854,6891,Southern mouthbrooder,Pseudocrenilabrus philander,Cichliformes,Cichlidae,Pseudocrenilabrus,-21.59,14.49,0.29,0,SE,NA,Muscle
ID_0855,9507,Shortspine suckermouth,Chiloglanis pretoriae,Siluriformes,Mochokidae,Chiloglanis,-26.81,16.28,0.32,0.19,SE,NA,Muscle
ID_0855,1934,Sharptooth catfish,Clarias gariepinus,Siluriformes,Clariidae,Clarias,-20.32,14.65,0.43,0,SE,NA,Muscle
ID_0855,1397,Redbreast tilapia,Coptodon rendalli,Cichliformes,Cichlidae,Coptodon,-16.06,11.97,0,0,SE,NA,Muscle
ID_0855,NA,Barb,Enteromius sp,Cypriniformes,Cyprinidae,Enteromius,-22.02,13.69,0.21,0,SE,NA,Muscle
ID_0855,4479,African tigerfish,Hydrocynus vittatus,Characiformes,Alestidae,Hydrocynus,-20.96,17.43,0.21,0,SE,NA,Muscle
ID_0855,5409,Redeye labeo,Labeo cylindricus,Cypriniformes,Cyprinidae,Labeo,-24.68,11.78,0.43,0.38,SE,NA,Muscle
ID_0855,11561,Leaden labeo,Labeo molybdinus,Cypriniformes,Cyprinidae,Labeo,-25.43,13.12,0.21,0.19,SE,NA,Muscle
ID_0855,11570,Rednose labeo,Labeo rosae,Cypriniformes,Cyprinidae,Labeo,-20.43,11.78,0.21,0,SE,NA,Muscle
ID_0855,11403,Largescale yellowfish,Labeobarbus marequensis,Cypriniformes,Cyprinidae,Labeobarbus,-22.66,13.12,0.32,0.19,SE,NA,Muscle
ID_0855,3,Mozambique tilapia,Oreochromis mossambicus,Cichliformes,Cichlidae,Oreochromis,-23.72,13.12,0.64,0.29,SE,NA,Muscle
ID_0855,58263,Southern churchill,Petrocephalus wesselsi,Osteoglossiformes,Mormyridae,Petrocephalus,-21.17,14.07,0.32,0,SE,NA,Muscle
ID_0855,12914,Silver cafish,Schilbe intermedius,Siluriformes,Schilbeidae,Schilbe,-24.15,14.07,0.21,0,SE,NA,Muscle
ID_0856,1934,Sharptooth catfish,Clarias gariepinus,Siluriformes,Clariidae,Clarias,-18.76,14.48,0.76,0.68,SE,NA,Muscle
ID_0856,4833,Tank goby,Glossogobius giuris,Gobiiformes,Gobiidae,Glossogobius,-18,12.91,0,0,SE,NA,Muscle
ID_0856,4479,African tigerfish,Hydrocynus vittatus,Characiformes,Alestidae,Hydrocynus,-20.05,16.83,0.22,0,SE,NA,Muscle
ID_0856,3,Mozambique tilapia,Oreochromis mossambicus,Cichliformes,Cichlidae,Oreochromis,-20.05,11.25,0.54,0.29,SE,NA,Muscle
ID_0857,5238,Imberi,Brycinus imberi,Characiformes,Alestidae,Brycinus,-21.2,11.78,0.42,0.47,SE,NA,Muscle
ID_0857,1934,Sharptooth catfish,Clarias gariepinus,Siluriformes,Clariidae,Clarias,-20.99,11.03,0.52,0,SE,NA,Muscle
ID_0857,1397,Redbreast tilapia,Coptodon rendalli,Cichliformes,Cichlidae,Coptodon,-18.17,12.06,0.21,0.28,SE,NA,Muscle
ID_0857,7571,Barb,Enteromius paludinosus,Cypriniformes,Cyprinidae,Enteromius,-22.04,12.44,0.42,0.38,SE,NA,Muscle
ID_0857,4833,Tank goby,Glossogobius giuris,Gobiiformes,Gobiidae,Glossogobius,-23.72,13.1,0.31,0.28,SE,NA,Muscle
ID_0857,4479,African tigerfish_small,Hydrocynus vittatus,Characiformes,Alestidae,Hydrocynus,-22.98,14.8,0,0,SE,NA,Muscle
ID_0857,4479,African tigerfish_large,Hydrocynus vittatus,Characiformes,Alestidae,Hydrocynus,-22.15,14.14,0.21,0,SE,NA,Muscle
ID_0857,11570,Rednose labeo,Labeo rosae,Cypriniformes,Cyprinidae,Labeo,-21.52,11.03,1.05,1.04,SE,NA,Muscle
ID_0857,5405,Bulldog,Marcusenius macrolepidotus,Osteoglossiformes,Mormyridae,Marcusenius,-18.9,11.97,0,0,SE,NA,Muscle
ID_0857,3,Mozambique tilapia,Oreochromis mossambicus,Cichliformes,Cichlidae,Oreochromis,-23.82,10.65,0.21,0.28,SE,NA,Muscle
ID_0857,12914,Silver cafish,Schilbe intermedius,Siluriformes,Schilbeidae,Schilbe,-23.93,13.01,0.21,0.28,SE,NA,Muscle
ID_0857,7743,Brown squeaker,Synodontis zambezensis,Siluriformes,Mochokidae,Synodontis,-24.87,14.89,0,0,SE,NA,Muscle
ID_0858,51290,Ristikiiltotetra,Astyanax ruberrimus,Characiformes,Characidae,Astyanax,-28.86,7.15,1.52,0.74,SD,6,Muscle
ID_0858,52996,Sabalo,Brycon striatulus,Characiformes,Bryconidae,Brycon,-27.66,8.17,0.7,0.81,SD,3,Muscle
ID_0858,27221,NA,Ctenolucius beani,Characiformes,Ctenoluciidae,Ctenolucius,-28.99,9,0.24,0.1,SD,3,Muscle
ID_0858,48997,Carp headstander,Cyphocharax magdalenae,Characiformes,Curimatidae,Cyphocharax,-31.16,5.73,0.58,0.05,SD,3,Muscle
ID_0858,14164,Tiger fish,Hoplias microlepis,Characiformes,Erythrinidae,Hoplias,-29.69,7.96,0.23,0.1,SD,3,Muscle
ID_0858,2,Nile tilapia,Oreochromis niloticus,Cichliformes,Cichlidae,Oreochromis,-30.2,5.32,0.59,0.01,SD,2,Muscle
ID_0858,58418,NA,Pimelodus punctatus,Siluriformes,Pimelodidae,Pimelodus,-30.14,7.44,NA,NA,SD,1,Muscle
ID_0858,8080,Characid,Psalidodon fasciatus,Characiformes,Characidae,Psalidodon,-29.75,8.17,0.69,1.24,SD,3,Muscle
ID_0858,47726,NA,Trachelyopterus amblops,Siluriformes,Auchenipteridae,Trachelyopterus,-29.97,8.33,0.71,0.58,SD,3,Muscle
ID_0859,28234,NA,Andinoacara coeruleopunctatus,Cichliformes,Cichlidae,Andinoacara,-29.3,6.19,NA,NA,SD,1,Muscle
ID_0859,52996,Sabalo,Brycon striatulus,Characiformes,Bryconidae,Brycon,-26.82,7.14,0.81,0.45,SD,3,Muscle
ID_0859,27221,NA,Ctenolucius beani,Characiformes,Ctenoluciidae,Ctenolucius,-27.84,7.93,1.22,0.21,SD,3,Muscle
ID_0859,48997,Carp headstander,Cyphocharax magdalenae,Characiformes,Curimatidae,Cyphocharax,-30.1,5,0.86,0.66,SD,11,Muscle
ID_0859,14164,Tiger fish,Hoplias microlepis,Characiformes,Erythrinidae,Hoplias,-27.99,7.53,0.89,0.44,SD,47,Muscle
ID_0859,49925,Panama suckermouth,Hypostomus aspidolepis,Siluriformes,Loricariidae,Hypostomus,-29.32,6.9,2.33,1.17,SD,6,Muscle
ID_0859,26763,Mojarra,Isthmoheros tuyrensis,Cichliformes,Cichlidae,Isthmoheros,-29.61,7.05,1.42,0.31,SD,4,Muscle
ID_0859,2,Nile tilapia,Oreochromis niloticus,Cichliformes,Cichlidae,Oreochromis,-28.88,5.36,0.81,0.28,SD,3,Muscle
ID_0859,49039,Molly,Poecilia gillii,Cyprinodontiformes,Poeciliidae,Poecilia,-27.78,6.16,0.85,0.25,SD,6,Muscle
ID_0859,52061,Anchobeta,Roeboides occidentalis,Characiformes,Characidae,Roeboides,-26.95,8.49,0.71,0.21,SD,3,Muscle
ID_0859,47726,NA,Trachelyopterus amblops,Siluriformes,Auchenipteridae,Trachelyopterus,-34.57,6.52,NA,NA,SD,1,Muscle
ID_0860,52996,Sabalo,Brycon striatulus,Characiformes,Bryconidae,Brycon,-28.35,8.1,0.39,0.11,SD,2,Muscle
ID_0860,26763,Mojarra,Isthmoheros tuyrensis,Cichliformes,Cichlidae,Isthmoheros,-27.44,7.62,NA,NA,SD,1,Muscle
ID_0860,2,Nile tilapia,Oreochromis niloticus,Cichliformes,Cichlidae,Oreochromis,-29.91,5.03,0.87,0.46,SD,3,Muscle
ID_0861,535,Little anchovy,Anchoa parva,Clupeiformes,Engraulidae,Anchoa,-30.39,13.59,0.21,0.16,SD,2,Muscle
ID_0861,3612,Tiger oscar,Astronotus ocellatus,Cichliformes,Cichlidae,Astronotus,-30.14,10.15,NA,NA,SD,1,Muscle
ID_0861,51290,Ristikiiltotetra,Astyanax ruberrimus,Characiformes,Characidae,Astyanax,-30.02,9.31,4.11,2.65,SD,3,Muscle
ID_0861,53138,Chagres silverside,Atherinella chagresi,Atheriniformes,Atherinopsidae,Atherinella,-28.12,10.32,0.44,0.23,SD,4,Muscle
ID_0861,13502,Besudo sea catfish,Cathorops tuyra,Siluriformes,Ariidae,Cathorops,-30.57,11.18,1.07,0.02,SD,3,Muscle
ID_0861,1013,Swordspine snook,Centropomus ensiferus,Carangaria/misc,Centropomidae,Centropomus,-27.88,13.39,NA,NA,SD,1,Muscle
ID_0861,1015,Tarpon snook,Centropomus pectinatus,Carangaria/misc,Centropomidae,Centropomus,-27.8,12.97,0.93,0.25,SD,5,Muscle
ID_0861,13270,Tunacare peacock bass,Cichla monoculus,Cichliformes,Cichlidae,Cichla,-29.97,12.07,2.94,0.14,SD,3,Muscle
ID_0861,48997,Carp headstander,Cyphocharax magdalenae,Characiformes,Curimatidae,Cyphocharax,-34.58,6.57,0.96,0.46,SD,3,Muscle
ID_0861,3831,Bigmouth sleeper,Gobiomorus dormitor,Gobiiformes,Eleotridae,Gobiomorus,-28.59,11.65,NA,NA,SD,1,Muscle
ID_0861,14164,Tiger fish,Hoplias microlepis,Characiformes,Erythrinidae,Hoplias,-27.79,11.32,3.61,1.74,SD,2,Muscle
ID_0861,26763,Mojarra,Isthmoheros tuyrensis,Cichliformes,Cichlidae,Isthmoheros,-31.95,6.61,NA,NA,SD,1,Muscle
ID_0861,11140,Flag cichlid,Mesonauta festivus,Cichliformes,Cichlidae,Mesonauta,-29.14,9.86,5.88,3.01,SD,2,Muscle
ID_0861,2,Nile tilapia,Oreochromis niloticus,Cichliformes,Cichlidae,Oreochromis,-27.04,8.83,NA,NA,SD,1,Muscle
ID_0861,4684,Jaguar guapote,Parachromis managuensis,Cichliformes,Cichlidae,Parachromis,-23.65,9.54,3.37,0.58,SD,2,Muscle
ID_0861,12399,Guatemalan headstander,Roeboides guatemalensis,Characiformes,Characidae,Roeboides,-29.34,11.84,0.45,0.5,SD,2,Muscle
ID_0862,3612,Tiger oscar,Astronotus ocellatus,Cichliformes,Cichlidae,Astronotus,-28.79,12.39,2.51,0.44,SD,2,Muscle
ID_0862,51290,Ristikiiltotetra,Astyanax ruberrimus,Characiformes,Characidae,Astyanax,-29.17,11.78,0.95,0.35,SD,3,Muscle
ID_0862,52995,Sabalo pipon,Brycon chagrensis,Characiformes,Bryconidae,Brycon,-26.53,6.69,NA,NA,SD,1,Muscle
ID_0862,1913,Yellow jack,Caranx bartholomaei,Carangiformes,Carangidae,Caranx,-29.39,12.84,NA,NA,SD,1,Muscle
ID_0862,1014,Fat snook,Centropomus parallelus,Carangaria/misc,Centropomidae,Centropomus,-28.96,13.76,NA,NA,SD,1,Muscle
ID_0862,345,Common snook,Centropomus undecimalis,Carangaria/misc,Centropomidae,Centropomus,-29.96,13.14,NA,NA,SD,1,Muscle
ID_0862,13270,Tunacare peacock bass,Cichla monoculus,Cichliformes,Cichlidae,Cichla,-28.39,10.55,0.35,0.82,SD,3,Muscle
ID_0862,7533,Brazilian mojarra,Eugerres brasilianus,Eupercaria/misc,Gerreidae,Eugerres,-24.9,10.15,3.13,0.22,SD,4,Muscle
ID_0862,14164,Tiger fish,Hoplias microlepis,Characiformes,Erythrinidae,Hoplias,-29.45,12.71,0.21,2.13,SD,3,Muscle
ID_0862,1086,White mullet,Mugil curema,Mugiliformes,Mugilidae,Mugil,-21.32,6.03,NA,NA,SD,1,Muscle
ID_0863,3612,Tiger oscar,Astronotus ocellatus,Cichliformes,Cichlidae,Astronotus,-26.55,10.69,1.66,0.39,SD,4,Muscle
ID_0863,1913,Yellow jack,Caranx bartholomaei,Carangiformes,Carangidae,Caranx,-26.93,12.55,0.33,0.11,SD,2,Muscle
ID_0863,13270,Tunacare peacock bass,Cichla monoculus,Cichliformes,Cichlidae,Cichla,-27.63,12.42,1.96,1.16,SD,42,Muscle
ID_0863,1397,Redbreast tilapia,Coptodon rendalli,Cichliformes,Cichlidae,Coptodon,-21.24,8.23,0.83,0.83,SD,4,Muscle
ID_0863,48997,Carp headstander,Cyphocharax magdalenae,Characiformes,Curimatidae,Cyphocharax,-29.05,7.32,2.57,1.3,SD,6,Muscle
ID_0863,3829,Spinycheek sleeper,Eleotris pisonis,Gobiiformes,Eleotridae,Eleotris,-30.01,11.88,NA,NA,SD,1,Muscle
ID_0863,3831,Bigmouth sleeper,Gobiomorus dormitor,Gobiiformes,Eleotridae,Gobiomorus,-28.22,10.83,NA,NA,SD,1,Muscle
ID_0863,14164,Tiger fish,Hoplias microlepis,Characiformes,Erythrinidae,Hoplias,-26.62,12.1,1.93,1.09,SD,30,Muscle
ID_0863,49925,Panama suckermouth,Hypostomus aspidolepis,Siluriformes,Loricariidae,Hypostomus,-28.41,10.4,2.21,0.8,SD,3,Muscle
ID_0863,26235,Opossum pipefish,Microphis lineatus,Syngnathiformes,Syngnathidae,Microphis,-28.58,10.61,4.42,1.45,SD,6,Muscle
ID_0863,2,Nile tilapia,Oreochromis niloticus,Cichliformes,Cichlidae,Oreochromis,-27.96,9.75,1.34,1.02,SD,3,Muscle
ID_0863,4684,Jaguar guapote,Parachromis managuensis,Cichliformes,Cichlidae,Parachromis,-27.61,12.69,3.83,2.16,SD,2,Muscle
ID_0863,23351,South American catfish,Rhamdia quelen,Siluriformes,Heptapteridae,Rhamdia,-26.38,13.4,1.73,0.32,SD,3,Muscle
ID_0863,12399,Guatemalan headstander,Roeboides guatemalensis,Characiformes,Characidae,Roeboides,-27.55,12.99,1.39,1.88,SD,2,Muscle
ID_0863,5319,Marbled swamp eel,Synbranchus marmoratus,Synbranchiformes,Synbranchidae,Synbranchus,-24.22,10.23,1.14,0.49,SD,2,Muscle
ID_0864,53138,Chagres silverside,Atherinella chagresi,Atheriniformes,Atherinopsidae,Atherinella,-31.09,10.04,0.83,0.34,SD,5,Muscle
ID_0864,1913,Yellow jack,Caranx bartholomaei,Carangiformes,Carangidae,Caranx,-31.4,13.65,0.48,0.5,SD,2,Muscle
ID_0864,53085,NA,Compsura gorgonae,Characiformes,Characidae,Compsura,-27.04,10.66,2.4,0.4,SD,6,Muscle
ID_0864,1397,Redbreast tilapia,Coptodon rendalli,Cichliformes,Cichlidae,Coptodon,-22.75,8.03,NA,NA,SD,1,Muscle
ID_0864,4521,Eastern mosquitofish,Gambusia holbrooki,Cyprinodontiformes,Poeciliidae,Gambusia,-35.01,9.46,1.65,0.47,SD,6,Muscle
ID_0864,3831,Bigmouth sleeper,Gobiomorus dormitor,Gobiiformes,Eleotridae,Gobiomorus,-29.39,11.34,0.63,0.73,SD,6,Muscle
ID_0864,2,Nile tilapia,Oreochromis niloticus,Cichliformes,Cichlidae,Oreochromis,-27.92,8.38,3.55,1.28,SD,3,Muscle
ID_0864,4684,Jaguar guapote,Parachromis managuensis,Cichliformes,Cichlidae,Parachromis,-28.32,11.92,0.73,0.15,SD,2,Muscle
ID_0865,12871,Aplochiton,Aplochiton zebra,Galaxiiformes,Galaxiidae,Aplochiton,-27.2,7.1,1.4,0.1,SD,7,Muscle
ID_0865,7579,Inanga,Galaxias maculatus,Galaxiiformes,Galaxiidae,Galaxias,-26,6.3,2,0.3,SD,8,Muscle
ID_0865,6947,Pouched lamprey,Geotria australis,Petromyzontiformes,Geotriidae,Geotria,-22.2,5.3,1.7,2.3,SD,2,Muscle
ID_0865,238,Brown trout,Salmo trutta,Salmoniformes,Salmonidae,Salmo,-28.5,7.3,3.7,0.2,SD,12,Muscle
ID_0866,7579,Inanga,Galaxias maculatus,Galaxiiformes,Galaxiidae,Galaxias,-24,7.2,3.7,0.3,SD,4,Muscle
ID_0866,239,Rainbow trout ,Oncorhynchus mykiss,Salmoniformes,Salmonidae,Oncorhynchus,-30.3,4.6,1.5,0.3,SD,2,Muscle
ID_0866,238,Brown trout,Salmo trutta,Salmoniformes,Salmonidae,Salmo,-30.3,6.1,2.1,0.2,SD,10,Muscle
ID_0867,466,Patagonian blennie,Eleginops maclovinus,Perciformes/Notothenioidei,Eleginopidae,Eleginops,-21.1,10.9,4.5,0.7,SD,6,Muscle
ID_0867,7579,Inanga,Galaxias maculatus,Galaxiiformes,Galaxiidae,Galaxias,-19.5,11.2,3.8,0.4,SD,4,Muscle
ID_0867,239,Rainbow trout ,Oncorhynchus mykiss,Salmoniformes,Salmonidae,Oncorhynchus,-18,11.7,NA,NA,SD,1,Muscle
ID_0867,NA,NA,Oncorhynchus sp,Salmoniformes,Salmonidae,Oncorhynchus,-15.4,16.3,NA,NA,SD,1,Muscle
ID_0867,238,Brown trout,Salmo trutta,Salmoniformes,Salmonidae,Salmo,-23.6,9.6,7.6,0.7,SD,4,Muscle
ID_0868,35,European eel,Anguilla anguilla,Anguilliformes,Anguillidae,Anguilla,-28.56,20.26,0.85,0.55,SD,17,Fin
ID_0868,6377,Stone loach,Barbatula barbatula,Cypriniformes,Nemacheilidae,Barbatula,-27.8,18.59,0.47,0.96,SD,20,Fin
ID_0868,270,Crucian carp,Carassius carassius,Cypriniformes,Cyprinidae,Carassius,-27.02,16.75,0.53,2.76,SD,4,Fin
ID_0868,1450,Common carp,Cyprinus carpio,Cypriniformes,Cyprinidae,Cyprinus,-26.91,17.15,0.67,2.73,SD,2,Fin
ID_0868,2420,Three-spined stickleback,Gasterosteus aculeatus,Perciformes/Gasterosteoidei,Gasterosteidae,Gasterosteus,-28.56,19.51,0.54,0.72,SD,16,Whole
ID_0868,4478,Gudgeon,Gobio gobio,Cypriniformes,Gobionidae,Gobio,-27.61,18.44,0.99,0.53,SD,16,Fin
ID_0868,358,Perch,Perca fluviatilis,Perciformes/Percoidei,Percidae,Perca,-30.31,19.11,NA,NA,SD,1,Fin
ID_0868,48259,Ninespine stickleback,Pungitius laevis,Perciformes/Gasterosteoidei,Gasterosteidae,Pungitius,-27.82,20.59,0.77,0.61,SD,16,Whole
ID_0868,272,Roach,Rutilus rutilus,Cypriniformes,Leuciscidae,Rutilus,-28.04,18.62,0.65,1.49,SD,4,Fin
ID_0868,4482,Common chub,Squalius cephalus,Cypriniformes,Leuciscidae,Squalius,-26.9,16.4,0.64,1.51,SD,13,Fin
ID_0869,6377,Stone loach,Barbatula barbatula,Cypriniformes,Nemacheilidae,Barbatula,-27.78,13.56,0.93,0.57,SD,17,Fin
ID_0869,272,Roach,Rutilus rutilus,Cypriniformes,Leuciscidae,Rutilus,-28.12,14.49,0.68,1.16,SD,16,Fin
ID_0870,6377,Stone loach,Barbatula barbatula,Cypriniformes,Nemacheilidae,Barbatula,-28.26,13.64,0.89,0.51,SD,30,Fin
ID_0871,6377,Stone loach,Barbatula barbatula,Cypriniformes,Nemacheilidae,Barbatula,-27.1,7.26,0.08,0.45,SD,3,Fin
ID_0871,358,Perch,Perca fluviatilis,Perciformes/Percoidei,Percidae,Perca,-27.07,9.08,0.54,0.44,SD,3,Fin
ID_0872,6377,Stone loach,Barbatula barbatula,Cypriniformes,Nemacheilidae,Barbatula,-25.33,13.45,0.42,0.49,SD,21,Fin
ID_0872,2420,Three-spined stickleback,Gasterosteus aculeatus,Perciformes/Gasterosteoidei,Gasterosteidae,Gasterosteus,-26.89,15.73,0.76,0.54,SD,5,Whole
ID_0873,6377,Stone loach,Barbatula barbatula,Cypriniformes,Nemacheilidae,Barbatula,-26.81,9.88,0.8,0.74,SD,31,Fin
ID_0874,6377,Stone loach,Barbatula barbatula,Cypriniformes,Nemacheilidae,Barbatula,-26.88,12.79,0.49,0.36,SD,5,Fin
ID_0874,4478,Gudgeon,Gobio gobio,Cypriniformes,Gobionidae,Gobio,-25.78,12.15,0.87,0.58,SD,12,Fin
ID_0874,4482,Common chub,Squalius cephalus,Cypriniformes,Leuciscidae,Squalius,-26.67,11.8,0.92,1.05,SD,4,Fin
ID_0875,6377,Stone loach,Barbatula barbatula,Cypriniformes,Nemacheilidae,Barbatula,-25.72,12.73,0.53,0.43,SD,30,Fin
ID_0875,2439,Bullhead,Cottus gobio,Perciformes/Cottoidei,Cottidae,Cottus,-25.43,13.42,0.48,0.16,SD,5,Fin
ID_0875,4478,Gudgeon,Gobio gobio,Cypriniformes,Gobionidae,Gobio,-24.92,12.9,0.51,0.34,SD,7,Fin
ID_0876,6377,Stone loach,Barbatula barbatula,Cypriniformes,Nemacheilidae,Barbatula,-28.22,12.07,0.69,0.33,SD,20,Fin
ID_0876,2420,Three-spined stickleback,Gasterosteus aculeatus,Perciformes/Gasterosteoidei,Gasterosteidae,Gasterosteus,-29.55,13.95,0.9,0.67,SD,5,Whole
ID_0876,4478,Gudgeon,Gobio gobio,Cypriniformes,Gobionidae,Gobio,-26.55,12.44,0.67,0.41,SD,15,Fin
ID_0876,358,Perch,Perca fluviatilis,Perciformes/Percoidei,Percidae,Perca,-28.4,13.5,0.16,1.11,SD,4,Fin
ID_0876,4483,European bitterling,Rhodeus amarus,Cypriniformes,Acheilognathidae,Rhodeus,-27.82,11.82,0.42,0.22,SD,3,Fin
ID_0876,272,Roach,Rutilus rutilus,Cypriniformes,Leuciscidae,Rutilus,-29.33,13.24,0.89,0.26,SD,15,Fin
ID_0876,4482,Common chub,Squalius cephalus,Cypriniformes,Leuciscidae,Squalius,-27.2,12.5,0.89,0.74,SD,10,Fin
ID_0877,35,European eel,Anguilla anguilla,Anguilliformes,Anguillidae,Anguilla,-25.74,14.77,NA,NA,SD,1,Fin
ID_0877,6377,Stone loach,Barbatula barbatula,Cypriniformes,Nemacheilidae,Barbatula,-26.13,13.02,0.58,0.71,SD,45,Fin
ID_0877,2439,Bullhead,Cottus gobio,Perciformes/Cottoidei,Cottidae,Cottus,-25.83,14.26,0.4,0.68,SD,29,Fin
ID_0877,1450,Common carp,Cyprinus carpio,Cypriniformes,Cyprinidae,Cyprinus,-25.07,15.32,NA,NA,SD,1,Fin
ID_0877,2420,Three-spined stickleback,Gasterosteus aculeatus,Perciformes/Gasterosteoidei,Gasterosteidae,Gasterosteus,-27.99,14.81,1.29,1.21,SD,21,Whole
ID_0877,3372,Pumpkinseed sunfish,Lepomis gibbosus,Centrarchiformes,Centrarchidae,Lepomis,-30.17,15.18,NA,NA,SD,1,Fin
ID_0877,358,Perch,Perca fluviatilis,Perciformes/Percoidei,Percidae,Perca,-26.9,15.73,0.31,0.9,SD,2,Fin
ID_0877,4661,Minnow,Phoxinus phoxinus,Cypriniformes,Leuciscidae,Phoxinus,-25.92,12.55,0.63,0.62,SD,28,Fin
ID_0877,4483,European bitterling,Rhodeus amarus,Cypriniformes,Acheilognathidae,Rhodeus,-29.56,14.47,NA,NA,SD,1,Fin
ID_0877,272,Roach,Rutilus rutilus,Cypriniformes,Leuciscidae,Rutilus,-25.64,13.56,0.68,0.87,SD,23,Fin
ID_0877,4482,Common chub,Squalius cephalus,Cypriniformes,Leuciscidae,Squalius,-25.14,11.3,0.65,1.34,SD,29,Fin
ID_0878,35,European eel,Anguilla anguilla,Anguilliformes,Anguillidae,Anguilla,-27.03,2,0.25,0.82,SD,2,Fin
ID_0878,6377,Stone loach,Barbatula barbatula,Cypriniformes,Nemacheilidae,Barbatula,-27.79,14.24,0.92,0.7,SD,48,Fin
ID_0878,4471,White bream,Blicca bjoerkna,Cypriniformes,Leuciscidae,Blicca,-25.63,6,0.43,0.25,SD,6,Fin
ID_0878,2439,Bullhead,Cottus gobio,Perciformes/Cottoidei,Cottidae,Cottus,-26.61,15,0.64,0.51,SD,15,Fin
ID_0878,4478,Gudgeon,Gobio gobio,Cypriniformes,Gobionidae,Gobio,-26.93,14,0.64,0.68,SD,34,Fin
ID_0878,358,Perch,Perca fluviatilis,Perciformes/Percoidei,Percidae,Perca,-27.09,5,0.32,1.05,SD,5,Fin
ID_0878,48259,Ninespine stickleback,Pungitius laevis,Perciformes/Gasterosteoidei,Gasterosteidae,Pungitius,-26.98,20,0.39,1.03,SD,20,Whole
ID_0878,4483,European bitterling,Rhodeus amarus,Cypriniformes,Acheilognathidae,Rhodeus,-28.18,8,0.61,0.71,SD,8,Fin
ID_0878,272,Roach,Rutilus rutilus,Cypriniformes,Leuciscidae,Rutilus,-27.75,19,1.48,1.34,SD,19,Fin
ID_0878,4482,Common chub,Squalius cephalus,Cypriniformes,Leuciscidae,Squalius,-27.84,12.76,1.79,1.57,SD,37,Fin
ID_0879,2420,Three-spined stickleback,Gasterosteus aculeatus,Perciformes/Gasterosteoidei,Gasterosteidae,Gasterosteus,-28.03,11.59,1.51,0.32,SD,6,Whole
ID_0880,6377,Stone loach,Barbatula barbatula,Cypriniformes,Nemacheilidae,Barbatula,-26.59,17.87,0.74,1.21,SD,25,Fin
ID_0880,2439,Bullhead,Cottus gobio,Perciformes/Cottoidei,Cottidae,Cottus,-26.45,19.56,0.69,0.3,SD,5,Fin
ID_0880,4478,Gudgeon,Gobio gobio,Cypriniformes,Gobionidae,Gobio,-25.62,17.24,0.47,0.69,SD,10,Fin
ID_0880,3372,Pumpkinseed sunfish,Lepomis gibbosus,Centrarchiformes,Centrarchidae,Lepomis,-25.78,15.74,0.42,0.63,SD,5,Fin
ID_0880,4662,Dace,Leuciscus leuciscus,Cypriniformes,Leuciscidae,Leuciscus,-26.6,16,0.23,0.85,SD,2,Fin
ID_0880,4482,Common chub,Squalius cephalus,Cypriniformes,Leuciscidae,Squalius,-25.51,12.25,0.63,0.69,SD,10,Fin
ID_0881,6377,Stone loach,Barbatula barbatula,Cypriniformes,Nemacheilidae,Barbatula,-27.05,10.66,0.85,0.64,SD,8,Fin
ID_0881,2420,Three-spined stickleback,Gasterosteus aculeatus,Perciformes/Gasterosteoidei,Gasterosteidae,Gasterosteus,-27.35,11.67,0.36,0.17,SD,3,Whole
ID_0881,4661,Minnow,Phoxinus phoxinus,Cypriniformes,Leuciscidae,Phoxinus,-25.74,10.08,0.67,0.34,SD,12,Fin
ID_0882,6377,Stone loach,Barbatula barbatula,Cypriniformes,Nemacheilidae,Barbatula,-24.91,12.28,0.64,0.52,SD,25,Fin
ID_0882,2420,Three-spined stickleback,Gasterosteus aculeatus,Perciformes/Gasterosteoidei,Gasterosteidae,Gasterosteus,-24.87,14.7,0.21,0.13,SD,2,Whole
ID_0882,4478,Gudgeon,Gobio gobio,Cypriniformes,Gobionidae,Gobio,-23.55,12.79,NA,NA,SD,1,Fin
ID_0882,4661,Minnow,Phoxinus phoxinus,Cypriniformes,Leuciscidae,Phoxinus,-25.07,12.51,0.52,0.4,SD,15,Fin
ID_0882,272,Roach,Rutilus rutilus,Cypriniformes,Leuciscidae,Rutilus,-24.9,12.84,0.72,0.31,SD,5,Fin
ID_0883,6377,Stone loach,Barbatula barbatula,Cypriniformes,Nemacheilidae,Barbatula,-27.36,10.2,0.58,0.37,SD,8,Fin
ID_0883,4478,Gudgeon,Gobio gobio,Cypriniformes,Gobionidae,Gobio,-26.55,10.42,0.59,0.26,SD,16,Fin
ID_0883,358,Perch,Perca fluviatilis,Perciformes/Percoidei,Percidae,Perca,-26.99,11.41,0.58,0.61,SD,5,Fin
ID_0883,272,Roach,Rutilus rutilus,Cypriniformes,Leuciscidae,Rutilus,-26.66,11.59,0.64,0.63,SD,2,Fin
ID_0883,360,Pikeperch,Sander lucioperca,Perciformes/Percoidei,Percidae,Sander,-27.42,13.61,NA,NA,SD,1,Fin
ID_0883,4482,Common chub,Squalius cephalus,Cypriniformes,Leuciscidae,Squalius,-25.65,10.23,1.22,0.12,SD,2,Fin
ID_0884,6377,Stone loach,Barbatula barbatula,Cypriniformes,Nemacheilidae,Barbatula,-25.89,14.18,0.36,0.38,SD,29,Fin
ID_0885,6377,Stone loach,Barbatula barbatula,Cypriniformes,Nemacheilidae,Barbatula,-27.79,8.79,0.8,0.32,SD,5,Fin
ID_0885,2439,Bullhead,Cottus gobio,Perciformes/Cottoidei,Cottidae,Cottus,-25.96,9.72,0.67,0.48,SD,22,Fin
ID_0885,4482,Common chub,Squalius cephalus,Cypriniformes,Leuciscidae,Squalius,-25.65,12.16,NA,NA,SD,1,Fin
ID_0886,268,Common bream,Abramis brama,Cypriniformes,Leuciscidae,Abramis,-26.61,12.73,0.28,0.32,SD,2,Fin
ID_0886,35,European eel,Anguilla anguilla,Anguilliformes,Anguillidae,Anguilla,-27.64,12.93,0.46,0.36,SD,4,Fin
ID_0886,6377,Stone loach,Barbatula barbatula,Cypriniformes,Nemacheilidae,Barbatula,-27.78,10.42,0.54,0.3,SD,26,Fin
ID_0886,2439,Bullhead,Cottus gobio,Perciformes/Cottoidei,Cottidae,Cottus,-27.36,10.8,0.44,0.39,SD,16,Fin
ID_0886,258,Northern pike,Esox lucius,Esociformes,Esocidae,Esox,-25.55,13.81,NA,NA,SD,1,Fin
ID_0886,2420,Three-spined stickleback,Gasterosteus aculeatus,Perciformes/Gasterosteoidei,Gasterosteidae,Gasterosteus,-28.71,12.16,0.38,0.31,SD,8,Whole
ID_0886,4478,Gudgeon,Gobio gobio,Cypriniformes,Gobionidae,Gobio,-27.7,10.59,0.47,0.35,SD,40,Fin
ID_0886,4662,Dace,Leuciscus leuciscus,Cypriniformes,Leuciscidae,Leuciscus,-27.14,11.03,0.62,0.31,SD,9,Fin
ID_0886,358,Perch,Perca fluviatilis,Perciformes/Percoidei,Percidae,Perca,-27.56,11.52,0.65,0.76,SD,22,Fin
ID_0886,48259,Ninespine stickleback,Pungitius laevis,Perciformes/Gasterosteoidei,Gasterosteidae,Pungitius,-28.21,12.59,0.69,0.36,SD,27,Whole
ID_0886,272,Roach,Rutilus rutilus,Cypriniformes,Leuciscidae,Rutilus,-25.32,10.02,2.33,1.01,SD,28,Fin
ID_0886,2951,Rudd,Scardinius erythrophthalmus,Cypriniformes,Leuciscidae,Scardinius,-25.78,10.51,NA,NA,SD,1,Fin
ID_0886,4482,Common chub,Squalius cephalus,Cypriniformes,Leuciscidae,Squalius,-25.2,11.62,1.35,0.84,SD,6,Fin
ID_0887,6377,Stone loach,Barbatula barbatula,Cypriniformes,Nemacheilidae,Barbatula,-25.19,11.54,0.63,0.58,SD,18,Fin
ID_0887,4478,Gudgeon,Gobio gobio,Cypriniformes,Gobionidae,Gobio,-24.33,11.13,0.75,0.39,SD,20,Fin
ID_0887,358,Perch,Perca fluviatilis,Perciformes/Percoidei,Percidae,Perca,-26.09,13.51,NA,NA,SD,1,Fin
ID_0887,272,Roach,Rutilus rutilus,Cypriniformes,Leuciscidae,Rutilus,-26.12,11.95,0.77,0.46,SD,20,Fin
ID_0888,6377,Stone loach,Barbatula barbatula,Cypriniformes,Nemacheilidae,Barbatula,-24.54,10.43,0.69,0.63,SD,30,Fin
ID_0888,2420,Three-spined stickleback,Gasterosteus aculeatus,Perciformes/Gasterosteoidei,Gasterosteidae,Gasterosteus,-24.84,12.72,0.64,0.8,SD,5,Whole
ID_0889,6377,Stone loach,Barbatula barbatula,Cypriniformes,Nemacheilidae,Barbatula,-26.01,12.17,0.55,0.71,SD,24,Fin
ID_0889,4471,White bream,Blicca bjoerkna,Cypriniformes,Leuciscidae,Blicca,-25.98,14.71,0.23,0.2,SD,6,Fin
ID_0889,358,Perch,Perca fluviatilis,Perciformes/Percoidei,Percidae,Perca,-26.55,13.48,0.54,0.64,SD,12,Fin
ID_0889,272,Roach,Rutilus rutilus,Cypriniformes,Leuciscidae,Rutilus,-26.64,13.65,0.5,0.41,SD,26,Fin
ID_0889,4482,Common chub,Squalius cephalus,Cypriniformes,Leuciscidae,Squalius,-25.87,10.88,0.7,0.5,SD,9,Fin
ID_0890,2439,Bullhead,Cottus gobio,Perciformes/Cottoidei,Cottidae,Cottus,-28.2,5.29,0.55,0.42,SD,42,Fin
ID_0890,238,Brown trout,Salmo trutta,Salmoniformes,Salmonidae,Salmo,-27.56,5.29,0.76,1.03,SD,7,Fin
ID_0891,2439,Bullhead,Cottus gobio,Perciformes/Cottoidei,Cottidae,Cottus,-28.36,5.37,0.64,1.13,SD,40,Fin
ID_0891,238,Brown trout,Salmo trutta,Salmoniformes,Salmonidae,Salmo,-27.63,5.39,0.56,1.09,SD,16,Fin
ID_0892,2439,Bullhead,Cottus gobio,Perciformes/Cottoidei,Cottidae,Cottus,-29.57,4.52,0.66,0.6,SD,40,Fin
ID_0892,238,Brown trout,Salmo trutta,Salmoniformes,Salmonidae,Salmo,-29.06,5.04,1.13,0.6,SD,20,Fin
ID_0893,2439,Bullhead,Cottus gobio,Perciformes/Cottoidei,Cottidae,Cottus,-27.91,5.5,0.54,0.53,SD,40,Fin
ID_0893,238,Brown trout,Salmo trutta,Salmoniformes,Salmonidae,Salmo,-26.58,5.63,1.27,0.52,SD,20,Fin
ID_0894,2439,Bullhead,Cottus gobio,Perciformes/Cottoidei,Cottidae,Cottus,-27.59,3.98,0.69,0.54,SD,40,Fin
ID_0894,238,Brown trout,Salmo trutta,Salmoniformes,Salmonidae,Salmo,-27.19,4.05,0.93,0.73,SD,14,Fin
ID_0895,6377,Stone loach,Barbatula barbatula,Cypriniformes,Nemacheilidae,Barbatula,-27.11,11.1,0.5,0.35,SD,4,Muscle
ID_0895,2439,Bullhead,Cottus gobio,Perciformes/Cottoidei,Cottidae,Cottus,-28.48,11.12,1.1,0.3,SD,10,Muscle
ID_0895,4481,Brook lamprey,Lampetra planeri,Petromyzontiformes,Petromyzontidae,Lampetra,-24.37,6.84,1.62,0.51,SD,4,Muscle
ID_0895,4661,Minnow,Phoxinus phoxinus,Cypriniformes,Leuciscidae,Phoxinus,-27.95,11.01,1.02,1.07,SD,5,Muscle
ID_0895,272,Roach,Rutilus rutilus,Cypriniformes,Leuciscidae,Rutilus,-25.68,12.07,0.66,0.62,SD,10,Muscle
ID_0896,2439,Bullhead,Cottus gobio,Perciformes/Cottoidei,Cottidae,Cottus,-27.1,9.78,2.08,1.15,SD,9,Muscle
ID_0896,2439,Bullhead_juvenile,Cottus gobio,Perciformes/Cottoidei,Cottidae,Cottus,-27.69,6.8,2.24,0.34,SD,14,Whole
ID_0896,4481,Brook lamprey,Lampetra planeri,Petromyzontiformes,Petromyzontidae,Lampetra,-26.19,8.73,1.71,0.56,SD,4,Muscle
ID_0896,4481,Brook lamprey_juvenile,Lampetra planeri,Petromyzontiformes,Petromyzontidae,Lampetra,-27.97,7.76,NA,NA,SD,1,Whole
ID_0897,12278,Saddle cichlid,Aequidens tetramerus,Cichliformes,Cichlidae,Aequidens,-27.35,10.88,NA,NA,SD,1,Muscle
ID_0897,50260,NA,Ancistrus hoplogenys,Siluriformes,Loricariidae,Ancistrus,-30.3,10.11,0.34,0.12,SD,2,Muscle
ID_0897,48231,NA,Ancistrus leucostictus,Siluriformes,Loricariidae,Ancistrus,-29.89,10.23,0.05,0.06,SD,2,Muscle
ID_0897,27940,NA,Astyanax validus,Characiformes,Characidae,Astyanax,-27.02,10.15,0.47,0.18,SD,5,Muscle
ID_0897,65515,NA,Bryconamericus guyanensis,Characiformes,Characidae,Bryconamericus,-28.19,10.22,1.53,0.46,SD,6,Muscle
ID_0897,12343,Orangefin tetra,Bryconops affinis,Characiformes,Iguanodectidae,Bryconops,-26.48,10.53,0.22,0.42,SD,5,Muscle
ID_0897,NA,NA,Characidium sp,Characiformes,Crenuchidae,Characidium,-30.7,10.41,NA,NA,SD,1,Muscle
ID_0897,28025,NA,Characidium zebra,Characiformes,Crenuchidae,Characidium,-29.49,10.21,0.83,0.09,SD,6,Muscle
ID_0897,47784,NA,Chasmocranus brevior,Siluriformes,Heptapteridae,Chasmocranus,-28.13,10.25,0.77,0.45,SD,5,Muscle
ID_0897,46232,Club cory,Corydoras solox,Siluriformes,Callichthyidae,Corydoras,-28.41,10.5,NA,NA,SD,1,Muscle
ID_0897,12312,Ringtail pike cichlid,Crenicichla saxatilis,Cichliformes,Cichlidae,Crenicichla,-28.07,10.12,1.07,0.23,SD,2,Muscle
ID_0897,48198,NA,Guyanancistrus brevispinis,Siluriformes,Loricariidae,Guyanancistrus,-32.1,10.25,2.52,0.37,SD,2,Muscle
ID_0897,62079,NA,Gymnotus coropinae,Gymnotiformes,Gymnotidae,Gymnotus,-27.89,9.4,NA,NA,SD,1,Muscle
ID_0897,12525,NA,Helogenes marmoratus,Siluriformes,Cetopsidae,Helogenes,-27.66,9.34,NA,NA,SD,1,Muscle
ID_0897,27928,NA,Hemibrycon surinamensis,Characiformes,Characidae,Hemibrycon,-27.01,10.44,0.53,0.41,SD,10,Muscle
ID_0897,48663,NA,Ituglanis amazonicus,Siluriformes,Trichomycteridae,Ituglanis,-28.14,11.42,NA,NA,SD,1,Muscle
ID_0897,27934,NA,Jupiaba abramoides,Characiformes,Characidae,Jupiaba,-26.73,9.72,NA,NA,SD,1,Muscle
ID_0897,47068,Krobia sp1,Krobia guianensis,Cichliformes,Cichlidae,Krobia,-32.24,9.58,NA,NA,SD,1,Muscle
ID_0897,27848,NA,Leporinus granti,Characiformes,Anostomidae,Leporinus,-29.86,10.53,NA,NA,SD,1,Muscle
ID_0897,27992,NA,Moenkhausia chrysargyrea,Characiformes,Characidae,Moenkhausia,-26.4,9.71,0.34,0.79,SD,3,Muscle
ID_0897,12391,Glass tetra,Moenkhausia oligolepis,Characiformes,Characidae,Moenkhausia,-26.3,10.54,0.18,0.47,SD,5,Muscle
ID_0897,47838,NA,Pimelodella cristata,Siluriformes,Heptapteridae,Pimelodella,-28.1,10.67,NA,NA,SD,1,Muscle
ID_0897,27921,NA,Poptella brevispina,Characiformes,Characidae,Poptella,-27.02,9.68,0.54,0.34,SD,5,Muscle
ID_0897,12224,Longtail knifefish,Sternopygus macrurus,Gymnotiformes,Sternopygidae,Sternopygus,-27.6,10.08,1.07,1.21,SD,2,Muscle
ID_0898,23498,NA,Acestrorhynchus falcatus,Characiformes,Acestrorhynchidae,Acestrorhynchus,-27.16,11.2,NA,NA,SD,1,Muscle
ID_0898,50260,NA,Ancistrus hoplogenys,Siluriformes,Loricariidae,Ancistrus,-34.49,8.78,1.29,0.69,SD,8,Muscle
ID_0898,46627,NA,Apistogramma gossei,Cichliformes,Cichlidae,Apistogramma,-32.03,9.22,NA,NA,SD,1,Muscle
ID_0898,65515,NA,Bryconamericus guyanensis,Characiformes,Characidae,Bryconamericus,-30.43,9.87,1,0.38,SD,5,Muscle
ID_0898,12343,Orangefin tetra,Bryconops affinis,Characiformes,Iguanodectidae,Bryconops,-26.48,10.84,0.25,0.18,SD,5,Muscle
ID_0898,61665,NA,Cetopsidium orientale,Siluriformes,Cetopsidae,Cetopsidium,-29.91,9.62,0.97,0.28,SD,4,Muscle
ID_0898,28025,NA,Characidium zebra,Characiformes,Crenuchidae,Characidium,-31.47,10.53,1.18,0.48,SD,3,Muscle
ID_0898,47784,NA,Chasmocranus brevior,Siluriformes,Heptapteridae,Chasmocranus,-30.52,10.15,NA,NA,SD,1,Muscle
ID_0898,27854,NA,Copella carsevennensis,Characiformes,Lebiasinidae,Copella,-29.37,8.84,0.7,0.3,SD,3,Muscle
ID_0898,12157,Amapa corydoras,Corydoras amapaensis,Siluriformes,Callichthyidae,Corydoras,-31.85,9.66,0.27,0.43,SD,4,Muscle
ID_0898,12312,Ringtail pike cichlid,Crenicichla saxatilis,Cichliformes,Cichlidae,Crenicichla,-32.22,9.74,NA,NA,SD,1,Muscle
ID_0898,27826,NA,Cyphocharax helleri,Characiformes,Curimatidae,Cyphocharax,-34.02,8.43,1.28,1.05,SD,3,Muscle
ID_0898,12221,Glass knifefish,Eigenmannia virescens,Gymnotiformes,Sternopygidae,Eigenmannia,-29.77,10.37,NA,NA,SD,1,Muscle
ID_0898,62079,NA,Gymnotus coropinae,Gymnotiformes,Gymnotidae,Gymnotus,-30.91,9.29,0.51,0.35,SD,5,Muscle
ID_0898,12525,NA,Helogenes marmoratus,Siluriformes,Cetopsidae,Helogenes,-28.83,9.26,1.11,0.27,SD,5,Muscle
ID_0898,10645,Head-and-taillight tetra,Hemigrammus ocellifer,Characiformes,Characidae,Hemigrammus,-28.88,9.45,0.93,0.39,SD,5,Muscle
ID_0898,12371,Featherfin tetra,Hemigrammus unilineatus,Characiformes,Characidae,Hemigrammus,-28.4,9.8,0.27,0.33,SD,3,Muscle
ID_0898,27850,NA,Hoplias aimara,Characiformes,Erythrinidae,Hoplias,-27.92,11.33,NA,NA,SD,1,Muscle
ID_0898,28034,NA,Hypopomus artedi,Gymnotiformes,Hypopomidae,Hypopomus,-30.47,10.31,NA,NA,SD,1,Muscle
ID_0898,27934,NA,Jupiaba abramoides,Characiformes,Characidae,Jupiaba,-27.36,9.13,0.24,0.27,SD,5,Muscle
ID_0898,47068,Krobia sp1,Krobia guianensis,Cichliformes,Cichlidae,Krobia,-31.85,9.88,5.59,0.42,SD,2,Muscle
ID_0898,27848,NA,Leporinus granti,Characiformes,Anostomidae,Leporinus,-27.84,9.46,0.56,0.23,SD,6,Muscle
ID_0898,27992,NA,Moenkhausia chrysargyrea,Characiformes,Characidae,Moenkhausia,-27.09,9.52,0.62,0.53,SD,3,Muscle
ID_0898,26473,NA,Moenkhausia collettii,Characiformes,Characidae,Moenkhausia,-27.22,9.6,0.17,0.29,SD,5,Muscle
ID_0898,12391,Glass tetra,Moenkhausia oligolepis,Characiformes,Characidae,Moenkhausia,-26.34,10.28,0.2,0.32,SD,6,Muscle
ID_0898,27998,NA,Moenkhausia surinamensis,Characiformes,Characidae,Moenkhausia,-26.4,9.59,0.13,0.2,SD,8,Muscle
ID_0898,47838,NA,Pimelodella cristata,Siluriformes,Heptapteridae,Pimelodella,-27.36,10.52,0.53,0.15,SD,7,Muscle
ID_0898,27921,NA,Poptella brevispina,Characiformes,Characidae,Poptella,-27.5,9.56,0.34,0.13,SD,5,Muscle
ID_0898,26525,NA,Pyrrhulina filamentosa,Characiformes,Lebiasinidae,Pyrrhulina,-27.35,9.87,0.54,0.2,SD,5,Muscle
ID_0898,66554,NA,Satanoperca rhynchitis,Cichliformes,Cichlidae,Satanoperca,-32.19,9.28,0.22,0.19,SD,3,Muscle
ID_0898,12224,Longtail knifefish,Sternopygus macrurus,Gymnotiformes,Sternopygidae,Sternopygus,-28.26,10.65,1.62,0.83,SD,4,Muscle
ID_0898,13280,NA,Trachelyopterus galeatus,Siluriformes,Auchenipteridae,Trachelyopterus,-27.63,10,1.18,0.37,SD,4,Muscle
ID_0899,50312,NA,Ancistrus temminckii,Siluriformes,Loricariidae,Ancistrus,-29.5,9.2,0.62,0.48,SD,3,Muscle
ID_0899,27940,NA,Astyanax validus,Characiformes,Characidae,Astyanax,-26.84,9.81,0.51,0.43,SD,5,Muscle
ID_0899,65515,NA,Bryconamericus guyanensis,Characiformes,Characidae,Bryconamericus,-26.96,10.43,0.31,0.22,SD,8,Muscle
ID_0899,27854,NA,Copella carsevennensis,Characiformes,Lebiasinidae,Copella,-26.88,9.69,0.6,0.22,SD,10,Muscle
ID_0899,10915,Banded knifefish,Gymnotus carapo,Gymnotiformes,Gymnotidae,Gymnotus,-26.64,10.73,0.75,0.88,SD,6,Muscle
ID_0899,62079,NA,Gymnotus coropinae,Gymnotiformes,Gymnotidae,Gymnotus,-29.61,9.71,2.14,0.59,SD,8,Muscle
ID_0899,12525,NA,Helogenes marmoratus,Siluriformes,Cetopsidae,Helogenes,-29.09,9.43,1.22,0.43,SD,5,Muscle
ID_0899,12371,Featherfin tetra,Hemigrammus unilineatus,Characiformes,Characidae,Hemigrammus,-28.03,10.14,1.15,0.39,SD,5,Muscle
ID_0899,4757,Trahira,Hoplias malabaricus,Characiformes,Erythrinidae,Hoplias,-27.34,11.45,NA,NA,SD,1,Muscle
ID_0899,28034,NA,Hypopomus artedi,Gymnotiformes,Hypopomidae,Hypopomus,-29.01,10.07,NA,NA,SD,1,Muscle
ID_0899,47068,Krobia sp2,Krobia guianensis,Cichliformes,Cichlidae,Krobia,-29.41,9.16,NA,NA,SD,1,Muscle
ID_0899,49755,Toumblouc,Laimosemion geayi,Cyprinodontiformes,Rivulidae,Laimosemion,-27.33,10.41,0.75,0.4,SD,3,Muscle
ID_0899,27992,NA,Moenkhausia chrysargyrea,Characiformes,Characidae,Moenkhausia,-26.98,9.9,0.98,0.59,SD,2,Muscle
ID_0899,12391,Glass tetra,Moenkhausia oligolepis,Characiformes,Characidae,Moenkhausia,-28.84,9.6,NA,NA,SD,1,Muscle
ID_0899,27998,NA,Moenkhausia surinamensis,Characiformes,Characidae,Moenkhausia,-27.44,9.4,0.21,0.1,SD,2,Muscle
ID_0899,26525,NA,Pyrrhulina filamentosa,Characiformes,Lebiasinidae,Pyrrhulina,-26.9,10.84,0.05,0.17,SD,2,Muscle
ID_0899,12224,Longtail knifefish,Sternopygus macrurus,Gymnotiformes,Sternopygidae,Sternopygus,-28.3,10.15,1.61,0.44,SD,3,Muscle
ID_0900,23498,NA,Acestrorhynchus falcatus,Characiformes,Acestrorhynchidae,Acestrorhynchus,-29.02,10.82,0.7,0.27,SD,2,Muscle
ID_0900,4475,Twospot astyanax,Astyanax bimaculatus,Characiformes,Characidae,Astyanax,-27.25,9.01,NA,NA,SD,1,Muscle
ID_0900,13103,NA,Batrochoglanis raninus,Siluriformes,Pseudopimelodidae,Batrochoglanis,-28.88,9.87,NA,NA,SD,1,Muscle
ID_0900,65515,NA,Bryconamericus guyanensis,Characiformes,Characidae,Bryconamericus,-27.35,10.6,0.23,0.12,SD,5,Muscle
ID_0900,12343,Orangefin tetra,Bryconops affinis,Characiformes,Iguanodectidae,Bryconops,-26.59,10.73,0.35,0.45,SD,5,Muscle
ID_0900,28025,NA,Characidium zebra,Characiformes,Crenuchidae,Characidium,-30.69,10.18,0.32,0.48,SD,5,Muscle
ID_0900,10915,Banded knifefish,Gymnotus carapo,Gymnotiformes,Gymnotidae,Gymnotus,-27.83,10.01,NA,NA,SD,1,Muscle
ID_0900,12525,NA,Helogenes marmoratus,Siluriformes,Cetopsidae,Helogenes,-27.7,9.79,0.75,0.66,SD,5,Muscle
ID_0900,63088,NA,Hyphessobrycon borealis,Characiformes,Characidae,Hyphessobrycon,-27.4,10.4,0.42,0.35,SD,5,Muscle
ID_0900,27934,NA,Jupiaba abramoides,Characiformes,Characidae,Jupiaba,-26.47,9.15,NA,NA,SD,1,Muscle
ID_0900,27992,NA,Moenkhausia chrysargyrea,Characiformes,Characidae,Moenkhausia,-26.61,9.61,0.17,0.75,SD,5,Muscle
ID_0900,26473,NA,Moenkhausia collettii,Characiformes,Characidae,Moenkhausia,-26.53,10.35,0.29,1.01,SD,3,Muscle
ID_0900,27997,NA,Moenkhausia moisae,Characiformes,Characidae,Moenkhausia,-26.83,9.62,0.08,0.25,SD,2,Muscle
ID_0900,65499,NA,Phenacogaster wayana,Characiformes,Characidae,Phenacogaster,-33.44,10.55,0.86,0.24,SD,3,Muscle
ID_0900,26525,NA,Pyrrhulina filamentosa,Characiformes,Lebiasinidae,Pyrrhulina,-27.4,10.08,0.41,0.21,SD,5,Muscle
ID_0901,49760,NA,Anablepsoides igneus,Cyprinodontiformes,Rivulidae,Anablepsoides,-27.59,8.98,NA,NA,SD,1,Muscle
ID_0901,49772,NA,Anablepsoides lungi,Cyprinodontiformes,Rivulidae,Anablepsoides,-27.41,8.71,0.52,0.44,SD,9,Muscle
ID_0901,48231,NA,Ancistrus leucostictus,Siluriformes,Loricariidae,Ancistrus,-29.02,8.43,0.97,1.14,SD,4,Muscle
ID_0901,NA,NA,Ancistrus sp,Siluriformes,Loricariidae,Ancistrus,-29.48,8.98,NA,NA,SD,1,Muscle
ID_0901,12220,Black ghost knifefish,Apteronotus albifrons,Gymnotiformes,Apteronotidae,Apteronotus,-30.39,9.73,NA,NA,SD,1,Muscle
ID_0901,NA,NA,Apteronotus sp,Gymnotiformes,Apteronotidae,Apteronotus,-32.97,9.51,3.76,1.5,SD,5,Muscle
ID_0901,4475,Twospot astyanax,Astyanax bimaculatus,Characiformes,Characidae,Astyanax,-28.61,9.74,2.13,0.7,SD,5,Muscle
ID_0901,27940,NA,Astyanax validus,Characiformes,Characidae,Astyanax,-26.38,8.94,NA,NA,SD,1,Muscle
ID_0901,13103,NA,Batrochoglanis raninus,Siluriformes,Pseudopimelodidae,Batrochoglanis,-28.32,9.12,NA,NA,SD,1,Muscle
ID_0901,65515,NA,Bryconamericus guyanensis,Characiformes,Characidae,Bryconamericus,-28.6,8.47,0.69,0.58,SD,11,Muscle
ID_0901,51320,NA,Bryconamericus hyphesson,Characiformes,Characidae,Bryconamericus,-26.85,9.28,0.33,0.23,SD,11,Muscle
ID_0901,12343,Orangefin tetra,Bryconops affinis,Characiformes,Iguanodectidae,Bryconops,-26.5,8.74,0.38,0.35,SD,8,Muscle
ID_0901,NA,NA,Characidium sp,Characiformes,Crenuchidae,Characidium,-31.55,8.93,2.02,0.65,SD,3,Muscle
ID_0901,28025,NA,Characidium zebra,Characiformes,Crenuchidae,Characidium,-28.78,11.07,0.99,0.59,SD,7,Muscle
ID_0901,47783,NA,Chasmocranus bleekeri,Siluriformes,Heptapteridae,Chasmocranus,-27.41,10.71,0.1,0.24,SD,4,Muscle
ID_0901,47784,NA,Chasmocranus brevior,Siluriformes,Heptapteridae,Chasmocranus,-31.24,9.52,NA,NA,SD,1,Muscle
ID_0901,27854,NA,Copella carsevennensis,Characiformes,Lebiasinidae,Copella,-27.15,8.25,0.72,0.28,SD,6,Muscle
ID_0901,NA,NA,Corydoras sp,Siluriformes,Callichthyidae,Corydoras,-34.1,9.87,NA,NA,SD,1,Muscle
ID_0901,26682,NA,Crenicichla johanna,Cichliformes,Cichlidae,Crenicichla,-29.17,10.47,NA,NA,SD,1,Muscle
ID_0901,12312,Ringtail pike cichlid,Crenicichla saxatilis,Cichliformes,Cichlidae,Crenicichla,-28.27,9.34,NA,NA,SD,1,Muscle
ID_0901,NA,NA,Crenicichla sp,Cichliformes,Cichlidae,Crenicichla,-28.14,8.97,NA,NA,SD,1,Muscle
ID_0901,12221,Glass knifefish,Eigenmannia virescens,Gymnotiformes,Sternopygidae,Eigenmannia,-32.19,10.46,NA,NA,SD,1,Muscle
ID_0901,46571,NA,Guianacara geayi,Cichliformes,Cichlidae,Guianacara,-30.84,8.78,0.51,0.61,SD,8,Muscle
ID_0901,NA,NA,Gymnotiform,Gymnotiformes,NA,NA,-29.97,9.27,1.99,0.4,SD,6,Muscle
ID_0901,10915,Banded knifefish,Gymnotus carapo,Gymnotiformes,Gymnotidae,Gymnotus,-27.39,9.34,0.84,0.64,SD,10,Muscle
ID_0901,62079,NA,Gymnotus coropinae,Gymnotiformes,Gymnotidae,Gymnotus,-27.61,9.66,1.52,0.4,SD,2,Muscle
ID_0901,50514,NA,Harttia fowleri,Siluriformes,Loricariidae,Harttia,-26.32,9.29,0.37,0.8,SD,10,Muscle
ID_0901,12525,NA,Helogenes marmoratus,Siluriformes,Cetopsidae,Helogenes,-27.82,8.8,1.1,0.6,SD,21,Muscle
ID_0901,27850,NA,Hoplias aimara,Characiformes,Erythrinidae,Hoplias,-30.08,9.43,1.18,1.27,SD,6,Muscle
ID_0901,NA,NA,Hoplias sp,Characiformes,Erythrinidae,Hoplias,-30.18,8.81,NA,NA,SD,1,Muscle
ID_0901,28034,NA,Hypopomus artedi,Gymnotiformes,Hypopomidae,Hypopomus,-30,9.93,0.34,0.8,SD,4,Muscle
ID_0901,48911,NA,Hypostomus gymnorhynchus,Siluriformes,Loricariidae,Hypostomus,-25.56,10.94,NA,NA,SD,1,Muscle
ID_0901,62279,NA,Ituglanis nebulosus,Siluriformes,Trichomycteridae,Ituglanis,-27.05,11.27,0.58,0.58,SD,8,Muscle
ID_0901,27934,NA,Jupiaba abramoides,Characiformes,Characidae,Jupiaba,-26.71,9.18,0.61,0.68,SD,8,Muscle
ID_0901,27942,NA,Jupiaba keithi,Characiformes,Characidae,Jupiaba,-27.73,9.29,0.59,0.11,SD,2,Muscle
ID_0901,47068,Krobia sp2,Krobia guianensis,Cichliformes,Cichlidae,Krobia,-29.6,9.11,2.08,0.77,SD,22,Muscle
ID_0901,27849,NA,Leporinus nijsseni,Characiformes,Anostomidae,Leporinus,-28.53,9.01,1.33,1.32,SD,6,Muscle
ID_0901,50634,NA,Loricaria parnahybae,Siluriformes,Loricariidae,Loricaria,-34.39,8.1,1,0.73,SD,6,Muscle
ID_0901,27992,NA,Moenkhausia chrysargyrea,Characiformes,Characidae,Moenkhausia,-26.25,8.6,0.39,0.39,SD,6,Muscle
ID_0901,26473,NA,Moenkhausia collettii,Characiformes,Characidae,Moenkhausia,-28.23,9.41,0.19,0.16,SD,4,Muscle
ID_0901,12391,Glass tetra,Moenkhausia oligolepis,Characiformes,Characidae,Moenkhausia,-26.44,9.6,0.32,0.51,SD,7,Muscle
ID_0901,27998,NA,Moenkhausia surinamensis,Characiformes,Characidae,Moenkhausia,-26.83,8.55,0.4,0.46,SD,21,Muscle
ID_0901,65498,NA,Phenacogaster wayampi,Characiformes,Characidae,Phenacogaster,-30.77,10.31,NA,NA,SD,1,Muscle
ID_0901,47812,NA,Phenacorhamdia tenuis,Siluriformes,Heptapteridae,Phenacorhamdia,-28.52,10.02,0.82,0.62,SD,7,Muscle
ID_0901,47838,NA,Pimelodella cristata,Siluriformes,Heptapteridae,Pimelodella,-28.26,10.3,1.04,0.75,SD,11,Muscle
ID_0901,27921,NA,Poptella brevispina,Characiformes,Characidae,Poptella,-26.71,8.82,0.34,0.96,SD,11,Muscle
ID_0901,26525,NA,Pyrrhulina filamentosa,Characiformes,Lebiasinidae,Pyrrhulina,-27.18,7.91,0.91,0.94,SD,7,Muscle
ID_0901,NA,NA,Rivulus sp,Cyprinodontiformes,Rivulidae,Rivulus,-27.65,9.1,1.34,0.55,SD,14,Muscle
ID_0901,12224,Longtail knifefish,Sternopygus macrurus,Gymnotiformes,Sternopygidae,Sternopygus,-28.44,10.44,1.71,0.97,SD,13,Muscle
ID_0902,12278,Saddle cichlid,Aequidens tetramerus,Cichliformes,Cichlidae,Aequidens,-25.8,9.33,0.23,0.07,SD,2,Muscle
ID_0902,49772,NA,Anablepsoides lungi,Cyprinodontiformes,Rivulidae,Anablepsoides,-25.84,9.41,NA,NA,SD,1,Muscle
ID_0902,NA,NA,Bryconops sp,Characiformes,Iguanodectidae,Bryconops,-26.54,9.41,0.32,0.03,SD,2,Muscle
ID_0902,11136,NA,Cleithracara maronii,Cichliformes,Cichlidae,Cleithracara,-27.48,9.2,0.25,0.16,SD,2,Muscle
ID_0902,27854,NA,Copella carsevennensis,Characiformes,Lebiasinidae,Copella,-26.89,8.31,0.43,0.38,SD,5,Muscle
ID_0902,12312,Ringtail pike cichlid,Crenicichla saxatilis,Cichliformes,Cichlidae,Crenicichla,-28.11,9.64,1.45,0.45,SD,5,Muscle
ID_0902,10915,Banded knifefish,Gymnotus carapo,Gymnotiformes,Gymnotidae,Gymnotus,-26.78,10.04,NA,NA,SD,1,Muscle
ID_0902,62079,NA,Gymnotus coropinae,Gymnotiformes,Gymnotidae,Gymnotus,-27.9,8.86,0.66,0.54,SD,5,Muscle
ID_0902,12525,NA,Helogenes marmoratus,Siluriformes,Cetopsidae,Helogenes,-28.42,8.95,NA,NA,SD,1,Muscle
ID_0902,12371,Featherfin tetra,Hemigrammus unilineatus,Characiformes,Characidae,Hemigrammus,-26.82,8.77,0.26,0.47,SD,5,Muscle
ID_0902,4757,Trahira,Hoplias malabaricus,Characiformes,Erythrinidae,Hoplias,-26.87,10.05,NA,NA,SD,1,Muscle
ID_0902,63088,NA,Hyphessobrycon borealis,Characiformes,Characidae,Hyphessobrycon,-26.66,8.96,0.31,0.27,SD,5,Muscle
ID_0902,47068,Krobia sp1,Krobia guianensis,Cichliformes,Cichlidae,Krobia,-27.5,9.26,0.21,0.01,SD,2,Muscle
ID_0902,27992,NA,Moenkhausia chrysargyrea,Characiformes,Characidae,Moenkhausia,-26.38,8.8,0.32,0.12,SD,5,Muscle
ID_0902,26473,NA,Moenkhausia collettii,Characiformes,Characidae,Moenkhausia,-26.1,8.38,0.39,0.24,SD,5,Muscle
ID_0902,12391,Glass tetra,Moenkhausia oligolepis,Characiformes,Characidae,Moenkhausia,-26,9.44,0.35,0.45,SD,5,Muscle
ID_0902,47072,NA,Nannacara aureocephalus,Cichliformes,Cichlidae,Nannacara,-26.9,9.67,0.51,0.36,SD,4,Muscle
ID_0902,47838,NA,Pimelodella cristata,Siluriformes,Heptapteridae,Pimelodella,-26.56,9.08,NA,NA,SD,1,Muscle
ID_0902,11133,Guyana leaffish,Polycentrus schomburgkii,Ovalentaria/misc,Polycentridae,Polycentrus,-28.41,9.06,NA,NA,SD,1,Muscle
ID_0902,26525,NA,Pyrrhulina filamentosa,Characiformes,Lebiasinidae,Pyrrhulina,-26.31,8.74,0.77,0.56,SD,5,Muscle
ID_0902,23351,South American catfish,Rhamdia quelen,Siluriformes,Heptapteridae,Rhamdia,-25.6,9.77,0.09,0.06,SD,2,Muscle
ID_0902,12224,Longtail knifefish,Sternopygus macrurus,Gymnotiformes,Sternopygidae,Sternopygus,-25.88,10.16,0.13,0.16,SD,3,Muscle
ID_0902,52147,NA,Tatia intermedia,Siluriformes,Auchenipteridae,Tatia,-26.94,9.22,NA,NA,SD,1,Muscle
ID_0903,13103,NA,Batrochoglanis raninus,Siluriformes,Pseudopimelodidae,Batrochoglanis,-28.28,9.09,0.51,0.18,SD,3,Muscle
ID_0903,NA,NA,Bunocephalus sp,Siluriformes,Aspredinidae,Bunocephalus,-29.53,9.24,3.6,0.45,SD,2,Muscle
ID_0903,10922,Cascarudo,Callichthys callichthys,Siluriformes,Callichthyidae,Callichthys,-36.75,7.66,NA,NA,SD,1,Muscle
ID_0903,61665,NA,Cetopsidium orientale,Siluriformes,Cetopsidae,Cetopsidium,-29.01,9.35,0.59,0.17,SD,5,Muscle
ID_0903,11136,NA,Cleithracara maronii,Cichliformes,Cichlidae,Cleithracara,-29.22,8.85,2.02,0.31,SD,5,Muscle
ID_0903,27854,NA,Copella carsevennensis,Characiformes,Lebiasinidae,Copella,-27.92,7.74,0.63,0.16,SD,5,Muscle
ID_0903,46809,NA,Crenicichla albopunctata,Cichliformes,Cichlidae,Crenicichla,-28.22,9.39,NA,NA,SD,1,Muscle
ID_0903,12312,Ringtail pike cichlid,Crenicichla saxatilis,Cichliformes,Cichlidae,Crenicichla,-28.33,9.5,1.25,0.42,SD,10,Muscle
ID_0903,10915,Banded knifefish,Gymnotus carapo,Gymnotiformes,Gymnotidae,Gymnotus,-30.03,8.86,3.69,0.53,SD,5,Muscle
ID_0903,62079,NA,Gymnotus coropinae,Gymnotiformes,Gymnotidae,Gymnotus,-28.92,9.32,2.7,0.58,SD,5,Muscle
ID_0903,12525,NA,Helogenes marmoratus,Siluriformes,Cetopsidae,Helogenes,-27.65,8.61,0.69,0.2,SD,5,Muscle
ID_0903,27972,NA,Hemigrammus boesemani,Characiformes,Characidae,Hemigrammus,-28.86,9.9,1.23,0.33,SD,4,Muscle
ID_0903,10645,Head-and-taillight tetra,Hemigrammus ocellifer,Characiformes,Characidae,Hemigrammus,-27.18,9.59,0.62,0.67,SD,5,Muscle
ID_0903,27850,NA,Hoplias aimara,Characiformes,Erythrinidae,Hoplias,-31.67,8.88,NA,NA,SD,1,Muscle
ID_0903,28034,NA,Hypopomus artedi,Gymnotiformes,Hypopomidae,Hypopomus,-28.78,9.22,0.83,0.19,SD,4,Muscle
ID_0903,28035,NA,Hypopygus lepturus,Gymnotiformes,Hypopomidae,Hypopygus,-29.97,9.34,0.85,0.45,SD,4,Muscle
ID_0903,NA,NA,Krobia sp,Cichliformes,Cichlidae,Krobia,-27.03,9.81,0.69,0.38,SD,5,Muscle
ID_0903,27992,NA,Moenkhausia chrysargyrea,Characiformes,Characidae,Moenkhausia,-26.74,8.65,NA,NA,SD,1,Muscle
ID_0903,27995,NA,Moenkhausia hemigrammoides,Characiformes,Characidae,Moenkhausia,-28.65,8.92,0.86,0.39,SD,5,Muscle
ID_0903,12391,Glass tetra,Moenkhausia oligolepis,Characiformes,Characidae,Moenkhausia,-26.72,9.42,0.87,0.75,SD,5,Muscle
ID_0903,47072,NA,Nannacara aureocephalus,Cichliformes,Cichlidae,Nannacara,-28.04,9.77,0.63,0.28,SD,5,Muscle
ID_0903,11914,Whiteside pencilfish,Nannostomus bifasciatus,Characiformes,Lebiasinidae,Nannostomus,-29.54,9.09,1.41,0.4,SD,5,Muscle
ID_0903,26525,NA,Pyrrhulina filamentosa,Characiformes,Lebiasinidae,Pyrrhulina,-26.23,8.34,0.37,0.26,SD,5,Muscle
ID_0903,12224,Longtail knifefish,Sternopygus macrurus,Gymnotiformes,Sternopygidae,Sternopygus,-30.25,8.45,NA,NA,SD,1,Muscle
ID_0903,52147,NA,Tatia intermedia,Siluriformes,Auchenipteridae,Tatia,-27.87,9.09,2.01,0.35,SD,2,Muscle
ID_0904,23498,NA,Acestrorhynchus falcatus,Characiformes,Acestrorhynchidae,Acestrorhynchus,-27.71,10.1,NA,NA,SD,1,Muscle
ID_0904,13103,NA,Batrochoglanis raninus,Siluriformes,Pseudopimelodidae,Batrochoglanis,-26.62,9.4,NA,NA,SD,1,Muscle
ID_0904,65515,NA,Bryconamericus guyanensis,Characiformes,Characidae,Bryconamericus,-27.63,9.22,0.08,0.13,SD,2,Muscle
ID_0904,12343,Orangefin tetra,Bryconops affinis,Characiformes,Iguanodectidae,Bryconops,-26.21,9.28,0.15,0.26,SD,5,Muscle
ID_0904,46571,NA,Guianacara geayi,Cichliformes,Cichlidae,Guianacara,-28.88,9.81,0.78,0.29,SD,5,Muscle
ID_0904,10915,Banded knifefish,Gymnotus carapo,Gymnotiformes,Gymnotidae,Gymnotus,-26.92,9.6,0.99,0.43,SD,5,Muscle
ID_0904,12525,NA,Helogenes marmoratus,Siluriformes,Cetopsidae,Helogenes,-27.89,8.12,1.32,0.84,SD,5,Muscle
ID_0904,28034,NA,Hypopomus artedi,Gymnotiformes,Hypopomidae,Hypopomus,-29.02,9.52,0.77,0.69,SD,3,Muscle
ID_0904,27934,NA,Jupiaba abramoides,Characiformes,Characidae,Jupiaba,-26.43,8.19,0.06,0.36,SD,2,Muscle
ID_0904,47068,Krobia sp2,Krobia guianensis,Cichliformes,Cichlidae,Krobia,-35.26,9.47,NA,NA,SD,1,Muscle
ID_0904,49755,Toumblouc,Laimosemion geayi,Cyprinodontiformes,Rivulidae,Laimosemion,-29.44,9.31,2.02,0.67,SD,5,Muscle
ID_0904,27849,NA,Leporinus nijsseni,Characiformes,Anostomidae,Leporinus,-27.87,8.76,NA,NA,SD,1,Muscle
ID_0904,27992,NA,Moenkhausia chrysargyrea,Characiformes,Characidae,Moenkhausia,-26.25,8.85,0.16,0.27,SD,5,Muscle
ID_0904,12391,Glass tetra,Moenkhausia oligolepis,Characiformes,Characidae,Moenkhausia,-26.41,8.21,0.29,0.55,SD,5,Muscle
ID_0904,27998,NA,Moenkhausia surinamensis,Characiformes,Characidae,Moenkhausia,-28,8.43,0.54,0.45,SD,2,Muscle
ID_0904,28031,NA,Myloplus ternetzi,Characiformes,Serrasalmidae,Myloplus,-26.88,6.71,NA,NA,SD,1,Muscle
ID_0904,47072,NA,Nannacara aureocephalus,Cichliformes,Cichlidae,Nannacara,-29.97,9.17,1.08,0.41,SD,5,Muscle
ID_0904,47812,NA,Phenacorhamdia tenuis,Siluriformes,Heptapteridae,Phenacorhamdia,-29.54,8.84,NA,NA,SD,1,Muscle
ID_0904,47838,NA,Pimelodella cristata,Siluriformes,Heptapteridae,Pimelodella,-25.86,10.07,NA,NA,SD,1,Muscle
ID_0904,27921,NA,Poptella brevispina,Characiformes,Characidae,Poptella,-26.35,8.56,0.38,0.23,SD,5,Muscle
ID_0904,48334,NA,Rineloricaria stewarti,Siluriformes,Loricariidae,Rineloricaria,-30.65,9.45,NA,NA,SD,1,Muscle
ID_0905,23498,NA,Acestrorhynchus falcatus,Characiformes,Acestrorhynchidae,Acestrorhynchus,-29.11,11.22,0.13,0.25,SD,2,Muscle
ID_0905,49760,NA,Anablepsoides igneus,Cyprinodontiformes,Rivulidae,Anablepsoides,-26.2,9.94,NA,NA,SD,1,Muscle
ID_0905,49772,NA,Anablepsoides lungi,Cyprinodontiformes,Rivulidae,Anablepsoides,-29.18,8.78,3.47,0.41,SD,2,Muscle
ID_0905,48231,NA,Ancistrus leucostictus,Siluriformes,Loricariidae,Ancistrus,-33.89,8.84,1.26,0.69,SD,6,Muscle
ID_0905,27835,NA,Anostomus brevior,Characiformes,Anostomidae,Anostomus,-30.1,10.24,NA,NA,SD,1,Muscle
ID_0905,27940,NA,Astyanax validus,Characiformes,Characidae,Astyanax,-26.15,9.49,0.3,0.44,SD,3,Whole
ID_0905,13103,NA,Batrochoglanis raninus,Siluriformes,Pseudopimelodidae,Batrochoglanis,-30.74,9.91,1.54,0.81,SD,16,Muscle
ID_0905,65515,NA,Bryconamericus guyanensis,Characiformes,Characidae,Bryconamericus,-28.44,10.31,2.11,0.6,SD,16,Muscle
ID_0905,51320,NA,Bryconamericus hyphesson,Characiformes,Characidae,Bryconamericus,-28.55,10.12,0.15,0.25,SD,2,Muscle
ID_0905,12343,Orangefin tetra,Bryconops affinis,Characiformes,Iguanodectidae,Bryconops,-26.93,10.39,0.61,0.39,SD,18,Muscle
ID_0905,27958,NA,Bryconops melanurus,Characiformes,Iguanodectidae,Bryconops,-26.9,10.79,NA,NA,SD,1,Muscle
ID_0905,NA,NA,Bryconops sp,Characiformes,Iguanodectidae,Bryconops,-26.95,9.96,NA,NA,SD,1,Muscle
ID_0905,47784,NA,Chasmocranus brevior,Siluriformes,Heptapteridae,Chasmocranus,-29.43,10.35,NA,NA,SD,1,Muscle
ID_0905,NA,NA,Corydoras sp,Siluriformes,Callichthyidae,Corydoras,-33.02,11.44,0.56,0.27,SD,4,Muscle
ID_0905,NA,NA,Crenicichla sp,Cichliformes,Cichlidae,Crenicichla,-31.47,10.03,0.9,0.69,SD,3,Muscle
ID_0905,27860,NA,Cynopotamus essequibensis,Characiformes,Characidae,Cynopotamus,-27.35,11.8,0.41,0.23,SD,9,Muscle
ID_0905,27826,NA,Cyphocharax helleri,Characiformes,Curimatidae,Cyphocharax,-31.93,8.31,NA,NA,SD,1,Muscle
ID_0905,12221,Glass knifefish,Eigenmannia virescens,Gymnotiformes,Sternopygidae,Eigenmannia,-29.67,11.44,1.3,0.38,SD,12,Muscle
ID_0905,4535,Electric eel ,Electrophorus electricus,Gymnotiformes,Gymnotidae,Electrophorus,-28.25,10.35,NA,NA,SD,1,Muscle
ID_0905,48332,NA,Farlowella reticulata,Siluriformes,Loricariidae,Farlowella,-35.25,7.65,2,0.7,SD,6,Muscle
ID_0905,10725,River hatchetfish,Gasteropelecus sternicla,Characiformes,Gasteropelecidae,Gasteropelecus,-27.8,9.78,0.75,0.24,SD,10,Muscle
ID_0905,47682,NA,Gephyromochlus leopardus,Siluriformes,Auchenipteridae,Gephyromochlus,-26.67,9.85,NA,NA,SD,1,Muscle
ID_0905,10915,Banded knifefish,Gymnotus carapo,Gymnotiformes,Gymnotidae,Gymnotus,-28.81,10.19,2.33,0.94,SD,19,Muscle
ID_0905,62079,NA,Gymnotus coropinae,Gymnotiformes,Gymnotidae,Gymnotus,-28.84,9.79,1.19,0.91,SD,4,Muscle
ID_0905,NA,NA,Harttia sp,Siluriformes,Loricariidae,Harttia,-28.47,8.65,0.9,0.51,SD,10,Muscle
ID_0905,NA,NA,Harttiella sp,Siluriformes,Loricariidae,Harttiella,-35.86,8.47,0.65,0.23,SD,2,Muscle
ID_0905,12525,NA,Helogenes marmoratus,Siluriformes,Cetopsidae,Helogenes,-28.91,9.23,2.27,0.64,SD,8,Muscle
ID_0905,27928,NA,Hemibrycon surinamensis,Characiformes,Characidae,Hemibrycon,-26.74,10.08,0.62,0.44,SD,16,Muscle
ID_0905,10645,Head-and-taillight tetra,Hemigrammus ocellifer,Characiformes,Characidae,Hemigrammus,-27.95,9.89,0.9,0.4,SD,10,Muscle
ID_0905,26447,NA,Hemigrammus rodwayi,Characiformes,Characidae,Hemigrammus,-28.22,9.9,1.37,0.72,SD,6,Muscle
ID_0905,27850,NA,Hoplias aimara,Characiformes,Erythrinidae,Hoplias,-28.62,11.26,1.34,0.79,SD,8,Muscle
ID_0905,63088,NA,Hyphessobrycon borealis,Characiformes,Characidae,Hyphessobrycon,-29.27,8.84,NA,NA,SD,1,Muscle
ID_0905,28009,NA,Hyphessobrycon roseus,Characiformes,Characidae,Hyphessobrycon,-28.75,9.74,NA,NA,SD,1,Muscle
ID_0905,27837,NA,Hypomasticus despaxi,Characiformes,Anostomidae,Hypomasticus,-27.97,9.88,0.8,0.78,SD,5,Muscle
ID_0905,62279,NA,Ituglanis nebulosus,Siluriformes,Trichomycteridae,Ituglanis,-27.2,11.38,1.07,0.61,SD,9,Muscle
ID_0905,66688,NA,Japigny kirschbaum,Gymnotiformes,Sternopygidae,Japigny,-29.85,11.13,1.46,0.11,SD,7,Muscle
ID_0905,27934,NA,Jupiaba abramoides,Characiformes,Characidae,Jupiaba,-26.47,9.84,0.63,0.47,SD,13,Muscle
ID_0905,27942,NA,Jupiaba keithi,Characiformes,Characidae,Jupiaba,-28.81,9.59,2.85,0.17,SD,3,Muscle
ID_0905,NA,NA,Krobia sp,Cichliformes,Cichlidae,Krobia,-30.83,9.47,NA,NA,SD,1,Muscle
ID_0905,49755,Toumblouc,Laimosemion geayi,Cyprinodontiformes,Rivulidae,Laimosemion,-27.31,10.29,NA,NA,SD,1,Muscle
ID_0905,27848,NA,Leporinus granti,Characiformes,Anostomidae,Leporinus,-28.1,9.26,NA,NA,SD,1,Muscle
ID_0905,NA,NA,Mastiglanis sp,Siluriformes,Heptapteridae,Mastiglanis,-30.77,10.85,0.41,0.16,SD,5,Muscle
ID_0905,28027,NA,Melanocharacidium dispilomma,Characiformes,Crenuchidae,Melanocharacidium,-31.16,9.45,1.14,0.25,SD,2,Muscle
ID_0905,27992,NA,Moenkhausia chrysargyrea,Characiformes,Characidae,Moenkhausia,-26.08,9.76,0.31,0.25,SD,2,Muscle
ID_0905,26473,NA,Moenkhausia collettii,Characiformes,Characidae,Moenkhausia,-27.73,10.18,0.73,0.43,SD,9,Muscle
ID_0905,27997,NA,Moenkhausia moisae,Characiformes,Characidae,Moenkhausia,-26.61,9.35,0.65,0.33,SD,16,Muscle
ID_0905,12391,Glass tetra,Moenkhausia oligolepis,Characiformes,Characidae,Moenkhausia,-26.67,9.83,0.47,0.61,SD,15,Muscle
ID_0905,28031,NA,Myloplus ternetzi,Characiformes,Serrasalmidae,Myloplus,-28.99,8.33,1.32,1.27,SD,6,Muscle
ID_0905,11914,Whiteside pencilfish,Nannostomus bifasciatus,Characiformes,Lebiasinidae,Nannostomus,-31.26,8.92,2.17,0.78,SD,11,Muscle
ID_0905,48302,NA,Paralithoxus planquettei,Siluriformes,Loricariidae,Paralithoxus,-30.86,9.84,0.94,0.17,SD,4,Muscle
ID_0905,65499,NA,Phenacogaster wayana,Characiformes,Characidae,Phenacogaster,-31.5,10.35,2.29,0.33,SD,8,Muscle
ID_0905,47839,NA,Pimelodella geryi,Siluriformes,Heptapteridae,Pimelodella,-28.94,10.51,1.85,0.74,SD,14,Muscle
ID_0905,47853,NA,Pimelodella procera,Siluriformes,Heptapteridae,Pimelodella,-27.39,11.23,0.78,0.33,SD,20,Muscle
ID_0905,27921,NA,Poptella brevispina,Characiformes,Characidae,Poptella,-26.9,9.42,0.51,0.17,SD,13,Muscle
ID_0905,10697,X-ray tetra,Pristella maxillaris,Characiformes,Characidae,Pristella,-30.79,10.38,1.39,0.22,SD,4,Muscle
ID_0905,26525,NA,Pyrrhulina filamentosa,Characiformes,Lebiasinidae,Pyrrhulina,-27.84,9.5,1.63,0.82,SD,14,Muscle
ID_0905,23351,South American catfish,Rhamdia quelen,Siluriformes,Heptapteridae,Rhamdia,-26.3,10.57,0.45,0.11,SD,2,Muscle
ID_0905,48334,NA,Rineloricaria stewarti,Siluriformes,Loricariidae,Rineloricaria,-30.93,9.93,NA,NA,SD,1,Muscle
ID_0905,NA,NA,Rivulus sp,Cyprinodontiformes,Rivulidae,Rivulus,-28.06,10.07,0.82,0.62,SD,8,Muscle
ID_0905,62487,NA,Roeboexodon geryi,Characiformes,Characidae,Roeboexodon,-24.84,13.64,0.08,0.24,SD,2,Muscle
ID_0905,12224,Longtail knifefish,Sternopygus macrurus,Gymnotiformes,Sternopygidae,Sternopygus,-28.76,11.1,2.11,0.66,SD,14,Muscle
ID_0905,27993,NA,Tetragonopterus georgiae,Characiformes,Characidae,Tetragonopterus,-26.7,10.91,0.57,0.47,SD,4,Muscle
ID_0905,62336,NA,Tetragonopterus rarus,Characiformes,Characidae,Tetragonopterus,-25.99,12.47,0.38,0.25,SD,5,Muscle
ID_0905,28001,NA,Thayeria ifati,Characiformes,Characidae,Thayeria,-27.08,10.38,NA,NA,SD,1,Muscle
ID_0906,12278,Saddle cichlid,Aequidens tetramerus,Cichliformes,Cichlidae,Aequidens,-27.03,9.31,NA,NA,SD,1,Muscle
ID_0906,46627,NA,Apistogramma gossei,Cichliformes,Cichlidae,Apistogramma,-28.29,9.86,NA,NA,SD,1,Muscle
ID_0906,10922,Cascarudo,Callichthys callichthys,Siluriformes,Callichthyidae,Callichthys,-27.46,9.51,NA,NA,SD,1,Muscle
ID_0906,11136,NA,Cleithracara maronii,Cichliformes,Cichlidae,Cleithracara,-29.15,8.63,0.6,0.38,SD,4,Muscle
ID_0906,27854,NA,Copella carsevennensis,Characiformes,Lebiasinidae,Copella,-27.1,8.23,0.33,0.67,SD,5,Muscle
ID_0906,7777,Bronze corydoras,Corydoras aeneus,Siluriformes,Callichthyidae,Corydoras,-28.34,10.79,NA,NA,SD,1,Muscle
ID_0906,12312,Ringtail pike cichlid,Crenicichla saxatilis,Cichliformes,Cichlidae,Crenicichla,-29.82,10.09,0.7,0.32,SD,3,Muscle
ID_0906,23282,NA,Erythrinus erythrinus,Characiformes,Erythrinidae,Erythrinus,-26.18,9.93,NA,NA,SD,1,Muscle
ID_0906,10725,River hatchetfish,Gasteropelecus sternicla,Characiformes,Gasteropelecidae,Gasteropelecus,-26.98,8.81,0.35,0.41,SD,2,Muscle
ID_0906,10915,Banded knifefish,Gymnotus carapo,Gymnotiformes,Gymnotidae,Gymnotus,-28.69,9.67,0.53,0.66,SD,2,Muscle
ID_0906,62079,NA,Gymnotus coropinae,Gymnotiformes,Gymnotidae,Gymnotus,-27.13,10.23,1.23,0.24,SD,3,Muscle
ID_0906,12371,Featherfin tetra,Hemigrammus unilineatus,Characiformes,Characidae,Hemigrammus,-26.53,8.54,0.35,0.4,SD,5,Muscle
ID_0906,4757,Trahira,Hoplias malabaricus,Characiformes,Erythrinidae,Hoplias,-26.54,10.84,0.32,0.31,SD,3,Muscle
ID_0906,47072,NA,Nannacara aureocephalus,Cichliformes,Cichlidae,Nannacara,-27.9,10.17,NA,NA,SD,1,Muscle
ID_0906,26525,NA,Pyrrhulina filamentosa,Characiformes,Lebiasinidae,Pyrrhulina,-25.54,9.8,0.27,0.28,SD,5,Muscle
ID_0907,50260,NA,Ancistrus hoplogenys,Siluriformes,Loricariidae,Ancistrus,-32.14,9.58,NA,NA,SD,1,Muscle
ID_0907,13103,NA,Batrochoglanis raninus,Siluriformes,Pseudopimelodidae,Batrochoglanis,-29.42,9.67,0.74,0.35,SD,2,Muscle
ID_0907,28038,NA,Brachyhypopomus beebei,Gymnotiformes,Hypopomidae,Brachyhypopomus,-28.5,10.18,0.5,0.4,SD,4,Muscle
ID_0907,27958,NA,Bryconops melanurus,Characiformes,Iguanodectidae,Bryconops,-28.19,10.28,NA,NA,SD,1,Muscle
ID_0907,10922,Cascarudo,Callichthys callichthys,Siluriformes,Callichthyidae,Callichthys,-28.2,10.45,0.59,0.55,SD,2,Muscle
ID_0907,61665,NA,Cetopsidium orientale,Siluriformes,Cetopsidae,Cetopsidium,-29.45,9.92,NA,NA,SD,1,Muscle
ID_0907,27854,NA,Copella carsevennensis,Characiformes,Lebiasinidae,Copella,-28.08,9.13,0.83,0.24,SD,5,Muscle
ID_0907,12312,Ringtail pike cichlid,Crenicichla saxatilis,Cichliformes,Cichlidae,Crenicichla,-30.42,10.08,2.25,0.79,SD,4,Muscle
ID_0907,23282,NA,Erythrinus erythrinus,Characiformes,Erythrinidae,Erythrinus,-27.98,11.14,NA,NA,SD,1,Muscle
ID_0907,10725,River hatchetfish,Gasteropelecus sternicla,Characiformes,Gasteropelecidae,Gasteropelecus,-28.2,9.25,0.81,0.08,SD,5,Muscle
ID_0907,10915,Banded knifefish,Gymnotus carapo,Gymnotiformes,Gymnotidae,Gymnotus,-27.04,10.17,1.29,0.6,SD,9,Muscle
ID_0907,62079,NA,Gymnotus coropinae,Gymnotiformes,Gymnotidae,Gymnotus,-28.97,9.9,1.34,0.36,SD,6,Muscle
ID_0907,12525,NA,Helogenes marmoratus,Siluriformes,Cetopsidae,Helogenes,-27.6,9.08,0.96,0.31,SD,5,Muscle
ID_0907,10645,Head-and-taillight tetra,Hemigrammus ocellifer,Characiformes,Characidae,Hemigrammus,-27.32,9.45,0.31,0.38,SD,5,Muscle
ID_0907,12371,Featherfin tetra,Hemigrammus unilineatus,Characiformes,Characidae,Hemigrammus,-28.28,9.34,0.54,0.67,SD,5,Muscle
ID_0907,4757,Trahira,Hoplias malabaricus,Characiformes,Erythrinidae,Hoplias,-28.38,10.81,NA,NA,SD,1,Muscle
ID_0907,28034,NA,Hypopomus artedi,Gymnotiformes,Hypopomidae,Hypopomus,-28.53,10.63,0.44,0.06,SD,3,Muscle
ID_0907,27992,NA,Moenkhausia chrysargyrea,Characiformes,Characidae,Moenkhausia,-26.33,8.84,0.32,0.3,SD,4,Muscle
ID_0907,26473,NA,Moenkhausia collettii,Characiformes,Characidae,Moenkhausia,-26.93,8.83,0.25,0.14,SD,5,Muscle
ID_0907,12391,Glass tetra,Moenkhausia oligolepis,Characiformes,Characidae,Moenkhausia,-26.27,9.1,0.31,0.28,SD,10,Muscle
ID_0907,47072,NA,Nannacara aureocephalus,Cichliformes,Cichlidae,Nannacara,-29.46,10.46,1.66,0.42,SD,8,Muscle
ID_0907,NA,NA,Phenacogaster sp,Characiformes,Characidae,Phenacogaster,-30.87,10.11,NA,NA,SD,1,Muscle
ID_0907,47838,NA,Pimelodella cristata,Siluriformes,Heptapteridae,Pimelodella,-28.19,10.28,1.98,0.24,SD,2,Muscle
ID_0907,11133,Guyana leaffish,Polycentrus schomburgkii,Ovalentaria/misc,Polycentridae,Polycentrus,-29.68,9.93,0.93,1.25,SD,2,Muscle
ID_0907,27921,NA,Poptella brevispina,Characiformes,Characidae,Poptella,-27.69,9.23,NA,NA,SD,1,Muscle
ID_0907,26525,NA,Pyrrhulina filamentosa,Characiformes,Lebiasinidae,Pyrrhulina,-26.08,9.54,0.19,0.25,SD,5,Muscle
ID_0907,23351,South American catfish,Rhamdia quelen,Siluriformes,Heptapteridae,Rhamdia,-25.89,9.95,0.31,0.28,SD,11,Muscle
ID_0907,52147,NA,Tatia intermedia,Siluriformes,Auchenipteridae,Tatia,-27.67,9.96,0.18,0.26,SD,2,Muscle
ID_0908,23498,NA,Acestrorhynchus falcatus,Characiformes,Acestrorhynchidae,Acestrorhynchus,-29.56,10.99,1.77,1.14,SD,2,Muscle
ID_0908,50260,NA,Ancistrus hoplogenys,Siluriformes,Loricariidae,Ancistrus,-32.16,9.84,NA,NA,SD,1,Muscle
ID_0908,13103,NA,Batrochoglanis raninus,Siluriformes,Pseudopimelodidae,Batrochoglanis,-29.84,9.8,1.69,1.11,SD,3,Muscle
ID_0908,28038,NA,Brachyhypopomus beebei,Gymnotiformes,Hypopomidae,Brachyhypopomus,-30.93,8.03,NA,NA,SD,1,Muscle
ID_0908,12343,Orangefin tetra,Bryconops affinis,Characiformes,Iguanodectidae,Bryconops,-26.99,10.2,0.33,0.47,SD,4,Muscle
ID_0908,12344,NA,Bryconops caudomaculatus,Characiformes,Iguanodectidae,Bryconops,-28.66,10.53,2.66,0.56,SD,5,Muscle
ID_0908,61665,NA,Cetopsidium orientale,Siluriformes,Cetopsidae,Cetopsidium,-30.86,9.84,0.63,0.44,SD,5,Muscle
ID_0908,28025,NA,Characidium zebra,Characiformes,Crenuchidae,Characidium,-28.81,9.28,0.61,0.77,SD,4,Muscle
ID_0908,11136,NA,Cleithracara maronii,Cichliformes,Cichlidae,Cleithracara,-30.57,8.31,1.36,0.16,SD,2,Muscle
ID_0908,12312,Ringtail pike cichlid,Crenicichla saxatilis,Cichliformes,Cichlidae,Crenicichla,-30.64,9.88,NA,NA,SD,1,Muscle
ID_0908,10915,Banded knifefish,Gymnotus carapo,Gymnotiformes,Gymnotidae,Gymnotus,-29.2,10.24,0.55,0.92,SD,2,Muscle
ID_0908,62079,NA,Gymnotus coropinae,Gymnotiformes,Gymnotidae,Gymnotus,-26.27,11.08,0.36,0.11,SD,2,Muscle
ID_0908,12525,NA,Helogenes marmoratus,Siluriformes,Cetopsidae,Helogenes,-28.36,8.18,1.19,0.46,SD,2,Muscle
ID_0908,28034,NA,Hypopomus artedi,Gymnotiformes,Hypopomidae,Hypopomus,-29.01,10.33,0.76,0.25,SD,3,Muscle
ID_0908,27942,NA,Jupiaba keithi,Characiformes,Characidae,Jupiaba,-27.94,9.82,1.35,0.69,SD,15,Muscle
ID_0908,47068,Krobia sp1,Krobia guianensis,Cichliformes,Cichlidae,Krobia,-26.3,10.51,NA,NA,SD,1,Muscle
ID_0908,27848,NA,Leporinus granti,Characiformes,Anostomidae,Leporinus,-27.59,10.27,NA,NA,SD,1,Muscle
ID_0908,48744,NA,Melanocharacidium blennioides,Characiformes,Crenuchidae,Melanocharacidium,-29.6,11.12,NA,NA,SD,1,Muscle
ID_0908,28027,NA,Melanocharacidium dispilomma,Characiformes,Crenuchidae,Melanocharacidium,-30.46,10.23,0.28,0.16,SD,5,Muscle
ID_0908,27992,NA,Moenkhausia chrysargyrea,Characiformes,Characidae,Moenkhausia,-27.17,9.17,0.45,0.5,SD,6,Muscle
ID_0908,26473,NA,Moenkhausia collettii,Characiformes,Characidae,Moenkhausia,-27.29,9.36,0.37,0.33,SD,5,Muscle
ID_0908,12391,Glass tetra,Moenkhausia oligolepis,Characiformes,Characidae,Moenkhausia,-26.16,10.3,0.27,0.56,SD,5,Muscle
ID_0908,NA,NA,Nannacara sp,Cichliformes,Cichlidae,Nannacara,-30.08,9.55,1.13,0.47,SD,3,Muscle
ID_0908,27921,NA,Poptella brevispina,Characiformes,Characidae,Poptella,-27.39,9.19,0.3,0.51,SD,5,Muscle
ID_0909,23498,NA,Acestrorhynchus falcatus,Characiformes,Acestrorhynchidae,Acestrorhynchus,-26.58,10.69,NA,NA,SD,1,Muscle
ID_0909,13103,NA,Batrochoglanis raninus,Siluriformes,Pseudopimelodidae,Batrochoglanis,-27.43,9.8,0.66,0.49,SD,2,Muscle
ID_0909,65515,NA,Bryconamericus guyanensis,Characiformes,Characidae,Bryconamericus,-28.61,9.48,0.28,0.22,SD,5,Muscle
ID_0909,12343,Orangefin tetra,Bryconops affinis,Characiformes,Iguanodectidae,Bryconops,-26.41,9.46,0.19,0.62,SD,5,Muscle
ID_0909,27854,NA,Copella carsevennensis,Characiformes,Lebiasinidae,Copella,-27.61,8.33,0.22,0.22,SD,5,Muscle
ID_0909,12157,Amapa corydoras,Corydoras amapaensis,Siluriformes,Callichthyidae,Corydoras,-30.34,9.24,NA,NA,SD,1,Muscle
ID_0909,10915,Banded knifefish,Gymnotus carapo,Gymnotiformes,Gymnotidae,Gymnotus,-26.49,9.55,0.89,0.25,SD,5,Muscle
ID_0909,12525,NA,Helogenes marmoratus,Siluriformes,Cetopsidae,Helogenes,-28.06,8.06,1.06,0.4,SD,5,Muscle
ID_0909,27934,NA,Jupiaba abramoides,Characiformes,Characidae,Jupiaba,-26.56,8.14,0.28,0.44,SD,3,Muscle
ID_0909,47068,Krobia sp2,Krobia guianensis,Cichliformes,Cichlidae,Krobia,-36.52,6.98,NA,NA,SD,1,Muscle
ID_0909,27992,NA,Moenkhausia chrysargyrea,Characiformes,Characidae,Moenkhausia,-26.4,8.74,0.17,0.61,SD,5,Muscle
ID_0909,12391,Glass tetra,Moenkhausia oligolepis,Characiformes,Characidae,Moenkhausia,-26.53,9.4,0.16,0.26,SD,4,Muscle
ID_0909,27998,NA,Moenkhausia surinamensis,Characiformes,Characidae,Moenkhausia,-26.7,8.4,0.23,0.04,SD,4,Muscle
ID_0909,47838,NA,Pimelodella cristata,Siluriformes,Heptapteridae,Pimelodella,-27.51,9.76,0.79,0.27,SD,5,Muscle
ID_0909,27921,NA,Poptella brevispina,Characiformes,Characidae,Poptella,-26.41,8.52,0.27,0.6,SD,5,Muscle
ID_0909,17121,NA,Potamorrhaphis guianensis,Beloniformes,Belonidae,Potamorrhaphis,-27.99,10.21,NA,NA,SD,1,Muscle
ID_0909,26525,NA,Pyrrhulina filamentosa,Characiformes,Lebiasinidae,Pyrrhulina,-26.92,8.8,0.26,0.08,SD,3,Muscle
ID_0909,48334,NA,Rineloricaria stewarti,Siluriformes,Loricariidae,Rineloricaria,-29.85,8.76,NA,NA,SD,1,Muscle
ID_0909,12224,Longtail knifefish,Sternopygus macrurus,Gymnotiformes,Sternopygidae,Sternopygus,-26.88,10.24,NA,NA,SD,1,Muscle
ID_0910,232,Whitefish,Coregonus lavaretus,Salmoniformes,Salmonidae,Coregonus,-33.12,13.72,1.07,0.65,SD,201,Muscle
ID_0910,232,Whitefish,Coregonus lavaretus,Salmoniformes,Salmonidae,Coregonus,-33.71,12.65,0.93,1.19,SD,215,Liver
ID_0910,258,Northern pike,Esox lucius,Esociformes,Esocidae,Esox,-29.87,13.5,0.47,0.24,SD,7,Muscle
ID_0910,258,Northern pike,Esox lucius,Esociformes,Esocidae,Esox,-32.82,12.33,1.46,0.86,SD,42,Liver
ID_0910,358,Perch,Perca fluviatilis,Perciformes/Percoidei,Percidae,Perca,-30.62,12.75,0.65,0.93,SD,25,Whole
ID_0910,272,Roach,Rutilus rutilus,Cypriniformes,Leuciscidae,Rutilus,-29.37,11.01,2.17,1.07,SD,28,Muscle
ID_0910,247,Arctic charr,Salvelinus alpinus,Salmoniformes,Salmonidae,Salvelinus,-35.21,13.81,1.64,0.61,SD,27,Muscle
ID_0910,269,Tench,Tinca tinca,Cypriniformes,Tincidae,Tinca,-28.31,10.79,0.55,0.29,SD,3,Muscle
ID_0911,268,Bream,Abramis brama,Cypriniformes,Leuciscidae,Abramis,-33.73,10.34,1.64,0.81,SD,10,Muscle
ID_0911,4730,Bleak,Alburnus alburnus,Cypriniformes,Leuciscidae,Alburnus,-30.79,8.58,0.27,0.14,SD,6,Muscle
ID_0911,232,Whitefish,Coregonus lavaretus,Salmoniformes,Salmonidae,Coregonus,-34.84,9.96,0.62,1.09,SD,12,Muscle
ID_0911,258,Northern pike,Esox lucius,Esociformes,Esocidae,Esox,-31.2,11.37,1.19,0.65,SD,7,Muscle
ID_0911,4474,Ruffe,Gymnocephalus cernua,Perciformes/Percoidei,Percidae,Gymnocephalus,-35.05,10.91,1.72,0.59,SD,5,Muscle
ID_0911,358,Perch,Perca fluviatilis,Perciformes/Percoidei,Percidae,Perca,-32.67,10.49,1.11,0.7,SD,10,Muscle
ID_0911,272,Roach,Rutilus rutilus,Cypriniformes,Leuciscidae,Rutilus,-31.52,9.31,2,0.53,SD,10,Muscle
ID_0911,2951,Rudd,Scardinius erythrophthalmus,Cypriniformes,Leuciscidae,Scardinius,-28.56,8.65,3.53,2.18,SD,8,Muscle
ID_0911,4482,Common chub,Squalius cephalus,Cypriniformes,Leuciscidae,Squalius,-27.91,9.88,1.08,0.4,SD,7,Muscle
ID_0912,258,Northern pike,Esox lucius,Esociformes,Esocidae,Esox,-28.01,19.61,1.27,0.56,SD,2,Fin
ID_0912,272,Roach,Rutilus rutilus,Cypriniformes,Leuciscidae,Rutilus,-29.61,16.65,1.9,1.96,SD,12,Fin
ID_0913,358,European perch,Perca fluviatilis,Perciformes/Percoidei,Percidae,Perca,-28.8,16.61,0.68,1.23,SD,3,Fin
ID_0913,272,Roach,Rutilus rutilus,Cypriniformes,Leuciscidae,Rutilus,-28.93,15.12,1.8,1.73,SD,9,Fin
ID_0914,358,European perch,Perca fluviatilis,Perciformes/Percoidei,Percidae,Perca,-28.64,16.35,1.58,2.02,SD,10,Fin
ID_0914,272,Roach,Rutilus rutilus,Cypriniformes,Leuciscidae,Rutilus,-28.32,16.97,1.64,1.66,SD,10,Fin
ID_0915,358,European perch,Perca fluviatilis,Perciformes/Percoidei,Percidae,Perca,-26.89,16.49,1.12,1.43,SD,8,Fin
ID_0915,272,Roach,Rutilus rutilus,Cypriniformes,Leuciscidae,Rutilus,-28.66,15.74,1.62,1.1,SD,10,Fin
ID_0916,358,European perch,Perca fluviatilis,Perciformes/Percoidei,Percidae,Perca,-27.01,17.45,1.31,2.3,SD,11,Fin
ID_0916,272,Roach,Rutilus rutilus,Cypriniformes,Leuciscidae,Rutilus,-26.86,16.16,1.12,2.02,SD,10,Fin
ID_0917,358,European perch,Perca fluviatilis,Perciformes/Percoidei,Percidae,Perca,-26.79,17.47,NA,NA,SD,1,Fin
ID_0918,358,European perch,Perca fluviatilis,Perciformes/Percoidei,Percidae,Perca,-25.78,17.52,NA,NA,SD,1,Fin
ID_0918,272,Roach,Rutilus rutilus,Cypriniformes,Leuciscidae,Rutilus,-27.44,16.55,1.29,1.29,SD,10,Fin
ID_0919,272,Roach,Rutilus rutilus,Cypriniformes,Leuciscidae,Rutilus,-26.88,16.72,1.39,1.83,SD,10,Fin
ID_0920,358,European perch,Perca fluviatilis,Perciformes/Percoidei,Percidae,Perca,-26.82,17.33,0.85,0.38,SD,2,Fin
ID_0920,358,European perch,Perca fluviatilis,Perciformes/Percoidei,Percidae,Perca,-26.14,16.83,NA,NA,SD,1,Whole
ID_0920,272,Roach,Rutilus rutilus,Cypriniformes,Leuciscidae,Rutilus,-27.68,17.02,0.64,0.72,SD,10,Fin
ID_0921,358,European perch,Perca fluviatilis,Perciformes/Percoidei,Percidae,Perca,-28.42,16.99,1.64,1.79,SD,7,Fin
ID_0921,358,European perch,Perca fluviatilis,Perciformes/Percoidei,Percidae,Perca,-31.94,18.27,NA,NA,SD,1,Whole
ID_0921,272,Roach,Rutilus rutilus,Cypriniformes,Leuciscidae,Rutilus,-29.11,15.34,2.33,1.76,SD,9,Fin
ID_0922,268,Common bream,Abramis brama,Cypriniformes,Leuciscidae,Abramis,-28.36,16.88,1.33,1.18,SD,32,Fin
ID_0922,258,Northern pike,Esox lucius,Esociformes,Esocidae,Esox,-27.71,19.35,1.28,0.67,SD,15,Fin
ID_0923,4472,European barbel,Barbus barbus,Cypriniformes,Cyprinidae,Barbus,-23.64,13.81,2.34,2.5,SD,7,Scale
ID_0923,2439,Bullhead,Cottus gobio,Perciformes/Cottoidei,Cottidae,Cottus,-29.84,19.2,1.17,0.5,SD,20,Muscle
ID_0923,4662,Dace,Leuciscus leuciscus,Cypriniformes,Leuciscidae,Leuciscus,-23.67,13.84,0.44,0.67,SD,6,Muscle
ID_0923,4661,Minnow,Phoxinus phoxinus,Cypriniformes,Leuciscidae,Phoxinus,-28.48,17.14,0.94,1.62,SD,26,Muscle
ID_0923,4482,Common chub,Squalius cephalus,Cypriniformes,Leuciscidae,Squalius,-24.78,16.54,1.6,1.35,SD,11,Scale
ID_0924,268,Bullhead,Abramis brama,Cypriniformes,Leuciscidae,Abramis,-31.09,20.26,1.62,0.17,SD,2,Muscle
ID_0924,4472,European barbel,Barbus barbus,Cypriniformes,Cyprinidae,Barbus,-28.2,17.06,0.72,1.01,SD,4,Fin
ID_0924,4478,Gudgeon,Gobio gobio,Cypriniformes,Gobionidae,Gobio,-30.49,19.54,0.25,0.61,SD,3,Fin
ID_0924,4662,Dace,Leuciscus leuciscus,Cypriniformes,Leuciscidae,Leuciscus,-28.4,17.95,0.64,0.64,SD,12,Fin
ID_0924,4661,Minnow,Phoxinus phoxinus,Cypriniformes,Leuciscidae,Phoxinus,-31.3,20.47,NA,NA,SD,1,Whole
ID_0924,4482,Common chub,Squalius cephalus,Cypriniformes,Leuciscidae,Squalius,-27.11,16.53,1.82,1.49,SD,12,Fin
ID_0925,10550,Agassiz's glassfish,Ambassis agassizii,Ovalentaria/misc,Ambassidae,Ambassis,-24.77,6.85,0.86,0.32,SD,4,Muscle
ID_0925,53601,Unspecked hardyhead,Craterocephalus fulvus,Atheriniformes,Atherinidae,Craterocephalus,-24.78,6.71,1.08,0.38,SD,6,Muscle
ID_0925,22663,Marjorie's hardyhead,Craterocephalus marjoriae,Atheriniformes,Atherinidae,Craterocephalus,-23.42,6.58,2.25,0.52,SD,3,Muscle
ID_0925,4521,Eastern Gambusia,Gambusia holbrooki,Cyprinodontiformes,Poeciliidae,Gambusia,-23.26,7.35,1.61,1,SD,6,Muscle
ID_0925,14863,Mouth almighty,Glossamia aprion,Kurtiformes,Apogonidae,Glossamia,-23.71,6.2,0.49,0.45,SD,3,Fin
ID_0925,52493,Western carp gudgeon,Hypseleotris klunzingeri,Gobiiformes,Eleotridae,Hypseleotris,-23.72,5.64,1.25,0.4,SD,6,Muscle
ID_0925,22677,Duboulay's rainbowfish,Melanotaenia duboulayi,Atheriniformes,Melanotaeniidae,Melanotaenia,-23.37,6.53,0.24,0.55,SD,5,Muscle
ID_0925,10714,Purple-spotted gudgeon,Mogurnda adspersa,Gobiiformes,Eleotridae,Mogurnda,-23.53,6.59,1.21,0.63,SD,5,Fin
ID_0925,4512,Australian lungfish,Neoceratodus forsteri,Ceratodontiformes,Neoceratodontidae,Neoceratodus,-23.04,7.1,0.64,1.76,SD,5,Fin
ID_0925,3,Tilapia,Oreochromis mossambicus,Cichliformes,Cichlidae,Oreochromis,-23.8,7.17,NA,NA,SD,1,Fin
ID_0925,6511,Australian smelt,Retropinna semoni,Osmeriformes,Retropinnidae,Retropinna,-23.82,6.3,0.19,0.49,SD,3,Fin
ID_0925,12101,Eel-tailed catfish,Tandanus tandanus,Siluriformes,Plotosidae,Tandanus,-23.65,6.16,NA,NA,SD,1,Fin
ID_0926,10550,Agassiz's glassfish,Ambassis agassizii,Ovalentaria/misc,Ambassidae,Ambassis,-24.17,5.51,2.57,0.75,SD,5,Muscle
ID_0926,53601,Unspecked hardyhead,Craterocephalus fulvus,Atheriniformes,Atherinidae,Craterocephalus,-23.92,5.91,2.21,0.28,SD,6,Muscle
ID_0926,22663,Marjorie's hardyhead,Craterocephalus marjoriae,Atheriniformes,Atherinidae,Craterocephalus,-23.41,5.55,3.82,0.79,SD,5,Muscle
ID_0926,4521,Eastern Gambusia,Gambusia holbrooki,Cyprinodontiformes,Poeciliidae,Gambusia,-23.36,6.13,1.54,0.56,SD,6,Muscle
ID_0926,22677,Duboulay's rainbowfish,Melanotaenia duboulayi,Atheriniformes,Melanotaeniidae,Melanotaenia,-24.77,5.85,2.49,0.85,SD,6,Muscle
ID_0926,10714,Purple-spotted gudgeon,Mogurnda adspersa,Gobiiformes,Eleotridae,Mogurnda,-24.28,5.38,1.02,0.04,SD,3,Fin
ID_0926,3,Tilapia,Oreochromis mossambicus,Cichliformes,Cichlidae,Oreochromis,-26.46,4.17,0.24,0.63,SD,3,Fin
ID_0926,6511,Australian smelt,Retropinna semoni,Osmeriformes,Retropinnidae,Retropinna,-25.53,6.92,1.35,0.31,SD,6,Fin
ID_0926,12101,Eel-tailed catfish,Tandanus tandanus,Siluriformes,Plotosidae,Tandanus,-25.83,7.4,NA,NA,SD,1,Fin
ID_0927,10550,Agassiz's glassfish,Ambassis agassizii,Ovalentaria/misc,Ambassidae,Ambassis,-24.65,7.91,1.9,1.82,SD,6,Muscle
ID_0927,14925,Barred grunter,Amniataba percoides,Centrarchiformes,Terapontidae,Amniataba,-25.97,8.47,0.8,0.09,SD,3,Fin
ID_0927,53601,Unspecked hardyhead,Craterocephalus fulvus,Atheriniformes,Atherinidae,Craterocephalus,-25.49,7.26,1.79,1.68,SD,5,Muscle
ID_0927,22663,Marjorie's hardyhead,Craterocephalus marjoriae,Atheriniformes,Atherinidae,Craterocephalus,-25.5,7.1,0.3,0.6,SD,3,Muscle
ID_0927,4521,Eastern Gambusia,Gambusia holbrooki,Cyprinodontiformes,Poeciliidae,Gambusia,-21.23,6.9,2.1,0.54,SD,6,Muscle
ID_0927,52493,Western carp gudgeon,Hypseleotris klunzingeri,Gobiiformes,Eleotridae,Hypseleotris,-23.82,6.1,1.61,1.52,SD,6,Muscle
ID_0927,4800,Spangled perch,Leiopotherapon unicolor,Centrarchiformes,Terapontidae,Leiopotherapon,-23.39,11.23,0.45,0.51,SD,2,Fin
ID_0927,22677,Duboulay's rainbowfish,Melanotaenia duboulayi,Atheriniformes,Melanotaeniidae,Melanotaenia,-23.02,7.64,1.87,0.67,SD,6,Muscle
ID_0927,10714,Purple-spotted gudgeon,Mogurnda adspersa,Gobiiformes,Eleotridae,Mogurnda,-24.54,7.28,2.64,0.22,SD,2,Fin
ID_0927,1612,Bony bream,Nematalosa erebi,Clupeiformes,Dorosomatidae,Nematalosa,-24.24,8.46,1.31,0.19,SD,3,Fin
ID_0927,3,Tilapia,Oreochromis mossambicus,Cichliformes,Cichlidae,Oreochromis,-24.21,5.64,2.04,1.36,SD,6,Fin
ID_0927,64058,Dwarf flathead gudgeon,Philypnodon macrostomus,Gobiiformes,Eleotridae,Philypnodon,-25.88,7.36,0.41,0.06,SD,2,Muscle
ID_0927,6511,Australian smelt,Retropinna semoni,Osmeriformes,Retropinnidae,Retropinna,-24.63,9.22,2.36,1.39,SD,6,Fin
ID_0927,12101,Eel-tailed catfish,Tandanus tandanus,Siluriformes,Plotosidae,Tandanus,-24.84,6.95,1.53,0.64,SD,2,Fin
ID_0928,10550,Agassiz's glassfish,Ambassis agassizii,Ovalentaria/misc,Ambassidae,Ambassis,-24.95,8.87,1.53,3.97,SD,3,Muscle
ID_0928,7512,Long-finned eel,Anguilla reinhardtii,Anguilliformes,Anguillidae,Anguilla,-24.21,15.26,2.5,0.62,SD,3,Fin
ID_0928,16808,Northern snubnose garfish,Arrhamphus sclerolepis,Beloniformes,Hemiramphidae,Arrhamphus,-22.98,14.5,0.73,0.38,SD,3,Fin
ID_0928,53601,Unspecked hardyhead,Craterocephalus fulvus,Atheriniformes,Atherinidae,Craterocephalus,-19.32,11.72,3.68,2.1,SD,3,Muscle
ID_0928,1450,Common carp,Cyprinus carpio,Cypriniformes,Cyprinidae,Cyprinus,-24.88,13.07,1.19,1.03,SD,3,Fin
ID_0928,4521,Eastern Gambusia,Gambusia holbrooki,Cyprinodontiformes,Poeciliidae,Gambusia,-24.28,10.12,3.14,2.43,SD,6,Muscle
ID_0928,14863,Mouth almighty,Glossamia aprion,Kurtiformes,Apogonidae,Glossamia,-23.68,13.65,0.65,0.44,SD,4,Fin
ID_0928,22754,Striped gudgeon,Gobiomorphus australis,Gobiiformes,Eleotridae,Gobiomorphus,-26.92,13.03,1.57,0.34,SD,2,Fin
ID_0928,22755,Empire gudgeon,Hypseleotris compressa,Gobiiformes,Eleotridae,Hypseleotris,-32.57,8.19,NA,NA,SD,1,Fin
ID_0928,52493,Western carp gudgeon,Hypseleotris klunzingeri,Gobiiformes,Eleotridae,Hypseleotris,-25.82,8.88,4.37,5.26,SD,2,Muscle
ID_0928,10312,Golden perch,Macquaria ambigua,Centrarchiformes,Percichthyidae,Macquaria,-23.11,16.44,0.95,0.51,SD,3,Fin
ID_0928,22677,Duboulay's rainbowfish,Melanotaenia duboulayi,Atheriniformes,Melanotaeniidae,Melanotaenia,-23.66,13.4,1.52,3.24,SD,8,Muscle
ID_0928,10714,Purple-spotted gudgeon,Mogurnda adspersa,Gobiiformes,Eleotridae,Mogurnda,-27.75,6.99,0.61,0.74,SD,2,Fin
ID_0928,785,Sea mullet,Mugil cephalus,Mugiliformes,Mugilidae,Mugil,-22.63,12.77,0.71,0.65,SD,6,Fin
ID_0928,1612,Bony bream,Nematalosa erebi,Clupeiformes,Dorosomatidae,Nematalosa,-24.44,13.37,2.06,1.28,SD,6,Fin
ID_0928,22590,Blue catfish,Neoarius graeffei,Siluriformes,Ariidae,Neoarius,-23.4,15.75,1.36,0.62,SD,4,Fin
ID_0928,4512,Australian lungfish,Neoceratodus forsteri,Ceratodontiformes,Neoceratodontidae,Neoceratodus,-25.07,12.7,1.05,1.12,SD,6,Fin
ID_0928,3,Tilapia,Oreochromis mossambicus,Cichliformes,Cichlidae,Oreochromis,-23.3,11.58,2.68,2.03,SD,12,Fin
ID_0928,6463,Australian bass,Percalates novemaculeatus,Centrarchiformes,Percalatidae,Percalates,-23.96,16.89,2.04,0.71,SD,6,Fin
ID_0928,3228,Guppy,Poecilia reticulata,Cyprinodontiformes,Poeciliidae,Poecilia,-26.92,8.42,1.69,3.39,SD,3,Muscle
ID_0928,22750,Pacific blue-eye,Pseudomugil signifer,Atheriniformes,Pseudomugilidae,Pseudomugil,-24.28,14.42,1.63,0.89,SD,6,Muscle
ID_0928,6511,Australian smelt,Retropinna semoni,Osmeriformes,Retropinnidae,Retropinna,-24.43,14.73,1.09,0.36,SD,6,Fin
ID_0928,12101,Eel-tailed catfish,Tandanus tandanus,Siluriformes,Plotosidae,Tandanus,-24.15,13.92,1.6,1.02,SD,4,Fin
ID_0929,14925,Barred grunter,Amniataba percoides,Centrarchiformes,Terapontidae,Amniataba,-24.04,14.93,NA,NA,SD,1,Fin
ID_0929,7512,Long-finned eel,Anguilla reinhardtii,Anguilliformes,Anguillidae,Anguilla,-25.32,16.24,3.09,0.71,SD,5,Fin
ID_0929,16808,Northern snubnose garfish,Arrhamphus sclerolepis,Beloniformes,Hemiramphidae,Arrhamphus,-21.89,10.68,0.19,0.2,SD,2,Fin
ID_0929,53601,Unspecked hardyhead,Craterocephalus fulvus,Atheriniformes,Atherinidae,Craterocephalus,-25.92,13.09,2.98,1.85,SD,6,Muscle
ID_0929,4521,Eastern Gambusia,Gambusia holbrooki,Cyprinodontiformes,Poeciliidae,Gambusia,-22.98,13.47,0.67,0.46,SD,5,Muscle
ID_0929,14863,Mouth almighty,Glossamia aprion,Kurtiformes,Apogonidae,Glossamia,-25.37,14.6,0.2,0.53,SD,2,Fin
ID_0929,52493,Western carp gudgeon,Hypseleotris klunzingeri,Gobiiformes,Eleotridae,Hypseleotris,-24.84,14.34,NA,NA,SD,1,Muscle
ID_0929,4800,Spangled perch,Leiopotherapon unicolor,Centrarchiformes,Terapontidae,Leiopotherapon,-25.11,18.43,NA,NA,SD,1,Fin
ID_0929,22677,Duboulay's rainbowfish,Melanotaenia duboulayi,Atheriniformes,Melanotaeniidae,Melanotaenia,-24.53,13.06,1.49,0.63,SD,6,Muscle
ID_0929,10714,Purple-spotted gudgeon,Mogurnda adspersa,Gobiiformes,Eleotridae,Mogurnda,-23.82,15.59,NA,NA,SD,1,Fin
ID_0929,785,Sea mullet,Mugil cephalus,Mugiliformes,Mugilidae,Mugil,-23.8,12.71,0.2,0.21,SD,3,Fin
ID_0929,1612,Bony bream,Nematalosa erebi,Clupeiformes,Dorosomatidae,Nematalosa,-23.93,13.45,1.76,0.82,SD,6,Fin
ID_0929,22590,Blue catfish,Neoarius graeffei,Siluriformes,Ariidae,Neoarius,-22.28,15.73,0.98,0.2,SD,3,Fin
ID_0929,4512,Australian lungfish,Neoceratodus forsteri,Ceratodontiformes,Neoceratodontidae,Neoceratodus,-27.25,13.28,0.31,0.32,SD,3,Fin
ID_0929,6385,Bull trout,Notesthes robusta,Perciformes/Scorpaenoidei,Tetrarogidae,Notesthes,-24.84,14.73,NA,NA,SD,1,Fin
ID_0929,3,Tilapia,Oreochromis mossambicus,Cichliformes,Cichlidae,Oreochromis,-20.36,12.33,0.9,0.6,SD,3,Fin
ID_0929,6463,Australian bass,Percalates novemaculeatus,Centrarchiformes,Percalatidae,Percalates,-23.8,17.24,0.99,0.82,SD,4,Fin
ID_0929,22750,Pacific blue-eye,Pseudomugil signifer,Atheriniformes,Pseudomugilidae,Pseudomugil,-26.23,13.91,1.77,1.4,SD,3,Muscle
ID_0929,6511,Australian smelt,Retropinna semoni,Osmeriformes,Retropinnidae,Retropinna,-27.09,14.39,1.43,0.33,SD,6,Fin
ID_0929,12101,Eel-tailed catfish,Tandanus tandanus,Siluriformes,Plotosidae,Tandanus,-24.24,14.78,1.3,0.14,SD,2,Fin
ID_0930,10550,Agassiz's glassfish,Ambassis agassizii,Ovalentaria/misc,Ambassidae,Ambassis,-22.67,6.61,0.28,0.39,SD,3,Muscle
ID_0930,7512,Long-finned eel,Anguilla reinhardtii,Anguilliformes,Anguillidae,Anguilla,-22.18,15.5,1.83,1.43,SD,3,Fin
ID_0930,16808,Northern snubnose garfish,Arrhamphus sclerolepis,Beloniformes,Hemiramphidae,Arrhamphus,-22.64,10.66,2,0.71,SD,3,Fin
ID_0930,53601,Unspecked hardyhead,Craterocephalus fulvus,Atheriniformes,Atherinidae,Craterocephalus,-25.12,13.76,1.76,1.19,SD,6,Muscle
ID_0930,4521,Eastern Gambusia,Gambusia holbrooki,Cyprinodontiformes,Poeciliidae,Gambusia,-22.97,10.02,4.38,1.73,SD,6,Muscle
ID_0930,14863,Mouth almighty,Glossamia aprion,Kurtiformes,Apogonidae,Glossamia,-24.94,13.63,1.22,0.75,SD,6,Fin
ID_0930,22754,Striped gudgeon,Gobiomorphus australis,Gobiiformes,Eleotridae,Gobiomorphus,-27.09,12.23,0.38,1.49,SD,3,Fin
ID_0930,22755,Empire gudgeon,Hypseleotris compressa,Gobiiformes,Eleotridae,Hypseleotris,-28.7,9.81,0.51,0.21,SD,3,Fin
ID_0930,52493,Western carp gudgeon,Hypseleotris klunzingeri,Gobiiformes,Eleotridae,Hypseleotris,-25.31,13.23,1.28,0.96,SD,6,Muscle
ID_0930,22677,Duboulay's rainbowfish,Melanotaenia duboulayi,Atheriniformes,Melanotaeniidae,Melanotaenia,-21.81,11.27,2.18,1.73,SD,5,Muscle
ID_0930,785,Sea mullet,Mugil cephalus,Mugiliformes,Mugilidae,Mugil,-23.09,12.84,1.97,1.09,SD,5,Fin
ID_0930,1612,Bony bream,Nematalosa erebi,Clupeiformes,Dorosomatidae,Nematalosa,-24.36,12.81,3.85,3.59,SD,9,Fin
ID_0930,22590,Blue catfish,Neoarius graeffei,Siluriformes,Ariidae,Neoarius,-23.02,16.14,1.59,1.04,SD,7,Fin
ID_0930,4512,Australian lungfish,Neoceratodus forsteri,Ceratodontiformes,Neoceratodontidae,Neoceratodus,-26.15,14.17,1.14,0.61,SD,11,Fin
ID_0930,6385,Bull trout,Notesthes robusta,Perciformes/Scorpaenoidei,Tetrarogidae,Notesthes,-24.9,12.61,NA,NA,SD,1,Fin
ID_0930,3,Tilapia,Oreochromis mossambicus,Cichliformes,Cichlidae,Oreochromis,-24.78,9.36,4.59,1.83,SD,3,Fin
ID_0930,6463,Australian bass,Percalates novemaculeatus,Centrarchiformes,Percalatidae,Percalates,-24.37,17.88,0.75,1.15,SD,6,Fin
ID_0930,22772,Flathead gudgeon,Philypnodon grandiceps,Gobiiformes,Eleotridae,Philypnodon,-24.48,13.76,2.93,1.07,SD,4,Fin
ID_0930,64058,Dwarf flathead gudgeon,Philypnodon macrostomus,Gobiiformes,Eleotridae,Philypnodon,-25.6,11.99,0.29,0.64,SD,3,Muscle
ID_0930,22750,Pacific blue-eye,Pseudomugil signifer,Atheriniformes,Pseudomugilidae,Pseudomugil,-24.82,12.45,2.62,0.64,SD,6,Muscle
ID_0930,6511,Australian smelt,Retropinna semoni,Osmeriformes,Retropinnidae,Retropinna,-25.55,14.67,1.79,0.58,SD,5,Fin
ID_0930,12101,Eel-tailed catfish,Tandanus tandanus,Siluriformes,Plotosidae,Tandanus,-24.17,12.05,NA,NA,SD,1,Fin
ID_0930,3232,Platy,Xiphophorus maculatus,Cyprinodontiformes,Poeciliidae,Xiphophorus,-26.45,7.41,NA,NA,SD,1,Fin
ID_0930,3232,Platy,Xiphophorus maculatus,Cyprinodontiformes,Poeciliidae,Xiphophorus,-30.13,8.62,2.35,1.96,SD,4,Muscle
ID_0931,10550,Agassiz's glassfish,Ambassis agassizii,Ovalentaria/misc,Ambassidae,Ambassis,-22.51,9.55,1.1,0.54,SD,6,Muscle
ID_0931,7512,Long-finned eel,Anguilla reinhardtii,Anguilliformes,Anguillidae,Anguilla,-22.02,12.39,0.28,0.47,SD,3,Fin
ID_0931,22663,Marjorie's hardyhead,Craterocephalus marjoriae,Atheriniformes,Atherinidae,Craterocephalus,-22.23,10.11,1.9,0.52,SD,6,Muscle
ID_0931,4521,Eastern Gambusia,Gambusia holbrooki,Cyprinodontiformes,Poeciliidae,Gambusia,-20.33,8.99,1.07,0.35,SD,3,Muscle
ID_0931,22757,Firetail gudgeon,Hypseleotris galii,Gobiiformes,Eleotridae,Hypseleotris,-22.2,9.62,0.06,0.98,SD,3,Muscle
ID_0931,52493,Western carp gudgeon,Hypseleotris klunzingeri,Gobiiformes,Eleotridae,Hypseleotris,-22.39,9.74,0.95,0.83,SD,6,Muscle
ID_0931,22677,Duboulay's rainbowfish,Melanotaenia duboulayi,Atheriniformes,Melanotaeniidae,Melanotaenia,-20.85,8.52,0.65,0.08,SD,3,Muscle
ID_0931,22772,Flathead gudgeon,Philypnodon grandiceps,Gobiiformes,Eleotridae,Philypnodon,-21.15,9.23,0.77,0.74,SD,3,Fin
ID_0931,22750,Pacific blue-eye,Pseudomugil signifer,Atheriniformes,Pseudomugilidae,Pseudomugil,-22.37,11.27,1.55,0.84,SD,6,Muscle
ID_0931,6511,Australian smelt,Retropinna semoni,Osmeriformes,Retropinnidae,Retropinna,-22.83,10.96,1.32,0.81,SD,6,Fin
ID_0931,12101,Eel-tailed catfish,Tandanus tandanus,Siluriformes,Plotosidae,Tandanus,-22.35,10.47,NA,NA,SD,1,Fin
ID_0932,10550,Agassiz's glassfish,Ambassis agassizii,Ovalentaria/misc,Ambassidae,Ambassis,-24.14,8.84,0.75,1.5,SD,6,Muscle
ID_0932,7512,Long-finned eel,Anguilla reinhardtii,Anguilliformes,Anguillidae,Anguilla,-20.97,11.66,NA,NA,SD,1,Fin
ID_0932,22663,Marjorie's hardyhead,Craterocephalus marjoriae,Atheriniformes,Atherinidae,Craterocephalus,-24.38,9.54,1.07,0.48,SD,6,Muscle
ID_0932,4521,Eastern Gambusia,Gambusia holbrooki,Cyprinodontiformes,Poeciliidae,Gambusia,-24.61,7.66,2.46,1.12,SD,6,Muscle
ID_0932,22757,Firetail gudgeon,Hypseleotris galii,Gobiiformes,Eleotridae,Hypseleotris,-26.68,9.32,1.48,0.88,SD,3,Muscle
ID_0932,52493,Western carp gudgeon,Hypseleotris klunzingeri,Gobiiformes,Eleotridae,Hypseleotris,-24.95,8.63,1.28,1.5,SD,6,Muscle
ID_0932,22677,Duboulay's rainbowfish,Melanotaenia duboulayi,Atheriniformes,Melanotaeniidae,Melanotaenia,-23.39,7.68,2.17,0.71,SD,6,Muscle
ID_0932,22772,Flathead gudgeon,Philypnodon grandiceps,Gobiiformes,Eleotridae,Philypnodon,-31.27,8.01,NA,NA,SD,1,Fin
ID_0932,22750,Pacific blue-eye,Pseudomugil signifer,Atheriniformes,Pseudomugilidae,Pseudomugil,-23.65,9.71,1.08,0.62,SD,6,Muscle
ID_0932,6511,Australian smelt,Retropinna semoni,Osmeriformes,Retropinnidae,Retropinna,-22.74,10.01,2.41,2.61,SD,6,Fin
ID_0932,12101,Eel-tailed catfish,Tandanus tandanus,Siluriformes,Plotosidae,Tandanus,-28.94,10.06,2.9,0.35,SD,3,Fin
ID_0933,10550,Agassiz's glassfish,Ambassis agassizii,Ovalentaria/misc,Ambassidae,Ambassis,-25.12,10.81,0.27,2.05,SD,4,Muscle
ID_0933,7512,Long-finned eel,Anguilla reinhardtii,Anguilliformes,Anguillidae,Anguilla,-22.86,14.91,0.51,0.43,SD,3,Fin
ID_0933,53601,Unspecked hardyhead,Craterocephalus fulvus,Atheriniformes,Atherinidae,Craterocephalus,-26.49,11.34,0.31,0.15,SD,2,Muscle
ID_0933,22663,Marjorie's hardyhead,Craterocephalus marjoriae,Atheriniformes,Atherinidae,Craterocephalus,-24.8,13.14,1.03,1.09,SD,6,Muscle
ID_0933,4521,Eastern Gambusia,Gambusia holbrooki,Cyprinodontiformes,Poeciliidae,Gambusia,-23.87,10.76,NA,NA,SD,1,Muscle
ID_0933,52493,Western carp gudgeon,Hypseleotris klunzingeri,Gobiiformes,Eleotridae,Hypseleotris,-25.93,12.29,1,1.39,SD,6,Muscle
ID_0933,26479,Mary River cod,Maccullochella mariensis,Centrarchiformes,Percichthyidae,Maccullochella,-24.15,12.9,NA,NA,SD,1,Fin
ID_0933,22677,Duboulay's rainbowfish,Melanotaenia duboulayi,Atheriniformes,Melanotaeniidae,Melanotaenia,-24.11,11.89,2.39,1.76,SD,6,Muscle
ID_0933,1612,Bony bream,Nematalosa erebi,Clupeiformes,Dorosomatidae,Nematalosa,-28,10.85,NA,NA,SD,1,Fin
ID_0933,22750,Pacific blue-eye,Pseudomugil signifer,Atheriniformes,Pseudomugilidae,Pseudomugil,-26.22,12.28,1.43,2.4,SD,6,Muscle
ID_0933,6511,Australian smelt,Retropinna semoni,Osmeriformes,Retropinnidae,Retropinna,-26.82,12.9,2.59,1.54,SD,6,Fin
ID_0933,12101,Eel-tailed catfish,Tandanus tandanus,Siluriformes,Plotosidae,Tandanus,-26.12,12.18,NA,NA,SD,1,Fin
ID_0934,10550,Agassiz's glassfish,Ambassis agassizii,Ovalentaria/misc,Ambassidae,Ambassis,-24.57,14.1,2.87,3.45,SD,6,Muscle
ID_0934,7512,Long-finned eel,Anguilla reinhardtii,Anguilliformes,Anguillidae,Anguilla,-26.75,13.76,1.09,1.11,SD,3,Fin
ID_0934,53601,Unspecked hardyhead,Craterocephalus fulvus,Atheriniformes,Atherinidae,Craterocephalus,-25.01,13.6,0.92,2.84,SD,3,Muscle
ID_0934,22663,Marjorie's hardyhead,Craterocephalus marjoriae,Atheriniformes,Atherinidae,Craterocephalus,-25.52,16.73,2.98,2.77,SD,6,Muscle
ID_0934,4521,Eastern Gambusia,Gambusia holbrooki,Cyprinodontiformes,Poeciliidae,Gambusia,-25.8,10.14,1.85,1.16,SD,4,Muscle
ID_0934,14863,Mouth almighty,Glossamia aprion,Kurtiformes,Apogonidae,Glossamia,-24.08,14.89,0.32,3.62,SD,3,Fin
ID_0934,22755,Empire gudgeon,Hypseleotris compressa,Gobiiformes,Eleotridae,Hypseleotris,-26.99,12.18,1.63,1.49,SD,2,Fin
ID_0934,52493,Western carp gudgeon,Hypseleotris klunzingeri,Gobiiformes,Eleotridae,Hypseleotris,-26.32,13.52,1.86,2.27,SD,6,Muscle
ID_0934,22677,Duboulay's rainbowfish,Melanotaenia duboulayi,Atheriniformes,Melanotaeniidae,Melanotaenia,-23.24,16.03,0.55,1.97,SD,6,Muscle
ID_0934,1612,Bony bream,Nematalosa erebi,Clupeiformes,Dorosomatidae,Nematalosa,-25.53,13.12,1.01,0.13,SD,3,NA
ID_0934,22772,Flathead gudgeon,Philypnodon grandiceps,Gobiiformes,Eleotridae,Philypnodon,-25.6,16.09,0.39,0.05,SD,2,Fin
ID_0934,22750,Pacific blue-eye,Pseudomugil signifer,Atheriniformes,Pseudomugilidae,Pseudomugil,-26.81,13.33,1.33,0.39,SD,2,Muscle
ID_0934,6511,Australian smelt,Retropinna semoni,Osmeriformes,Retropinnidae,Retropinna,-25.8,14.16,2.01,1.5,SD,6,Fin
ID_0934,12101,Eel-tailed catfish,Tandanus tandanus,Siluriformes,Plotosidae,Tandanus,-28.53,14.75,1.31,0.65,SD,3,Fin
ID_0934,3232,Platy,Xiphophorus maculatus,Cyprinodontiformes,Poeciliidae,Xiphophorus,-28.91,13.81,1.1,2.95,SD,2,Muscle
ID_0935,10550,Agassiz's glassfish,Ambassis agassizii,Ovalentaria/misc,Ambassidae,Ambassis,-23.9,10.3,1.04,1.23,SD,3,Muscle
ID_0935,7512,Long-finned eel,Anguilla reinhardtii,Anguilliformes,Anguillidae,Anguilla,-25.55,13.42,3.47,0.47,SD,4,Fin
ID_0935,16808,Northern snubnose garfish,Arrhamphus sclerolepis,Beloniformes,Hemiramphidae,Arrhamphus,-21.76,10.09,NA,NA,SD,1,Fin
ID_0935,53601,Unspecked hardyhead,Craterocephalus fulvus,Atheriniformes,Atherinidae,Craterocephalus,-24.5,11.21,NA,NA,SD,1,Muscle
ID_0935,22663,Marjorie's hardyhead,Craterocephalus marjoriae,Atheriniformes,Atherinidae,Craterocephalus,-21,12.18,0.33,0.57,SD,3,Muscle
ID_0935,14863,Mouth almighty,Glossamia aprion,Kurtiformes,Apogonidae,Glossamia,-23.35,11.78,0.32,1.06,SD,2,Fin
ID_0935,22755,Empire gudgeon,Hypseleotris compressa,Gobiiformes,Eleotridae,Hypseleotris,-23.15,10.11,2.68,0.72,SD,3,Fin
ID_0935,52493,Western carp gudgeon,Hypseleotris klunzingeri,Gobiiformes,Eleotridae,Hypseleotris,-26.21,11.32,2.01,1.84,SD,6,Muscle
ID_0935,22677,Duboulay's rainbowfish,Melanotaenia duboulayi,Atheriniformes,Melanotaeniidae,Melanotaenia,-22.46,10.97,1.56,0.81,SD,6,Muscle
ID_0935,1612,Bony bream,Nematalosa erebi,Clupeiformes,Dorosomatidae,Nematalosa,-24.38,11.37,1.13,2.35,SD,3,Fin
ID_0935,22750,Pacific blue-eye,Pseudomugil signifer,Atheriniformes,Pseudomugilidae,Pseudomugil,-24.24,11.84,1.17,0.67,SD,6,Muscle
ID_0935,6511,Australian smelt,Retropinna semoni,Osmeriformes,Retropinnidae,Retropinna,-28.3,13.46,0.87,0.69,SD,6,Fin
ID_0936,10550,Agassiz's glassfish,Ambassis agassizii,Ovalentaria/misc,Ambassidae,Ambassis,-25.79,13.31,NA,NA,SD,1,Muscle
ID_0936,7512,Long-finned eel,Anguilla reinhardtii,Anguilliformes,Anguillidae,Anguilla,-23.49,13.37,1.92,1.96,SD,9,Fin
ID_0936,16808,Northern snubnose garfish,Arrhamphus sclerolepis,Beloniformes,Hemiramphidae,Arrhamphus,-21.99,11.48,1.7,1.74,SD,6,Fin
ID_0936,12232,Silver perch,Bidyanus bidyanus,Centrarchiformes,Terapontidae,Bidyanus,-26.3,13.08,NA,NA,SD,1,Fin
ID_0936,53601,Unspecked hardyhead,Craterocephalus fulvus,Atheriniformes,Atherinidae,Craterocephalus,-25.94,13.52,1.48,1.07,SD,4,Muscle
ID_0936,14863,Mouth almighty,Glossamia aprion,Kurtiformes,Apogonidae,Glossamia,-23.68,13.68,1.06,1.24,SD,6,Fin
ID_0936,6432,Sooty grunter,Hephaestus fuliginosus,Centrarchiformes,Terapontidae,Hephaestus,-24.83,15.68,1.44,0.18,SD,2,Muscle
ID_0936,22755,Empire gudgeon,Hypseleotris compressa,Gobiiformes,Eleotridae,Hypseleotris,-24.97,6.65,NA,NA,SD,1,Fin
ID_0936,22757,Firetail gudgeon,Hypseleotris galii,Gobiiformes,Eleotridae,Hypseleotris,-23.39,12.23,NA,NA,SD,1,Muscle
ID_0936,52493,Western carp gudgeon,Hypseleotris klunzingeri,Gobiiformes,Eleotridae,Hypseleotris,-23.46,10.79,2.14,3.28,SD,3,Muscle
ID_0936,4800,Spangled perch,Leiopotherapon unicolor,Centrarchiformes,Terapontidae,Leiopotherapon,-21.47,14.84,1.67,2.87,SD,3,Fin
ID_0936,22677,Duboulay's rainbowfish,Melanotaenia duboulayi,Atheriniformes,Melanotaeniidae,Melanotaenia,-19.7,11.91,NA,NA,SD,1,Muscle
ID_0936,785,Sea mullet,Mugil cephalus,Mugiliformes,Mugilidae,Mugil,-25.16,12.16,2.23,1.14,SD,6,Fin
ID_0936,1612,Bony bream,Nematalosa erebi,Clupeiformes,Dorosomatidae,Nematalosa,-25.05,12.2,1.97,1.32,SD,10,Fin
ID_0936,22590,Blue catfish,Neoarius graeffei,Siluriformes,Ariidae,Neoarius,-24.34,13.9,1.34,0.52,SD,4,Fin
ID_0936,4512,Australian lungfish,Neoceratodus forsteri,Ceratodontiformes,Neoceratodontidae,Neoceratodus,-25.64,11.91,0.2,0.25,SD,3,Fin
ID_0936,3,Tilapia,Oreochromis mossambicus,Cichliformes,Cichlidae,Oreochromis,-22.49,10.03,NA,NA,SD,1,Fin
ID_0936,6463,Australian bass,Percalates novemaculeatus,Centrarchiformes,Percalatidae,Percalates,-23.11,16.58,0.81,1.44,SD,5,Fin
ID_0936,22750,Pacific blue-eye,Pseudomugil signifer,Atheriniformes,Pseudomugilidae,Pseudomugil,-23.32,13.15,0.94,1.03,SD,3,Muscle
ID_0936,6511,Australian smelt,Retropinna semoni,Osmeriformes,Retropinnidae,Retropinna,-25.74,13.9,1.27,1.7,SD,6,Fin
ID_0936,12101,Eel-tailed catfish,Tandanus tandanus,Siluriformes,Plotosidae,Tandanus,-25.6,13.47,0.42,0.55,SD,4,Fin
ID_0937,22531,Canterbury galaxias,Galaxias vulgaris,Galaxiiformes,Galaxiidae,Galaxias,-28.25,6.1,NA,NA,SD,1,Muscle
ID_0937,22535,Upland bully,Gobiomorphus breviceps,Gobiiformes,Eleotridae,Gobiomorphus,-27.81,5.58,0.64,0.66,SD,14,Muscle
ID_0937,238,Brown trout,Salmo trutta,Salmoniformes,Salmonidae,Salmo,-29.07,4.11,NA,NA,SD,1,Muscle
ID_0938,12249,Alpine galaxias,Galaxias paucispondylus,Galaxiiformes,Galaxiidae,Galaxias,-26.11,5.4,0.42,0.4,SD,4,Muscle
ID_0938,238,Brown trout,Salmo trutta,Salmoniformes,Salmonidae,Salmo,-26.61,4.62,0.38,0.08,SD,2,Muscle
ID_0939,239,Rainbow trout,Oncorhynchus mykiss,Salmoniformes,Salmonidae,Oncorhynchus,-23.85,4.9,1.11,0.44,SD,3,Muscle
ID_0939,238,Brown trout,Salmo trutta,Salmoniformes,Salmonidae,Salmo,-24.22,4.38,0.31,1.26,SD,3,Muscle
ID_0940,238,Brown trout,Salmo trutta,Salmoniformes,Salmonidae,Salmo,-25.21,5.74,1.63,1.02,SD,6,Muscle
ID_0941,244,Chinook salmon,Oncorhynchus tshawytscha,Salmoniformes,Salmonidae,Oncorhynchus,-30.32,5.9,2.16,0.94,SD,13,Muscle
ID_0942,12249,Alpine galaxias,Galaxias paucispondylus,Galaxiiformes,Galaxiidae,Galaxias,-22.18,4.54,NA,NA,SD,1,Muscle
ID_0942,22531,Canterbury galaxias,Galaxias vulgaris,Galaxiiformes,Galaxiidae,Galaxias,-23.79,6.36,NA,NA,SD,1,Muscle
ID_0942,22535,Upland bully,Gobiomorphus breviceps,Gobiiformes,Eleotridae,Gobiomorphus,-21.09,5.45,NA,NA,SD,1,Muscle
ID_0942,238,Brown trout,Salmo trutta,Salmoniformes,Salmonidae,Salmo,-22.54,4.37,0.91,0.26,SD,3,Muscle
ID_0943,238,Brown trout,Salmo trutta,Salmoniformes,Salmonidae,Salmo,-28.42,6.29,1.37,1.09,SD,6,Muscle
ID_0944,11878,New Zealand longfin eel,Anguilla dieffenbachii,Anguilliformes,Anguillidae,Anguilla,-25.96,8.53,NA,NA,SD,1,Muscle
ID_0944,22531,Canterbury galaxias,Galaxias vulgaris,Galaxiiformes,Galaxiidae,Galaxias,-29.77,6.57,1.29,0.45,SD,4,Muscle
ID_0944,238,Brown trout,Salmo trutta,Salmoniformes,Salmonidae,Salmo,-30.44,6.85,NA,NA,SD,1,Muscle
ID_0945,238,Brown trout,Salmo trutta,Salmoniformes,Salmonidae,Salmo,-29.52,5.1,0.35,0.23,SD,5,Muscle
ID_0946,12249,Alpine galaxias,Galaxias paucispondylus,Galaxiiformes,Galaxiidae,Galaxias,-23.15,5.33,0.4,0.48,SD,4,Muscle
ID_0946,22531,Canterbury galaxias,Galaxias vulgaris,Galaxiiformes,Galaxiidae,Galaxias,-23.23,6.04,0.23,0.08,SD,2,Muscle
ID_0947,297,Shortfin eel,Anguilla australis,Anguilliformes,Anguillidae,Anguilla,-28.89,10.92,2.06,2.32,SD,8,Muscle
ID_0947,11878,New Zealand longfin eel,Anguilla dieffenbachii,Anguilliformes,Anguillidae,Anguilla,-27.91,11.34,1.76,0.82,SD,8,Muscle
ID_0947,22531,Canterbury galaxias,Galaxias vulgaris,Galaxiiformes,Galaxiidae,Galaxias,-27.98,10.6,NA,NA,SD,1,Muscle
ID_0947,22535,Upland bully,Gobiomorphus breviceps,Gobiiformes,Eleotridae,Gobiomorphus,-29.01,10.35,2.62,2.35,SD,8,Muscle
ID_0947,10353,Common bully,Gobiomorphus cotidianus,Gobiiformes,Eleotridae,Gobiomorphus,-30.06,11.93,0.89,0.17,SD,2,Muscle
ID_0947,238,Brown trout,Salmo trutta,Salmoniformes,Salmonidae,Salmo,-28.71,9.41,1.68,1.72,SD,6,Muscle
ID_0948,12249,Alpine galaxias,Galaxias paucispondylus,Galaxiiformes,Galaxiidae,Galaxias,-23.12,4.52,0.55,0.15,SD,4,Muscle
ID_0948,238,Brown trout,Salmo trutta,Salmoniformes,Salmonidae,Salmo,-23.31,4.94,0.29,0.43,SD,2,Muscle
ID_0949,11878,New Zealand longfin eel,Anguilla dieffenbachii,Anguilliformes,Anguillidae,Anguilla,-25.66,9.33,0.12,0.42,SD,3,Muscle
ID_0949,22531,Canterbury galaxias,Galaxias vulgaris,Galaxiiformes,Galaxiidae,Galaxias,-27.14,7.67,1.23,0.26,SD,13,Muscle
ID_0949,22535,Upland bully,Gobiomorphus breviceps,Gobiiformes,Eleotridae,Gobiomorphus,-26.96,7.49,1.69,0.43,SD,10,Muscle
ID_0950,11878,New Zealand longfin eel,Anguilla dieffenbachii,Anguilliformes,Anguillidae,Anguilla,-26.37,7.54,1.54,0.99,SD,7,Muscle
ID_0950,22531,Canterbury galaxias,Galaxias vulgaris,Galaxiiformes,Galaxiidae,Galaxias,-31.08,7.24,1.13,0.39,SD,15,Muscle
ID_0950,22535,Upland bully,Gobiomorphus breviceps,Gobiiformes,Eleotridae,Gobiomorphus,-31.36,7.35,0.41,0.22,SD,4,Muscle
ID_0951,11878,New Zealand longfin eel,Anguilla dieffenbachii,Anguilliformes,Anguillidae,Anguilla,-25.35,8.12,2.1,2.33,SD,4,Muscle
ID_0951,244,Chinook salmon,Oncorhynchus tshawytscha,Salmoniformes,Salmonidae,Oncorhynchus,-29.89,9.84,NA,NA,SD,1,Muscle
ID_0951,238,Brown trout,Salmo trutta,Salmoniformes,Salmonidae,Salmo,-30.96,9.29,NA,NA,SD,1,Muscle
ID_0952,11878,New Zealand longfin eel,Anguilla dieffenbachii,Anguilliformes,Anguillidae,Anguilla,-26.98,12.1,NA,NA,SD,1,Muscle
ID_0952,22531,Canterbury galaxias,Galaxias vulgaris,Galaxiiformes,Galaxiidae,Galaxias,-30.96,9.15,NA,NA,SD,1,Muscle
ID_0952,22535,Upland bully,Gobiomorphus breviceps,Gobiiformes,Eleotridae,Gobiomorphus,-30.64,9.58,1.67,0.3,SD,14,Muscle
ID_0952,238,Brown trout,Salmo trutta,Salmoniformes,Salmonidae,Salmo,-32.31,8.18,1.32,0.4,SD,16,Muscle
ID_0953,11878,New Zealand longfin eel,Anguilla dieffenbachii,Anguilliformes,Anguillidae,Anguilla,-30.16,6.39,1.05,1.48,SD,2,Muscle
ID_0953,22531,Canterbury galaxias,Galaxias vulgaris,Galaxiiformes,Galaxiidae,Galaxias,-29.49,4.88,1.29,0.43,SD,10,Muscle
ID_0953,22535,Upland bully,Gobiomorphus breviceps,Gobiiformes,Eleotridae,Gobiomorphus,-29.5,4.75,1,0.27,SD,4,Muscle
ID_0953,238,Brown trout,Salmo trutta,Salmoniformes,Salmonidae,Salmo,-32.28,4.22,NA,NA,SD,1,Muscle
ID_0954,22531,Canterbury galaxias,Galaxias vulgaris,Galaxiiformes,Galaxiidae,Galaxias,-25.08,3.56,0.13,0.62,SD,2,Muscle
ID_0954,22535,Upland bully,Gobiomorphus breviceps,Gobiiformes,Eleotridae,Gobiomorphus,-24.47,3.01,0.38,0.68,SD,3,Muscle
ID_0954,238,Brown trout,Salmo trutta,Salmoniformes,Salmonidae,Salmo,-24.87,3.31,NA,NA,SD,1,Muscle
ID_0955,12249,Alpine galaxias,Galaxias paucispondylus,Galaxiiformes,Galaxiidae,Galaxias,-27.98,4.25,0.4,0.27,SD,5,Muscle
ID_0955,238,Brown trout,Salmo trutta,Salmoniformes,Salmonidae,Salmo,-27.49,3.54,NA,NA,SD,1,Muscle
ID_0956,12249,Alpine galaxias,Galaxias paucispondylus,Galaxiiformes,Galaxiidae,Galaxias,-25.8,4.35,NA,NA,SD,1,Muscle
ID_0956,22531,Canterbury galaxias,Galaxias vulgaris,Galaxiiformes,Galaxiidae,Galaxias,-25.71,5.04,NA,NA,SD,1,Muscle
ID_0956,22535,Upland bully,Gobiomorphus breviceps,Gobiiformes,Eleotridae,Gobiomorphus,-25.62,3.31,1.53,0.67,SD,2,Muscle
ID_0956,238,Brown trout,Salmo trutta,Salmoniformes,Salmonidae,Salmo,-27.85,3.82,0.05,0.13,SD,2,Muscle
ID_0957,238,Brown trout,Salmo trutta,Salmoniformes,Salmonidae,Salmo,-27.57,4.49,0.68,0.32,SD,15,Muscle
ID_0958,11878,New Zealand longfin eel,Anguilla dieffenbachii,Anguilliformes,Anguillidae,Anguilla,-28.57,9.36,NA,NA,SD,1,Muscle
ID_0958,238,Brown trout,Salmo trutta,Salmoniformes,Salmonidae,Salmo,-29.93,7.9,1.93,0.63,SD,13,Muscle
ID_0959,12249,Alpine galaxias,Galaxias paucispondylus,Galaxiiformes,Galaxiidae,Galaxias,-23.89,4.6,0.52,1.15,SD,3,Muscle
ID_0959,22531,Canterbury galaxias,Galaxias vulgaris,Galaxiiformes,Galaxiidae,Galaxias,-23.45,5.13,0.72,1.28,SD,3,Muscle
ID_0960,297,Shortfin eel,Anguilla australis,Anguilliformes,Anguillidae,Anguilla,-30.93,12.27,2.06,1.08,SD,14,Muscle
ID_0960,11878,New Zealand longfin eel,Anguilla dieffenbachii,Anguilliformes,Anguillidae,Anguilla,-31.73,13.37,0.99,0.01,SD,2,Muscle
ID_0960,10353,Common bully,Gobiomorphus cotidianus,Gobiiformes,Eleotridae,Gobiomorphus,-31.28,11.16,NA,NA,SD,1,Muscle
ID_0961,11878,New Zealand longfin eel,Anguilla dieffenbachii,Anguilliformes,Anguillidae,Anguilla,-25.3,9.55,NA,NA,SD,1,Muscle
ID_0961,22535,Upland bully,Gobiomorphus breviceps,Gobiiformes,Eleotridae,Gobiomorphus,-25.83,9.92,1.09,0.41,SD,14,Muscle
ID_0962,11878,New Zealand longfin eel,Anguilla dieffenbachii,Anguilliformes,Anguillidae,Anguilla,-24.14,9.71,NA,NA,SD,1,Muscle
ID_0962,22535,Upland bully,Gobiomorphus breviceps,Gobiiformes,Eleotridae,Gobiomorphus,-23.08,11.18,0.42,0.27,SD,12,Muscle
ID_0962,238,Brown trout,Salmo trutta,Salmoniformes,Salmonidae,Salmo,-25.74,9.41,3.52,0.61,SD,6,Muscle
ID_0963,11878,New Zealand longfin eel,Anguilla dieffenbachii,Anguilliformes,Anguillidae,Anguilla,-26.72,7.29,0.88,1.05,SD,4,Muscle
ID_0963,22531,Canterbury galaxias,Galaxias vulgaris,Galaxiiformes,Galaxiidae,Galaxias,-27.57,5.85,NA,NA,SD,1,Muscle
ID_0963,22535,Upland bully,Gobiomorphus breviceps,Gobiiformes,Eleotridae,Gobiomorphus,-26.78,5.89,1.55,0.69,SD,15,Muscle
ID_0963,238,Brown trout,Salmo trutta,Salmoniformes,Salmonidae,Salmo,-28.95,5.02,1.32,0.76,SD,11,Muscle
ID_0964,22531,Canterbury galaxias,Galaxias vulgaris,Galaxiiformes,Galaxiidae,Galaxias,-23.71,5.6,NA,NA,SD,1,Muscle
ID_0964,22535,Upland bully,Gobiomorphus breviceps,Gobiiformes,Eleotridae,Gobiomorphus,-23,5,0.86,0.39,SD,16,Muscle
ID_0964,238,Brown trout,Salmo trutta,Salmoniformes,Salmonidae,Salmo,-24.49,4.28,NA,NA,SD,1,Muscle
ID_0965,22531,Canterbury galaxias,Galaxias vulgaris,Galaxiiformes,Galaxiidae,Galaxias,-29.25,7.4,1.13,0.32,SD,15,Muscle
ID_0965,22535,Upland bully,Gobiomorphus breviceps,Gobiiformes,Eleotridae,Gobiomorphus,-28.23,6.79,NA,NA,SD,1,Muscle
ID_0966,297,Shortfin eel,Anguilla australis,Anguilliformes,Anguillidae,Anguilla,-22.02,11.95,0.65,1.63,SD,7,Muscle
ID_0966,11878,New Zealand longfin eel,Anguilla dieffenbachii,Anguilliformes,Anguillidae,Anguilla,-22.78,12.93,2.16,0.73,SD,4,Muscle
ID_0966,22535,Upland bully,Gobiomorphus breviceps,Gobiiformes,Eleotridae,Gobiomorphus,-26.06,12.25,NA,NA,SD,1,Muscle
ID_0966,10353,Common bully,Gobiomorphus cotidianus,Gobiiformes,Eleotridae,Gobiomorphus,-24.72,11.7,0.78,0.35,SD,11,Muscle
ID_0966,358,European perch,Perca fluviatilis,Perciformes/Percoidei,Percidae,Perca,-22.7,11.61,0.62,0.64,SD,11,Muscle
ID_0966,238,Brown trout,Salmo trutta,Salmoniformes,Salmonidae,Salmo,-25.54,11.58,0.14,0.11,SD,10,Muscle
ID_0967,11878,New Zealand longfin eel,Anguilla dieffenbachii,Anguilliformes,Anguillidae,Anguilla,-22.05,6.63,0.36,0.26,SD,4,Muscle
ID_0967,22531,Canterbury galaxias,Galaxias vulgaris,Galaxiiformes,Galaxiidae,Galaxias,-23.33,5.17,0.07,0.02,SD,2,Muscle
ID_0967,22535,Upland bully,Gobiomorphus breviceps,Gobiiformes,Eleotridae,Gobiomorphus,-21.3,5.13,0.32,0.43,SD,10,Muscle
ID_0967,238,Brown trout,Salmo trutta,Salmoniformes,Salmonidae,Salmo,-21.66,4.92,0.63,0.61,SD,9,Muscle
ID_0968,297,Shortfin eel,Anguilla australis,Anguilliformes,Anguillidae,Anguilla,-26.27,11.45,5.07,1.85,SD,11,Muscle
ID_0968,11878,New Zealand longfin eel,Anguilla dieffenbachii,Anguilliformes,Anguillidae,Anguilla,-27.26,11.14,2.91,2,SD,7,Muscle
ID_0968,10353,Common bully,Gobiomorphus cotidianus,Gobiiformes,Eleotridae,Gobiomorphus,-29.18,9.51,0.99,0.47,SD,14,Muscle
ID_0968,238,Brown trout,Salmo trutta,Salmoniformes,Salmonidae,Salmo,-28.57,10.38,0.73,0.96,SD,5,Muscle
ID_0969,297,Shortfin eel,Anguilla australis,Anguilliformes,Anguillidae,Anguilla,-26.66,9.4,0.88,1.5,SD,14,Muscle
ID_0969,11878,New Zealand longfin eel,Anguilla dieffenbachii,Anguilliformes,Anguillidae,Anguilla,-27.69,10.33,1.52,1.26,SD,10,Muscle
ID_0969,22535,Upland bully,Gobiomorphus breviceps,Gobiiformes,Eleotridae,Gobiomorphus,-30.07,9.11,NA,NA,SD,1,Muscle
ID_0969,238,Brown trout,Salmo trutta,Salmoniformes,Salmonidae,Salmo,-29.7,8.8,3.26,1.14,SD,9,Muscle
ID_0970,11878,New Zealand longfin eel,Anguilla dieffenbachii,Anguilliformes,Anguillidae,Anguilla,-25.18,6.95,NA,NA,SD,1,Muscle
ID_0970,22535,Upland bully,Gobiomorphus breviceps,Gobiiformes,Eleotridae,Gobiomorphus,-23.74,5.8,0.29,0.59,SD,2,Muscle
ID_0970,239,Rainbow trout,Oncorhynchus mykiss,Salmoniformes,Salmonidae,Oncorhynchus,-27.11,5.68,2.05,0.14,SD,2,Muscle
ID_0970,238,Brown trout,Salmo trutta,Salmoniformes,Salmonidae,Salmo,-26.2,6.8,NA,NA,SD,1,Muscle
ID_0971,11878,New Zealand longfin eel,Anguilla dieffenbachii,Anguilliformes,Anguillidae,Anguilla,-24.54,8.61,NA,NA,SD,1,Muscle
ID_0971,22535,Upland bully,Gobiomorphus breviceps,Gobiiformes,Eleotridae,Gobiomorphus,-25.07,4.94,0.41,0.66,SD,2,Muscle
ID_0971,238,Brown trout,Salmo trutta,Salmoniformes,Salmonidae,Salmo,-26.6,3.93,0.94,0.18,SD,3,Muscle
ID_0972,238,Brown trout,Salmo trutta,Salmoniformes,Salmonidae,Salmo,-26.87,5.17,1.83,0.92,SD,6,Muscle
ID_0973,22531,Canterbury galaxias,Galaxias vulgaris,Galaxiiformes,Galaxiidae,Galaxias,-26.75,4.33,NA,NA,SD,1,Muscle
ID_0973,238,Brown trout,Salmo trutta,Salmoniformes,Salmonidae,Salmo,-27.34,3.82,0.56,0.27,SD,12,Muscle
ID_0974,11878,New Zealand longfin eel,Anguilla dieffenbachii,Anguilliformes,Anguillidae,Anguilla,-24.95,10.48,0.13,0.04,SD,2,Muscle
ID_0974,22535,Upland bully,Gobiomorphus breviceps,Gobiiformes,Eleotridae,Gobiomorphus,-24.55,9.13,0.75,0.28,SD,12,Muscle
ID_0974,238,Brown trout,Salmo trutta,Salmoniformes,Salmonidae,Salmo,-23.92,9.28,0.42,1.08,SD,8,Muscle
ID_0975,238,Brown trout,Salmo trutta,Salmoniformes,Salmonidae,Salmo,-34.92,7.02,1.5,0.62,SD,6,Muscle
ID_0976,22535,Upland bully,Gobiomorphus breviceps,Gobiiformes,Eleotridae,Gobiomorphus,-25.82,6.53,0.41,0.3,SD,17,Muscle
ID_0976,238,Brown trout,Salmo trutta,Salmoniformes,Salmonidae,Salmo,-27.22,6.09,0.25,0.08,SD,3,Muscle
ID_0977,12249,Alpine galaxias,Galaxias paucispondylus,Galaxiiformes,Galaxiidae,Galaxias,-34.67,3.95,NA,NA,SD,1,Muscle
ID_0977,22531,Canterbury galaxias,Galaxias vulgaris,Galaxiiformes,Galaxiidae,Galaxias,-33.67,4.66,NA,NA,SD,1,Muscle
ID_0977,238,Brown trout,Salmo trutta,Salmoniformes,Salmonidae,Salmo,-35.4,2.69,0.46,0.48,SD,4,Muscle
ID_0978,297,Shortfin eel,Anguilla australis,Anguilliformes,Anguillidae,Anguilla,-24.79,7.57,0.09,0.21,SD,2,Muscle
ID_0978,11878,New Zealand longfin eel,Anguilla dieffenbachii,Anguilliformes,Anguillidae,Anguilla,-23.79,8.67,0.66,0.63,SD,6,Muscle
ID_0978,22531,Canterbury galaxias,Galaxias vulgaris,Galaxiiformes,Galaxiidae,Galaxias,-24.01,7.65,1.18,0.54,SD,9,Muscle
ID_0978,22535,Upland bully,Gobiomorphus breviceps,Gobiiformes,Eleotridae,Gobiomorphus,-23.11,7.1,1.57,0.64,SD,9,Muscle
ID_0978,238,Brown trout,Salmo trutta,Salmoniformes,Salmonidae,Salmo,-21.2,9.95,NA,NA,SD,1,Muscle
ID_0979,22531,Canterbury galaxias,Galaxias vulgaris,Galaxiiformes,Galaxiidae,Galaxias,-26.83,3.82,0.11,0.76,SD,2,Muscle
ID_0979,238,Brown trout,Salmo trutta,Salmoniformes,Salmonidae,Salmo,-27.65,3.18,0.62,0.88,SD,4,Muscle
ID_0980,12249,Alpine galaxias,Galaxias paucispondylus,Galaxiiformes,Galaxiidae,Galaxias,-25.08,4.09,0.05,0.01,SD,2,Muscle
ID_0980,244,Chinook salmon,Oncorhynchus tshawytscha,Salmoniformes,Salmonidae,Oncorhynchus,-24.14,7.31,0.64,0.24,SD,2,Muscle
ID_0980,238,Brown trout,Salmo trutta,Salmoniformes,Salmonidae,Salmo,-24.89,4.05,0.33,0.08,SD,2,Muscle
ID_0981,22531,Canterbury galaxias,Galaxias vulgaris,Galaxiiformes,Galaxiidae,Galaxias,-23.18,5.87,0.39,0.59,SD,19,Muscle
ID_0982,297,Shortfin eel,Anguilla australis,Anguilliformes,Anguillidae,Anguilla,-29.16,7.36,NA,NA,SD,1,Muscle
ID_0982,11878,New Zealand longfin eel,Anguilla dieffenbachii,Anguilliformes,Anguillidae,Anguilla,-23.16,5.92,NA,NA,SD,1,Muscle
ID_0982,22531,Canterbury galaxias,Galaxias vulgaris,Galaxiiformes,Galaxiidae,Galaxias,-24.7,5.25,2.42,0.46,SD,13,Muscle
ID_0982,22535,Upland bully,Gobiomorphus breviceps,Gobiiformes,Eleotridae,Gobiomorphus,-23.05,4.82,0.53,0.54,SD,5,Muscle
ID_0982,238,Brown trout,Salmo trutta,Salmoniformes,Salmonidae,Salmo,-26.17,3.68,0.31,0.15,SD,9,Muscle
ID_0983,11878,New Zealand longfin eel,Anguilla dieffenbachii,Anguilliformes,Anguillidae,Anguilla,-20.31,10.32,NA,NA,SD,1,Muscle
ID_0983,22531,Canterbury galaxias,Galaxias vulgaris,Galaxiiformes,Galaxiidae,Galaxias,-21.86,7.16,2.15,0.3,SD,8,Muscle
ID_0983,22535,Upland bully,Gobiomorphus breviceps,Gobiiformes,Eleotridae,Gobiomorphus,-19.64,7.77,1.33,0.46,SD,16,Muscle
ID_0984,11878,New Zealand longfin eel,Anguilla dieffenbachii,Anguilliformes,Anguillidae,Anguilla,-24.65,6.11,0.93,0.73,SD,2,Muscle
ID_0984,239,Rainbow trout,Oncorhynchus mykiss,Salmoniformes,Salmonidae,Oncorhynchus,-25.28,4.59,NA,NA,SD,1,Muscle
ID_0984,244,Chinook salmon,Oncorhynchus tshawytscha,Salmoniformes,Salmonidae,Oncorhynchus,-25.51,5.48,0.3,0.93,SD,2,Muscle
ID_0984,238,Brown trout,Salmo trutta,Salmoniformes,Salmonidae,Salmo,-27.13,4.59,NA,NA,SD,1,Muscle
ID_0985,11878,New Zealand longfin eel,Anguilla dieffenbachii,Anguilliformes,Anguillidae,Anguilla,-28.47,7.53,0.62,1.2,SD,2,Muscle
ID_0985,22531,Canterbury galaxias,Galaxias vulgaris,Galaxiiformes,Galaxiidae,Galaxias,-30.36,6.89,NA,NA,SD,1,Muscle
ID_0985,22535,Upland bully,Gobiomorphus breviceps,Gobiiformes,Eleotridae,Gobiomorphus,-34.04,6.49,NA,NA,SD,1,Muscle
ID_0985,239,Rainbow trout,Oncorhynchus mykiss,Salmoniformes,Salmonidae,Oncorhynchus,-25.95,7.9,NA,NA,SD,1,Muscle
ID_0985,238,Brown trout,Salmo trutta,Salmoniformes,Salmonidae,Salmo,-31.43,5.54,0.09,0.1,SD,2,Muscle
ID_0986,22531,Canterbury galaxias,Galaxias vulgaris,Galaxiiformes,Galaxiidae,Galaxias,-29.69,5.35,2.21,0.61,SD,2,Muscle
ID_0986,22535,Upland bully,Gobiomorphus breviceps,Gobiiformes,Eleotridae,Gobiomorphus,-30.34,5.27,0.17,0.3,SD,2,Muscle
ID_0986,238,Brown trout,Salmo trutta,Salmoniformes,Salmonidae,Salmo,-28.39,5.65,0.29,0.79,SD,2,Muscle
ID_0987,12249,Alpine galaxias,Galaxias paucispondylus,Galaxiiformes,Galaxiidae,Galaxias,-24.8,4.4,0.68,0.5,SD,6,Muscle
ID_0988,12249,Alpine galaxias,Galaxias paucispondylus,Galaxiiformes,Galaxiidae,Galaxias,-22.02,5.16,NA,NA,SD,1,Muscle
ID_0988,22531,Canterbury galaxias,Galaxias vulgaris,Galaxiiformes,Galaxiidae,Galaxias,-21.28,5.09,0.77,0.08,SD,2,Muscle
ID_0988,22535,Upland bully,Gobiomorphus breviceps,Gobiiformes,Eleotridae,Gobiomorphus,-20.72,4.42,0.46,0.21,SD,2,Muscle
ID_0988,238,Brown trout,Salmo trutta,Salmoniformes,Salmonidae,Salmo,-24.01,4.29,NA,NA,SD,1,Muscle
ID_0989,6377,Stone loach,Barbatula barbatula,Cypriniformes,Nemacheilidae,Barbatula,-32.94,8.11,0.81,0.16,SD,2,Fin
ID_0989,2439,bullhead,Cottus gobio,Perciformes/Cottoidei,Cottidae,Cottus,-36.22,8.41,0.6,0.87,SD,4,Fin
ID_0989,4481,Brook lamprey,Lampetra planeri,Petromyzontiformes,Petromyzontidae,Lampetra,-29.49,2.52,NA,NA,SD,1,Fin
ID_0989,239,rainbow trout,Oncorhynchus mykiss,Salmoniformes,Salmonidae,Oncorhynchus,-31.61,11.77,0.05,3.96,SD,2,Fin
ID_0989,238,brown trout,Salmo trutta,Salmoniformes,Salmonidae,Salmo,-33.95,10.08,1.84,2.37,SD,64,Fin
ID_0989,4605,Grayling,Thymallus thymallus,Salmoniformes,Salmonidae,Thymallus,-35.06,8.58,1.4,2.29,SD,32,Fin
ID_0990,2439,bullhead,Cottus gobio,Perciformes/Cottoidei,Cottidae,Cottus,-32.9,8.28,0.82,0.61,SD,3,Fin
ID_0990,4481,Brook lamprey,Lampetra planeri,Petromyzontiformes,Petromyzontidae,Lampetra,-30.1,3.85,NA,NA,SD,1,Fin
ID_0990,239,rainbow trout,Oncorhynchus mykiss,Salmoniformes,Salmonidae,Oncorhynchus,-25.93,9.34,NA,NA,SD,1,Fin
ID_0990,4661,Minnow,Phoxinus phoxinus,Cypriniformes,Leuciscidae,Phoxinus,-33.43,7.38,0.3,0.82,SD,4,Fin
ID_0990,238,Brown trout,Salmo trutta,Salmoniformes,Salmonidae,Salmo,-31.7,10.47,1.56,1.94,SD,46,Fin
ID_0990,4605,Grayling,Thymallus thymallus,Salmoniformes,Salmonidae,Thymallus,-34.01,8.65,1.56,1.96,SD,31,Fin
ID_0991,NA,Eel,Anguilla sp,Anguilliformes,Anguillidae,Anguilla,-26.7,8.92,NA,NA,SD,1,Muscle
ID_0991,NA,Rainbow fish,Melanotaenia sp,Atheriniformes,Melanotaeniidae,Melanotaenia,-24.92,11.81,1.1,0.3,SD,7,Muscle
ID_0991,3228,Guppy,Poecilia reticulata,Cyprinodontiformes,Poeciliidae,Poecilia,-28.03,12.92,1.92,0.01,SD,2,Whole
ID_0992,NA,Hardy head,Craterocephalus sp,Atheriniformes,Atherinidae,Craterocephalus,-30.21,16.35,NA,NA,SD,1,Whole
ID_0992,NA,Rainbow fish,Melanotaenia sp,Atheriniformes,Melanotaeniidae,Melanotaenia,-23.78,13.49,0.95,0.47,SD,4,Muscle
ID_0992,3228,Guppy,Poecilia reticulata,Cyprinodontiformes,Poeciliidae,Poecilia,-26.39,14.55,0.59,0.31,SD,4,Whole
ID_0993,NA,Eel,Anguilla sp,Anguilliformes,Anguillidae,Anguilla,-24.52,8.62,NA,NA,SD,1,Muscle
ID_0993,NA,Hardy head,Craterocephalus sp,Atheriniformes,Atherinidae,Craterocephalus,-31.8,15.14,NA,NA,SD,1,Whole
ID_0993,NA,Rainbow fish,Melanotaenia sp,Atheriniformes,Melanotaeniidae,Melanotaenia,-24.72,12.89,0.31,0.34,SD,4,Muscle
ID_0993,3228,Guppy,Poecilia reticulata,Cyprinodontiformes,Poeciliidae,Poecilia,-29.88,12.38,0.42,0.51,SD,3,Whole
ID_0994,296,American eel,Anguilla rostrata,Anguilliformes,Anguillidae,Anguilla,-24.1,7.91,NA,NA,SD,1,Muscle
ID_0994,2965,White sucker,Catostomus commersonii,Cypriniformes,Catostomidae,Catostomus,-26.83,8.61,1.54,0.9,SD,5,Muscle
ID_0994,4068,Slimy sculpin,Cottus cognatus,Perciformes/Cottoidei,Cottidae,Cottus,-26.65,6.87,1.24,0.18,SD,2,Whole
ID_0994,2530,Sea lamprey,Petromyzon marinus,Petromyzontiformes,Petromyzontidae,Petromyzon,-26.17,2.7,0.9,0.46,SD,44,Muscle
ID_0994,2943,Blacknose dace,Rhinichthys atratulus,Cypriniformes,Leuciscidae,Rhinichthys,-25.53,7.45,1.73,0.38,SD,31,Muscle
ID_0994,236,Atlantic salmon,Salmo salar,Salmoniformes,Salmonidae,Salmo,-25.91,7.93,1.27,0.94,SD,46,Muscle
ID_0994,246,Brook trout,Salvelinus fontinalis,Salmoniformes,Salmonidae,Salvelinus,-26.02,7.79,1.7,0.81,SD,22,Muscle
ID_0994,2952,Creek chub,Semotilus atromaculatus,Cypriniformes,Leuciscidae,Semotilus,-25.87,8.68,2.14,1.11,SD,6,Muscle
ID_0995,258,Pike,Esox lucius,Esociformes,Esocidae,Esox,-29.44,5.79,0.77,0.79,SD,15,Muscle
ID_0995,358,Perch,Perca fluviatilis,Perciformes/Percoidei,Percidae,Perca,-29.55,5.35,1.63,0.84,SD,18,Muscle
ID_0995,4661,Minnow,Phoxinus phoxinus,Cypriniformes,Leuciscidae,Phoxinus,-31.63,3.88,1.06,0.59,SD,16,Muscle
ID_0995,272,Roach,Rutilus rutilus,Cypriniformes,Leuciscidae,Rutilus,-32.3,3.7,3.26,0.89,SD,21,Muscle
ID_0995,272,Rudd,Rutilus rutilus,Cypriniformes,Leuciscidae,Rutilus,-24.14,2.05,NA,NA,SD,1,Muscle
ID_0995,238,Brown trout,Salmo trutta,Salmoniformes,Salmonidae,Salmo,-28.15,5.64,0.82,0.22,SD,2,Muscle
ID_0995,247,Arctic charr,Salvelinus alpinus,Salmoniformes,Salmonidae,Salvelinus,-33.94,4.37,0.4,0.22,SD,6,Muscle
ID_0995,4482,Common chub,Squalius cephalus,Cypriniformes,Leuciscidae,Squalius,-24.46,3.32,1.56,1.28,SD,5,Muscle
ID_0996,268,Bream,Abramis brama,Cypriniformes,Leuciscidae,Abramis,-29.74,13.53,0.81,0.52,SD,58,Muscle
ID_0996,NA,Roach x Bream Rutilus rutilus x Abramis brama hybrid,Cyprinidae,Cypriniformes,Cyprinidae,NA,-29.4,14.3,0.77,0.86,SD,67,Muscle
ID_0996,272,Roach,Rutilus rutilus,Cypriniformes,Leuciscidae,Rutilus,-29.07,15.26,0.97,0.69,SD,70,Muscle
ID_0997,268,Bream,Abramis brama,Cypriniformes,Leuciscidae,Abramis,-28.68,11.99,0.87,1.4,SD,61,Fish
ID_0997,NA,Roach x Bream Rutilus rutilus x Abramis brama hybrid,Cyprinidae,Cypriniformes,Cyprinidae,NA,-28.78,13.07,1.17,1.6,SD,55,Muscle
ID_0997,272,Roach,Rutilus rutilus,Cypriniformes,Leuciscidae,Rutilus,-28.51,12.41,1.13,0.97,SD,61,Muscle
ID_0998,268,Bream,Abramis brama,Cypriniformes,Leuciscidae,Abramis,-29.1,13.84,0.27,0.38,SD,36,Muscle
ID_0998,NA,Roach x Bream Rutilus rutilus x Abramis brama hybrid,Cyprinidae,Cypriniformes,Cyprinidae,NA,-28.66,14.54,0.54,0.52,SD,62,Muscle
ID_0998,272,Roach,Rutilus rutilus,Cypriniformes,Leuciscidae,Rutilus,-28.84,14.36,0.62,0.57,SD,76,Muscle
ID_0999,3022,Brown bullhead,Ameiurus nebulosus,Siluriformes,Ictaluridae,Ameiurus,-30.48,10.18,NA,NA,SD,1,Muscle
ID_0999,296,American eel,Anguilla rostrata,Anguilliformes,Anguillidae,Anguilla,-25.54,9.76,2.2,0.95,SD,10,Muscle
ID_0999,2965,White sucker,Catostomus commersonii,Cypriniformes,Catostomidae,Catostomus,-29.81,9.59,3.65,1.14,SD,13,Muscle
ID_0999,2420,Three-spined stickleback,Gasterosteus aculeatus,Perciformes/Gasterosteoidei,Gasterosteidae,Gasterosteus,-31.85,10.91,1.54,0.8,SD,7,Muscle
ID_0999,2530,Sea lamprey,Petromyzon marinus,Petromyzontiformes,Petromyzontidae,Petromyzon,-28.97,4.75,2.19,0.77,SD,59,Muscle
ID_0999,2943,Blacknose dace,Rhinichthys atratulus,Cypriniformes,Leuciscidae,Rhinichthys,-24.37,8.73,2.41,0.78,SD,32,Muscle
ID_0999,236,Atlantic salmon,Salmo salar,Salmoniformes,Salmonidae,Salmo,-25.19,8.64,1.58,0.44,SD,8,Muscle
ID_1000,268,Bream,Abramis brama,Cypriniformes,Leuciscidae,Abramis,-32.51,12.97,1.43,0.53,SD,79,Muscle
ID_1000,NA,Roach x Bream Rutilus rutilus x Abramis brama hybrid,Cyprinidae,Cypriniformes,Cyprinidae,NA,-32.24,13.09,1.77,0.81,SD,55,Muscle
ID_1000,272,Roach,Rutilus rutilus,Cypriniformes,Leuciscidae,Rutilus,-32.28,12.31,1.49,0.87,SD,70,Muscle
ID_1001,296,American eel,Anguilla rostrata,Anguilliformes,Anguillidae,Anguilla,-26.16,11.64,1.48,0.92,SD,11,Muscle
ID_1001,2965,White sucker,Catostomus commersonii,Cypriniformes,Catostomidae,Catostomus,-24.72,10.11,0.76,1.61,SD,8,Muscle
ID_1001,3190,Banded Killifish,Fundulus diaphanus,Cyprinodontiformes,Fundulidae,Fundulus,-23.61,11.34,1.47,0.12,SD,2,Muscle
ID_1001,2420,Three-spined stickleback,Gasterosteus aculeatus,Perciformes/Gasterosteoidei,Gasterosteidae,Gasterosteus,-23.06,12.12,1.34,0.67,SD,15,Muscle
ID_1001,359,Yellow perch,Perca flavescens,Perciformes/Percoidei,Percidae,Perca,-25.11,12.8,0.73,0.19,SD,2,Muscle
ID_1001,2530,Sea lamprey,Petromyzon marinus,Petromyzontiformes,Petromyzontidae,Petromyzon,-28.07,6.46,1.43,0.64,SD,18,Muscle
ID_1001,236,Atlantic salmon,Salmo salar,Salmoniformes,Salmonidae,Salmo,-27.9,10.04,4.31,1.28,SD,2,Muscle
ID_1001,246,Brook trout,Salvelinus fontinalis,Salmoniformes,Salmonidae,Salvelinus,-24.37,7.76,0.54,0.37,SD,2,Muscle
ID_1001,2952,Creek chub,Semotilus atromaculatus,Cypriniformes,Leuciscidae,Semotilus,-28.02,10.12,NA,NA,SD,1,Muscle
ID_1001,2953,Fallfish,Semotilus corporalis,Cypriniformes,Leuciscidae,Semotilus,-25.21,12,0.04,0.62,SD,2,Muscle