FoodWeb_ID,Source_DOI,Publication_Authors,Publication_Title,Publication_Year,Source_Type,,,,
ID_0001,https://doi.org/10.1007/s10021-010-9316-7,Swanson_et_al,Effects of Partially Anadromous Arctic Charr (Salvelinus alpinus) Populations on Ecology of Coastal Arctic Lakes,2010,Article,,,,
ID_0002,https://doi.org/10.1007/s10021-010-9316-7,Swanson_et_al,Effects of Partially Anadromous Arctic Charr (Salvelinus alpinus) Populations on Ecology of Coastal Arctic Lakes,2010,Article,,,,
ID_0003,https://doi.org/10.1007/s10021-010-9316-7,Swanson_et_al,Effects of Partially Anadromous Arctic Charr (Salvelinus alpinus) Populations on Ecology of Coastal Arctic Lakes,2010,Article,,,,
ID_0004,https://doi.org/10.1007/s10021-010-9316-7,Swanson_et_al,Effects of Partially Anadromous Arctic Charr (Salvelinus alpinus) Populations on Ecology of Coastal Arctic Lakes,2010,Article,,,,
ID_0005,http://dx.doi.org/10.1016/j.jglr.2009.02.002,Swanson_et_al,Re-engineering the eastern Lake Erie littoral food web: The trophic function of non-indigenous Ponto-Caspian species,2009,Article,,,,
ID_0006,https://www.schweizerbart.de/papers/archiv_hydrobiologie/detail/167/56415/Isotopic_variation_complicates_analysis_of_trophic_relations_within_the_fish_community_of_Plusssee_a_small_deep_stratifying_lake,Harrod_and_Grey,Isotopic variation complicates analysis of trophic relations within the fish community of Plußsee: a small,,,,,,
ID_0007,https://doi.org/10.1016/S0380-1330(03)70552-8,Campbell_et_al,Stable Isotope Analyses of Food Web Structure and Fish Diet in Napoleon and Winam Gulfs,,,,,,
ID_0008,https://doi.org/10.1016/S0380-1330(03)70552-8,Campbell_et_al,Stable Isotope Analyses of Food Web Structure and Fish Diet in Napoleon and Winam Gulfs,,,,,,
ID_0009,https://doi.org/10.1016/S0380-1330(03)70553-X,Kidd_et_al,Mercury Concentrations in the Food Web of Lake Malawi,,,,,,
ID_0010,https://doi.org/10.1007/s10530-009-9566-5,Britton_et_al,Trophic interactions and consequent impacts of the invasive fish Pseudorasbora parvain a native aquatic foodweb: a field investigation in the UK,2010,Article,,,,
ID_0011,https://doi.org/10.1007/s10530-009-9566-5,Britton_et_al,Trophic interactions and consequent impacts of the invasive fish Pseudorasbora parvain a native aquatic foodweb: a field investigation in the UK,2010,Article,,,,
ID_0012,https://doi.org/10.1139/F09-151,Schmidt_et_al,Long-term food web change in Lake Superior,2009,Article,,,,
ID_0013,https://doi.org/10.1139/F09-151,Schmidt_et_al,Long-term food web change in Lake Superior,2009,Article,,,,
ID_0014,https://doi.org/10.1139/F09-151,Schmidt_et_al,Long-term food web change in Lake Superior,2009,Article,,,,
ID_0015,https://doi.org/10.1002/ece3.5594,Schmidt_et_al,Terrestrial contributions to Afrotropical aquatic food webs: The Congo River case,2019,Article,,,,
ID_0016,https://doi.org/10.1002/ece3.5594,Schmidt_et_al,Terrestrial contributions to Afrotropical aquatic food webs: The Congo River case,2019,Article,,,,
ID_0017,https://doi.org/10.1002/ece3.5594,Schmidt_et_al,Terrestrial contributions to Afrotropical aquatic food webs: The Congo River case,2019,Article,,,,
ID_0018,https://doi.org/10.1002/ece3.5594,Schmidt_et_al,Terrestrial contributions to Afrotropical aquatic food webs: The Congo River case,2019,Article,,,,
ID_0019,https://spo.nmfs.noaa.gov/content/anadromous-fish-marine-nutrient-vectors,MacAvoy_et_al,Anadromous fish as marine nutrient vectors ,2009,Article,,,,
ID_0020,https://doi.org/10.1111/j.1744-7429.2003.tb00265.x,March_and_Pringle,Food Web Structure and Basal Resource Utilization along a Tropical Island Stream Continuum,,,,,,
ID_0021,https://doi.org/10.1111/j.1365-2427.2008.02149.x,Coat_et_al,Trophic relationships in a tropical stream food web assessed by stable isotope analysis,2009,Article,,,,
ID_0022,https://doi.org/10.1080/02705060.2009.9664307,Sakano_and_Iguchi,Food Web Structure Composed of Alien Fishes in Okinawa Island,,,,,,
ID_0023,https://doi.org/10.1080/02705060.2009.9664307,Sakano_and_Iguchi,Food Web Structure Composed of Alien Fishes in Okinawa Island,,,,,,
ID_0024,https://doi.org/10.3354/ab00220,Syväranta_et_al,Dietary breadth and trophic position of introduced European catfish Silurus glanis in the River Tarn (Garonne River basin),,,,,,
ID_0025,https://doi.org/10.1071/MF09113,Kelleway_et_al,Trophic structure of benthic resources and consumers varies across a regulated floodplain wetland ,2010,Article,,,,
ID_0026,https://doi.org/10.1071/MF09113,Kelleway_et_al,Trophic structure of benthic resources and consumers varies across a regulated floodplain wetland ,2010,Article,,,,
ID_0027,https://doi.org/10.1007/s10641-006-0009-1,Gido_et_al,Spatial Variation in δ15N and δ13C Isotopes in the San Juan River,,,,,,
ID_0028,https://doi.org/10.1007/s10641-006-0009-1,Gido_et_al,Spatial Variation in δ15N and δ13C Isotopes in the San Juan River,,,,,,
ID_0029,https://doi.org/10.1007/s10641-006-0009-1,Gido_et_al,Spatial Variation in δ15N and δ13C Isotopes in the San Juan River,,,,,,
ID_0030,https://doi.org/10.1007/s10641-006-0009-1,Gido_et_al,Spatial Variation in δ15N and δ13C Isotopes in the San Juan River,,,,,,
ID_0031,https://doi.org/10.1007/s10641-006-0009-1,Gido_et_al,Spatial Variation in δ15N and δ13C Isotopes in the San Juan River,,,,,,
ID_0032,https://doi.org/10.1111/j.1526-100X.2009.00574.x,Marks_et_al,Spatial Variation in δ15N and δ13C Isotopes in the San Juan River,,,,,,
ID_0033,https://doi.org/10.1002/rra.1205,Mercado-Silva_et_al,The effects of impoundment and non-native species on a river food web in Mexico's central plateau,2009,Article,,,,
ID_0034,https://doi.org/10.1002/rra.1205,Mercado-Silva_et_al,The effects of impoundment and non-native species on a river food web in Mexico's central plateau,2009,Article,,,,
ID_0035,https://doi.org/10.1002/rra.1205,Mercado-Silva_et_al,The effects of impoundment and non-native species on a river food web in Mexico's central plateau,2009,Article,,,,
ID_0036,https://doi.org/10.1002/rra.1205,Mercado-Silva_et_al,The effects of impoundment and non-native species on a river food web in Mexico's central plateau,2009,Article,,,,
ID_0037,https://doi.org/10.1002/rra.1205,Mercado-Silva_et_al,The effects of impoundment and non-native species on a river food web in Mexico's central plateau,2009,Article,,,,
ID_0038,https://doi.org/10.1002/rra.1205,Mercado-Silva_et_al,The effects of impoundment and non-native species on a river food web in Mexico's central plateau,2009,Article,,,,
ID_0039,https://doi.org/10.1002/rra.1205,Mercado-Silva_et_al,The effects of impoundment and non-native species on a river food web in Mexico's central plateau,2009,Article,,,,
ID_0040,https://doi.org/10.1002/rra.1205,Mercado-Silva_et_al,The effects of impoundment and non-native species on a river food web in Mexico's central plateau,2009,Article,,,,
ID_0041,https://doi.org/10.1002/rra.1205,Mercado-Silva_et_al,The effects of impoundment and non-native species on a river food web in Mexico's central plateau,2009,Article,,,,
ID_0042,https://doi.org/10.1002/rra.1205,Mercado-Silva_et_al,The effects of impoundment and non-native species on a river food web in Mexico's central plateau,2009,Article,,,,
ID_0043,https://doi.org/10.1002/rra.1205,Mercado-Silva_et_al,The effects of impoundment and non-native species on a river food web in Mexico's central plateau,2009,Article,,,,
ID_0044,https://doi.org/10.1111/j.1600-0633.2010.00415.x,Pilger_et_al,Diet and trophic niche overlap of native and nonnative fishes in the Gila River,,,,,,
ID_0045,https://doi.org/10.1111/j.1600-0633.2010.00415.x,Pilger_et_al,Diet and trophic niche overlap of native and nonnative fishes in the Gila River,,,,,,
ID_0046,https://doi.org/10.1111/j.1600-0633.2010.00415.x,Pilger_et_al,Diet and trophic niche overlap of native and nonnative fishes in the Gila River,,,,,,
ID_0047,https://doi.org/10.1111/j.1600-0633.2010.00415.x,Pilger_et_al,Diet and trophic niche overlap of native and nonnative fishes in the Gila River,,,,,,
ID_0048,https://doi.org/10.1111/j.1600-0633.2010.00415.x,Pilger_et_al,Diet and trophic niche overlap of native and nonnative fishes in the Gila River,,,,,,
ID_0049,https://doi.org/10.1111/j.1600-0633.2010.00415.x,Pilger_et_al,Diet and trophic niche overlap of native and nonnative fishes in the Gila River,,,,,,
ID_0050,https://doi.org/10.1007/s00442-011-1974-4,Cucherousset_et_al,Fitness consequences of individual specialisation in resource use and trophic morphology in European eels,2011,Article,,,,
ID_0051,https://doi.org/10.1002/rra.1326,Eitzmann_and_Paukert,Urbanization in a great plains river: Effects on fishes and food webs,2009,Article,,,,
ID_0052,https://doi.org/10.1002/rra.1326,Eitzmann_and_Paukert,Urbanization in a great plains river: Effects on fishes and food webs,2009,Article,,,,
ID_0053,https://doi.org/10.1002/rra.1326,Eitzmann_and_Paukert,Urbanization in a great plains river: Effects on fishes and food webs,2009,Article,,,,
ID_0054,https://doi.org/10.1002/rra.1396,Winemiller_et_al,Stable isotope analysis reveals food web structure and watershed impacts along the fluvial gradient of a Mesoamerican coastal river,2010,Article,,,,
ID_0055,https://doi.org/10.1002/rra.1396,Winemiller_et_al,Stable isotope analysis reveals food web structure and watershed impacts along the fluvial gradient of a Mesoamerican coastal river,2010,Article,,,,
ID_0056,https://doi.org/10.1002/rra.1396,Winemiller_et_al,Stable isotope analysis reveals food web structure and watershed impacts along the fluvial gradient of a Mesoamerican coastal river,2010,Article,,,,
ID_0057,https://doi.org/10.1899/0887-3593(2004)023<0728:FSIATA>2.0.CO;2,Mantel_et_al,Foodweb structure in a tropical Asian forest stream,2004,Article,,,,
ID_0058,https://doi.org/10.1139/f95-159,Bilby_et_al,Incorporation of nitrogen and carbon from spawning coho salmon into the trophic system of small streams: evidence from stable isotopes,1996,Article,,,,
ID_0059,https://doi.org/10.1080/00288330.1997.9516796,Hicks,Food webs in forest and pasture streams in the Waikato region,,,,,,
ID_0060,https://doi.org/10.1080/00288330.1997.9516796,Hicks,Food webs in forest and pasture streams in the Waikato region,,,,,,
ID_0061,https://doi.org/10.1007/s10750-009-9746-4,Bergfur_et_al,Effects of nutrient enrichment on C and N stable isotope ratios of invertebrates,,,,,,
ID_0062,https://doi.org/10.1007/s10750-009-9746-4,Bergfur_et_al,Effects of nutrient enrichment on C and N stable isotope ratios of invertebrates,,,,,,
ID_0063,https://doi.org/10.1007/s10750-009-9746-4,Bergfur_et_al,Effects of nutrient enrichment on C and N stable isotope ratios of invertebrates,,,,,,
ID_0064,https://doi.org/10.1046/j.1365-2427.2003.01031.x,Bunn_et_al,Sources of organic carbon supporting the food web of an arid zone floodplain river,2003,Article,,,,
ID_0065,https://doi.org/10.1046/j.1365-2427.2003.01031.x,Bunn_et_al,Sources of organic carbon supporting the food web of an arid zone floodplain river,2003,Article,,,,
ID_0066,https://doi.org/10.1046/j.1365-2427.2003.01031.x,Bunn_et_al,Sources of organic carbon supporting the food web of an arid zone floodplain river,2003,Article,,,,
ID_0067,https://doi.org/10.1046/j.1365-2427.2003.01031.x,Bunn_et_al,Sources of organic carbon supporting the food web of an arid zone floodplain river,2003,Article,,,,
ID_0068,https://doi.org/10.1046/j.1365-2427.2003.01031.x,Bunn_et_al,Sources of organic carbon supporting the food web of an arid zone floodplain river,2003,Article,,,,
ID_0069,https://doi.org/10.1046/j.1365-2427.2003.01031.x,Bunn_et_al,Sources of organic carbon supporting the food web of an arid zone floodplain river,2003,Article,,,,
ID_0070,https://doi.org/10.1046/j.1365-2427.2003.01031.x,Bunn_et_al,Sources of organic carbon supporting the food web of an arid zone floodplain river,2003,Article,,,,
ID_0071,https://doi.org/10.1046/j.1365-2427.2003.01031.x,Bunn_et_al,Sources of organic carbon supporting the food web of an arid zone floodplain river,2003,Article,,,,
ID_0072,https://doi.org/10.1046/j.1365-2427.2003.01031.x,Bunn_et_al,Sources of organic carbon supporting the food web of an arid zone floodplain river,2003,Article,,,,
ID_0073,https://doi.org/10.1046/j.1365-2427.2003.01031.x,Bunn_et_al,Sources of organic carbon supporting the food web of an arid zone floodplain river,2003,Article,,,,
ID_0074,https://doi.org/10.1046/j.1365-2427.2003.01031.x,Bunn_et_al,Sources of organic carbon supporting the food web of an arid zone floodplain river,2003,Article,,,,
ID_0075,https://doi.org/10.1046/j.1365-2427.2003.01031.x,Bunn_et_al,Sources of organic carbon supporting the food web of an arid zone floodplain river,2003,Article,,,,
ID_0076,https://doi.org/10.1046/j.1365-2427.2003.01031.x,Bunn_et_al,Sources of organic carbon supporting the food web of an arid zone floodplain river,2003,Article,,,,
ID_0077,https://doi.org/10.1046/j.1365-2664.2002.00758.x,Power_et_al,Mercury accumulation in the fish community of a sub-Arctic lake in relation to trophic position and carbon sources,2002,Article,,,,
ID_0078,https://doi.org/10.1111/j.1365-2664.2009.01761.x,Inger_et_al,Do non-native invasive fish support elevated lamprey populations?,2010,Article,,,,
ID_0079,https://doi.org/10.1111/j.1600-0633.2005.00103.x,Clarke_et_al,Stable isotopes and gut content show diet overlap among native and introduced piscivores in a large oligotrophic lake,2005,Article,,,,
ID_0080,https://doi.org/10.1111/j.1600-0633.2005.00103.x,Clarke_et_al,Stable isotopes and gut content show diet overlap among native and introduced piscivores in a large oligotrophic lake,2005,Article,,,,
ID_0081,https://doi.org/10.1051/kmae/2009003,Borderelle_et_al,Influence of watershed’s anthropogenic activities on fish nitrogen and carbon stable isotope ratios in nine French lakes,2009,Article,,,,
ID_0082,https://doi.org/10.1051/kmae/2009003,Borderelle_et_al,Influence of watershed’s anthropogenic activities on fish nitrogen and carbon stable isotope ratios in nine French lakes,2009,Article,,,,
ID_0083,https://doi.org/10.1051/kmae/2009003,Borderelle_et_al,Influence of watershed’s anthropogenic activities on fish nitrogen and carbon stable isotope ratios in nine French lakes,2009,Article,,,,
ID_0084,https://doi.org/10.1051/kmae/2009003,Borderelle_et_al,Influence of watershed’s anthropogenic activities on fish nitrogen and carbon stable isotope ratios in nine French lakes,2009,Article,,,,
ID_0085,https://doi.org/10.1051/kmae/2009003,Borderelle_et_al,Influence of watershed’s anthropogenic activities on fish nitrogen and carbon stable isotope ratios in nine French lakes,2009,Article,,,,
ID_0086,https://doi.org/10.1051/kmae/2009003,Borderelle_et_al,Influence of watershed’s anthropogenic activities on fish nitrogen and carbon stable isotope ratios in nine French lakes,2009,Article,,,,
ID_0087,https://doi.org/10.1051/kmae/2009003,Borderelle_et_al,Influence of watershed’s anthropogenic activities on fish nitrogen and carbon stable isotope ratios in nine French lakes,2009,Article,,,,
ID_0088,https://doi.org/10.1051/kmae/2009003,Borderelle_et_al,Influence of watershed’s anthropogenic activities on fish nitrogen and carbon stable isotope ratios in nine French lakes,2009,Article,,,,
ID_0089,https://doi.org/10.3354/ab00318,Sanders_et_al,Benthic macroinvertebrate and fish communities in Lake Huron are linked to submerged groundwater vents,2011,Article,,,,
ID_0090,https://doi.org/10.3354/ab00318,Sanders_et_al,Benthic macroinvertebrate and fish communities in Lake Huron are linked to submerged groundwater vents,2011,Article,,,,
ID_0091,https://doi.org/10.3354/ab00318,Sanders_et_al,Benthic macroinvertebrate and fish communities in Lake Huron are linked to submerged groundwater vents,2011,Article,,,,
ID_0092,https://doi.org/10.1111/j.1365-2028.2009.01163.x,Mbabazi_et_al,Intra-lake stable isotope ratio variation in selected fish species and their possible carbon sources in Lake Kyoga (Uganda): implications for aquatic food web studies,2009,Article,,,,
ID_0093,https://doi.org/10.1111/j.1365-2028.2009.01163.x,Mbabazi_et_al,Intra-lake stable isotope ratio variation in selected fish species and their possible carbon sources in Lake Kyoga (Uganda): implications for aquatic food web studies,2009,Article,,,,
ID_0094,https://doi.org/10.1577/1548-8659(2002)131<0001:TTIICR>2.0.CO;2,Johnson_et_al,Tracking Trophic Interactions in Coldwater Reservoirs Using Naturally Occurring Stable Isotopes,2002,Article,,,,
ID_0095,https://doi.org/10.1577/1548-8659(2002)131<0001:TTIICR>2.0.CO;2,Johnson_et_al,Tracking Trophic Interactions in Coldwater Reservoirs Using Naturally Occurring Stable Isotopes,2002,Article,,,,
ID_0096,https://doi.org/10.1577/1548-8659(2002)131<0001:TTIICR>2.0.CO;2,Johnson_et_al,Tracking Trophic Interactions in Coldwater Reservoirs Using Naturally Occurring Stable Isotopes,2002,Article,,,,
ID_0097,https://doi.org/10.1577/1548-8659(2002)131<0001:TTIICR>2.0.CO;2,Johnson_et_al,Tracking Trophic Interactions in Coldwater Reservoirs Using Naturally Occurring Stable Isotopes,2002,Article,,,,
ID_0098,https://doi.org/10.1139/f00-072,Harvey_and_Kitchell,A stable isotope evaluation of the structure and spatial heterogeneity of a Lake Superior food web,2000,Article,,,,
ID_0099,https://doi.org/10.1002/aqc.998,Britton_et_al,Status,,,,,,
ID_0100,https://doi.org/10.2307/2265598,Bootsma_et_al,Food Partitioning Among Lake Malawi Nearshore Fishes as Revealed by Stable Isotope Analyses,1996,Article,,,,
ID_0101,https://doi.org/10.1007/s11434-011-4649-y,Wang_et_al,Potential influence of water level changes on energy flows in a lake food web,2011,Article,,,,
ID_0102,https://doi.org/10.1007/s11434-011-4649-y,Wang_et_al,Potential influence of water level changes on energy flows in a lake food web,2011,Article,,,,
ID_0103,https://doi.org/10.1046/j.1365-2427.2003.01095.x,Jones_and_Waldron,Combined stable isotope and gut contents analysis of food webs in plant-dominated,,,,,,
ID_0104,https://www.semanticscholar.org/paper/Energy-Sources-Supporting-Fly-River-Fish-Bunn-Tenakanai/697c1a32aa862e968478cb94749f1ad16de88042,Bunn_et_al,Energy Sources Supporting Fly River Fish Communities,1999,Report,,,,
ID_0105,https://www.semanticscholar.org/paper/Energy-Sources-Supporting-Fly-River-Fish-Bunn-Tenakanai/697c1a32aa862e968478cb94749f1ad16de88042,Bunn_et_al,Energy Sources Supporting Fly River Fish Communities,1999,Report,,,,
ID_0106,https://www.semanticscholar.org/paper/Energy-Sources-Supporting-Fly-River-Fish-Bunn-Tenakanai/697c1a32aa862e968478cb94749f1ad16de88042,Bunn_et_al,Energy Sources Supporting Fly River Fish Communities,1999,Report,,,,
ID_0107,https://www.semanticscholar.org/paper/Energy-Sources-Supporting-Fly-River-Fish-Bunn-Tenakanai/697c1a32aa862e968478cb94749f1ad16de88042,Bunn_et_al,Energy Sources Supporting Fly River Fish Communities,1999,Report,,,,
ID_0108,https://doi.org/10.1007/s10641-005-3190-8,Campbell_et_al,Trophic Niche Segregation in the Nilotic Ichthyofauna of Lake Albert (Uganda,,,,,,
ID_0109,https://doi.org/10.1111/j.1095-8649.2009.02289.x,Dörner_et_al,Piscivory and trophic position of Anguilla anguilla in two lakes: importance of macrozoobenthos density,2009,Article,,,,
ID_0110,https://doi.org/10.1111/j.1095-8649.2009.02289.x,Dörner_et_al,Piscivory and trophic position of Anguilla anguilla in two lakes: importance of macrozoobenthos density,2009,Article,,,,
ID_0111,https://doi.org/10.1139/f03-114,deBruyn_et_al,The role of sewage in a large river food web,2003,Article,,,,
ID_0112,https://doi.org/10.1139/f03-114,deBruyn_et_al,The role of sewage in a large river food web,2003,Article,,,,
ID_0113,https://doi.org/10.1007/s10750-009-9919-1,Dekar_et_al,Shifts in the trophic base of intermittent stream food webs,2009,Article,,,,
ID_0114,https://doi.org/10.1007/s10750-009-9919-1,Dekar_et_al,Shifts in the trophic base of intermittent stream food webs,2009,Article,,,,
ID_0115,https://doi.org/10.1007/s10750-009-9919-1,Dekar_et_al,Shifts in the trophic base of intermittent stream food webs,2009,Article,,,,
ID_0116,https://doi.org/10.1007/s10750-009-9919-1,Dekar_et_al,Shifts in the trophic base of intermittent stream food webs,2009,Article,,,,
ID_0117,https://doi.org/10.1007/s10750-009-9919-1,Dekar_et_al,Shifts in the trophic base of intermittent stream food webs,2009,Article,,,,
ID_0118,https://doi.org/10.1007/s10750-009-9919-1,Dekar_et_al,Shifts in the trophic base of intermittent stream food webs,2009,Article,,,,
ID_0119,https://doi.org/10.1007/s10750-009-9919-1,Dekar_et_al,Shifts in the trophic base of intermittent stream food webs,2009,Article,,,,
ID_0120,https://doi.org/10.1007/s10750-009-9919-1,Dekar_et_al,Shifts in the trophic base of intermittent stream food webs,2009,Article,,,,
ID_0121,https://doi.org/10.1007/s10750-009-9919-1,Dekar_et_al,Shifts in the trophic base of intermittent stream food webs,2009,Article,,,,
ID_0122,https://doi.org/10.1007/s10750-009-9919-1,Dekar_et_al,Shifts in the trophic base of intermittent stream food webs,2009,Article,,,,
ID_0123,https://doi.org/10.1007/s10750-009-9919-1,Dekar_et_al,Shifts in the trophic base of intermittent stream food webs,2009,Article,,,,
ID_0124,https://doi.org/10.1007/s10750-009-9919-1,Dekar_et_al,Shifts in the trophic base of intermittent stream food webs,2009,Article,,,,
ID_0125,https://doi.org/10.1007/s10750-009-9919-1,Dekar_et_al,Shifts in the trophic base of intermittent stream food webs,2009,Article,,,,
ID_0126,https://doi.org/10.1007/s10750-009-9919-1,Dekar_et_al,Shifts in the trophic base of intermittent stream food webs,2009,Article,,,,
ID_0127,https://doi.org/10.1002/rrr.614,Delong_et_al,Responses of consumers and food resources to a high magnitude,,,,,,
ID_0128,https://doi.org/10.1002/rrr.614,Delong_et_al,Responses of consumers and food resources to a high magnitude,,,,,,
ID_0129,https://doi.org/10.1002/rrr.614,Delong_et_al,Responses of consumers and food resources to a high magnitude,,,,,,
ID_0130,https://doi.org/10.1002/rrr.614,Delong_et_al,Responses of consumers and food resources to a high magnitude,,,,,,
ID_0131,https://doi.org/10.1002/rrr.614,Delong_et_al,Responses of consumers and food resources to a high magnitude,,,,,,
ID_0132,https://doi.org/10.1002/rrr.614,Delong_et_al,Responses of consumers and food resources to a high magnitude,,,,,,
ID_0133,https://doi.org/10.1023/A:1013182100150,Evans-White_et_al,A comparison of the trophic ecology of the crayfishes (Orconectes nais (Faxon) and Orconectes neglectus (Faxon)) and the central stoneroller minnow ( Campostoma anomalum (Rafinesque)): omnivory in a tallgrass prairie stream,2001,Article,,,,
ID_0134,https://doi.org/10.1023/A:1013182100150,Evans-White_et_al,A comparison of the trophic ecology of the crayfishes (Orconectes nais (Faxon) and Orconectes neglectus (Faxon)) and the central stoneroller minnow ( Campostoma anomalum (Rafinesque)): omnivory in a tallgrass prairie stream,2001,Article,,,,
ID_0135,https://doi.org/10.1590/S1679-62252006000200014,Garcia_et_al,Preliminary examination of food web structure of Nicola Lake (Taim Hydrological System,,,,,,
ID_0136,https://doi.org/10.1139/f07-023,Herwig_et_al,Spatial and temporal patterns in the food web structure of a large floodplain river assessed using stable isotopes,2007,Article,,,,
ID_0137,https://doi.org/10.1139/f07-023,Herwig_et_al,Spatial and temporal patterns in the food web structure of a large floodplain river assessed using stable isotopes,2007,Article,,,,
ID_0138,https://doi.org/10.1139/f07-023,Herwig_et_al,Spatial and temporal patterns in the food web structure of a large floodplain river assessed using stable isotopes,2007,Article,,,,
ID_0139,https://doi.org/10.1139/f07-023,Herwig_et_al,Spatial and temporal patterns in the food web structure of a large floodplain river assessed using stable isotopes,2007,Article,,,,
ID_0140,http://hbs.bishopmuseum.org/pubs-online/strm/09-hobsonr.pdf,Hobson_et_al,Applications of Stable Isotope Analysis to Tracing Nutrient Sources to Hawaiian Gobioid Fishes and Other Stream Organisms ,2007,Article,,,,
ID_0141,http://hbs.bishopmuseum.org/pubs-online/strm/09-hobsonr.pdf,Hobson_et_al,Applications of Stable Isotope Analysis to Tracing Nutrient Sources to Hawaiian Gobioid Fishes and Other Stream Organisms ,2007,Article,,,,
ID_0142,https://doi.org/10.1080/07438141.2011.566413,Janjua_and_Gerdeaux,Evaluation of food web and fish dietary niches in oligotrophic Lake Annecy by gut content and stable isotope analysis,2011,Article,,,,
ID_0143,https://doi.org/10.1080/07438141.2011.566413,Janjua_and_Gerdeaux,Evaluation of food web and fish dietary niches in oligotrophic Lake Annecy by gut content and stable isotope analysis,2011,Article,,,,
ID_0144,https://doi.org/10.1080/07438141.2011.566413,Janjua_and_Gerdeaux,Evaluation of food web and fish dietary niches in oligotrophic Lake Annecy by gut content and stable isotope analysis,2011,Article,,,,
ID_0145,https://doi.org/10.1080/07438141.2011.566413,Janjua_and_Gerdeaux,Evaluation of food web and fish dietary niches in oligotrophic Lake Annecy by gut content and stable isotope analysis,2011,Article,,,,
ID_0146,https://doi.org/10.1007/s10530-011-0116-6,Kadye_and_Booth,Integrating stomach content and stable isotope analyses to elucidate the feeding habits of non-native sharptooth catfish Clarias gariepinus,2011,Article,,,,
ID_0147,https://doi.org/10.1007/s10530-011-0116-6,Kadye_and_Booth,Integrating stomach content and stable isotope analyses to elucidate the feeding habits of non-native sharptooth catfish Clarias gariepinus,2011,Article,,,,
ID_0148,https://doi.org/10.1007/s10530-011-0116-6,Kadye_and_Booth,Integrating stomach content and stable isotope analyses to elucidate the feeding habits of non-native sharptooth catfish Clarias gariepinus,2011,Article,,,,
ID_0149,https://doi.org/10.4319/lo.1996.41.1.0136,Keough_et_al,Analysis of a Lake Superior coastal food web with stable isotope techniques,1996,Article,,,,
ID_0150,https://doi.org/10.4319/lo.1996.41.1.0136,Keough_et_al,Analysis of a Lake Superior coastal food web with stable isotope techniques,1996,Article,,,,
ID_0151,https://doi.org/10.1139/f05-075,Duponchelle_et_al,Food partitioning within the species-rich benthic fish community of Lake Malawi,,,,,,
ID_0152,https://doi.org/10.1590/S1519-69842003000200013,Manetta_et_al,Carbon sources and trophic position of the main species of fishes of Baía River,,,,,,
ID_0153,https://doi.org/10.1007/s10750-011-0954-3,Mao_et_al,Food web structure of a shallow eutrophic lake (Lake Taihu,,,,,,
ID_0154,https://doi.org/10.1002/aqc.1199,Marks_et_al,Coupling stable isotope studies with food web manipulations to predict the effects of exotic fish: lessons from Cuatro Ciénegas,,,,,,
ID_0155,https://doi.org/10.1002/rra.1194,Marty_et_al,The influence of fluctuating ramping rates on the food web of boreal rivers,2009,Article,,,,
ID_0156,https://doi.org/10.1002/rra.1194,Marty_et_al,The influence of fluctuating ramping rates on the food web of boreal rivers,2009,Article,,,,
ID_0157,https://doi.org/10.1002/rra.1194,Marty_et_al,The influence of fluctuating ramping rates on the food web of boreal rivers,2009,Article,,,,
ID_0158,https://doi.org/10.1002/rra.1194,Marty_et_al,The influence of fluctuating ramping rates on the food web of boreal rivers,2009,Article,,,,
ID_0159,https://doi.org/10.1577/T05-099.1,McIntyre_et_al,Ontogenetic Trophic Interactions and Benthopelagic Coupling in Lake Washington: Evidence from Stable Isotopes and Diet Analysis,2006,Article,,,,
ID_0160,https://doi.org/10.1111/j.1600-0633.2011.00498.x,Meeuwig_et_al,Trophic relationships between a native and a nonnative predator in a system of natural lakes,2011,Article,,,,
ID_0161,https://doi.org/10.1111/j.1600-0633.2011.00498.x,Meeuwig_et_al,Trophic relationships between a native and a nonnative predator in a system of natural lakes,2011,Article,,,,
ID_0162,https://doi.org/10.1111/j.1600-0633.2011.00498.x,Meeuwig_et_al,Trophic relationships between a native and a nonnative predator in a system of natural lakes,2011,Article,,,,
ID_0163,https://doi.org/10.1111/j.1600-0633.2011.00498.x,Meeuwig_et_al,Trophic relationships between a native and a nonnative predator in a system of natural lakes,2011,Article,,,,
ID_0164,https://doi.org/10.1111/j.1600-0633.2011.00498.x,Meeuwig_et_al,Trophic relationships between a native and a nonnative predator in a system of natural lakes,2011,Article,,,,
ID_0165,https://doi.org/10.1111/j.1600-0633.2011.00498.x,Meeuwig_et_al,Trophic relationships between a native and a nonnative predator in a system of natural lakes,2011,Article,,,,
ID_0166,https://doi.org/10.1111/j.1600-0633.2011.00498.x,Meeuwig_et_al,Trophic relationships between a native and a nonnative predator in a system of natural lakes,2011,Article,,,,
ID_0167,https://doi.org/10.1590/S1679-62252010000100020,Mendoza-Carranza_et_al,Aquatic food webs in mangrove and seagrass habitats of Centla Wetland,,,,,,
ID_0168,https://doi.org/10.1007/s100210000062,Saito_et_al,Assessing Ecosystem Effects of Reservoir Operations Using Food Web–Energy Transfer and Water Quality Models,2001,Article,,,,
ID_0169,https://theses.hal.science/tel-00139878,Perga,Origine et flux de carbone dans les réseaux trophiques lacustres : Etude par analyse de la composition en isotopes stables du carbone et de l'azote du zooplancton et des poissons,2004,Thesis_PhD,,,,
ID_0170,https://theses.hal.science/tel-00139878,Perga,Origine et flux de carbone dans les réseaux trophiques lacustres : Etude par analyse de la composition en isotopes stables du carbone et de l'azote du zooplancton et des poissons,2004,Thesis_PhD,,,,
ID_0171,https://theses.hal.science/tel-00139878,Perga,Origine et flux de carbone dans les réseaux trophiques lacustres : Etude par analyse de la composition en isotopes stables du carbone et de l'azote du zooplancton et des poissons,2004,Thesis_PhD,,,,
ID_0172,https://theses.hal.science/tel-00139878,Perga,Origine et flux de carbone dans les réseaux trophiques lacustres : Etude par analyse de la composition en isotopes stables du carbone et de l'azote du zooplancton et des poissons,2004,Thesis_PhD,,,,
ID_0173,https://doi.org/10.1007/s10021-002-0204-7,Vander_Zanden_et_al,Historical Food Web Structure and Restoration of Native Aquatic Communities in the Lake Tahoe (California–Nevada) Basin,2003,Article,,,,
ID_0174,https://doi.org/10.1007/s10021-002-0204-7,Vander_Zanden_et_al,Historical Food Web Structure and Restoration of Native Aquatic Communities in the Lake Tahoe (California–Nevada) Basin,2003,Article,,,,
ID_0175,https://doi.org/10.1007/s10021-002-0204-7,Vander_Zanden_et_al,Historical Food Web Structure and Restoration of Native Aquatic Communities in the Lake Tahoe (California–Nevada) Basin,2003,Article,,,,
ID_0176,https://doi.org/10.1007/s10021-002-0204-7,Vander_Zanden_et_al,Historical Food Web Structure and Restoration of Native Aquatic Communities in the Lake Tahoe (California–Nevada) Basin,2003,Article,,,,
ID_0177,https://doi.org/10.1007/s10021-002-0204-7,Vander_Zanden_et_al,Historical Food Web Structure and Restoration of Native Aquatic Communities in the Lake Tahoe (California–Nevada) Basin,2003,Article,,,,
ID_0178,https://doi.org/10.1007/s10021-002-0204-7,Vander_Zanden_et_al,Historical Food Web Structure and Restoration of Native Aquatic Communities in the Lake Tahoe (California–Nevada) Basin,2003,Article,,,,
ID_0179,https://doi.org/10.1016/S0269-7491(98)00068-2,Kidd_et_al,Bioaccumulation of organochlorines through a remote freshwater food web in the Canadian Arctic,1998,Article,,,,
ID_0180,https://doi.org/10.1021/es0019225,Stapleton_et_al,Accumulation of Atmospheric and Sedimentary PCBs and Toxaphene in a Lake Michigan Food Web,2001,Article,,,,
ID_0181,https://doi.org/10.1139/f03-139,Herwig_et_al,Trophic structure and energy flow in backwater lakes of two large floodplain rivers assessed using stable isotopes,2004,Article,,,,
ID_0182,https://doi.org/10.1139/f03-139,Herwig_et_al,Trophic structure and energy flow in backwater lakes of two large floodplain rivers assessed using stable isotopes,2004,Article,,,,
ID_0183,https://doi.org/10.1111/j.1095-8649.1996.tb01792.x,Gu_et_al,Stable isotopes of carbon and nitrogen as indicators of diet and trophic structure of the fish community in a shallow hypereutrophic lake,1996,Article,,,,
ID_0184,https://doi.org/10.2307/1467546,Hecky_and_Hesslein,Contributions of Benthic Algae to Lake Food Webs as Revealed by Stable Isotope Analysis,1995,Article,,,,
ID_0185,https://doi.org/10.2307/1467546,Hecky_and_Hesslein,Contributions of Benthic Algae to Lake Food Webs as Revealed by Stable Isotope Analysis,1995,Article,,,,
ID_0186,https://doi.org/10.2307/1467546,Hecky_and_Hesslein,Contributions of Benthic Algae to Lake Food Webs as Revealed by Stable Isotope Analysis,1995,Article,,,,
ID_0187,https://doi.org/10.2307/1467546,Hecky_and_Hesslein,Contributions of Benthic Algae to Lake Food Webs as Revealed by Stable Isotope Analysis,1995,Article,,,,
ID_0188,https://doi.org/10.2307/1467546,Hecky_and_Hesslein,Contributions of Benthic Algae to Lake Food Webs as Revealed by Stable Isotope Analysis,1995,Article,,,,
ID_0189,https://doi.org/10.1007/BF00317409,Hamilton_et_al,Energy sources for aquatic animals in the Orinoco River floodplain: evidence from stable isotopes,1992,Article,,,,
ID_0190,https://hdl.handle.net/2376/811,Black_et_al,Carbon and nitrogen stable isotope assessment of the Lake Roosevelt aquatic food web,2003,Article,,,,
ID_0191,https://doi.org/10.1002/(SICI)1099-0755(200001/02)10:1<73::AID-AQC373>3.0.CO;2-E,Marguillier,New Concepts for Sustainable Management of River Basins,1998,Book,,,,
ID_0192,https://doi.org/10.1111/j.1365-2028.2006.00582.x,Campbell_et_al,Food web structure and mercury transfer in two contrasting Ugandan highland crater lakes (East Africa),2006,Article,,,,
ID_0193,https://doi.org/10.1016/j.scitotenv.2008.04.017,Campbell_et_al,Food web structure and mercury transfer in two contrasting Ugandan highland crater lakes (East Africa),2008,Article,,,,
ID_0194,https://doi.org/10.3133/ds349,Chasar_et_al,Total Mercury,,,,,,
ID_0195,https://doi.org/10.3133/ds349,Chasar_et_al,Total Mercury,,,,,,
ID_0196,https://doi.org/10.3133/ds349,Chasar_et_al,Total Mercury,,,,,,
ID_0197,https://doi.org/10.3133/ds349,Chasar_et_al,Total Mercury,,,,,,
ID_0198,https://doi.org/10.3133/ds349,Chasar_et_al,Total Mercury,,,,,,
ID_0199,https://doi.org/10.1007/s00244-007-9058-5,Ikemoto_et_al,Biomagnification of Trace Elements in the Aquatic Food Web in the Mekong Delta,,,,,,
ID_0200,https://doi.org/10.1016/S0380-1330(96)70968-1,Sierzen_et_al,Trophic Analysis of Ruffe (Gymnocephalus cernuus) and White Perch (Morone americana) in a Lake Superior Coastal Food Web,,,,,,
ID_0201,https://doi.org/10.1016/j.envpol.2011.10.023,Zhang_et_al,Seasonal variation in mercury and food web biomagnification in Lake Ontario,,,,,,
ID_0202,https://doi.org/10.1016/j.envpol.2011.10.023,Zhang_et_al,Seasonal variation in mercury and food web biomagnification in Lake Ontario,,,,,,
ID_0203,https://doi.org/10.1016/j.envpol.2011.10.023,Zhang_et_al,Seasonal variation in mercury and food web biomagnification in Lake Ontario,,,,,,
ID_0204,https://doi.org/10.4319/lo.1999.44.3.0502,Yoshii_et_al,Stable isotope analyses of the pelagic food web in Lake Baikal,1999,Article,,,,
ID_0205,https://doi.org/10.3394/0380-1330(2008)34[434:SAOVOS]2.0.CO;2,Harvey_et_al,Spatial and Ontogenetic Variability of Sea Lamprey Diets in Lake Superior,2008,Article,,,,
ID_0206,https://doi.org/10.3394/0380-1330(2008)34[434:SAOVOS]2.0.CO;2,Harvey_et_al,Spatial and Ontogenetic Variability of Sea Lamprey Diets in Lake Superior,2008,Article,,,,
ID_0207,https://doi.org/10.3394/0380-1330(2008)34[434:SAOVOS]2.0.CO;2,Harvey_et_al,Spatial and Ontogenetic Variability of Sea Lamprey Diets in Lake Superior,2008,Article,,,,
ID_0208,https://doi.org/10.3394/0380-1330(2008)34[434:SAOVOS]2.0.CO;2,Harvey_et_al,Spatial and Ontogenetic Variability of Sea Lamprey Diets in Lake Superior,2008,Article,,,,
ID_0209,https://doi.org/10.3394/0380-1330(2008)34[434:SAOVOS]2.0.CO;2,Harvey_et_al,Spatial and Ontogenetic Variability of Sea Lamprey Diets in Lake Superior,2008,Article,,,,
ID_0210,https://doi.org/10.3394/0380-1330(2008)34[434:SAOVOS]2.0.CO;2,Harvey_et_al,Spatial and Ontogenetic Variability of Sea Lamprey Diets in Lake Superior,2008,Article,,,,
ID_0211,https://doi.org/10.1007/s11270-005-4811-8,SampaioDaSilva_et_al,Trophic Structure and Bioaccumulation of Mercury in Fish of Three Natural Lakes of the Brazilian Amazon,2005,Article,,,,
ID_0212,https://doi.org/10.1007/s11270-005-4811-8,SampaioDaSilva_et_al,Trophic Structure and Bioaccumulation of Mercury in Fish of Three Natural Lakes of the Brazilian Amazon,2005,Article,,,,
ID_0213,https://doi.org/10.1007/s11270-005-4811-8,SampaioDaSilva_et_al,Trophic Structure and Bioaccumulation of Mercury in Fish of Three Natural Lakes of the Brazilian Amazon,2005,Article,,,,
ID_0214,https://doi.org/10.1007/s11270-005-4811-8,SampaioDaSilva_et_al,Trophic Structure and Bioaccumulation of Mercury in Fish of Three Natural Lakes of the Brazilian Amazon,2005,Article,,,,
ID_0215,https://www.researchgate.net/publication/242691665_Predation_impacts_of_lake_trout_and_Chinook_salmon_in_Lake_Chelan_Washington_Implications_for_prey_species_and_fisheries_management,Schoen_and_Beauchamp,Predation impacts of lake trout and Chinook salmon in Lake Chelan,,,,,,
ID_0216,https://doi.org/10.1111/j.1439-0426.2011.01843.x,Cott_et_al,Food web position of burbot relative to lake trout,,,,,,
ID_0217,https://doi.org/10.1111/j.1439-0426.2011.01843.x,Cott_et_al,Food web position of burbot relative to lake trout,,,,,,
ID_0218,https://doi.org/10.1111/j.1439-0426.2011.01843.x,Cott_et_al,Food web position of burbot relative to lake trout,,,,,,
ID_0219,https://doi.org/10.1111/j.1439-0426.2011.01843.x,Cott_et_al,Food web position of burbot relative to lake trout,,,,,,
ID_0220,https://doi.org/10.1897/08-197.1,Chumchal_and_Hambright,Ecological factors regulating mercury contamination of fish from Caddo Lake,,,,,,
ID_0221,https://doi.org/10.1897/08-197.1,Chumchal_and_Hambright,Ecological factors regulating mercury contamination of fish from Caddo Lake,,,,,,
ID_0222,https://doi.org/10.2989/16085910409503796,Campbell_et_al,Biomagnification of mercury in fish from Thruston Bay,,,,,,
ID_0223,https://doi.org/10.4319/lo.2005.50.5.1511,Croteau_et_al,Trophic transfer of metals along freshwater food webs: Evidence of cadmium biomagnification in nature,2005,Article,,,,
ID_0224,https://doi.org/10.4319/lo.2005.50.5.1511,Croteau_et_al,Trophic transfer of metals along freshwater food webs: Evidence of cadmium biomagnification in nature,2005,Article,,,,
ID_0225,https://cdnsciencepub.com/doi/10.1139/f01-042,Bowles_et_al,Bioaccumulation and biomagnification of mercury in Lake Murray,,,,,,
ID_0226,https://doi.org/10.1016/j.envpol.2011.02.036,Coat_et_al,Organochlorine pollution in tropical rivers (Guadeloupe): Role of ecological factors in food web bioaccumulation,2011,Article,,,,
ID_0227,https://doi.org/10.1127/archiv-hydrobiol/146/1999/117,Tatrai_et_al,Stable isotope analysis of food webs in wetland areas of Lake Balaton,,,,,,
ID_0228,https://doi.org/10.1139/f06-116,Murry_et_al,Effect of lipid extraction on the interpretation of fish community trophic relationships determined by stable carbon and nitrogen isotopes,2006,Article,,,,
ID_0229,https://doi.org/10.1577/T09-064.1,Johnston_et_al,Response of Native and Naturalized Fish to Salmonid Cage Culture Farms in Northern Lake Huron,,,,,,
ID_0230,http://www.especes-exotiques-envahissantes.fr/wp-content/uploads/2013/01/Rapport-final-Exolac.pdf,Bouletreau_et_al,Conséquences de la présence d’espèces non natives sur la structure et le fonctionnement des réseaux trophiques de plans d’eau ,2012,Report,,,,
ID_0231,http://www.especes-exotiques-envahissantes.fr/wp-content/uploads/2013/01/Rapport-final-Exolac.pdf,Bouletreau_et_al,Conséquences de la présence d’espèces non natives sur la structure et le fonctionnement des réseaux trophiques de plans d’eau ,2012,Report,,,,
ID_0232,http://www.especes-exotiques-envahissantes.fr/wp-content/uploads/2013/01/Rapport-final-Exolac.pdf,Bouletreau_et_al,Conséquences de la présence d’espèces non natives sur la structure et le fonctionnement des réseaux trophiques de plans d’eau ,2012,Report,,,,
ID_0233,http://www.especes-exotiques-envahissantes.fr/wp-content/uploads/2013/01/Rapport-final-Exolac.pdf,Bouletreau_et_al,Conséquences de la présence d’espèces non natives sur la structure et le fonctionnement des réseaux trophiques de plans d’eau ,2012,Report,,,,
ID_0234,http://www.especes-exotiques-envahissantes.fr/wp-content/uploads/2013/01/Rapport-final-Exolac.pdf,Bouletreau_et_al,Conséquences de la présence d’espèces non natives sur la structure et le fonctionnement des réseaux trophiques de plans d’eau ,2012,Report,,,,
ID_0235,http://www.especes-exotiques-envahissantes.fr/wp-content/uploads/2013/01/Rapport-final-Exolac.pdf,Bouletreau_et_al,Conséquences de la présence d’espèces non natives sur la structure et le fonctionnement des réseaux trophiques de plans d’eau ,2012,Report,,,,
ID_0236,http://www.especes-exotiques-envahissantes.fr/wp-content/uploads/2013/01/Rapport-final-Exolac.pdf,Bouletreau_et_al,Conséquences de la présence d’espèces non natives sur la structure et le fonctionnement des réseaux trophiques de plans d’eau ,2012,Report,,,,
ID_0237,http://www.especes-exotiques-envahissantes.fr/wp-content/uploads/2013/01/Rapport-final-Exolac.pdf,Bouletreau_et_al,Conséquences de la présence d’espèces non natives sur la structure et le fonctionnement des réseaux trophiques de plans d’eau ,2012,Report,,,,
ID_0238,http://www.especes-exotiques-envahissantes.fr/wp-content/uploads/2013/01/Rapport-final-Exolac.pdf,Bouletreau_et_al,Conséquences de la présence d’espèces non natives sur la structure et le fonctionnement des réseaux trophiques de plans d’eau ,2012,Report,,,,
ID_0239,http://www.especes-exotiques-envahissantes.fr/wp-content/uploads/2013/01/Rapport-final-Exolac.pdf,Bouletreau_et_al,Conséquences de la présence d’espèces non natives sur la structure et le fonctionnement des réseaux trophiques de plans d’eau ,2012,Report,,,,
ID_0240,http://www.especes-exotiques-envahissantes.fr/wp-content/uploads/2013/01/Rapport-final-Exolac.pdf,Bouletreau_et_al,Conséquences de la présence d’espèces non natives sur la structure et le fonctionnement des réseaux trophiques de plans d’eau ,2012,Report,,,,
ID_0241,http://www.especes-exotiques-envahissantes.fr/wp-content/uploads/2013/01/Rapport-final-Exolac.pdf,Bouletreau_et_al,Conséquences de la présence d’espèces non natives sur la structure et le fonctionnement des réseaux trophiques de plans d’eau ,2012,Report,,,,
ID_0242,http://www.especes-exotiques-envahissantes.fr/wp-content/uploads/2013/01/Rapport-final-Exolac.pdf,Bouletreau_et_al,Conséquences de la présence d’espèces non natives sur la structure et le fonctionnement des réseaux trophiques de plans d’eau ,2012,Report,,,,
ID_0243,http://www.especes-exotiques-envahissantes.fr/wp-content/uploads/2013/01/Rapport-final-Exolac.pdf,Bouletreau_et_al,Conséquences de la présence d’espèces non natives sur la structure et le fonctionnement des réseaux trophiques de plans d’eau ,2012,Report,,,,
ID_0244,http://www.especes-exotiques-envahissantes.fr/wp-content/uploads/2013/01/Rapport-final-Exolac.pdf,Bouletreau_et_al,Conséquences de la présence d’espèces non natives sur la structure et le fonctionnement des réseaux trophiques de plans d’eau ,2012,Report,,,,
ID_0245,http://www.especes-exotiques-envahissantes.fr/wp-content/uploads/2013/01/Rapport-final-Exolac.pdf,Bouletreau_et_al,Conséquences de la présence d’espèces non natives sur la structure et le fonctionnement des réseaux trophiques de plans d’eau ,2012,Report,,,,
ID_0246,https://doi.org/10.1577/T08-158.1,Overman_et_al,Differing Forage Fish Assemblages Influence Trophic Structure in Neighboring Urban Lakes,2009,Article,,,,
ID_0247,https://doi.org/10.1007/PL00013196,Wantzen_et_al,Seasonal isotopic shifts in fish of the Pantanal wetland,,,,,,
ID_0248,https://doi.org/10.1007/PL00013196,Wantzen_et_al,Seasonal isotopic shifts in fish of the Pantanal wetland,,,,,,
ID_0249,https://doi.org/10.1071/MF09202,Rayner_et_al,Food web dynamics in an Australian Wet Tropics river,2010,Article,,,,
ID_0250,https://doi.org/10.1071/MF09202,Rayner_et_al,Food web dynamics in an Australian Wet Tropics river,2010,Article,,,,
ID_0251,https://www.semanticscholar.org/paper/An-evaluation-of-the-fish-community-of-Cutler-and-Budy-Dahle/26d648e9046cdfcd77b5f2f0186517a663eb3a60,Budy_et_al,An evaluation of the fish community of Cutler Reservoir and the Bear River above the reservoir with consideration of the potential for future fisheries enhancement,2007,Report,,,,
ID_0252,https://doi.org/10.1111/j.1365-2427.2010.02494.x,Jones_and_Grey,Biogenic methane in freshwater food webs,2011,Article,,,,
ID_0253,https://doi.org/10.1111/j.1365-2427.2011.02708.x,Hunt_et_al,Temporal and spatial variation in ecosystem metabolism and food web carbon transfer in a wet-dry tropical river,2012,Article,,,,
ID_0254,https://doi.org/10.1111/j.1365-2427.2011.02708.x,Hunt_et_al,Temporal and spatial variation in ecosystem metabolism and food web carbon transfer in a wet-dry tropical river,2012,Article,,,,
ID_0255,https://doi.org/10.1111/j.1365-2427.2011.02708.x,Hunt_et_al,Temporal and spatial variation in ecosystem metabolism and food web carbon transfer in a wet-dry tropical river,2012,Article,,,,
ID_0256,https://doi.org/10.1111/j.1365-2427.2011.02708.x,Hunt_et_al,Temporal and spatial variation in ecosystem metabolism and food web carbon transfer in a wet-dry tropical river,2012,Article,,,,
ID_0257,https://doi.org/10.1111/j.1365-2427.2011.02708.x,Hunt_et_al,Temporal and spatial variation in ecosystem metabolism and food web carbon transfer in a wet-dry tropical river,2012,Article,,,,
ID_0258,https://doi.org/10.1007/s00442-011-2148-0,Jardine_et_al,Fish mediate high food web connectivity in the lower reaches of a tropical floodplain river,2012,Article,,,,
ID_0259,https://doi.org/10.1007/s00442-011-2148-0,Jardine_et_al,Fish mediate high food web connectivity in the lower reaches of a tropical floodplain river,2012,Article,,,,
ID_0260,https://doi.org/10.1016/j.scitotenv.2011.11.060,Kwon_et_al,Mercury biomagnification in the food web of a neotropical stream,2012,Article,,,,
ID_0261,https://wrrc.arizona.edu/sites/wrrc.cals.arizona.edu/files/2022-03/MercurySourceFingerprintingProject.pdf,Gremillion_and_Ketterer,Mercury Source Fingerprinting in Arid Lands Aquatic Ecosystems ,2009,Report,,,,
ID_0262,No web link - poster - Michael A Pingram,Pingram_et_al,Food webs in New Zealand's longest tiver. Spatial patterns of 13C and 15N stable isotopes,2011,Poster,,,,
ID_0263,No web link - poster - Michael A Pingram,Pingram_et_al,Food webs in New Zealand's longest tiver. Spatial patterns of 13C and 15N stable isotopes,2011,Poster,,,,
ID_0264,No web link - poster - Michael A Pingram,Pingram_et_al,Food webs in New Zealand's longest tiver. Spatial patterns of 13C and 15N stable isotopes,2011,Poster,,,,
ID_0265,No web link - poster - Michael A Pingram,Pingram_et_al,Food webs in New Zealand's longest tiver. Spatial patterns of 13C and 15N stable isotopes,2011,Poster,,,,
ID_0266,No web link - poster - Michael A Pingram,Pingram_et_al,Food webs in New Zealand's longest tiver. Spatial patterns of 13C and 15N stable isotopes,2011,Poster,,,,
ID_0267,No web link - poster - Michael A Pingram,Pingram_et_al,Food webs in New Zealand's longest tiver. Spatial patterns of 13C and 15N stable isotopes,2011,Poster,,,,
ID_0268,No web link - poster - Michael A Pingram,Pingram_et_al,Food webs in New Zealand's longest tiver. Spatial patterns of 13C and 15N stable isotopes,2011,Poster,,,,
ID_0269,No web link - poster - Michael A Pingram,Pingram_et_al,Food webs in New Zealand's longest tiver. Spatial patterns of 13C and 15N stable isotopes,2011,Poster,,,,
ID_0270,https://doi.org/10.1111/eff.12002,Burress_et_al,Isotopic trophic guild structure of a diverse subtropical South American fish community,2012,Article,,,,
ID_0271,http://hdl.handle.net/10211.3/10211.4_318,Layhee,Employing Stable Isotopes to Investigate the Impacts of Invasive Species on Hawaiian Stream Food Webs,2011,Thesis_MS,,,,
ID_0272,http://hdl.handle.net/10211.3/10211.4_318,Layhee,Employing Stable Isotopes to Investigate the Impacts of Invasive Species on Hawaiian Stream Food Webs,2011,Thesis_MS,,,,
ID_0273,http://hdl.handle.net/10211.3/10211.4_318,Layhee,Employing Stable Isotopes to Investigate the Impacts of Invasive Species on Hawaiian Stream Food Webs,2011,Thesis_MS,,,,
ID_0274,http://hdl.handle.net/10211.3/10211.4_318,Layhee,Employing Stable Isotopes to Investigate the Impacts of Invasive Species on Hawaiian Stream Food Webs,2011,Thesis_MS,,,,
ID_0275,http://hdl.handle.net/10211.3/10211.4_318,Layhee,Employing Stable Isotopes to Investigate the Impacts of Invasive Species on Hawaiian Stream Food Webs,2011,Thesis_MS,,,,
ID_0276,http://hdl.handle.net/10211.3/10211.4_318,Layhee,Employing Stable Isotopes to Investigate the Impacts of Invasive Species on Hawaiian Stream Food Webs,2011,Thesis_MS,,,,
ID_0277,https://www.semanticscholar.org/paper/Post-impoundment-population-dynamics-of-non-native-Winker/241b22c65795e3edf662b55650cb700fd4a350fa,Winker,Post-impoundment population dynamics of non-native common carp Cyprinus Carpio in relation to two large native cyprinids in Lake Gariep,,,,,,
ID_0278,https://digitalcommons.usu.edu/cgi/viewcontent.cgi?article=1552&context=etd,Landom,Introduced sport fish and fish conservation in a novel food web: evidence of predatory impact,2010,Thesis_MS,,,,
ID_0279,https://www.semanticscholar.org/paper/Stable-Isotopes-As-Intrinsic-Markers-of-Contaminant-Ofukany/73536061d98151e7738275806af1875f8115ba36,Ofukany,Stable Isotopes As Intrinsic Markers of Contaminant Dynamics in the Lake Winnipeg Food Web,2012,Thesis_MS,,,,
ID_0280,https://www.semanticscholar.org/paper/Stable-Isotopes-As-Intrinsic-Markers-of-Contaminant-Ofukany/73536061d98151e7738275806af1875f8115ba36,Ofukany,Stable Isotopes As Intrinsic Markers of Contaminant Dynamics in the Lake Winnipeg Food Web,2012,Thesis_MS,,,,
ID_0281,https://jyx.jyu.fi/handle/123456789/18300,Mitchell,Food web structure of an Arctic lake (Pulmankijärvi,,,,,,
ID_0282,https://doi.org/10.1899/11-063.1,Turner_and_Edwards,Aquatic foodweb structure of the Rio Grande assessed with stable isotopes,2012,Article,,,,
ID_0283,https://doi.org/10.1899/11-063.1,Turner_and_Edwards,Aquatic foodweb structure of the Rio Grande assessed with stable isotopes,2012,Article,,,,
ID_0284,https://doi.org/10.1899/11-063.1,Turner_and_Edwards,Aquatic foodweb structure of the Rio Grande assessed with stable isotopes,2012,Article,,,,
ID_0285,https://doi.org/10.1899/11-063.1,Turner_and_Edwards,Aquatic foodweb structure of the Rio Grande assessed with stable isotopes,2012,Article,,,,
ID_0286,https://doi.org/10.1899/11-063.1,Turner_and_Edwards,Aquatic foodweb structure of the Rio Grande assessed with stable isotopes,2012,Article,,,,
ID_0287,https://doi.org/10.1899/11-063.1,Turner_and_Edwards,Aquatic foodweb structure of the Rio Grande assessed with stable isotopes,2012,Article,,,,
ID_0288,https://doi.org/10.1016/j.limno.2012.08.009,Arcagni_et_al,Food web structure in a double-basin ultra-oligotrophic lake in Northwest Patagonia,,,,,,
ID_0289,https://doi.org/10.1016/j.limno.2012.08.009,Arcagni_et_al,Food web structure in a double-basin ultra-oligotrophic lake in Northwest Patagonia,,,,,,
ID_0290,https://doi.org/10.1021/es204572g,Perrot_et_al,Higher Mass-Independent Isotope Fractionation of Methylmercury in the Pelagic Food Web of Lake Baikal (Russia),2012,Article,,,,
ID_0291,No web link - PhD thesis - Li Bin,Bin,Ecological studies on the fish food web structures and trophic relationships with stable isotope technology in a tributary in the Three Gorges Reservoir areas,2012,Thesis_PhD,,,,
ID_0292,No web link - PhD thesis - Li Bin,Bin,Ecological studies on the fish food web structures and trophic relationships with stable isotope technology in a tributary in the Three Gorges Reservoir areas,2012,Thesis_PhD,,,,
ID_0293,No web link - PhD thesis - Li Bin,Bin,Ecological studies on the fish food web structures and trophic relationships with stable isotope technology in a tributary in the Three Gorges Reservoir areas,2012,Thesis_PhD,,,,
ID_0294,No web link - PhD thesis - Li Bin,Bin,Ecological studies on the fish food web structures and trophic relationships with stable isotope technology in a tributary in the Three Gorges Reservoir areas,2012,Thesis_PhD,,,,
ID_0295,No web link - PhD thesis - Li Bin,Bin,Ecological studies on the fish food web structures and trophic relationships with stable isotope technology in a tributary in the Three Gorges Reservoir areas,2012,Thesis_PhD,,,,
ID_0296,No web link - PhD thesis - Li Bin,Bin,Ecological studies on the fish food web structures and trophic relationships with stable isotope technology in a tributary in the Three Gorges Reservoir areas,2012,Thesis_PhD,,,,
ID_0297,https://doi.org/10.1016/j.aquaculture.2012.04.030,Gondwe_et_al,Tracing the flux of aquaculture-derived organic wastes in the southeast arm of Lake Malawi using carbon and nitrogen stable isotopes,2012,Article,,,,
ID_0298,https://doi.org/10.1007/s10750-012-1171-4,Newbrey_et_al,Trophic relationships of two species of grebe on a prairie lake based on stable isotope analysis,2012,Article,,,,
ID_0299,https://doi.org/10.1016/j.jglr.2012.09.001,Poste_et_al,Food web structure and mercury trophodynamics in two contrasting embayments in northern Lake Victoria,2012,Article,,,,
ID_0300,https://doi.org/10.1016/j.jglr.2012.09.001,Poste_et_al,Food web structure and mercury trophodynamics in two contrasting embayments in northern Lake Victoria,2012,Article,,,,
ID_0301,https://doi.org/10.1111/fwb.12014,Rush_et_al,Long-term impacts of invasive species on a native top predator in a large lake system,2012,Article,,,,
ID_0302,https://doi.org/10.1111/fwb.12014,Rush_et_al,Long-term impacts of invasive species on a native top predator in a large lake system,2012,Article,,,,
ID_0303,https://doi.org/10.1111/fwb.12014,Rush_et_al,Long-term impacts of invasive species on a native top predator in a large lake system,2012,Article,,,,
ID_0304,https://doi.org/10.1016/j.scitotenv.2012.10.055,Ryan_et_al,Biotic interactions in temporal trends (1992–2010) of organochlorine contaminants in the aquatic food web of Lake Laberge,,,,,,
ID_0305,https://doi.org/10.1016/j.scitotenv.2012.10.055,Ryan_et_al,Biotic interactions in temporal trends (1992–2010) of organochlorine contaminants in the aquatic food web of Lake Laberge,,,,,,
ID_0306,https://doi.org/10.1016/j.scitotenv.2012.10.055,Ryan_et_al,Biotic interactions in temporal trends (1992–2010) of organochlorine contaminants in the aquatic food web of Lake Laberge,,,,,,
ID_0307,https://doi.org/10.1007/s10641-011-9911-2,Yasuno_et_al,Size-dependent ontogenetic diet shifts to piscivory documented from stable isotope analyses in an introduced population of largemouth bass,2011,Article,,,,
ID_0308,https://doi.org/10.1007/s10641-011-9911-2,Yasuno_et_al,Size-dependent ontogenetic diet shifts to piscivory documented from stable isotope analyses in an introduced population of largemouth bass,2011,Article,,,,
ID_0309,https://doi.org/10.1007/s10641-011-9911-2,Yasuno_et_al,Size-dependent ontogenetic diet shifts to piscivory documented from stable isotope analyses in an introduced population of largemouth bass,2011,Article,,,,
ID_0310,https://doi.org/10.1007/s10641-011-9911-2,Yasuno_et_al,Size-dependent ontogenetic diet shifts to piscivory documented from stable isotope analyses in an introduced population of largemouth bass,2011,Article,,,,
ID_0311,https://www.sciencedirect.com/science/article/abs/pii/S0165783612001993,Zhang_et_al,Trophic level changes of fishery catches in Lake Chaohu,,,,,,
ID_0312,https://libres.uncg.edu/ir/asu/f/Burress,,,,,,,,
ID_0313,https://www.semanticscholar.org/paper/Microcystin-in-Ugandan-lakes%3A-Production-dynamics%2C-Poste/effb2febf441816ab07330f27d5a3db587646c0d,Poste,Microcystin in Ugandan lakes: Production dynamics,,,,,,
ID_0314,https://www.semanticscholar.org/paper/Microcystin-in-Ugandan-lakes%3A-Production-dynamics%2C-Poste/effb2febf441816ab07330f27d5a3db587646c0d,Poste,Microcystin in Ugandan lakes: Production dynamics,,,,,,
ID_0315,https://www.semanticscholar.org/paper/Microcystin-in-Ugandan-lakes%3A-Production-dynamics%2C-Poste/effb2febf441816ab07330f27d5a3db587646c0d,Poste,Microcystin in Ugandan lakes: Production dynamics,,,,,,
ID_0316,https://www.semanticscholar.org/paper/Microcystin-in-Ugandan-lakes%3A-Production-dynamics%2C-Poste/effb2febf441816ab07330f27d5a3db587646c0d,Poste,Microcystin in Ugandan lakes: Production dynamics,,,,,,
ID_0317,https://www.semanticscholar.org/paper/Microcystin-in-Ugandan-lakes%3A-Production-dynamics%2C-Poste/effb2febf441816ab07330f27d5a3db587646c0d,Poste,Microcystin in Ugandan lakes: Production dynamics,,,,,,
ID_0318,https://www.ecologica.cn/stxb/article/abstract/20090314,Wang_et_al,Food web structure of Poyang Lake during the dry season by stable carbon and nitrogen isotopes analysis,2009,Article,,,,
ID_0319,https://www.ecologica.cn/stxb/article/abstract/20090314,Wang_et_al,Food web structure of Poyang Lake during the dry season by stable carbon and nitrogen isotopes analysis,2009,Article,,,,
ID_0320,https://www.ecologica.cn/stxb/article/abstract/20090314,Wang_et_al,Food web structure of Poyang Lake during the dry season by stable carbon and nitrogen isotopes analysis,2009,Article,,,,
ID_0321,https://www.ecologica.cn/stxb/article/abstract/20090314,Wang_et_al,Food web structure of Poyang Lake during the dry season by stable carbon and nitrogen isotopes analysis,2009,Article,,,,
ID_0322,https://doi.org/10.1111/fwb.12052,Eloranta_et_al,Niche segregation of coexisting Arctic charr (Salvelinus alpinus) and brown trout (Salmo trutta) constrains food web coupling in subarctic lakes,2012,Article,,,,
ID_0323,https://doi.org/10.1111/fwb.12056,Freedman_et_al,Gravel dredging alters diversity and structure of riverine fish assemblages,2012,Article,,,,
ID_0324,https://doi.org/10.1111/fwb.12056,Freedman_et_al,Gravel dredging alters diversity and structure of riverine fish assemblages,2012,Article,,,,
ID_0325,https://doi.org/10.1016/j.scitotenv.2012.08.057,Kidd_et_al,Biomagnification of mercury through lake trout (Salvelinus namaycush) food webs of lakes with different physical,,,,,,
ID_0326,https://doi.org/10.26076/9ba5-9efa,Walsworth,Analysis of Food Web Effects of Non-Native Fishes and Evaluation of Stream Restoration Potential for the San Rafael River,,,,,,
ID_0327,https://doi.org/10.26076/9ba5-9efa,Walsworth,Analysis of Food Web Effects of Non-Native Fishes and Evaluation of Stream Restoration Potential for the San Rafael River,,,,,,
ID_0328,https://doi.org/10.1007/s10750-012-1408-2,Pingram_et_al,Spatial and temporal patterns of carbon flow in a temperate,,,,,,
ID_0329,https://doi.org/10.1007/s10750-012-1408-2,Pingram_et_al,Spatial and temporal patterns of carbon flow in a temperate,,,,,,
ID_0330,https://doi.org/10.1007/s10750-012-1408-2,Pingram_et_al,Spatial and temporal patterns of carbon flow in a temperate,,,,,,
ID_0331,https://doi.org/10.1007/s10750-012-1408-2,Pingram_et_al,Spatial and temporal patterns of carbon flow in a temperate,,,,,,
ID_0332,https://doi.org/10.1007/s10750-012-1408-2,Pingram_et_al,Spatial and temporal patterns of carbon flow in a temperate,,,,,,
ID_0333,https://doi.org/10.1080/02705060.2012.656714,Wang_et_al,Temporal variation of energy sources in a floodplain lake fish community,2012,Article,,,,
ID_0334,https://doi.org/10.1080/02705060.2012.656714,Wang_et_al,Temporal variation of energy sources in a floodplain lake fish community,2012,Article,,,,
ID_0335,https://search.worldcat.org/fr/title/649052498,Daniel,Impact of urbanization on fish diversity,,,,,,
ID_0336,https://search.worldcat.org/fr/title/649052498,Daniel,Impact of urbanization on fish diversity,,,,,,
ID_0337,https://search.worldcat.org/fr/title/649052498,Daniel,Impact of urbanization on fish diversity,,,,,,
ID_0338,https://doi.org/10.1017/S0266467411000277,Winemiller_et_al,Food-web structure of coastal streams in Costa Rica revealed by dietary and stable isotope analyses,2011,Article,,,,
ID_0339,https://doi.org/10.1017/S0266467411000277,Winemiller_et_al,Food-web structure of coastal streams in Costa Rica revealed by dietary and stable isotope analyses,2011,Article,,,,
ID_0340,https://doi.org/10.1017/S0266467411000277,Winemiller_et_al,Food-web structure of coastal streams in Costa Rica revealed by dietary and stable isotope analyses,2011,Article,,,,
ID_0341,https://doi.org/10.1017/S0266467411000277,Winemiller_et_al,Food-web structure of coastal streams in Costa Rica revealed by dietary and stable isotope analyses,2011,Article,,,,
ID_0342,https://search.worldcat.org/fr/title/267071299?oclcNum=267071299,Hanson,Mercury concentrations and trophic interactions of fish species in southwestern New Brunswick lakes,2004,Thesis_MS,,,,
ID_0343,https://search.worldcat.org/fr/title/267071299?oclcNum=267071299,Hanson,Mercury concentrations and trophic interactions of fish species in southwestern New Brunswick lakes,2004,Thesis_MS,,,,
ID_0344,https://search.worldcat.org/fr/title/267071299?oclcNum=267071299,Hanson,Mercury concentrations and trophic interactions of fish species in southwestern New Brunswick lakes,2004,Thesis_MS,,,,
ID_0345,https://search.worldcat.org/fr/title/267071299?oclcNum=267071299,Hanson,Mercury concentrations and trophic interactions of fish species in southwestern New Brunswick lakes,2004,Thesis_MS,,,,
ID_0346,https://search.worldcat.org/fr/title/267071299?oclcNum=267071299,Hanson,Mercury concentrations and trophic interactions of fish species in southwestern New Brunswick lakes,2004,Thesis_MS,,,,
ID_0347,https://search.worldcat.org/fr/title/267071299?oclcNum=267071299,Hanson,Mercury concentrations and trophic interactions of fish species in southwestern New Brunswick lakes,2004,Thesis_MS,,,,
ID_0348,https://search.worldcat.org/fr/title/267071299?oclcNum=267071299,Hanson,Mercury concentrations and trophic interactions of fish species in southwestern New Brunswick lakes,2004,Thesis_MS,,,,
ID_0349,https://summit.sfu.ca/item/7586,Leslie,Use of stable isotope analysis to describe fish food webs in a hydroelectric reservoir,2000,Thesis_MS,,,,
ID_0350,https://summit.sfu.ca/item/7586,Leslie,Use of stable isotope analysis to describe fish food webs in a hydroelectric reservoir,2000,Thesis_MS,,,,
ID_0351,https://summit.sfu.ca/item/7586,Leslie,Use of stable isotope analysis to describe fish food webs in a hydroelectric reservoir,2000,Thesis_MS,,,,
ID_0352,http://hdl.handle.net/11250/2438888,Moreno-Vicente,Mercury,,,,,,
ID_0353,https://doi.org/10.3133/ds705,Beaulieu_et_al,Mercury bioaccumulation studies in the National Water-Quality Assessment Program--biological data from New York and South Carolina,,,,,,
ID_0354,https://doi.org/10.3133/ds705,Beaulieu_et_al,Mercury bioaccumulation studies in the National Water-Quality Assessment Program--biological data from New York and South Carolina,,,,,,
ID_0355,https://doi.org/10.3133/ds705,Beaulieu_et_al,Mercury bioaccumulation studies in the National Water-Quality Assessment Program--biological data from New York and South Carolina,,,,,,
ID_0356,https://doi.org/10.3133/ds705,Beaulieu_et_al,Mercury bioaccumulation studies in the National Water-Quality Assessment Program--biological data from New York and South Carolina,,,,,,
ID_0357,https://doi.org/10.3133/ds705,Beaulieu_et_al,Mercury bioaccumulation studies in the National Water-Quality Assessment Program--biological data from New York and South Carolina,,,,,,
ID_0358,https://doi.org/10.3133/ds705,Beaulieu_et_al,Mercury bioaccumulation studies in the National Water-Quality Assessment Program--biological data from New York and South Carolina,,,,,,
ID_0359,https://doi.org/10.3133/ds705,Beaulieu_et_al,Mercury bioaccumulation studies in the National Water-Quality Assessment Program--biological data from New York and South Carolina,,,,,,
ID_0360,https://doi.org/10.3133/ds705,Beaulieu_et_al,Mercury bioaccumulation studies in the National Water-Quality Assessment Program--biological data from New York and South Carolina,,,,,,
ID_0361,https://doi.org/10.3133/ds705,Beaulieu_et_al,Mercury bioaccumulation studies in the National Water-Quality Assessment Program--biological data from New York and South Carolina,,,,,,
ID_0362,https://doi.org/10.3133/ds705,Beaulieu_et_al,Mercury bioaccumulation studies in the National Water-Quality Assessment Program--biological data from New York and South Carolina,,,,,,
ID_0363,https://doi.org/10.3133/ds705,Beaulieu_et_al,Mercury bioaccumulation studies in the National Water-Quality Assessment Program--biological data from New York and South Carolina,,,,,,
ID_0364,https://doi.org/10.3133/ds705,Beaulieu_et_al,Mercury bioaccumulation studies in the National Water-Quality Assessment Program--biological data from New York and South Carolina,,,,,,
ID_0365,https://doi.org/10.3133/ds705,Beaulieu_et_al,Mercury bioaccumulation studies in the National Water-Quality Assessment Program--biological data from New York and South Carolina,,,,,,
ID_0366,https://doi.org/10.3133/ds705,Beaulieu_et_al,Mercury bioaccumulation studies in the National Water-Quality Assessment Program--biological data from New York and South Carolina,,,,,,
ID_0367,https://doi.org/10.3133/ds705,Beaulieu_et_al,Mercury bioaccumulation studies in the National Water-Quality Assessment Program--biological data from New York and South Carolina,,,,,,
ID_0368,https://doi.org/10.3133/ds705,Beaulieu_et_al,Mercury bioaccumulation studies in the National Water-Quality Assessment Program--biological data from New York and South Carolina,,,,,,
ID_0369,https://doi.org/10.3133/ds705,Beaulieu_et_al,Mercury bioaccumulation studies in the National Water-Quality Assessment Program--biological data from New York and South Carolina,,,,,,
ID_0370,https://doi.org/10.3133/ds705,Beaulieu_et_al,Mercury bioaccumulation studies in the National Water-Quality Assessment Program--biological data from New York and South Carolina,,,,,,
ID_0371,https://doi.org/10.3133/ds705,Beaulieu_et_al,Mercury bioaccumulation studies in the National Water-Quality Assessment Program--biological data from New York and South Carolina,,,,,,
ID_0372,https://doi.org/10.3133/ds705,Beaulieu_et_al,Mercury bioaccumulation studies in the National Water-Quality Assessment Program--biological data from New York and South Carolina,,,,,,
ID_0373,https://www.semanticscholar.org/paper/Trophic-niche-of-arctic-charr-(Salvelinus-alpinus)-Nieminen/9125568ed49c27d50fdd8458c3ffb82715cb5ab6,Nieminen,Trophic niche of arctic charr (Salvelinus alpinus) coexisting with lake trout (Salvelinus namaycush) and european whitefish (Coregonus lavaretus) in two divergent subarctic lakes,2012,Thesis_MS,,,,
ID_0374,https://doi.org/10.3133/sir20105235,Moring,Polychlorinated biphenyls in aquatic invertebrates and fish and observations about nitrogen and carbon isotope composition in relation to trophic structure and bioaccumulation patterns,,,,,,
ID_0375,https://doi.org/10.3133/ds705,Beaulieu_et_al,Mercury bioaccumulation studies in the National Water-Quality Assessment Program--biological data from New York and South Carolina,,,,,,
ID_0376,https://doi.org/10.3133/ds705,Beaulieu_et_al,Mercury bioaccumulation studies in the National Water-Quality Assessment Program--biological data from New York and South Carolina,,,,,,
ID_0377,https://tede.ufam.edu.br/handle/tede/4758,Almeida-Santos,Estrutura trófica de peixes do Lago Grande,,,,,,
ID_0378,https://doi.org/10.1071/MF06127,Huang_et_al,Food web structure of a subtropical headwater stream,2007,Article,,,,
ID_0379,https://files.cfc.umt.edu/cesu/NPS/CSU/2010/10Johnson_CURE_lake%20trout%20predation_final_report.pdf,Pate_and_Johnson,Tracking Lake Trout Diet and Trophic Interactions in Blue Mesa Reservoir Using Stomach Contents and Stable Isotopes ,2010,Thesis_MS,,,,
ID_0380,https://files.cfc.umt.edu/cesu/NPS/CSU/2010/10Johnson_CURE_lake%20trout%20predation_final_report.pdf,Pate_and_Johnson,Tracking Lake Trout Diet and Trophic Interactions in Blue Mesa Reservoir Using Stomach Contents and Stable Isotopes ,2010,Thesis_MS,,,,
ID_0381,https://doi.org/10.1093/condor/106.3.638,Paszkowski_et_al,Trophic Relations of the Red-Necked Grebe on Lakes in the Western Boreal Forest: A Stable-Isotope Analysis,2004,Article,,,,
ID_0382,https://niva.brage.unit.no/niva-xmlui/handle/11250/216229,Rosseland_and_Borgstrøm,Stable isotopes of N and C are needed to understand mercury levels in different fish communities ,2012,Report,,,,
ID_0383,http://hdl.handle.net/1974/7782,Poulopoulos,Long-term changes to food web structures and mercury biomagnification in three large,,,,,,
ID_0384,http://hdl.handle.net/1974/7782,Poulopoulos,Long-term changes to food web structures and mercury biomagnification in three large,,,,,,
ID_0385,http://hdl.handle.net/1974/7782,Poulopoulos,Long-term changes to food web structures and mercury biomagnification in three large,,,,,,
ID_0386,http://hdl.handle.net/1974/7782,Poulopoulos,Long-term changes to food web structures and mercury biomagnification in three large,,,,,,
ID_0387,http://hdl.handle.net/1974/7782,Poulopoulos,Long-term changes to food web structures and mercury biomagnification in three large,,,,,,
ID_0388,http://hdl.handle.net/1974/7782,Poulopoulos,Long-term changes to food web structures and mercury biomagnification in three large,,,,,,
ID_0389,http://hdl.handle.net/10355/35443,Spurgeon,Translocation of humpback chub (Gila cypha) and food-web dynamics in Grand Canyon National Park tributary streams,2012,Thesis_MS,,,,
ID_0390,http://qmro.qmul.ac.uk/xmlui/handle/123456789/2424,Laws,Conduits of contamination to contemporary food webs of the Norfolk Broads,2011,Thesis_PhD,,,,
ID_0391,http://qmro.qmul.ac.uk/xmlui/handle/123456789/2424,Laws,Conduits of contamination to contemporary food webs of the Norfolk Broads,2011,Thesis_PhD,,,,
ID_0392,http://qmro.qmul.ac.uk/xmlui/handle/123456789/2424,Laws,Conduits of contamination to contemporary food webs of the Norfolk Broads,2011,Thesis_PhD,,,,
ID_0393,http://qmro.qmul.ac.uk/xmlui/handle/123456789/2424,Laws,Conduits of contamination to contemporary food webs of the Norfolk Broads,2011,Thesis_PhD,,,,
ID_0394,http://qmro.qmul.ac.uk/xmlui/handle/123456789/2424,Laws,Conduits of contamination to contemporary food webs of the Norfolk Broads,2011,Thesis_PhD,,,,
ID_0395,http://qmro.qmul.ac.uk/xmlui/handle/123456789/2424,Laws,Conduits of contamination to contemporary food webs of the Norfolk Broads,2011,Thesis_PhD,,,,
ID_0396,http://hdl.handle.net/10294/3650,Doucette,Dietary Niche and Foraging Ecology of a Generalist Predator,,,,,,
ID_0397,http://hdl.handle.net/10294/3650,Doucette,Dietary Niche and Foraging Ecology of a Generalist Predator,,,,,,
ID_0398,http://hdl.handle.net/10294/3650,Doucette,Dietary Niche and Foraging Ecology of a Generalist Predator,,,,,,
ID_0399,http://hdl.handle.net/10294/3650,Doucette,Dietary Niche and Foraging Ecology of a Generalist Predator,,,,,,
ID_0400,https://doi.org/10.1111/fme.12012,Murdoch_et_al,Assessing the food web impacts of an anadromous Arctic charr introduction to a sub-Arctic watershed using stable isotopes,2013,Article,,,,
ID_0401,https://fisheries.org/doi/9781934874141-ch17/,Copp_et_al,Aliens versus the Natives: Interactions between Introduced Pumpkinseed and Indigenous Brown Trout in Small Streams of Southern England,2010,Book,,,,
ID_0402,https://fisheries.org/doi/9781934874141-ch17/,Copp_et_al,Aliens versus the Natives: Interactions between Introduced Pumpkinseed and Indigenous Brown Trout in Small Streams of Southern England,2010,Book,,,,
ID_0403,https://fisheries.org/doi/9781934874141-ch17/,Copp_et_al,Aliens versus the Natives: Interactions between Introduced Pumpkinseed and Indigenous Brown Trout in Small Streams of Southern England,2010,Book,,,,
ID_0404,https://doi.org/10.1006/jasc.1998.0382,Katzenberg_and_Weber,Stable Isotope Ecology and Palaeodiet in the Lake Baikal Region of Siberia,1999,Article,,,,
ID_0405,No web link - report - Andrew Storey,Storey,Comparison of carbon sources supporting aquatic food webs above and below  D'Albertis Junction,2005,Report,,,,
ID_0406,No web link - report - Andrew Storey,Storey,Comparison of carbon sources supporting aquatic food webs above and below  D'Albertis Junction,2005,Report,,,,
ID_0407,No web link - report - Andrew Storey,Storey,Comparison of carbon sources supporting aquatic food webs above and below  D'Albertis Junction,2006,Report,,,,
ID_0408,No web link - report - Andrew Storey,Storey,Comparison of carbon sources supporting aquatic food webs above and below  D'Albertis Junction,2006,Report,,,,
ID_0409,No web link - report - Andrew Storey,Storey,Comparison of carbon sources supporting aquatic food webs above and below  D'Albertis Junction,2006,Report,,,,
ID_0410,No web link - report - Andrew Storey,Storey,Comparison of carbon sources supporting aquatic food webs above and below  D'Albertis Junction,2006,Report,,,,
ID_0411,No web link - report - Andrew Storey,Storey,Comparison of carbon sources supporting aquatic food webs above and below  D'Albertis Junction,2006,Report,,,,
ID_0412,No web link - report - Andrew Storey,Storey,Comparison of carbon sources supporting aquatic food webs above and below  D'Albertis Junction,2006,Report,,,,
ID_0413,No web link - report - Andrew Storey,Storey,Comparison of carbon sources supporting aquatic food webs above and below  D'Albertis Junction,2006,Report,,,,
ID_0414,No web link - report - Andrew Storey,Storey,Comparison of carbon sources supporting aquatic food webs above and below  D'Albertis Junction,2006,Report,,,,
ID_0415,https://doi.org/10.1002/rra.1396,Winemiller_et_al,Stable isotope analysis reveals food web structure and watershed impacts along the fluvial gradient of a Mesoamerican coastal river,2010,Article,,,,
ID_0416,https://doi.org/10.1111/fwb.12957,Jackson_et_al,Between-lake variation in the trophic ecology of an invasive crayfish,2017,Article,,,,
ID_0417,https://doi.org/10.1111/fwb.12957,Jackson_et_al,Between-lake variation in the trophic ecology of an invasive crayfish,2017,Article,,,,
ID_0418,https://theses.hal.science/tel-00139878,Perga,Origine et flux de carbone dans les réseaux trophiques lacustres : Etude par analyse de la composition en isotopes stables du carbone et de l'azote du zooplancton et des poissons,2004,Thesis_PhD,,,,
ID_0419,https://theses.hal.science/tel-00139878,Perga,Origine et flux de carbone dans les réseaux trophiques lacustres : Etude par analyse de la composition en isotopes stables du carbone et de l'azote du zooplancton et des poissons,2004,Thesis_PhD,,,,
ID_0420,https://researchcommons.waikato.ac.nz/handle/10289/3809,Brij_et_al,Abundance of mysid shrimp (Tenagomysis chiltoni) in shallow lakes in the Waikato region and implications for fish diet,2009,Report,,,,
ID_0421,https://doi.org/10.1016/j.scitotenv.2011.09.008,Deribe_et_al,Bioaccumulation of persistent organic pollutants (POPs) in fish species from Lake Koka,,,,,,
ID_0422,https://iiseagrant.org/research-project/impacts-of-invasive-asian-carp-on-native-food-webs/,Freedman_et_al,Impacts of Invasive Asian Carps on Native Food Webs ,2012,Report,,,,
ID_0423,https://iiseagrant.org/research-project/impacts-of-invasive-asian-carp-on-native-food-webs/,Freedman_et_al,Impacts of Invasive Asian Carps on Native Food Webs ,2012,Report,,,,
ID_0424,https://iiseagrant.org/research-project/impacts-of-invasive-asian-carp-on-native-food-webs/,Freedman_et_al,Impacts of Invasive Asian Carps on Native Food Webs ,2012,Report,,,,
ID_0425,https://iiseagrant.org/research-project/impacts-of-invasive-asian-carp-on-native-food-webs/,Freedman_et_al,Impacts of Invasive Asian Carps on Native Food Webs ,2012,Report,,,,
ID_0426,https://doi.org/10.1016/j.watres.2013.10.024,Garcia-Bravo_et_al,Extremely elevated methyl mercury levels in water,,,,,,
ID_0427,https://doi.org/10.1016/j.scitotenv.2004.12.009,Gustin_et_al,Anthropogenic impacts on mercury concentrations and nitrogen and carbon isotope ratios in fish muscle tissue of the Truckee River watershed,,,,,,
ID_0428,https://doi.org/10.1016/j.scitotenv.2004.12.009,Gustin_et_al,Anthropogenic impacts on mercury concentrations and nitrogen and carbon isotope ratios in fish muscle tissue of the Truckee River watershed,,,,,,
ID_0429,http://hdl.handle.net/10012/4377,Ryman,Spatial and temporal food web dynamics of a contaminated Lake Ontario embayment,,,,,,
ID_0430,http://hdl.handle.net/10012/4377,Ryman,Spatial and temporal food web dynamics of a contaminated Lake Ontario embayment,,,,,,
ID_0431,http://hdl.handle.net/10012/4377,Ryman,Spatial and temporal food web dynamics of a contaminated Lake Ontario embayment,,,,,,
ID_0432,https://www.researchgate.net/publication/264375859_Use_of_stable_isotopes_and_mercury_to_assess_trophic_positions_of_black_carp_and_other_large_fishes_in_the_Red-Atchafalaya_River_system_Louisiana_USA,Nico_et_al,Use of stable isotopes and mercury to assess trophic positions of black carp and other large fishes in the Red-Atchafalaya River system,,,,,,
ID_0433,https://doi.org/10.1007/s10646-013-1158-6,Razavi_et_al,Mercury biomagnification in subtropical reservoir fishes of eastern China,2014,Article,,,,
ID_0434,https://doi.org/10.1111/2041-210X.12546,Soto_et_al,Trace metal accumulation as complementary dietary information for the isotopic analysis of complex food webs,2016,Article,,,,
ID_0435,https://doi.org/10.1007/s10750-005-1904-8,vanRiel_et_al,Trophic Relationships in the Rhine Food Web during Invasion and after Establishment of the Ponto-Caspian Invader Dikerogammarus villosus,2006,Article,,,,
ID_0436,https://doi.org/10.1007/s10750-005-1904-8,vanRiel_et_al,Trophic Relationships in the Rhine Food Web during Invasion and after Establishment of the Ponto-Caspian Invader Dikerogammarus villosus,2006,Article,,,,
ID_0437,https://doi.org/10.1016/j.envpol.2013.09.011,Xu_et_al,Bioaccumulation and trophic transfer of perfluorinated compounds in a eutrophic freshwater food web,2014,Article,,,,
ID_0438,https://doi.org/10.1007/s00442-013-2878-2,Xu_et_al,Contrasting energy pathways at the community level as a consequence of regime shifts,2014,Article,,,,
ID_0439,https://doi.org/10.1007/s00442-013-2878-2,Xu_et_al,Contrasting energy pathways at the community level as a consequence of regime shifts,2014,Article,,,,
ID_0440,https://doi.org/10.1007/s00442-013-2878-2,Xu_et_al,Contrasting energy pathways at the community level as a consequence of regime shifts,2014,Article,,,,
ID_0441,https://journals.co.za/doi/pdf/10.4314/wsa.v39i5.5,Harding_and_Hart,Food-web structure in the hypertrophic Rietvlei Dam based on stable isotope analysis: specific and general implications for reservoir biomanipulation,2013,Article,,,,
ID_0442,https://doi.org/10.1111/jfb.12529,Monroy_et_al,Trophic interactions between native and introduced fish species in a littoral fish community,2014,Article,,,,
ID_0443,https://www.researchgate.net/publication/260751349_Food-web_structure_in_a_subtropical_coastal_lake_How_phylogenetic_constraints_may_affect_species_linkages,Ribeiro-Rodrigues_et_al,Food-web structure in a subtropical coastal lake: How phylogenetic constraints may affect species linkages,2013,Article,,,,
ID_0444,https://doi.org/10.1111/fwb.12957,Jackson_et_al,Between-lake variation in the trophic ecology of an invasive crayfish,2017,Article,,,,
ID_0445,https://doi.org/1866/9103,Ouedraogo,Mercure,,,,,,
ID_0446,https://doi.org/1866/9103,Ouedraogo,Mercure,,,,,,
ID_0447,https://doi.org/1866/9103,Ouedraogo,Mercure,,,,,,
ID_0448,https://doi.org/10.1007/s10750-014-1944-z,Córdova-Tapia_et_al,Trophic niche overlap between native and non-native fishes,2014,Article,,,,
ID_0449,https://doi.org/10.1111/fwb.12957,Jackson_et_al,Between-lake variation in the trophic ecology of an invasive crayfish,2017,Article,,,,
ID_0450,https://doi.org/10.1111/fwb.12957,Jackson_et_al,Between-lake variation in the trophic ecology of an invasive crayfish,2017,Article,,,,
ID_0451,https://doi.org/10.1111/fwb.12957,Jackson_et_al,Between-lake variation in the trophic ecology of an invasive crayfish,2017,Article,,,,
ID_0452,https://doi.org/10.1111/fwb.12957,Jackson_et_al,Between-lake variation in the trophic ecology of an invasive crayfish,2017,Article,,,,
ID_0453,https://doi.org/10.1007/s10750-017-3258-4,Okuda_et_al,Food web properties of the recently constructed,,,,,,
ID_0454,https://doi.org/10.1002/ecs2.1753,Kainz_et_al,Polyunsaturated fatty acids in fishes increase with total lipids irrespective of feeding sources and trophic position,2017,Article,,,,
ID_0455,https://doi.org/10.3389/fenvs.2019.00192,Peel_et_al,Food Web Structure and Trophic Dynamics of a Fish Community in an Ephemeral Floodplain Lake,2019,Article,,,,
ID_0456,https://doi.org/10.1007/s10750-016-2861-0,Iglesias_et_al,Stable isotope analysis confirms substantial differences between subtropical and temperate shallow lake food webs,2017,Article,,,,
ID_0457,https://doi.org/10.1007/s10750-016-2861-0,Iglesias_et_al,Stable isotope analysis confirms substantial differences between subtropical and temperate shallow lake food webs,2017,Article,,,,
ID_0458,https://doi.org/10.1016/j.envres.2016.07.035,Azevedo-Silva_et_al,Mercury biomagnification and the trophic structure of the ichthyofauna from a remote lake in the Brazilian Amazon,2016,Article,,,,
ID_0459,https://doi.org/10.1016/j.scitotenv.2015.04.115,Li_et_al,Mercury bioaccumulation in the food web of Three Gorges Reservoir (China): Tempo-spatial patterns and effect of reservoir management,2015,Article,,,,
ID_0460,https://doi.org/10.1111/eff.12273,Ng_et_al,Stable isotope evaluation of population- and individual-level diet variability in a large,,,,,,
ID_0461,https://doi.org/10.1007/s10452-020-09750-4,Pingram_et_al,Food web characteristics of fish communities across degraded lakes provide insights for management in multi-stressor environments,2020,Article,,,,
ID_0462,https://doi.org/10.1007/s10452-020-09750-4,Pingram_et_al,Food web characteristics of fish communities across degraded lakes provide insights for management in multi-stressor environments,2020,Article,,,,
ID_0463,https://doi.org/10.1007/s10452-020-09750-4,Pingram_et_al,Food web characteristics of fish communities across degraded lakes provide insights for management in multi-stressor environments,2020,Article,,,,
ID_0464,https://doi.org/10.1007/s10452-020-09750-4,Pingram_et_al,Food web characteristics of fish communities across degraded lakes provide insights for management in multi-stressor environments,2020,Article,,,,
ID_0465,https://doi.org/10.1007/s10452-020-09750-4,Pingram_et_al,Food web characteristics of fish communities across degraded lakes provide insights for management in multi-stressor environments,2020,Article,,,,
ID_0466,https://doi.org/10.1007/s10452-020-09750-4,Pingram_et_al,Food web characteristics of fish communities across degraded lakes provide insights for management in multi-stressor environments,2020,Article,,,,
ID_0467,https://doi.org/10.3750/AIP2013.43.2.02,Rakauskas_et_al,Increasing population of the invader round goby,,,,,,
ID_0468,https://doi.org/10.1016/j.fishres.2016.11.016,Sushchik_et_al,Effect of season and trophic level on fatty acid composition and content of four commercial fish species from Krasnoyarsk Reservoir (Siberia,,,,,,
ID_0469,https://doi.org/10.1371/journal.pone.0155562,Syväranta_et_al,Assessing the Utility of Hydrogen,,,,,,
ID_0470,https://doi.org/10.1371/journal.pone.0155562,Syväranta_et_al,Assessing the Utility of Hydrogen,,,,,,
ID_0471,https://doi.org/10.1111/fwb.12723,Thomas_et_al,Food-web structure and mercury dynamics in a large subarctic lake following multiple species introductions,2016,Article,,,,
ID_0472,https://doi.org/10.1002/ecs2.1881,Pool_et_al,Seasonal increases in fish trophic niche plasticity within a flood-pulse river ecosystem (Tonle Sap Lake,,,,,,
ID_0473,http://eprints.bournemouth.ac.uk/21792/,Tran_et_al,Characterizing the trophic niche of non-native psedorasbora parva and the consequences for native fish communities,2014,Thesis_MS,,,,
ID_0474,http://eprints.bournemouth.ac.uk/21792/,Tran_et_al,Characterizing the trophic niche of non-native psedorasbora parva and the consequences for native fish communities,2014,Thesis_MS,,,,
ID_0475,http://eprints.bournemouth.ac.uk/21792/,Tran_et_al,Characterizing the trophic niche of non-native psedorasbora parva and the consequences for native fish communities,2014,Thesis_MS,,,,
ID_0476,http://eprints.bournemouth.ac.uk/21792/,Tran_et_al,Characterizing the trophic niche of non-native psedorasbora parva and the consequences for native fish communities,2014,Thesis_MS,,,,
ID_0477,https://doi.org/10.1016/j.jglr.2015.02.010,Young_et_al,Natural trophic variability in a large,,,,,,
ID_0478,https://doi.org/10.1139/F09-060,Zimmerman_et_al,Ontogenetic niche shifts and resource partitioning of lake trout morphotypes,2009,Article,,,,
ID_0479,https://www.academia.edu/2839845/Movement_patterns_and_trophic_structure_of_a_reservoir_fish_community_assessed_using_stable_isotope_analysis,Freedman,Movement patterns and trophic structure of a reservoir fish community assessed using stable isotope analysis,2001,Thesis_MS,,,,
ID_0480,https://doi.org/10.3390/w9010069,Gao_et_al,Herbivory of Omnivorous Fish Shapes the Food Web Structure of a Chinese Tropical Eutrophic Lake: Evidence from Stable Isotope and Fish Gut Content Analyses,2017,Article,,,,
ID_0481,https://doi.org/10.3390/w9010069,Gao_et_al,Herbivory of Omnivorous Fish Shapes the Food Web Structure of a Chinese Tropical Eutrophic Lake: Evidence from Stable Isotope and Fish Gut Content Analyses,2017,Article,,,,
ID_0482,https://doi.org/10.1016/j.scitotenv.2019.03.134,Xia_et_al,Spatial and interspecies differences in concentrations of eight trace elements in wild freshwater fishes at different trophic levels from middle and eastern China,2019,Article,,,,
ID_0483,https://doi.org/10.1016/j.scitotenv.2019.03.134,Xia_et_al,Spatial and interspecies differences in concentrations of eight trace elements in wild freshwater fishes at different trophic levels from middle and eastern China,2019,Article,,,,
ID_0484,https://doi.org/10.1016/j.scitotenv.2022.155338,Necker_et_al,Drought altered trophic dynamics of an important natural saline lake: A stable isotope approach,2022,Article,,,,
ID_0485,https://doi.org/10.1016/j.scitotenv.2022.155338,Necker_et_al,Drought altered trophic dynamics of an important natural saline lake: A stable isotope approach,2022,Article,,,,
ID_0486,https://doi.org/10.1016/j.envpol.2020.115781,Balzani_et_al,Combining metal and stable isotope analyses to disentangle contaminant transfer in a freshwater community dominated by alien species,2020,Article,,,,
ID_0487,https://doi.org/10.1007/s10641-014-0343-7,Lopes_et_al,Carbon from littoral producers is the major source of energy for bottom-feeding fish in a tropical floodplain,2015,Article,,,,
ID_0488,https://doi.org/10.1007/s10641-020-01033-z,Alonso_et_al,Trophic structure of a fish assemblage in a reference condition river located in a polluted watershed,2020,Article,,,,
ID_0489,https://doi.org/10.1007/s10641-020-01033-z,Alonso_et_al,Trophic structure of a fish assemblage in a reference condition river located in a polluted watershed,2020,Article,,,,
ID_0490,https://doi.org/10.1007/s10641-022-01326-5,Li_et_al,Diet of fishes and food web structure of Lake Langcuo assessed from Tibetan Plateau,,,,,,
ID_0491,https://doi.org/10.1016/j.jes.2021.05.004,Jiang_et_al,Assessment of heavy metal accumulation in freshwater fish of Dongting Lake,,,,,,
ID_0492,https://doi.org/10.1111/jfb.12734,Carvalho_et_al,Isotopic variation in five species of stream fishes under the influence of different land uses,2015,Article,,,,
ID_0493,https://doi.org/10.1111/jfb.12734,Carvalho_et_al,Isotopic variation in five species of stream fishes under the influence of different land uses,2015,Article,,,,
ID_0494,https://doi.org/10.1111/jfb.12734,Carvalho_et_al,Isotopic variation in five species of stream fishes under the influence of different land uses,2015,Article,,,,
ID_0495,https://doi.org/10.1007/s00027-023-00971-x,Andrade_et_al,Food web structure in the Xingu River rapids prior to operation of the Amazon’s largest hydropower plant,2023,Article,,,,
ID_0496,https://doi.org/10.1038/srep25394,Xu_et_al,Linking mercury,,,,,,
ID_0497,https://doi.org/10.1038/srep25394,Xu_et_al,Linking mercury,,,,,,
ID_0498,https://doi.org/10.1016/j.scitotenv.2020.138550,Yang_et_al,Application of stable isotopes to the bioaccumulation and trophic transfer of arsenic in aquatic organisms around a closed realgar mine,2020,Article,,,,
ID_0499,https://doi.org/10.1016/j.scitotenv.2020.138550,Yang_et_al,Application of stable isotopes to the bioaccumulation and trophic transfer of arsenic in aquatic organisms around a closed realgar mine,2020,Article,,,,
ID_0500,https://doi.org/10.1016/j.scitotenv.2020.138550,Yang_et_al,Application of stable isotopes to the bioaccumulation and trophic transfer of arsenic in aquatic organisms around a closed realgar mine,2020,Article,,,,
ID_0501,https://doi.org/10.1007/s10641-021-01199-0,ReisDeCarvalho_et_al,Uncertainty in estimating fish trophic positions and food web structure in highly polluted river basins,2022,Article,,,,
ID_0502,https://doi.org/10.1007/s10641-021-01199-0,ReisDeCarvalho_et_al,Uncertainty in estimating fish trophic positions and food web structure in highly polluted river basins,2022,Article,,,,
ID_0503,https://doi.org/10.1007/s10641-021-01199-0,ReisDeCarvalho_et_al,Uncertainty in estimating fish trophic positions and food web structure in highly polluted river basins,2022,Article,,,,
ID_0504,http://dx.doi.org/10.1016/j.scitotenv.2022.160765,Qadeer_et_al,Influence of habitats and physicochemical factors on trophic transfer processes of antibiotics in a freshwater ecosystem: Application of stable isotopes and human health risks,2023,Article,,,,
ID_0505,https://doi.org/10.1016/j.fooweb.2020.e00181,Hayden_et_al,Functional and trophic diversity of tropical headwater stream communities inferred from carbon,,,,,,
ID_0506,https://doi.org/10.1016/j.fooweb.2020.e00181,Hayden_et_al,Functional and trophic diversity of tropical headwater stream communities inferred from carbon,,,,,,
ID_0507,https://doi.org/10.1016/j.fooweb.2020.e00181,Hayden_et_al,Functional and trophic diversity of tropical headwater stream communities inferred from carbon,,,,,,
ID_0508,https://doi.org/10.1016/j.fooweb.2020.e00181,Hayden_et_al,Functional and trophic diversity of tropical headwater stream communities inferred from carbon,,,,,,
ID_0509,https://doi.org/10.1016/j.fooweb.2020.e00181,Hayden_et_al,Functional and trophic diversity of tropical headwater stream communities inferred from carbon,,,,,,
ID_0510,https://doi.org/10.1016/j.fooweb.2020.e00181,Hayden_et_al,Functional and trophic diversity of tropical headwater stream communities inferred from carbon,,,,,,
ID_0511,https://doi.org/10.1016/j.fooweb.2020.e00181,Hayden_et_al,Functional and trophic diversity of tropical headwater stream communities inferred from carbon,,,,,,
ID_0512,https://doi.org/10.1111/jfb.15360,Mofu_et_al,Trophic ecology of co-occurring fishes in the Sundays River Valley irrigation ponds,,,,,,
ID_0513,https://doi.org/10.1111/jfb.15360,Mofu_et_al,Trophic ecology of co-occurring fishes in the Sundays River Valley irrigation ponds,,,,,,
ID_0514,https://doi.org/10.1111/jfb.15360,Mofu_et_al,Trophic ecology of co-occurring fishes in the Sundays River Valley irrigation ponds,,,,,,
ID_0515,https://doi.org/10.1111/jfb.15360,Mofu_et_al,Trophic ecology of co-occurring fishes in the Sundays River Valley irrigation ponds,,,,,,
ID_0516,https://www.limnetica.com/en/trophic-ecology-red-swamp-crayfish-procambarus-clarkii-mediterranean-aquatic-ecosystems-stable,Arlcorlo_and_Baltanás,The trophic ecology of the red swamp crayfish (Procambarus clarkii) in Mediterranean aquatic ecosystems:a stable isotope study  STUDY,2013,Article,,,,
ID_0517,https://www.limnetica.com/en/trophic-ecology-red-swamp-crayfish-procambarus-clarkii-mediterranean-aquatic-ecosystems-stable,Arlcorlo_and_Baltanás,The trophic ecology of the red swamp crayfish (Procambarus clarkii) in Mediterranean aquatic ecosystems:a stable isotope study  STUDY,2013,Article,,,,
ID_0518,https://www.limnetica.com/en/trophic-ecology-red-swamp-crayfish-procambarus-clarkii-mediterranean-aquatic-ecosystems-stable,Arlcorlo_and_Baltanás,The trophic ecology of the red swamp crayfish (Procambarus clarkii) in Mediterranean aquatic ecosystems:a stable isotope study  STUDY,2013,Article,,,,
ID_0519,https://doi.org/10.1007/s10452-021-09832-x,Mirzajani_et_al,Trophic flexibility of Eurasian otter (Lutra lutra) in Anzali Wetland,,,,,,
ID_0520,https://doi.org/10.1002/etc.2847,Schneider_et_al,Modeling food web structure and selenium biomagnification in lake macquarie,,,,,,
ID_0521,https://doi.org/10.3390/w13020195,Qin_et_al,Food Web Structure and Trophic Interactions Revealed by Stable Isotope Analysis in the Midstream of the Chishui River,,,,,,
ID_0522,https://doi.org/10.1016/j.gecco.2022.e02082,DeSantis_et_al,Non-native fish assemblages display potential competitive advantages in two protected small and shallow lakes of northern Italy,2022,Article,,,,
ID_0523,https://doi.org/10.1016/j.gecco.2022.e02082,DeSantis_et_al,Non-native fish assemblages display potential competitive advantages in two protected small and shallow lakes of northern Italy,2022,Article,,,,
ID_0524,https://doi.org/10.1007/s10750-013-1737-9,Tue_et_al,Dual isotope study of food sources of a fish assemblage in the Red River mangrove ecosystem,,,,,,
ID_0525,https://doi.org/10.1371/journal.pone.0065054,Pouilly_et_al,Trophic Structure and Mercury Biomagnification in Tropical Fish Assemblages,,,,,,
ID_0526,https://doi.org/10.1371/journal.pone.0065054,Pouilly_et_al,Trophic Structure and Mercury Biomagnification in Tropical Fish Assemblages,,,,,,
ID_0527,https://doi.org/10.1371/journal.pone.0065054,Pouilly_et_al,Trophic Structure and Mercury Biomagnification in Tropical Fish Assemblages,,,,,,
ID_0528,https://doi.org/10.1371/journal.pone.0127027,Gownaris_et_al,Predicting Species’ Vulnerability in a Massively Perturbed System: The Fishes of Lake Turkana,,,,,,
ID_0529,https://doi.org/10.1016/j.fooweb.2019.e00113,Pease_et_al,Trophic structure of fish assemblages varies across a Mesoamerican river network with contrasting climate and flow conditions,2019,Article,,,,
ID_0530,https://doi.org/10.1016/j.fooweb.2019.e00113,Pease_et_al,Trophic structure of fish assemblages varies across a Mesoamerican river network with contrasting climate and flow conditions,2019,Article,,,,
ID_0531,https://doi.org/10.1016/j.fooweb.2019.e00113,Pease_et_al,Trophic structure of fish assemblages varies across a Mesoamerican river network with contrasting climate and flow conditions,2019,Article,,,,
ID_0532,https://doi.org/10.1016/j.fooweb.2019.e00113,Pease_et_al,Trophic structure of fish assemblages varies across a Mesoamerican river network with contrasting climate and flow conditions,2019,Article,,,,
ID_0533,https://doi.org/10.1016/j.fooweb.2019.e00113,Pease_et_al,Trophic structure of fish assemblages varies across a Mesoamerican river network with contrasting climate and flow conditions,2019,Article,,,,
ID_0534,https://doi.org/10.1016/j.fooweb.2019.e00113,Pease_et_al,Trophic structure of fish assemblages varies across a Mesoamerican river network with contrasting climate and flow conditions,2019,Article,,,,
ID_0535,https://doi.org/10.1016/j.fooweb.2019.e00113,Pease_et_al,Trophic structure of fish assemblages varies across a Mesoamerican river network with contrasting climate and flow conditions,2019,Article,,,,
ID_0536,https://doi.org/10.1016/j.fooweb.2019.e00113,Pease_et_al,Trophic structure of fish assemblages varies across a Mesoamerican river network with contrasting climate and flow conditions,2019,Article,,,,
ID_0537,https://doi.org/10.1016/j.fooweb.2019.e00113,Pease_et_al,Trophic structure of fish assemblages varies across a Mesoamerican river network with contrasting climate and flow conditions,2019,Article,,,,
ID_0538,https://doi.org/10.1016/j.fooweb.2019.e00113,Pease_et_al,Trophic structure of fish assemblages varies across a Mesoamerican river network with contrasting climate and flow conditions,2019,Article,,,,
ID_0539,https://doi.org/10.1016/j.fooweb.2019.e00113,Pease_et_al,Trophic structure of fish assemblages varies across a Mesoamerican river network with contrasting climate and flow conditions,2019,Article,,,,
ID_0540,https://doi.org/10.1016/j.fooweb.2019.e00113,Pease_et_al,Trophic structure of fish assemblages varies across a Mesoamerican river network with contrasting climate and flow conditions,2019,Article,,,,
ID_0541,https://doi.org/10.1016/j.fooweb.2019.e00113,Pease_et_al,Trophic structure of fish assemblages varies across a Mesoamerican river network with contrasting climate and flow conditions,2019,Article,,,,
ID_0542,https://doi.org/10.1016/j.fooweb.2019.e00113,Pease_et_al,Trophic structure of fish assemblages varies across a Mesoamerican river network with contrasting climate and flow conditions,2019,Article,,,,
ID_0543,https://doi.org/10.1016/j.fooweb.2019.e00113,Pease_et_al,Trophic structure of fish assemblages varies across a Mesoamerican river network with contrasting climate and flow conditions,2019,Article,,,,
ID_0544,https://doi.org/10.1038/s41598-017-16169-9,Vejrík_et_al,European catfish (Silurus glanis) as a freshwater apex predator drives ecosystem via its diet adaptability,2017,Article,,,,
ID_0545,https://doi.org/10.1038/s41598-017-16169-9,Vejrík_et_al,European catfish (Silurus glanis) as a freshwater apex predator drives ecosystem via its diet adaptability,2017,Article,,,,
ID_0546,http://dx.doi.org/10.1016/j.jglr.2015.02.010,Young_et_al,Natural trophic variability in a large,,,,,,
ID_0547,https://doi.org/10.1002/ecy.4103,Maitland_and_Rahel,Aquatic food web expansion and trophic redundancy along the Rocky Mountain–Great Plains ecotone,2023,Article,,,,
ID_0548,https://doi.org/10.1002/ecy.4103,Maitland_and_Rahel,Aquatic food web expansion and trophic redundancy along the Rocky Mountain–Great Plains ecotone,2023,Article,,,,
ID_0549,https://doi.org/10.1002/ecy.4103,Maitland_and_Rahel,Aquatic food web expansion and trophic redundancy along the Rocky Mountain–Great Plains ecotone,2023,Article,,,,
ID_0550,https://doi.org/10.1002/ecy.4103,Maitland_and_Rahel,Aquatic food web expansion and trophic redundancy along the Rocky Mountain–Great Plains ecotone,2023,Article,,,,
ID_0551,https://doi.org/10.1002/ecy.4103,Maitland_and_Rahel,Aquatic food web expansion and trophic redundancy along the Rocky Mountain–Great Plains ecotone,2023,Article,,,,
ID_0552,https://doi.org/10.1002/ecy.4103,Maitland_and_Rahel,Aquatic food web expansion and trophic redundancy along the Rocky Mountain–Great Plains ecotone,2023,Article,,,,
ID_0553,https://doi.org/10.1002/ecy.4103,Maitland_and_Rahel,Aquatic food web expansion and trophic redundancy along the Rocky Mountain–Great Plains ecotone,2023,Article,,,,
ID_0554,https://doi.org/10.1002/ecy.4103,Maitland_and_Rahel,Aquatic food web expansion and trophic redundancy along the Rocky Mountain–Great Plains ecotone,2023,Article,,,,
ID_0555,https://doi.org/10.1002/ecy.4103,Maitland_and_Rahel,Aquatic food web expansion and trophic redundancy along the Rocky Mountain–Great Plains ecotone,2023,Article,,,,
ID_0556,https://doi.org/10.1002/ecy.4103,Maitland_and_Rahel,Aquatic food web expansion and trophic redundancy along the Rocky Mountain–Great Plains ecotone,2023,Article,,,,
ID_0557,https://doi.org/10.1002/ecy.4103,Maitland_and_Rahel,Aquatic food web expansion and trophic redundancy along the Rocky Mountain–Great Plains ecotone,2023,Article,,,,
ID_0558,https://doi.org/10.1002/ecy.4103,Maitland_and_Rahel,Aquatic food web expansion and trophic redundancy along the Rocky Mountain–Great Plains ecotone,2023,Article,,,,
ID_0559,https://doi.org/10.1002/ecy.4103,Maitland_and_Rahel,Aquatic food web expansion and trophic redundancy along the Rocky Mountain–Great Plains ecotone,2023,Article,,,,
ID_0560,https://doi.org/10.1002/ecy.4103,Maitland_and_Rahel,Aquatic food web expansion and trophic redundancy along the Rocky Mountain–Great Plains ecotone,2023,Article,,,,
ID_0561,https://doi.org/10.1002/ecy.4103,Maitland_and_Rahel,Aquatic food web expansion and trophic redundancy along the Rocky Mountain–Great Plains ecotone,2023,Article,,,,
ID_0562,https://doi.org/10.1002/ecy.4103,Maitland_and_Rahel,Aquatic food web expansion and trophic redundancy along the Rocky Mountain–Great Plains ecotone,2023,Article,,,,
ID_0563,https://doi.org/10.1002/rra.4128,Gillbert_and_Franssen,Changes to the trophic structure of a desert fish community following river regulation and species turnover: Implications for an endangered top predator,2023,Article,,,,
ID_0564,https://doi.org/10.1002/ecy.4024,Quintana_et_al,Does invasion by armored catfish shift trophic ecology of native fishes? Evidence from stable isotope analysis,2023,Article,,,,
ID_0565,https://doi.org/10.1111/fwb.12957,Jackson_et_al,Between-lake variation in the trophic ecology of an invasive crayfish,2017,Article,,,,
ID_0566,http://dx.doi.org/10.1016/j.scitotenv.2014.07.125,Ofukany_et_al,Defining fish community structure in Lake Winnipeg using stable isotopes (δ13C,,,,,,
ID_0567,http://dx.doi.org/10.1016/j.fishres.2012.06.015,Zhang_et_al,Trophic level changes of fishery catches in Lake Chaohy,,,,,,
ID_0568,http://dx.doi.org/10.1016/j.scitotenv.2013.03.008,Arcagni_et_al,Differential mercury transfer in the aquatic food web of a double basined lake associated with selenium and habitat,2013,Article,,,,
ID_0569,http://dx.doi.org/10.3391/ai.2015.10.2.10,Guinan_et_al,Seasonal diet shifts and trophic position of an invasive cyprinid,,,,,,
ID_0570,https://doi.org/10.1111/jfb.13368,Hayden_et_al,Variation in stable-isotope ratios between fin and muscle tissues can alter assessment of resource use in tropical river fishes,2017,Article,,,,
ID_0571,https://doi.org/10.1111/jfb.13368,Hayden_et_al,Variation in stable-isotope ratios between fin and muscle tissues can alter assessment of resource use in tropical river fishes,2017,Article,,,,
ID_0572,https://doi.org/10.1111/jfb.13368,Hayden_et_al,Variation in stable-isotope ratios between fin and muscle tissues can alter assessment of resource use in tropical river fishes,2017,Article,,,,
ID_0573,https://doi.org/10.1111/jfb.13368,Hayden_et_al,Variation in stable-isotope ratios between fin and muscle tissues can alter assessment of resource use in tropical river fishes,2017,Article,,,,
ID_0574,https://doi.org/10.1111/jfb.13368,Hayden_et_al,Variation in stable-isotope ratios between fin and muscle tissues can alter assessment of resource use in tropical river fishes,2017,Article,,,,
ID_0575,https://doi.org/10.1111/jfb.13368,Hayden_et_al,Variation in stable-isotope ratios between fin and muscle tissues can alter assessment of resource use in tropical river fishes,2017,Article,,,,
ID_0576,https://doi.org/10.1111/jfb.13368,Hayden_et_al,Variation in stable-isotope ratios between fin and muscle tissues can alter assessment of resource use in tropical river fishes,2017,Article,,,,
ID_0577,https://doi.org/10.1111/fwb.12893,East_et_al,Aquatic food-web structure along a salinized dryland river,2017,Article,,,,
ID_0578,https://doi.org/10.3390/biology12091270,Cicala_et_al,Isotopic Overlap of Invasive and Native Consumers in the Food Web of Lake Trasimeno (Central Italy),2023,Article,,,,
ID_0579,https://doi.org/10.3897/BDJ.10.e86192,Wilkinson_et_al,Empirical food webs of 12 tropical reservoirs in Singapore,2022,Article,,,,
ID_0580,https://doi.org/10.1111/1365-2435.13601,Jackson_et_al,Food web properties vary with climate and land use in South African streams,2020,Article,,,,
ID_0581,https://doi.org/10.1111/1365-2435.13601,Jackson_et_al,Food web properties vary with climate and land use in South African streams,2020,Article,,,,
ID_0582,https://doi.org/10.1111/1365-2435.13601,Jackson_et_al,Food web properties vary with climate and land use in South African streams,2020,Article,,,,
ID_0583,https://doi.org/10.1111/1365-2435.13601,Jackson_et_al,Food web properties vary with climate and land use in South African streams,2020,Article,,,,
ID_0584,https://doi.org/10.1111/1365-2435.13601,Jackson_et_al,Food web properties vary with climate and land use in South African streams,2020,Article,,,,
ID_0585,https://doi.org/10.1111/1365-2435.13601,Jackson_et_al,Food web properties vary with climate and land use in South African streams,2020,Article,,,,
ID_0586,https://doi.org/10.1111/1365-2435.13601,Jackson_et_al,Food web properties vary with climate and land use in South African streams,2020,Article,,,,
ID_0587,https://doi.org/10.1111/fwb.12333,Jackson_et_al,Niche differentiation among invasive crayfish and their impacts on ecosystem structure and functioning,2014,Article,,,,
ID_0588,https://doi.org/10.1016/j.scitotenv.2017.02.013,Carr_et_al,Stable sulfur isotopes identify habitat-specific foraging and mercury exposure in a highly mobile fish community,2017,Article,,,,
ID_0589,https://doi.org/10.1016/j.scitotenv.2017.02.013,Carr_et_al,Stable sulfur isotopes identify habitat-specific foraging and mercury exposure in a highly mobile fish community,2017,Article,,,,
ID_0590,https://doi.org/10.1002/rra.2554,Jardine_et_al,Carbon from periphyton supports fish biomass in waterholes of a wet-dry tropical river,2013,Article,,,,
ID_0591,https://doi.org/10.1002/rra.2554,Jardine_et_al,Carbon from periphyton supports fish biomass in waterholes of a wet-dry tropical river,2013,Article,,,,
ID_0592,https://doi.org/10.1002/rra.2554,Jardine_et_al,Carbon from periphyton supports fish biomass in waterholes of a wet-dry tropical river,2013,Article,,,,
ID_0593,https://doi.org/10.1002/rra.2554,Jardine_et_al,Carbon from periphyton supports fish biomass in waterholes of a wet-dry tropical river,2013,Article,,,,
ID_0594,https://doi.org/10.1002/rra.2554,Jardine_et_al,Carbon from periphyton supports fish biomass in waterholes of a wet-dry tropical river,2013,Article,,,,
ID_0595,https://doi.org/10.1002/rra.2554,Jardine_et_al,Carbon from periphyton supports fish biomass in waterholes of a wet-dry tropical river,2013,Article,,,,
ID_0596,https://doi.org/10.1002/rra.2554,Jardine_et_al,Carbon from periphyton supports fish biomass in waterholes of a wet-dry tropical river,2013,Article,,,,
ID_0597,https://doi.org/10.1002/rra.2554,Jardine_et_al,Carbon from periphyton supports fish biomass in waterholes of a wet-dry tropical river,2013,Article,,,,
ID_0598,https://doi.org/10.1002/rra.2554,Jardine_et_al,Carbon from periphyton supports fish biomass in waterholes of a wet-dry tropical river,2013,Article,,,,
ID_0599,https://doi.org/10.1002/rra.2554,Jardine_et_al,Carbon from periphyton supports fish biomass in waterholes of a wet-dry tropical river,2013,Article,,,,
ID_0600,https://doi.org/10.1002/rra.2554,Jardine_et_al,Carbon from periphyton supports fish biomass in waterholes of a wet-dry tropical river,2013,Article,,,,
ID_0601,https://doi.org/10.1002/rra.2554,Jardine_et_al,Carbon from periphyton supports fish biomass in waterholes of a wet-dry tropical river,2013,Article,,,,
ID_0602,https://doi.org/10.1002/rra.2554,Jardine_et_al,Carbon from periphyton supports fish biomass in waterholes of a wet-dry tropical river,2013,Article,,,,
ID_0603,https://doi.org/10.1002/rra.2554,Jardine_et_al,Carbon from periphyton supports fish biomass in waterholes of a wet-dry tropical river,2013,Article,,,,
ID_0604,https://doi.org/10.1002/rra.2554,Jardine_et_al,Carbon from periphyton supports fish biomass in waterholes of a wet-dry tropical river,2013,Article,,,,
ID_0605,https://doi.org/10.1002/rra.2554,Jardine_et_al,Carbon from periphyton supports fish biomass in waterholes of a wet-dry tropical river,2013,Article,,,,
ID_0606,https://www.jstor.org/stable/48718659,Jardine_et_al,Body size drives allochthony in food webs of tropical rivers,2017,Article,,,,
ID_0607,https://www.jstor.org/stable/48718659,Jardine_et_al,Body size drives allochthony in food webs of tropical rivers,2017,Article,,,,
ID_0608,https://www.jstor.org/stable/48718659,Jardine_et_al,Body size drives allochthony in food webs of tropical rivers,2017,Article,,,,
ID_0609,https://www.jstor.org/stable/48718659,Jardine_et_al,Body size drives allochthony in food webs of tropical rivers,2017,Article,,,,
ID_0610,https://www.jstor.org/stable/48718659,Jardine_et_al,Body size drives allochthony in food webs of tropical rivers,2017,Article,,,,
ID_0611,https://www.jstor.org/stable/48718659,Jardine_et_al,Body size drives allochthony in food webs of tropical rivers,2017,Article,,,,
ID_0612,https://www.jstor.org/stable/48718659,Jardine_et_al,Body size drives allochthony in food webs of tropical rivers,2017,Article,,,,
ID_0613,https://doi.org/10.1890/14-2153.1,Jardine_et_al,Reconciling the role of organic matter pathways in aquatic food webs by measuring multiple tracers in individuals,2015,Article,,,,
ID_0614,https://doi.org/10.1890/14-2153.1,Jardine_et_al,Reconciling the role of organic matter pathways in aquatic food webs by measuring multiple tracers in individuals,2015,Article,,,,
ID_0615,https://doi.org/10.1890/14-2153.1,Jardine_et_al,Reconciling the role of organic matter pathways in aquatic food webs by measuring multiple tracers in individuals,2015,Article,,,,
ID_0616,https://doi.org/10.1890/14-2153.1,Jardine_et_al,Reconciling the role of organic matter pathways in aquatic food webs by measuring multiple tracers in individuals,2015,Article,,,,
ID_0617,https://doi.org/10.1890/14-2153.1,Jardine_et_al,Reconciling the role of organic matter pathways in aquatic food webs by measuring multiple tracers in individuals,2015,Article,,,,
ID_0618,https://doi.org/10.1016/j.scitotenv.2022.155161,Nyholt_et_al,High rates of mercury biomagnification in fish from Amazonian floodplain-lake food webs,2022,Article,,,,
ID_0619,https://doi.org/10.1016/j.scitotenv.2022.155161,Nyholt_et_al,High rates of mercury biomagnification in fish from Amazonian floodplain-lake food webs,2022,Article,,,,
ID_0620,https://doi.org/10.1016/j.scitotenv.2022.155161,Nyholt_et_al,High rates of mercury biomagnification in fish from Amazonian floodplain-lake food webs,2022,Article,,,,
ID_0621,https://doi.org/10.1016/j.scitotenv.2022.155161,Nyholt_et_al,High rates of mercury biomagnification in fish from Amazonian floodplain-lake food webs,2022,Article,,,,
ID_0622,https://doi.org/10.1016/j.scitotenv.2022.155161,Nyholt_et_al,High rates of mercury biomagnification in fish from Amazonian floodplain-lake food webs,2022,Article,,,,
ID_0623,https://doi.org/10.1016/j.scitotenv.2022.155161,Nyholt_et_al,High rates of mercury biomagnification in fish from Amazonian floodplain-lake food webs,2022,Article,,,,
ID_0624,https://doi.org/10.1016/j.scitotenv.2022.155161,Nyholt_et_al,High rates of mercury biomagnification in fish from Amazonian floodplain-lake food webs,2022,Article,,,,
ID_0625,https://doi.org/10.1016/j.scitotenv.2022.155161,Nyholt_et_al,High rates of mercury biomagnification in fish from Amazonian floodplain-lake food webs,2022,Article,,,,
ID_0626,https://doi.org/10.1016/j.scitotenv.2022.155161,Nyholt_et_al,High rates of mercury biomagnification in fish from Amazonian floodplain-lake food webs,2022,Article,,,,
ID_0627,https://doi.org/10.1016/j.scitotenv.2022.155161,Nyholt_et_al,High rates of mercury biomagnification in fish from Amazonian floodplain-lake food webs,2022,Article,,,,
ID_0628,https://doi.org/10.1016/j.scitotenv.2022.155161,Nyholt_et_al,High rates of mercury biomagnification in fish from Amazonian floodplain-lake food webs,2022,Article,,,,
ID_0629,https://doi.org/10.1016/j.scitotenv.2022.155161,Nyholt_et_al,High rates of mercury biomagnification in fish from Amazonian floodplain-lake food webs,2022,Article,,,,
ID_0630,https://doi.org/10.1139/cjfas-2019-0346,Rogosch_et_al,Invaders induce coordinated isotopic niche shifts in native fish species,2020,Article,,,,
ID_0631,https://doi.org/10.1139/cjfas-2019-0346,Rogosch_et_al,Invaders induce coordinated isotopic niche shifts in native fish species,2020,Article,,,,
ID_0632,https://doi.org/10.1139/cjfas-2019-0346,Rogosch_et_al,Invaders induce coordinated isotopic niche shifts in native fish species,2020,Article,,,,
ID_0633,https://doi.org/10.1139/cjfas-2019-0346,Rogosch_et_al,Invaders induce coordinated isotopic niche shifts in native fish species,2020,Article,,,,
ID_0634,https://doi.org/10.1139/cjfas-2019-0346,Rogosch_et_al,Invaders induce coordinated isotopic niche shifts in native fish species,2020,Article,,,,
ID_0635,https://doi.org/10.1139/cjfas-2019-0346,Rogosch_et_al,Invaders induce coordinated isotopic niche shifts in native fish species,2020,Article,,,,
ID_0636,https://doi.org/10.1007/s10201-016-0505-8,Larson_et_al,Comparison of trophic function between the globally invasive crayfishes Pacifastacus leniusculus and Procambarus clarkii,2017,Article,,,,
ID_0637,https://doi.org/10.1007/s10201-016-0505-8,Larson_et_al,Comparison of trophic function between the globally invasive crayfishes Pacifastacus leniusculus and Procambarus clarkii,2017,Article,,,,
ID_0638,https://doi.org/10.1007/s10201-016-0505-8,Larson_et_al,Comparison of trophic function between the globally invasive crayfishes Pacifastacus leniusculus and Procambarus clarkii,2017,Article,,,,
ID_0639,https://doi.org/10.1007/s10201-016-0505-8,Larson_et_al,Comparison of trophic function between the globally invasive crayfishes Pacifastacus leniusculus and Procambarus clarkii,2017,Article,,,,
ID_0640,https://doi.org/10.1007/s10201-016-0505-8,Larson_et_al,Comparison of trophic function between the globally invasive crayfishes Pacifastacus leniusculus and Procambarus clarkii,2017,Article,,,,
ID_0641,https://doi.org/10.1007/s10201-016-0505-8,Larson_et_al,Comparison of trophic function between the globally invasive crayfishes Pacifastacus leniusculus and Procambarus clarkii,2017,Article,,,,
ID_0642,https://doi.org/10.1007/s10201-016-0505-8,Larson_et_al,Comparison of trophic function between the globally invasive crayfishes Pacifastacus leniusculus and Procambarus clarkii,2017,Article,,,,
ID_0643,https://doi.org/10.1007/s10201-016-0505-8,Larson_et_al,Comparison of trophic function between the globally invasive crayfishes Pacifastacus leniusculus and Procambarus clarkii,2017,Article,,,,
ID_0644,https://doi.org/10.1007/s10201-016-0505-8,Larson_et_al,Comparison of trophic function between the globally invasive crayfishes Pacifastacus leniusculus and Procambarus clarkii,2017,Article,,,,
ID_0645,https://doi.org/10.1007/s10201-016-0505-8,Larson_et_al,Comparison of trophic function between the globally invasive crayfishes Pacifastacus leniusculus and Procambarus clarkii,2017,Article,,,,
ID_0646,https://doi.org/10.1002/ecs2.1293,Twardochleb_and_Olden,Non-native Chinese mystery snail (Bellamya chinensis) supports consumers in urban lake food webs,2016,Article,,,,
ID_0647,https://doi.org/10.1002/ecs2.1293,Twardochleb_and_Olden,Non-native Chinese mystery snail (Bellamya chinensis) supports consumers in urban lake food webs,2016,Article,,,,
ID_0648,https://doi.org/10.1002/ecs2.1293,Twardochleb_and_Olden,Non-native Chinese mystery snail (Bellamya chinensis) supports consumers in urban lake food webs,2016,Article,,,,
ID_0649,https://doi.org/10.1002/ecs2.1293,Twardochleb_and_Olden,Non-native Chinese mystery snail (Bellamya chinensis) supports consumers in urban lake food webs,2016,Article,,,,
ID_0650,https://doi.org/10.1002/ecs2.1293,Twardochleb_and_Olden,Non-native Chinese mystery snail (Bellamya chinensis) supports consumers in urban lake food webs,2016,Article,,,,
ID_0651,https://doi.org/10.1002/ecs2.1293,Twardochleb_and_Olden,Non-native Chinese mystery snail (Bellamya chinensis) supports consumers in urban lake food webs,2016,Article,,,,
ID_0652,https://doi.org/10.1002/ecs2.1293,Twardochleb_and_Olden,Non-native Chinese mystery snail (Bellamya chinensis) supports consumers in urban lake food webs,2016,Article,,,,
ID_0653,https://doi.org/10.1002/ecs2.1293,Twardochleb_and_Olden,Non-native Chinese mystery snail (Bellamya chinensis) supports consumers in urban lake food webs,2016,Article,,,,
ID_0654,https://doi.org/10.1002/ecs2.1293,Twardochleb_and_Olden,Non-native Chinese mystery snail (Bellamya chinensis) supports consumers in urban lake food webs,2016,Article,,,,
ID_0655,https://doi.org/10.1002/ecs2.1293,Twardochleb_and_Olden,Non-native Chinese mystery snail (Bellamya chinensis) supports consumers in urban lake food webs,2016,Article,,,,
ID_0656,https://doi.org/10.1038/s41598-022-19149-w,Oliveira-Cunha_et_al,Body size has primacy over stoichiometric variables in nutrient excretion by a tropical stream fish community,2022,Article,,,,
ID_0657,https://doi.org/10.1111/fwb.12175,Koshino_et_al,Stable isotope evidence indicates the incorporation into Japanese catchments of marine-derived nutrients transported by spawning Pacific Salmon,2013,Article,,,,
ID_0658,https://doi.org/10.1111/fwb.12175,Koshino_et_al,Stable isotope evidence indicates the incorporation into Japanese catchments of marine-derived nutrients transported by spawning Pacific Salmon,2013,Article,,,,
ID_0659,https://doi.org/10.1111/fwb.12175,Koshino_et_al,Stable isotope evidence indicates the incorporation into Japanese catchments of marine-derived nutrients transported by spawning Pacific Salmon,2013,Article,,,,
ID_0660,https://doi.org/10.1111/fwb.12175,Koshino_et_al,Stable isotope evidence indicates the incorporation into Japanese catchments of marine-derived nutrients transported by spawning Pacific Salmon,2013,Article,,,,
ID_0661,https://doi.org/10.1111/ele.13238,Hayden_et_al,From clear lakes to murky waters – tracing the functional response of high-latitude lake communities to concurrent ‘greening’ and ‘browning’,2017,Article,,,,
ID_0662,https://doi.org/10.1111/ele.13238,Hayden_et_al,From clear lakes to murky waters – tracing the functional response of high-latitude lake communities to concurrent ‘greening’ and ‘browning’,2017,Article,,,,
ID_0663,https://doi.org/10.1111/ele.13238,Hayden_et_al,From clear lakes to murky waters – tracing the functional response of high-latitude lake communities to concurrent ‘greening’ and ‘browning’,2017,Article,,,,
ID_0664,https://doi.org/10.1111/ele.13238,Hayden_et_al,From clear lakes to murky waters – tracing the functional response of high-latitude lake communities to concurrent ‘greening’ and ‘browning’,2017,Article,,,,
ID_0665,https://doi.org/10.1111/ele.13238,Hayden_et_al,From clear lakes to murky waters – tracing the functional response of high-latitude lake communities to concurrent ‘greening’ and ‘browning’,2017,Article,,,,
ID_0666,https://doi.org/10.1111/ele.13238,Hayden_et_al,From clear lakes to murky waters – tracing the functional response of high-latitude lake communities to concurrent ‘greening’ and ‘browning’,2017,Article,,,,
ID_0667,https://doi.org/10.1111/ele.13238,Hayden_et_al,From clear lakes to murky waters – tracing the functional response of high-latitude lake communities to concurrent ‘greening’ and ‘browning’,2017,Article,,,,
ID_0668,https://doi.org/10.1111/ele.13238,Hayden_et_al,From clear lakes to murky waters – tracing the functional response of high-latitude lake communities to concurrent ‘greening’ and ‘browning’,2017,Article,,,,
ID_0669,https://doi.org/10.1111/ele.13238,Hayden_et_al,From clear lakes to murky waters – tracing the functional response of high-latitude lake communities to concurrent ‘greening’ and ‘browning’,2017,Article,,,,
ID_0670,https://doi.org/10.1111/ele.13238,Hayden_et_al,From clear lakes to murky waters – tracing the functional response of high-latitude lake communities to concurrent ‘greening’ and ‘browning’,2017,Article,,,,
ID_0671,https://doi.org/10.1111/ele.13238,Hayden_et_al,From clear lakes to murky waters – tracing the functional response of high-latitude lake communities to concurrent ‘greening’ and ‘browning’,2017,Article,,,,
ID_0672,https://doi.org/10.1111/ele.13238,Hayden_et_al,From clear lakes to murky waters – tracing the functional response of high-latitude lake communities to concurrent ‘greening’ and ‘browning’,2017,Article,,,,
ID_0673,https://doi.org/10.1111/ele.13238,Hayden_et_al,From clear lakes to murky waters – tracing the functional response of high-latitude lake communities to concurrent ‘greening’ and ‘browning’,2017,Article,,,,
ID_0674,https://doi.org/10.1111/ele.13238,Hayden_et_al,From clear lakes to murky waters – tracing the functional response of high-latitude lake communities to concurrent ‘greening’ and ‘browning’,2017,Article,,,,
ID_0675,https://doi.org/10.1111/ele.13238,Hayden_et_al,From clear lakes to murky waters – tracing the functional response of high-latitude lake communities to concurrent ‘greening’ and ‘browning’,2017,Article,,,,
ID_0676,https://doi.org/10.1111/ele.13238,Hayden_et_al,From clear lakes to murky waters – tracing the functional response of high-latitude lake communities to concurrent ‘greening’ and ‘browning’,2017,Article,,,,
ID_0677,https://doi.org/10.1111/ele.13238,Hayden_et_al,From clear lakes to murky waters – tracing the functional response of high-latitude lake communities to concurrent ‘greening’ and ‘browning’,2017,Article,,,,
ID_0678,https://doi.org/10.1111/ele.13238,Hayden_et_al,From clear lakes to murky waters – tracing the functional response of high-latitude lake communities to concurrent ‘greening’ and ‘browning’,2017,Article,,,,
ID_0679,https://doi.org/10.1111/ele.13238,Hayden_et_al,From clear lakes to murky waters – tracing the functional response of high-latitude lake communities to concurrent ‘greening’ and ‘browning’,2017,Article,,,,
ID_0680,https://doi.org/10.1111/ele.13238,Hayden_et_al,From clear lakes to murky waters – tracing the functional response of high-latitude lake communities to concurrent ‘greening’ and ‘browning’,2017,Article,,,,
ID_0681,https://doi.org/10.1111/ele.13238,Hayden_et_al,From clear lakes to murky waters – tracing the functional response of high-latitude lake communities to concurrent ‘greening’ and ‘browning’,2017,Article,,,,
ID_0682,https://doi.org/10.1111/ele.13238,Hayden_et_al,From clear lakes to murky waters – tracing the functional response of high-latitude lake communities to concurrent ‘greening’ and ‘browning’,2017,Article,,,,
ID_0683,https://doi.org/10.1111/ele.13238,Hayden_et_al,From clear lakes to murky waters – tracing the functional response of high-latitude lake communities to concurrent ‘greening’ and ‘browning’,2017,Article,,,,
ID_0684,https://doi.org/10.1111/ele.13238,Hayden_et_al,From clear lakes to murky waters – tracing the functional response of high-latitude lake communities to concurrent ‘greening’ and ‘browning’,2017,Article,,,,
ID_0685,https://doi.org/10.1111/ele.13238,Hayden_et_al,From clear lakes to murky waters – tracing the functional response of high-latitude lake communities to concurrent ‘greening’ and ‘browning’,2017,Article,,,,
ID_0686,https://doi.org/10.1111/ele.13238,Hayden_et_al,From clear lakes to murky waters – tracing the functional response of high-latitude lake communities to concurrent ‘greening’ and ‘browning’,2017,Article,,,,
ID_0687,https://doi.org/10.1111/ele.13238,Hayden_et_al,From clear lakes to murky waters – tracing the functional response of high-latitude lake communities to concurrent ‘greening’ and ‘browning’,2017,Article,,,,
ID_0688,https://doi.org/10.1111/ele.13238,Hayden_et_al,From clear lakes to murky waters – tracing the functional response of high-latitude lake communities to concurrent ‘greening’ and ‘browning’,2017,Article,,,,
ID_0689,https://doi.org/10.1002/ecy.4173,Sharpe_et_al,Biological invasions alter the structure of a tropical freshwater food web,2023,Article,,,,
ID_0690,https://doi.org/10.1002/ecy.4173,Sharpe_et_al,Biological invasions alter the structure of a tropical freshwater food web,2023,Article,,,,
ID_0691,https://doi.org/10.21315/tlsr2017.28.2.2,Zainordin_and_AbHamid,Determination of Trophic Structure in Selected Freshwater Ecosystems by using Stable Isotope Analysis,2017,Article,,,,
ID_0692,https://doi.org/10.21315/tlsr2017.28.2.2,Zainordin_and_AbHamid,Determination of Trophic Structure in Selected Freshwater Ecosystems by using Stable Isotope Analysis,2017,Article,,,,
ID_0693,https://doi.org/10.21315/tlsr2017.28.2.2,Zainordin_and_AbHamid,Determination of Trophic Structure in Selected Freshwater Ecosystems by using Stable Isotope Analysis,2017,Article,,,,
ID_0694,https://doi.org/10.21315/tlsr2017.28.2.2,Zainordin_and_AbHamid,Determination of Trophic Structure in Selected Freshwater Ecosystems by using Stable Isotope Analysis,2017,Article,,,,
ID_0695,https://doi.org/10.1007/s42974-021-00049-4,Mondal_and_Bhat,Investigating the trophic ecology of freshwater fish communities from central and eastern Indian streams using stable isotope analysis,2021,Article,,,,
ID_0696,https://doi.org/10.1007/s42974-021-00049-4,Mondal_and_Bhat,Investigating the trophic ecology of freshwater fish communities from central and eastern Indian streams using stable isotope analysis,2021,Article,,,,
ID_0697,https://doi.org/10.1080/02705060.2015.1136967,Gal_et_al,The effect of summer monsoon on pelagic and littoral food webs in a large regulated reservoir (Lake Paldang,,,,,,
ID_0698,https://doi.org/10.1080/02705060.2015.1136967,Gal_et_al,The effect of summer monsoon on pelagic and littoral food webs in a large regulated reservoir (Lake Paldang,,,,,,
ID_0699,https://doi.org/10.1080/02705060.2015.1136967,Gal_et_al,The effect of summer monsoon on pelagic and littoral food webs in a large regulated reservoir (Lake Paldang,,,,,,
ID_0700,https://doi.org/10.1080/02705060.2015.1136967,Gal_et_al,The effect of summer monsoon on pelagic and littoral food webs in a large regulated reservoir (Lake Paldang,,,,,,
ID_0701,https://link.springer.com/article/10.1007/s12237-008-9102-3,Oczkowski_et_al,A Preliminary Survey of the Nitrogen and Carbon Isotope Characteristics of Fish from the Lagoons of Egypt’s Nile Delta,2008,Article,,,,
ID_0702,https://www.researchgate.net/publication/275045848_Predator_and_prey_interactions_of_fishes_of_a_tropical_Western_Australia_river_revealed_by_dietary_and_stable_isotope_analyses,Thorburn_et_al,Predator and prey interactions of fishes of a tropical Western Australia river revealed by dietary and stable isotope analyses,2014,Article,,,,
ID_0703,https://www.researchgate.net/publication/275045848_Predator_and_prey_interactions_of_fishes_of_a_tropical_Western_Australia_river_revealed_by_dietary_and_stable_isotope_analyses,Thorburn_et_al,Predator and prey interactions of fishes of a tropical Western Australia river revealed by dietary and stable isotope analyses,2014,Article,,,,
ID_0704,https://www.researchgate.net/publication/275045848_Predator_and_prey_interactions_of_fishes_of_a_tropical_Western_Australia_river_revealed_by_dietary_and_stable_isotope_analyses,Thorburn_et_al,Predator and prey interactions of fishes of a tropical Western Australia river revealed by dietary and stable isotope analyses,2014,Article,,,,
ID_0705,https://doi.org/10.1086/682004,Faulks_et_al,Intraspecific Niche Variation Drives Abundance-Occupancy Relationships in Freshwater Fish Communities,2015,Article,,,,
ID_0706,https://doi.org/10.1086/682004,Faulks_et_al,Intraspecific Niche Variation Drives Abundance-Occupancy Relationships in Freshwater Fish Communities,2015,Article,,,,
ID_0707,https://doi.org/10.1086/682004,Faulks_et_al,Intraspecific Niche Variation Drives Abundance-Occupancy Relationships in Freshwater Fish Communities,2015,Article,,,,
ID_0708,https://doi.org/10.1086/682004,Faulks_et_al,Intraspecific Niche Variation Drives Abundance-Occupancy Relationships in Freshwater Fish Communities,2015,Article,,,,
ID_0709,https://doi.org/10.1086/682004,Faulks_et_al,Intraspecific Niche Variation Drives Abundance-Occupancy Relationships in Freshwater Fish Communities,2015,Article,,,,
ID_0710,https://doi.org/10.1086/682004,Faulks_et_al,Intraspecific Niche Variation Drives Abundance-Occupancy Relationships in Freshwater Fish Communities,2015,Article,,,,
ID_0711,https://doi.org/10.1086/682004,Faulks_et_al,Intraspecific Niche Variation Drives Abundance-Occupancy Relationships in Freshwater Fish Communities,2015,Article,,,,
ID_0712,https://doi.org/10.1086/682004,Faulks_et_al,Intraspecific Niche Variation Drives Abundance-Occupancy Relationships in Freshwater Fish Communities,2015,Article,,,,
ID_0713,https://doi.org/10.1111/1365-2656.13142,Burdon_et_al,Mechanisms of trophic niche compression: Evidence from landscape disturbance,2019,Article,,,,
ID_0714,https://doi.org/10.1111/1365-2656.13142,Burdon_et_al,Mechanisms of trophic niche compression: Evidence from landscape disturbance,2019,Article,,,,
ID_0715,https://doi.org/10.1111/1365-2656.13142,Burdon_et_al,Mechanisms of trophic niche compression: Evidence from landscape disturbance,2019,Article,,,,
ID_0716,https://doi.org/10.1111/1365-2656.13142,Burdon_et_al,Mechanisms of trophic niche compression: Evidence from landscape disturbance,2019,Article,,,,
ID_0717,https://doi.org/10.1111/1365-2656.13142,Burdon_et_al,Mechanisms of trophic niche compression: Evidence from landscape disturbance,2019,Article,,,,
ID_0718,https://doi.org/10.1111/1365-2656.13142,Burdon_et_al,Mechanisms of trophic niche compression: Evidence from landscape disturbance,2019,Article,,,,
ID_0719,https://doi.org/10.1111/1365-2656.13142,Burdon_et_al,Mechanisms of trophic niche compression: Evidence from landscape disturbance,2019,Article,,,,
ID_0720,https://doi.org/10.1111/1365-2656.13142,Burdon_et_al,Mechanisms of trophic niche compression: Evidence from landscape disturbance,2019,Article,,,,
ID_0721,https://doi.org/10.1111/1365-2656.13142,Burdon_et_al,Mechanisms of trophic niche compression: Evidence from landscape disturbance,2019,Article,,,,
ID_0722,https://doi.org/10.1111/1365-2656.13142,Burdon_et_al,Mechanisms of trophic niche compression: Evidence from landscape disturbance,2019,Article,,,,
ID_0723,https://doi.org/10.1111/1365-2656.13142,Burdon_et_al,Mechanisms of trophic niche compression: Evidence from landscape disturbance,2019,Article,,,,
ID_0724,https://doi.org/10.1016/j.ecolind.2013.08.003,Hogdsen_and_Harding,Isotopic metrics as a tool for assessing the effects of mine pollution on stream food webs,2014,Article,,,,
ID_0725,https://doi.org/10.1111/ecog.01193,McHugh_et_al,Habitat size influences food web structure in drying streams,2014,Article,,,,
ID_0726,https://doi.org/10.1111/ecog.01193,McHugh_et_al,Habitat size influences food web structure in drying streams,2014,Article,,,,
ID_0727,https://doi.org/10.1111/ecog.01193,McHugh_et_al,Habitat size influences food web structure in drying streams,2014,Article,,,,
ID_0728,https://doi.org/10.1111/ecog.01193,McHugh_et_al,Habitat size influences food web structure in drying streams,2014,Article,,,,
ID_0729,https://doi.org/10.1111/ecog.01193,McHugh_et_al,Habitat size influences food web structure in drying streams,2014,Article,,,,
ID_0730,https://doi.org/10.1111/ecog.01193,McHugh_et_al,Habitat size influences food web structure in drying streams,2014,Article,,,,
ID_0731,https://doi.org/10.1111/ecog.01193,McHugh_et_al,Habitat size influences food web structure in drying streams,2014,Article,,,,
ID_0732,https://doi.org/10.1111/ecog.01193,McHugh_et_al,Habitat size influences food web structure in drying streams,2014,Article,,,,
ID_0733,https://doi.org/10.1111/fwb.13620,Meijer_et_al,Disentangling the multiple effects of stream drying and riparian canopy cover on the trophic ecology of a highly threatened fish,2021,Article,,,,
ID_0734,https://doi.org/10.1111/fwb.13620,Meijer_et_al,Disentangling the multiple effects of stream drying and riparian canopy cover on the trophic ecology of a highly threatened fish,2021,Article,,,,
ID_0735,https://doi.org/10.1111/fwb.13620,Meijer_et_al,Disentangling the multiple effects of stream drying and riparian canopy cover on the trophic ecology of a highly threatened fish,2021,Article,,,,
ID_0736,https://doi.org/10.1111/fwb.13620,Meijer_et_al,Disentangling the multiple effects of stream drying and riparian canopy cover on the trophic ecology of a highly threatened fish,2021,Article,,,,
ID_0737,https://doi.org/10.1111/fwb.13620,Meijer_et_al,Disentangling the multiple effects of stream drying and riparian canopy cover on the trophic ecology of a highly threatened fish,2021,Article,,,,
ID_0738,https://doi.org/10.1111/fwb.13620,Meijer_et_al,Disentangling the multiple effects of stream drying and riparian canopy cover on the trophic ecology of a highly threatened fish,2021,Article,,,,
ID_0739,https://doi.org/10.1111/fwb.13620,Meijer_et_al,Disentangling the multiple effects of stream drying and riparian canopy cover on the trophic ecology of a highly threatened fish,2021,Article,,,,
ID_0740,https://doi.org/10.1111/fwb.13620,Meijer_et_al,Disentangling the multiple effects of stream drying and riparian canopy cover on the trophic ecology of a highly threatened fish,2021,Article,,,,
ID_0741,https://doi.org/10.1007/s10452-018-9662-7,Wolters_et_al,Stable isotope measurements confirm consumption of submerged macrophytes by macroinvertebrate and fish taxa,2018,Article,,,,
ID_0742,https://doi.org/10.1002/ece3.1464,Eloranta_et_al,Lake size and fish diversity determine resource use and trophic position of a top predator in high-latitude lakes,2015,Article,,,,
ID_0743,https://doi.org/10.1002/ece3.1464,Eloranta_et_al,Lake size and fish diversity determine resource use and trophic position of a top predator in high-latitude lakes,2015,Article,,,,
ID_0744,https://doi.org/10.1002/ece3.1464,Eloranta_et_al,Lake size and fish diversity determine resource use and trophic position of a top predator in high-latitude lakes,2015,Article,,,,
ID_0745,https://doi.org/10.1002/ece3.1464,Eloranta_et_al,Lake size and fish diversity determine resource use and trophic position of a top predator in high-latitude lakes,2015,Article,,,,
ID_0746,https://doi.org/10.1002/ece3.1464,Eloranta_et_al,Lake size and fish diversity determine resource use and trophic position of a top predator in high-latitude lakes,2015,Article,,,,
ID_0747,https://doi.org/10.1002/ece3.1464,Eloranta_et_al,Lake size and fish diversity determine resource use and trophic position of a top predator in high-latitude lakes,2015,Article,,,,
ID_0748,https://doi.org/10.1002/ece3.1464,Eloranta_et_al,Lake size and fish diversity determine resource use and trophic position of a top predator in high-latitude lakes,2015,Article,,,,
ID_0749,https://doi.org/10.1002/ece3.1464,Eloranta_et_al,Lake size and fish diversity determine resource use and trophic position of a top predator in high-latitude lakes,2015,Article,,,,
ID_0750,https://doi.org/10.1002/ece3.1464,Eloranta_et_al,Lake size and fish diversity determine resource use and trophic position of a top predator in high-latitude lakes,2015,Article,,,,
ID_0751,https://doi.org/10.1002/ece3.1464,Eloranta_et_al,Lake size and fish diversity determine resource use and trophic position of a top predator in high-latitude lakes,2015,Article,,,,
ID_0752,https://doi.org/10.1002/ece3.1464,Eloranta_et_al,Lake size and fish diversity determine resource use and trophic position of a top predator in high-latitude lakes,2015,Article,,,,
ID_0753,https://doi.org/10.1002/ece3.1464,Eloranta_et_al,Lake size and fish diversity determine resource use and trophic position of a top predator in high-latitude lakes,2015,Article,,,,
ID_0754,https://doi.org/10.1002/ece3.1464,Eloranta_et_al,Lake size and fish diversity determine resource use and trophic position of a top predator in high-latitude lakes,2015,Article,,,,
ID_0755,https://doi.org/10.1002/ece3.1464,Eloranta_et_al,Lake size and fish diversity determine resource use and trophic position of a top predator in high-latitude lakes,2015,Article,,,,
ID_0756,https://doi.org/10.1002/ece3.1464,Eloranta_et_al,Lake size and fish diversity determine resource use and trophic position of a top predator in high-latitude lakes,2015,Article,,,,
ID_0757,https://doi.org/10.1002/ece3.1464,Eloranta_et_al,Lake size and fish diversity determine resource use and trophic position of a top predator in high-latitude lakes,2015,Article,,,,
ID_0758,https://doi.org/10.1002/ece3.1464,Eloranta_et_al,Lake size and fish diversity determine resource use and trophic position of a top predator in high-latitude lakes,2015,Article,,,,
ID_0759,https://doi.org/10.1111/fwb.13122,Costantini_et_al,The role of alien fish (the centrarchid Micropterus salmoides) in lake food webs highlighted by stable isotope analysis,2018,Article,,,,
ID_0760,https://doi.org/10.1016/j.envpol.2021.118612,Lyu_et_al,Bioaccumulation and trophic transfer of organic ultraviolet absorbents in the food web of a freshwater lake: Implications for risk estimation,2022,Article,,,,
ID_0761,https://link.springer.com/article/10.1007/s10750-013-1652-0,Polačik_et_al,Trophic niche partitioning in communities of African annual fish: evidence from stable isotopes,2014,Article,,,,
ID_0762,https://link.springer.com/article/10.1007/s10750-013-1652-0,Polačik_et_al,Trophic niche partitioning in communities of African annual fish: evidence from stable isotopes,2014,Article,,,,
ID_0763,https://link.springer.com/article/10.1007/s10750-013-1652-0,Polačik_et_al,Trophic niche partitioning in communities of African annual fish: evidence from stable isotopes,2014,Article,,,,
ID_0764,https://www.mdpi.com/2073-4441/15/12/2164,Berthelsen_et_al,The Importance of Habitat and Lake Morphometry for the Summer Diet Choice of Landlocked Arctic Char in Two West Greenland Lakes,2013,Article,,,,
ID_0765,https://www.mdpi.com/2073-4441/15/12/2164,Berthelsen_et_al,The Importance of Habitat and Lake Morphometry for the Summer Diet Choice of Landlocked Arctic Char in Two West Greenland Lakes,2013,Article,,,,
ID_0766,https://www.mdpi.com/2073-4441/15/12/2164,Berthelsen_et_al,The Importance of Habitat and Lake Morphometry for the Summer Diet Choice of Landlocked Arctic Char in Two West Greenland Lakes,2013,Article,,,,
ID_0767,https://www.mdpi.com/2073-4441/15/12/2164,Berthelsen_et_al,The Importance of Habitat and Lake Morphometry for the Summer Diet Choice of Landlocked Arctic Char in Two West Greenland Lakes,2013,Article,,,,
ID_0768,https://www.mdpi.com/2073-4441/15/12/2164,Berthelsen_et_al,The Importance of Habitat and Lake Morphometry for the Summer Diet Choice of Landlocked Arctic Char in Two West Greenland Lakes,2013,Article,,,,
ID_0769,https://www.mdpi.com/2073-4441/15/12/2164,Berthelsen_et_al,The Importance of Habitat and Lake Morphometry for the Summer Diet Choice of Landlocked Arctic Char in Two West Greenland Lakes,2013,Article,,,,
ID_0770,https://doi.org/10.1007/s00027-019-0623-6,Özdilek_et_al,An invasive species,,,,,,
ID_0771,https://doi.org/10.1007/s00027-019-0623-6,Özdilek_et_al,An invasive species,,,,,,
ID_0772,https://doi.org/10.1007/s00027-019-0623-6,Özdilek_et_al,An invasive species,,,,,,
ID_0773,https://doi.org/10.1007/s00027-019-0623-6,Özdilek_et_al,An invasive species,,,,,,
ID_0774,https://doi.org/10.1007/s00027-019-0623-6,Özdilek_et_al,An invasive species,,,,,,
ID_0775,https://doi.org/10.1007/s00027-019-0623-6,Özdilek_et_al,An invasive species,,,,,,
ID_0776,https://link.springer.com/article/10.1007/s10750-017-3297-x,Cornelissen_et_al,Heterogeneity in food-web interactions of fish in the Mwanza Gulf,,,,,,
ID_0777,https://www.lacs-sentinelles.org/sites/default/files/ressources/salmo_lacs_savoie_fsppma_ecla.pdf,Frossard_et_al,Les Salmonidae dans les lacs d’altitude de Savoie,,,,,,
" de Savoie""",2023,Report,,,,,,,
ID_0778,https://www.lacs-sentinelles.org/sites/default/files/ressources/salmo_lacs_savoie_fsppma_ecla.pdf,Frossard_et_al,Les Salmonidae dans les lacs d’altitude de Savoie,,,,,,
" de Savoie""",2023,Report,,,,,,,
ID_0779,https://www.lacs-sentinelles.org/sites/default/files/ressources/salmo_lacs_savoie_fsppma_ecla.pdf,Frossard_et_al,Les Salmonidae dans les lacs d’altitude de Savoie,,,,,,
" de Savoie""",2023,Report,,,,,,,
ID_0780,https://www.lacs-sentinelles.org/sites/default/files/ressources/salmo_lacs_savoie_fsppma_ecla.pdf,Frossard_et_al,Les Salmonidae dans les lacs d’altitude de Savoie,,,,,,
" de Savoie""",2023,Report,,,,,,,
ID_0781,https://www.lacs-sentinelles.org/sites/default/files/ressources/salmo_lacs_savoie_fsppma_ecla.pdf,Frossard_et_al,Les Salmonidae dans les lacs d’altitude de Savoie,,,,,,
" de Savoie""",2023,Report,,,,,,,
ID_0782,https://www.lacs-sentinelles.org/sites/default/files/ressources/salmo_lacs_savoie_fsppma_ecla.pdf,Frossard_et_al,Les Salmonidae dans les lacs d’altitude de Savoie,,,,,,
" de Savoie""",2023,Report,,,,,,,
ID_0783,https://www.lacs-sentinelles.org/sites/default/files/ressources/salmo_lacs_savoie_fsppma_ecla.pdf,Frossard_et_al,Les Salmonidae dans les lacs d’altitude de Savoie,,,,,,
" de Savoie""",2023,Report,,,,,,,
ID_0784,https://jyx.jyu.fi/handle/123456789/76888?locale-attribute=en,Kangosjärvi_et_al,Effects of fish community composition on ontogenetic niche shifts of Arctic charr (Salvelinus alpinus) and brown trout (Salmo trutta) in subarctic lakes,2021,Thesis_MS,,,,
ID_0785,https://jyx.jyu.fi/handle/123456789/76888?locale-attribute=en,Kangosjärvi_et_al,Effects of fish community composition on ontogenetic niche shifts of Arctic charr (Salvelinus alpinus) and brown trout (Salmo trutta) in subarctic lakes,2021,Thesis_MS,,,,
ID_0786,https://jyx.jyu.fi/handle/123456789/76888?locale-attribute=en,Kangosjärvi_et_al,Effects of fish community composition on ontogenetic niche shifts of Arctic charr (Salvelinus alpinus) and brown trout (Salmo trutta) in subarctic lakes,2021,Thesis_MS,,,,
ID_0787,https://jyx.jyu.fi/handle/123456789/76888?locale-attribute=en,Kangosjärvi_et_al,Effects of fish community composition on ontogenetic niche shifts of Arctic charr (Salvelinus alpinus) and brown trout (Salmo trutta) in subarctic lakes,2021,Thesis_MS,,,,
ID_0788,https://jyx.jyu.fi/handle/123456789/76888?locale-attribute=en,Kangosjärvi_et_al,Effects of fish community composition on ontogenetic niche shifts of Arctic charr (Salvelinus alpinus) and brown trout (Salmo trutta) in subarctic lakes,2021,Thesis_MS,,,,
ID_0789,https://jyx.jyu.fi/handle/123456789/76888?locale-attribute=en,Kangosjärvi_et_al,Effects of fish community composition on ontogenetic niche shifts of Arctic charr (Salvelinus alpinus) and brown trout (Salmo trutta) in subarctic lakes,2021,Thesis_MS,,,,
ID_0790,https://jyx.jyu.fi/handle/123456789/76888?locale-attribute=en,Kangosjärvi_et_al,Effects of fish community composition on ontogenetic niche shifts of Arctic charr (Salvelinus alpinus) and brown trout (Salmo trutta) in subarctic lakes,2021,Thesis_MS,,,,
ID_0791,https://jyx.jyu.fi/handle/123456789/76888?locale-attribute=en,Kangosjärvi_et_al,Effects of fish community composition on ontogenetic niche shifts of Arctic charr (Salvelinus alpinus) and brown trout (Salmo trutta) in subarctic lakes,2021,Thesis_MS,,,,
ID_0792,https://jyx.jyu.fi/handle/123456789/76888?locale-attribute=en,Kangosjärvi_et_al,Effects of fish community composition on ontogenetic niche shifts of Arctic charr (Salvelinus alpinus) and brown trout (Salmo trutta) in subarctic lakes,2021,Thesis_MS,,,,
ID_0793,https://www.mdpi.com/2073-4441/15/7/1301#:~:text=Fish%20diets%20consisted%20mainly%20of,,,,,,,,
ID_0794,https://link.springer.com/article/10.1007/s10750-016-2646-5,Sandlund_et_al,The trophic niche of Arctic charr in large southern Scandinavian lakes is determined by fish community and lake morphometry,2016,Article,,,,
ID_0795,https://link.springer.com/article/10.1007/s10750-016-2646-5,Sandlund_et_al,The trophic niche of Arctic charr in large southern Scandinavian lakes is determined by fish community and lake morphometry,2016,Article,,,,
ID_0796,https://link.springer.com/article/10.1007/s10750-016-2646-5,Sandlund_et_al,The trophic niche of Arctic charr in large southern Scandinavian lakes is determined by fish community and lake morphometry,2016,Article,,,,
ID_0797,https://link.springer.com/article/10.1007/s10750-016-2646-5,Sandlund_et_al,The trophic niche of Arctic charr in large southern Scandinavian lakes is determined by fish community and lake morphometry,2016,Article,,,,
ID_0798,https://link.springer.com/article/10.1007/s10750-016-2646-5,Sandlund_et_al,The trophic niche of Arctic charr in large southern Scandinavian lakes is determined by fish community and lake morphometry,2016,Article,,,,
ID_0799,https://link.springer.com/article/10.1007/s10750-016-2646-5,Sandlund_et_al,The trophic niche of Arctic charr in large southern Scandinavian lakes is determined by fish community and lake morphometry,2016,Article,,,,
ID_0800,https://link.springer.com/article/10.1007/s10750-016-2646-5,Sandlund_et_al,The trophic niche of Arctic charr in large southern Scandinavian lakes is determined by fish community and lake morphometry,2016,Article,,,,
ID_0801,https://link.springer.com/article/10.1007/s10452-023-10018-w,ReisdeCarvalho_et_al,Trophic structure of fish assemblages from oligotrophic tropical rivers: evidence of growing assimilation of autochthonous primary producers with the increase in river dimensions,2023,Article,,,,
ID_0802,https://link.springer.com/article/10.1007/s10452-023-10018-w,ReisdeCarvalho_et_al,Trophic structure of fish assemblages from oligotrophic tropical rivers: evidence of growing assimilation of autochthonous primary producers with the increase in river dimensions,2023,Article,,,,
ID_0803,https://link.springer.com/article/10.1007/s10452-023-10018-w,ReisdeCarvalho_et_al,Trophic structure of fish assemblages from oligotrophic tropical rivers: evidence of growing assimilation of autochthonous primary producers with the increase in river dimensions,2023,Article,,,,
ID_0804,https://link.springer.com/article/10.1007/s10452-023-10018-w,ReisdeCarvalho_et_al,Trophic structure of fish assemblages from oligotrophic tropical rivers: evidence of growing assimilation of autochthonous primary producers with the increase in river dimensions,2023,Article,,,,
ID_0805,https://link.springer.com/article/10.1007/s10452-023-10018-w,ReisdeCarvalho_et_al,Trophic structure of fish assemblages from oligotrophic tropical rivers: evidence of growing assimilation of autochthonous primary producers with the increase in river dimensions,2023,Article,,,,
ID_0806,https://link.springer.com/article/10.1007/s10641-021-01156-x,Bokhutlo_et_al,Seasonal hydrology influences energy channels in food webs of rivers in the lower Okavango Delta,2021,Article,,,,
ID_0807,https://link.springer.com/article/10.1007/s10641-021-01156-x,Bokhutlo_et_al,Seasonal hydrology influences energy channels in food webs of rivers in the lower Okavango Delta,2021,Article,,,,
ID_0808,https://link.springer.com/article/10.1007/s10641-021-01156-x,Bokhutlo_et_al,Seasonal hydrology influences energy channels in food webs of rivers in the lower Okavango Delta,2021,Article,,,,
ID_0809,https://link.springer.com/article/10.1007/s10641-021-01156-x,Bokhutlo_et_al,Seasonal hydrology influences energy channels in food webs of rivers in the lower Okavango Delta,2021,Article,,,,
ID_0810,https://onlinelibrary.wiley.com/doi/full/10.1111/fwb.12542,Hill_et_al,Comparisons of isotopic niche widths of some invasive and indigenous fauna in a South African river,2015,Article,,,,
ID_0811,https://doi.org/10.21203/rs.3.rs-1072401/v1,Ferreira-Bastos_et_al,Flooding affects food web structure and basal sources supporting fish guilds in a subtropical wetland and shallow lake,2021,Article,,,,
ID_0812,https://doi.org/10.21203/rs.3.rs-1072401/v1,Ferreira-Bastos_et_al,Flooding affects food web structure and basal sources supporting fish guilds in a subtropical wetland and shallow lake,2021,Article,,,,
ID_0813,https://doi.org/10.21203/rs.3.rs-1072401/v1,Ferreira-Bastos_et_al,Flooding affects food web structure and basal sources supporting fish guilds in a subtropical wetland and shallow lake,2021,Article,,,,
ID_0814,https://doi.org/10.21203/rs.3.rs-1072401/v1,Ferreira-Bastos_et_al,Flooding affects food web structure and basal sources supporting fish guilds in a subtropical wetland and shallow lake,2021,Article,,,,
ID_0815,https://onlinelibrary.wiley.com/doi/10.1111/eff.12391,Laske_et_al,Generalist feeding strategies in Arctic freshwater fish: A mechanism for dealing with extreme environments,2018,Article,,,,
ID_0816,https://onlinelibrary.wiley.com/doi/10.1111/eff.12391,Laske_et_al,Generalist feeding strategies in Arctic freshwater fish: A mechanism for dealing with extreme environments,2018,Article,,,,
ID_0817,https://onlinelibrary.wiley.com/doi/10.1111/eff.12391,Laske_et_al,Generalist feeding strategies in Arctic freshwater fish: A mechanism for dealing with extreme environments,2018,Article,,,,
ID_0818,https://onlinelibrary.wiley.com/doi/10.1111/eff.12391,Laske_et_al,Generalist feeding strategies in Arctic freshwater fish: A mechanism for dealing with extreme environments,2018,Article,,,,
ID_0819,https://onlinelibrary.wiley.com/doi/10.1111/eff.12391,Laske_et_al,Generalist feeding strategies in Arctic freshwater fish: A mechanism for dealing with extreme environments,2018,Article,,,,
ID_0820,https://onlinelibrary.wiley.com/doi/10.1111/eff.12391,Laske_et_al,Generalist feeding strategies in Arctic freshwater fish: A mechanism for dealing with extreme environments,2018,Article,,,,
ID_0821,https://onlinelibrary.wiley.com/doi/10.1111/eff.12391,Laske_et_al,Generalist feeding strategies in Arctic freshwater fish: A mechanism for dealing with extreme environments,2018,Article,,,,
ID_0822,https://onlinelibrary.wiley.com/doi/10.1111/eff.12391,Laske_et_al,Generalist feeding strategies in Arctic freshwater fish: A mechanism for dealing with extreme environments,2018,Article,,,,
ID_0823,https://onlinelibrary.wiley.com/doi/full/10.1111/eff.12734,Rejas_et_al,The introduced Arapaima gigas in the Bolivian Amazon: Trophic position and isotopic niche overlap with native species,2023,Article,,,,
ID_0824,https://onlinelibrary.wiley.com/doi/full/10.1111/fwb.13046,Stewart_et_al,Variable littoral-pelagic coupling as a food-web response to seasonal changes in pelagic primary production,2017,Article,,,,
ID_0825,https://onlinelibrary.wiley.com/doi/10.1111/eff.12575,Felden_et_al,Riparian forest subsidises the biomass of fish in a recently formed subtropical reservoir,2020,Article,,,,
ID_0826,https://onlinelibrary.wiley.com/doi/10.1111/eff.12575,Felden_et_al,Riparian forest subsidises the biomass of fish in a recently formed subtropical reservoir,2020,Article,,,,
ID_0827,https://www.diva-portal.org/smash/get/diva2:650176/FULLTEXT01.pdf,Nteziryayo,Food web structure of a Pantanal shallow lake revealed by stable isotopes,2013,Thesis_MS,,,,
ID_0828,https://www.researchsquare.com/article/rs-2290238/v1,O'Mara_et_al,Diet-habitat ecology of invasive tilapia and native fish in a tropical river catchment following a tilapia invasion,2023,Article,,,,
ID_0829,https://www.researchsquare.com/article/rs-2290238/v1,O'Mara_et_al,Diet-habitat ecology of invasive tilapia and native fish in a tropical river catchment following a tilapia invasion,2023,Article,,,,
ID_0830,https://cdnsciencepub.com/doi/suppl/10.1139/cjfas-2012-0403,Jackson_et_al,Primary production,,,,,,
ID_0831,https://cdnsciencepub.com/doi/suppl/10.1139/cjfas-2012-0403,Jackson_et_al,Primary production,,,,,,
ID_0832,https://cdnsciencepub.com/doi/suppl/10.1139/cjfas-2012-0403,Jackson_et_al,Primary production,,,,,,
ID_0833,https://doi.org/10.1038/s41598-020-71331-0,Beesley_et_al,New insights into the food web of an Australian tropical river to inform water resource management,2020,Article,,,,
ID_0834,https://doi.org/10.1038/s41598-020-71331-0,Beesley_et_al,New insights into the food web of an Australian tropical river to inform water resource management,2020,Article,,,,
ID_0835,https://onlinelibrary.wiley.com/doi/full/10.1111/fwb.12598,Mortillaro_et_al,Trophic opportunism of central Amazon floodplain fish,2015,Article,,,,
ID_0836,https://onlinelibrary.wiley.com/doi/full/10.1111/fwb.12598,Mortillaro_et_al,Trophic opportunism of central Amazon floodplain fish,2015,Article,,,,
ID_0837,https://www.mdpi.com/1660-4601/18/17/9007,Liu_et_al,Trace Metals (As,,, Pb, Zn) and Stable Isotope Ratios (?13C and ?15N) in Fish from Wulungu Lake, Xinjiang, China;2021;Article
ID_0838,https://www.sciencedirect.com/science/article/abs/pii/S0048969713008012?via%3Dihub,Figueiredo_et_al,Trophic transfer of polychlorinated biphenyls (PCB) in a boreal lake ecosystem: Testing of bioaccumulation models,2014,Article,,,,
ID_0839,https://link.springer.com/article/10.1007/s10750-016-2717-7,Yu_et_al,Submerged macrophytes facilitate dominance of omnivorous fish in a subtropical shallow lake: implications for lake restoration,2016,Article,,,,
ID_0840,https://linkinghub.elsevier.com/retrieve/pii/S0269749116312969,Zhou_et_al,Occurrence and trophic magnification of polybrominated diphenyl ethers (PBDEs) and their methoxylated derivatives in freshwater fish from Dianshan Lake,,,,,,
ID_0841,https://link.springer.com/article/10.1007/s10750-013-1633-3,Kovalenko_and_Dibble,Invasive macrophyte effects on littoral trophic structure and carbon sources,2014,Article,,,,
ID_0842,https://link.springer.com/article/10.1007/s10750-013-1633-3,Kovalenko_and_Dibble,Invasive macrophyte effects on littoral trophic structure and carbon sources,2014,Article,,,,
ID_0843,https://link.springer.com/article/10.1007/s10750-013-1633-3,Kovalenko_and_Dibble,Invasive macrophyte effects on littoral trophic structure and carbon sources,2014,Article,,,,
ID_0844,https://link.springer.com/article/10.1007/s10750-013-1633-3,Kovalenko_and_Dibble,Invasive macrophyte effects on littoral trophic structure and carbon sources,2014,Article,,,,
ID_0845,https://link.springer.com/article/10.1007/s10750-013-1633-3,Kovalenko_and_Dibble,Invasive macrophyte effects on littoral trophic structure and carbon sources,2014,Article,,,,
ID_0846,https://link.springer.com/article/10.1007/s10750-013-1633-3,Kovalenko_and_Dibble,Invasive macrophyte effects on littoral trophic structure and carbon sources,2014,Article,,,,
ID_0847,https://www.tandfonline.com/doi/abs/10.5268/IW-3.2.540,Rennie_et_al,Increased dependence on nearshore benthic resources in the Lake Simcoe ecosystem after dreissenid invasion,2013,Article,,,,
ID_0848,https://www.tandfonline.com/doi/abs/10.5268/IW-3.2.540,Rennie_et_al,Increased dependence on nearshore benthic resources in the Lake Simcoe ecosystem after dreissenid invasion,2013,Article,,,,
ID_0849,https://onlinelibrary.wiley.com/doi/full/10.1111/eff.12608,Herwig_et_al,Using stable isotope data to quantify niche overlap and diets of muskellunge,,,,,,
ID_0850,https://link.springer.com/article/10.1007/s10530-018-1806-0,Eloranta_et_al,Introduced European smelt (Osmerus eperlanus) affects food web and fish community in a large Norwegian lake,2019,Article,,,,
ID_0851,https://www.sciencedirect.com/science/article/abs/pii/S0380133015001173?via%3Dihub,Arcagni_et_al,Stable isotope analysis of trophic structure,,,,,,
ID_0852,https://www.sciencedirect.com/science/article/abs/pii/S0380133015001173?via%3Dihub,Arcagni_et_al,Stable isotope analysis of trophic structure,,,,,,
ID_0853,https://www.sciencedirect.com/science/article/abs/pii/S0380133015001173?via%3Dihub,Arcagni_et_al,Stable isotope analysis of trophic structure,,,,,,
ID_0854,https://onlinelibrary.wiley.com/doi/full/10.1111/jfb.15516,Gerber_et_al,A stable isotope analysis of the dietary patterns of the aquatic apex predator,,,,,,
ID_0855,https://onlinelibrary.wiley.com/doi/full/10.1111/jfb.15516,Gerber_et_al,A stable isotope analysis of the dietary patterns of the aquatic apex predator,,,,,,
ID_0856,https://onlinelibrary.wiley.com/doi/full/10.1111/jfb.15516,Gerber_et_al,A stable isotope analysis of the dietary patterns of the aquatic apex predator,,,,,,
ID_0857,https://onlinelibrary.wiley.com/doi/full/10.1111/jfb.15516,Gerber_et_al,A stable isotope analysis of the dietary patterns of the aquatic apex predator,,,,,,
ID_0858,https://doi.org/10.1002/ecy.4173,Sharpe_et_al,Biological invasions alter the structure of a tropical freshwater food web,2023,Article,,,,
ID_0859,https://doi.org/10.1002/ecy.4173,Sharpe_et_al,Biological invasions alter the structure of a tropical freshwater food web,2023,Article,,,,
ID_0860,https://doi.org/10.1002/ecy.4173,Sharpe_et_al,Biological invasions alter the structure of a tropical freshwater food web,2023,Article,,,,
ID_0861,https://doi.org/10.1002/ecy.4173,Sharpe_et_al,Biological invasions alter the structure of a tropical freshwater food web,2023,Article,,,,
ID_0862,https://doi.org/10.1002/ecy.4173,Sharpe_et_al,Biological invasions alter the structure of a tropical freshwater food web,2023,Article,,,,
ID_0863,https://doi.org/10.1002/ecy.4173,Sharpe_et_al,Biological invasions alter the structure of a tropical freshwater food web,2023,Article,,,,
ID_0864,https://doi.org/10.1002/ecy.4173,Sharpe_et_al,Biological invasions alter the structure of a tropical freshwater food web,2023,Article,,,,
ID_0865,https://doi.org/10.1111/jfb.15559,Bahamonde_et_al,Ecological variation in invasive brown trout (Salmo trutta) within a remote coastal river catchment in northern Patagonia complicates estimates of invasion impact,2023,Article,,,,
ID_0866,https://doi.org/10.1111/jfb.15559,Bahamonde_et_al,Ecological variation in invasive brown trout (Salmo trutta) within a remote coastal river catchment in northern Patagonia complicates estimates of invasion impact,2023,Article,,,,
ID_0867,https://doi.org/10.1111/jfb.15559,Bahamonde_et_al,Ecological variation in invasive brown trout (Salmo trutta) within a remote coastal river catchment in northern Patagonia complicates estimates of invasion impact,2023,Article,,,,
ID_0868,http://dx.doi.org/10.1007/s10750-013-1613-7,Hette-Tronquart_et_al,Variability of water temperature may influence food-chain length in temperate streams,2017,Article,,,,
ID_0869,http://dx.doi.org/10.1007/s10750-013-1613-7,Hette-Tronquart_et_al,Variability of water temperature may influence food-chain length in temperate streams,2017,Article,,,,
ID_0870,http://dx.doi.org/10.1007/s10750-013-1613-7,Hette-Tronquart_et_al,Variability of water temperature may influence food-chain length in temperate streams,2017,Article,,,,
ID_0871,http://dx.doi.org/10.1007/s10750-013-1613-7,Hette-Tronquart_et_al,Variability of water temperature may influence food-chain length in temperate streams,2017,Article,,,,
ID_0872,http://dx.doi.org/10.1007/s10750-013-1613-7,Hette-Tronquart_et_al,Variability of water temperature may influence food-chain length in temperate streams,2017,Article,,,,
ID_0873,http://dx.doi.org/10.1007/s10750-013-1613-7,Hette-Tronquart_et_al,Variability of water temperature may influence food-chain length in temperate streams,2017,Article,,,,
ID_0874,http://dx.doi.org/10.1007/s10750-013-1613-7,Hette-Tronquart_et_al,Variability of water temperature may influence food-chain length in temperate streams,2017,Article,,,,
ID_0875,http://dx.doi.org/10.1007/s10750-013-1613-7,Hette-Tronquart_et_al,Variability of water temperature may influence food-chain length in temperate streams,2017,Article,,,,
ID_0876,http://dx.doi.org/10.1007/s10750-013-1613-7,Hette-Tronquart_et_al,Variability of water temperature may influence food-chain length in temperate streams,2017,Article,,,,
ID_0877,http://dx.doi.org/10.1007/s10750-013-1613-7,Hette-Tronquart_et_al,Variability of water temperature may influence food-chain length in temperate streams,2017,Article,,,,
ID_0878,https://doi.org/10.1007/s11356-017-8771-5,Hette-Tronquart_and_Belliard,Biological impacts of local vs. regional land use on a small tributary of the Seine River (France): insights from a food web approach based on stable isotopes,2017,Article,,,,
ID_0879,http://dx.doi.org/10.1007/s10750-013-1613-7,Hette-Tronquart_et_al,Variability of water temperature may influence food-chain length in temperate streams,2017,Article,,,,
ID_0880,http://dx.doi.org/10.1007/s10750-013-1613-7,Hette-Tronquart_et_al,Variability of water temperature may influence food-chain length in temperate streams,2017,Article,,,,
ID_0881,http://dx.doi.org/10.1007/s10750-013-1613-7,Hette-Tronquart_et_al,Variability of water temperature may influence food-chain length in temperate streams,2017,Article,,,,
ID_0882,http://dx.doi.org/10.1007/s10750-013-1613-7,Hette-Tronquart_et_al,Variability of water temperature may influence food-chain length in temperate streams,2017,Article,,,,
ID_0883,http://dx.doi.org/10.1007/s10750-013-1613-7,Hette-Tronquart_et_al,Variability of water temperature may influence food-chain length in temperate streams,2017,Article,,,,
ID_0884,http://dx.doi.org/10.1007/s10750-013-1613-7,Hette-Tronquart_et_al,Variability of water temperature may influence food-chain length in temperate streams,2017,Article,,,,
ID_0885,http://dx.doi.org/10.1007/s10750-013-1613-7,Hette-Tronquart_et_al,Variability of water temperature may influence food-chain length in temperate streams,2017,Article,,,,
ID_0886,http://dx.doi.org/10.1007/s10750-013-1613-7,Hette-Tronquart_et_al,Variability of water temperature may influence food-chain length in temperate streams,2017,Article,,,,
ID_0887,http://dx.doi.org/10.1007/s10750-013-1613-7,Hette-Tronquart_et_al,Variability of water temperature may influence food-chain length in temperate streams,2017,Article,,,,
ID_0888,http://dx.doi.org/10.1007/s10750-013-1613-7,Hette-Tronquart_et_al,Variability of water temperature may influence food-chain length in temperate streams,2017,Article,,,,
ID_0889,http://dx.doi.org/10.1007/s10750-013-1613-7,Hette-Tronquart_et_al,Variability of water temperature may influence food-chain length in temperate streams,2017,Article,,,,
ID_0890,http://dx.doi.org/10.1007/s10750-013-1613-7,Hette-Tronquart_et_al,Variability of water temperature may influence food-chain length in temperate streams,2013,Article,,,,
ID_0891,http://dx.doi.org/10.1007/s10750-013-1613-7,Hette-Tronquart_et_al,Variability of water temperature may influence food-chain length in temperate streams,2013,Article,,,,
ID_0892,http://dx.doi.org/10.1007/s10750-013-1613-7,Hette-Tronquart_et_al,Variability of water temperature may influence food-chain length in temperate streams,2013,Article,,,,
ID_0893,http://dx.doi.org/10.1007/s10750-013-1613-7,Hette-Tronquart_et_al,Variability of water temperature may influence food-chain length in temperate streams,2013,Article,,,,
ID_0894,http://dx.doi.org/10.1007/s10750-013-1613-7,Hette-Tronquart_et_al,Variability of water temperature may influence food-chain length in temperate streams,2013,Article,,,,
ID_0895,https://doi.org/10.3389/fevo.2023.1250892,Roussel_et_al,Effects of large dams on the aquatic food web along a coastal stream with high sediment loads,2023,Article,,,,
ID_0896,https://doi.org/10.1016/j.aquaculture.2018.05.050,Roussel_et_al,Feeding the river: The fate of feed-pellet-derived material escaping from land-based trout farms,2018,Article,,,,
ID_0897,https://doi.org/10.1111/btp.12949,Roussel_et_al,Fish communities critically depend on forest subsidies in small neotropical streams with high biodiversity value,2021,Article,,,,
ID_0898,https://doi.org/10.1111/btp.12949,Roussel_et_al,Fish communities critically depend on forest subsidies in small neotropical streams with high biodiversity value,2021,Article,,,,
ID_0899,https://doi.org/10.1111/btp.12949,Roussel_et_al,Fish communities critically depend on forest subsidies in small neotropical streams with high biodiversity value,2021,Article,,,,
ID_0900,https://doi.org/10.1111/btp.12949,Roussel_et_al,Fish communities critically depend on forest subsidies in small neotropical streams with high biodiversity value,2021,Article,,,,
ID_0901,https://doi.org/10.1111/btp.12949,Roussel_et_al,Fish communities critically depend on forest subsidies in small neotropical streams with high biodiversity value,2021,Article,,,,
ID_0902,https://doi.org/10.1111/btp.12949,Roussel_et_al,Fish communities critically depend on forest subsidies in small neotropical streams with high biodiversity value,2021,Article,,,,
ID_0903,https://doi.org/10.1111/btp.12949,Roussel_et_al,Fish communities critically depend on forest subsidies in small neotropical streams with high biodiversity value,2021,Article,,,,
ID_0904,https://doi.org/10.1111/btp.12949,Roussel_et_al,Fish communities critically depend on forest subsidies in small neotropical streams with high biodiversity value,2021,Article,,,,
ID_0905,https://doi.org/10.1111/btp.12949,Roussel_et_al,Fish communities critically depend on forest subsidies in small neotropical streams with high biodiversity value,2021,Article,,,,
ID_0906,https://doi.org/10.1111/btp.12949,Roussel_et_al,Fish communities critically depend on forest subsidies in small neotropical streams with high biodiversity value,2021,Article,,,,
ID_0907,https://doi.org/10.1111/btp.12949,Roussel_et_al,Fish communities critically depend on forest subsidies in small neotropical streams with high biodiversity value,2021,Article,,,,
ID_0908,https://doi.org/10.1111/btp.12949,Roussel_et_al,Fish communities critically depend on forest subsidies in small neotropical streams with high biodiversity value,2021,Article,,,,
ID_0909,https://doi.org/10.1111/btp.12949,Roussel_et_al,Fish communities critically depend on forest subsidies in small neotropical streams with high biodiversity value,2021,Article,,,,
ID_0910,https://doi.org/10.1007/s00442-005-0069-5,Perga_and_Gerdeaux,‘Are fish what they eat’ all year round?,2005,Article,,,,
ID_0911,https://doi.org/10.1139/f04-089,Perga_and_Gerdeaux,Changes in the δ13C of pelagic food webs: the influence of lake area and trophic status on the isotopic signature of whitefish (Coregonus lavaretus),2004,Article,,,,
ID_0912,https://doi.org/10.1002/ecs2.3456,Winter_et_al,Dual-isotope isoscapes for predicting the scale of fish movements in lowland rivers,2021,Article,,,,
ID_0913,https://doi.org/10.1002/ecs2.3456,Winter_et_al,Dual-isotope isoscapes for predicting the scale of fish movements in lowland rivers,2021,Article,,,,
ID_0914,https://doi.org/10.1002/ecs2.3456,Winter_et_al,Dual-isotope isoscapes for predicting the scale of fish movements in lowland rivers,2021,Article,,,,
ID_0915,https://doi.org/10.1002/ecs2.3456,Winter_et_al,Dual-isotope isoscapes for predicting the scale of fish movements in lowland rivers,2021,Article,,,,
ID_0916,https://doi.org/10.1002/ecs2.3456,Winter_et_al,Dual-isotope isoscapes for predicting the scale of fish movements in lowland rivers,2021,Article,,,,
ID_0917,https://doi.org/10.1002/ecs2.3456,Winter_et_al,Dual-isotope isoscapes for predicting the scale of fish movements in lowland rivers,2021,Article,,,,
ID_0918,https://doi.org/10.1002/ecs2.3456,Winter_et_al,Dual-isotope isoscapes for predicting the scale of fish movements in lowland rivers,2021,Article,,,,
ID_0919,https://doi.org/10.1002/ecs2.3456,Winter_et_al,Dual-isotope isoscapes for predicting the scale of fish movements in lowland rivers,2021,Article,,,,
ID_0920,https://doi.org/10.1002/ecs2.3456,Winter_et_al,Dual-isotope isoscapes for predicting the scale of fish movements in lowland rivers,2021,Article,,,,
ID_0921,https://doi.org/10.1002/ecs2.3456,Winter_et_al,Dual-isotope isoscapes for predicting the scale of fish movements in lowland rivers,2021,Article,,,,
ID_0922,https://doi.org/10.1002/ecs2.3456,Winter_et_al,Dual-isotope isoscapes for predicting the scale of fish movements in lowland rivers,2021,Article,,,,
ID_0923,https://doi.org/10.1016/j.fishres.2019.01.028,DeSantis_et_al,Influences of angler subsidies on the trophic ecology of European barbel Barbus barbus,2019,Article,,,,
ID_0924,https://doi.org/10.1002/ece3.2272,Basic_and_Britton,Characterizing the trophic niches of stocked and resident cyprinid fishes: consistency in partitioning over time,,,,,,
ID_0925,https://doi.org/10.1007/s00027-019-0680-x,Tao_et_al,Quality and contribution of food sources to Australian lungfish evaluated using fatty acids and stable isotopes,2019,Article,,,,
ID_0926,https://doi.org/10.1007/s00027-019-0680-x,Tao_et_al,Quality and contribution of food sources to Australian lungfish evaluated using fatty acids and stable isotopes,2019,Article,,,,
ID_0927,https://doi.org/10.1007/s00027-019-0680-x,Tao_et_al,Quality and contribution of food sources to Australian lungfish evaluated using fatty acids and stable isotopes,2019,Article,,,,
ID_0928,https://doi.org/10.1007/s00027-019-0680-x,Tao_et_al,Quality and contribution of food sources to Australian lungfish evaluated using fatty acids and stable isotopes,2019,Article,,,,
ID_0929,https://doi.org/10.1007/s00027-019-0680-x,Tao_et_al,Quality and contribution of food sources to Australian lungfish evaluated using fatty acids and stable isotopes,2019,Article,,,,
ID_0930,https://doi.org/10.1007/s00027-019-0680-x,Tao_et_al,Quality and contribution of food sources to Australian lungfish evaluated using fatty acids and stable isotopes,2019,Article,,,,
ID_0931,https://doi.org/10.1007/s00027-019-0680-x,Tao_et_al,Quality and contribution of food sources to Australian lungfish evaluated using fatty acids and stable isotopes,2019,Article,,,,
ID_0932,https://doi.org/10.1007/s00027-019-0680-x,Tao_et_al,Quality and contribution of food sources to Australian lungfish evaluated using fatty acids and stable isotopes,2019,Article,,,,
ID_0933,https://doi.org/10.1007/s00027-019-0680-x,Tao_et_al,Quality and contribution of food sources to Australian lungfish evaluated using fatty acids and stable isotopes,2019,Article,,,,
ID_0934,https://doi.org/10.1007/s00027-019-0680-x,Tao_et_al,Quality and contribution of food sources to Australian lungfish evaluated using fatty acids and stable isotopes,2019,Article,,,,
ID_0935,https://doi.org/10.1007/s00027-019-0680-x,Tao_et_al,Quality and contribution of food sources to Australian lungfish evaluated using fatty acids and stable isotopes,2019,Article,,,,
ID_0936,https://doi.org/10.1007/s00027-019-0680-x,Tao_et_al,Quality and contribution of food sources to Australian lungfish evaluated using fatty acids and stable isotopes,2019,Article,,,,
ID_0937,https://doi.org/10.1111/eff.12410,Fraley_et_al,Responsiveness of fish mass–abundance relationships and trophic metrics to flood disturbance,,,,,,
ID_0938,https://doi.org/10.1111/eff.12410,Fraley_et_al,Responsiveness of fish mass–abundance relationships and trophic metrics to flood disturbance,,,,,,
ID_0939,https://doi.org/10.1111/eff.12410,Fraley_et_al,Responsiveness of fish mass–abundance relationships and trophic metrics to flood disturbance,,,,,,
ID_0940,https://doi.org/10.1111/eff.12410,Fraley_et_al,Responsiveness of fish mass–abundance relationships and trophic metrics to flood disturbance,,,,,,
ID_0941,https://doi.org/10.1111/eff.12410,Fraley_et_al,Responsiveness of fish mass–abundance relationships and trophic metrics to flood disturbance,,,,,,
ID_0942,https://doi.org/10.1111/eff.12410,Fraley_et_al,Responsiveness of fish mass–abundance relationships and trophic metrics to flood disturbance,,,,,,
ID_0943,https://doi.org/10.1111/eff.12410,Fraley_et_al,Responsiveness of fish mass–abundance relationships and trophic metrics to flood disturbance,,,,,,
ID_0944,https://doi.org/10.1111/eff.12410,Fraley_et_al,Responsiveness of fish mass–abundance relationships and trophic metrics to flood disturbance,,,,,,
ID_0945,https://doi.org/10.1111/eff.12410,Fraley_et_al,Responsiveness of fish mass–abundance relationships and trophic metrics to flood disturbance,,,,,,
ID_0946,https://doi.org/10.1111/eff.12410,Fraley_et_al,Responsiveness of fish mass–abundance relationships and trophic metrics to flood disturbance,,,,,,
ID_0947,https://doi.org/10.1111/eff.12410,Fraley_et_al,Responsiveness of fish mass–abundance relationships and trophic metrics to flood disturbance,,,,,,
ID_0948,https://doi.org/10.1111/eff.12410,Fraley_et_al,Responsiveness of fish mass–abundance relationships and trophic metrics to flood disturbance,,,,,,
ID_0949,https://doi.org/10.1111/eff.12410,Fraley_et_al,Responsiveness of fish mass–abundance relationships and trophic metrics to flood disturbance,,,,,,
ID_0950,https://doi.org/10.1111/eff.12410,Fraley_et_al,Responsiveness of fish mass–abundance relationships and trophic metrics to flood disturbance,,,,,,
ID_0951,https://doi.org/10.1111/eff.12410,Fraley_et_al,Responsiveness of fish mass–abundance relationships and trophic metrics to flood disturbance,,,,,,
ID_0952,https://doi.org/10.1111/eff.12410,Fraley_et_al,Responsiveness of fish mass–abundance relationships and trophic metrics to flood disturbance,,,,,,
ID_0953,https://doi.org/10.1111/eff.12410,Fraley_et_al,Responsiveness of fish mass–abundance relationships and trophic metrics to flood disturbance,,,,,,
ID_0954,https://doi.org/10.1111/eff.12410,Fraley_et_al,Responsiveness of fish mass–abundance relationships and trophic metrics to flood disturbance,,,,,,
ID_0955,https://doi.org/10.1111/eff.12410,Fraley_et_al,Responsiveness of fish mass–abundance relationships and trophic metrics to flood disturbance,,,,,,
ID_0956,https://doi.org/10.1111/eff.12410,Fraley_et_al,Responsiveness of fish mass–abundance relationships and trophic metrics to flood disturbance,,,,,,
ID_0957,https://doi.org/10.1111/eff.12410,Fraley_et_al,Responsiveness of fish mass–abundance relationships and trophic metrics to flood disturbance,,,,,,
ID_0958,https://doi.org/10.1111/eff.12410,Fraley_et_al,Responsiveness of fish mass–abundance relationships and trophic metrics to flood disturbance,,,,,,
ID_0959,https://doi.org/10.1111/eff.12410,Fraley_et_al,Responsiveness of fish mass–abundance relationships and trophic metrics to flood disturbance,,,,,,
ID_0960,https://doi.org/10.1111/eff.12410,Fraley_et_al,Responsiveness of fish mass–abundance relationships and trophic metrics to flood disturbance,,,,,,
ID_0961,https://doi.org/10.1111/eff.12410,Fraley_et_al,Responsiveness of fish mass–abundance relationships and trophic metrics to flood disturbance,,,,,,
ID_0962,https://doi.org/10.1111/eff.12410,Fraley_et_al,Responsiveness of fish mass–abundance relationships and trophic metrics to flood disturbance,,,,,,
ID_0963,https://doi.org/10.1111/eff.12410,Fraley_et_al,Responsiveness of fish mass–abundance relationships and trophic metrics to flood disturbance,,,,,,
ID_0964,https://doi.org/10.1111/eff.12410,Fraley_et_al,Responsiveness of fish mass–abundance relationships and trophic metrics to flood disturbance,,,,,,
ID_0965,https://doi.org/10.1111/eff.12410,Fraley_et_al,Responsiveness of fish mass–abundance relationships and trophic metrics to flood disturbance,,,,,,
ID_0966,https://doi.org/10.1111/eff.12410,Fraley_et_al,Responsiveness of fish mass–abundance relationships and trophic metrics to flood disturbance,,,,,,
ID_0967,https://doi.org/10.1111/eff.12410,Fraley_et_al,Responsiveness of fish mass–abundance relationships and trophic metrics to flood disturbance,,,,,,
ID_0968,https://doi.org/10.1111/eff.12410,Fraley_et_al,Responsiveness of fish mass–abundance relationships and trophic metrics to flood disturbance,,,,,,
ID_0969,https://doi.org/10.1111/eff.12410,Fraley_et_al,Responsiveness of fish mass–abundance relationships and trophic metrics to flood disturbance,,,,,,
ID_0970,https://doi.org/10.1111/eff.12410,Fraley_et_al,Responsiveness of fish mass–abundance relationships and trophic metrics to flood disturbance,,,,,,
ID_0971,https://doi.org/10.1111/eff.12410,Fraley_et_al,Responsiveness of fish mass–abundance relationships and trophic metrics to flood disturbance,,,,,,
ID_0972,https://doi.org/10.1111/eff.12410,Fraley_et_al,Responsiveness of fish mass–abundance relationships and trophic metrics to flood disturbance,,,,,,
ID_0973,https://doi.org/10.1111/eff.12410,Fraley_et_al,Responsiveness of fish mass–abundance relationships and trophic metrics to flood disturbance,,,,,,
ID_0974,https://doi.org/10.1111/eff.12410,Fraley_et_al,Responsiveness of fish mass–abundance relationships and trophic metrics to flood disturbance,,,,,,
ID_0975,https://doi.org/10.1111/eff.12410,Fraley_et_al,Responsiveness of fish mass–abundance relationships and trophic metrics to flood disturbance,,,,,,
ID_0976,https://doi.org/10.1111/eff.12410,Fraley_et_al,Responsiveness of fish mass–abundance relationships and trophic metrics to flood disturbance,,,,,,
ID_0977,https://doi.org/10.1111/eff.12410,Fraley_et_al,Responsiveness of fish mass–abundance relationships and trophic metrics to flood disturbance,,,,,,
ID_0978,https://doi.org/10.1111/eff.12410,Fraley_et_al,Responsiveness of fish mass–abundance relationships and trophic metrics to flood disturbance,,,,,,
ID_0979,https://doi.org/10.1111/eff.12410,Fraley_et_al,Responsiveness of fish mass–abundance relationships and trophic metrics to flood disturbance,,,,,,
ID_0980,https://doi.org/10.1111/eff.12410,Fraley_et_al,Responsiveness of fish mass–abundance relationships and trophic metrics to flood disturbance,,,,,,
ID_0981,https://doi.org/10.1111/eff.12410,Fraley_et_al,Responsiveness of fish mass–abundance relationships and trophic metrics to flood disturbance,,,,,,
ID_0982,https://doi.org/10.1111/eff.12410,Fraley_et_al,Responsiveness of fish mass–abundance relationships and trophic metrics to flood disturbance,,,,,,
ID_0983,https://doi.org/10.1111/eff.12410,Fraley_et_al,Responsiveness of fish mass–abundance relationships and trophic metrics to flood disturbance,,,,,,
ID_0984,https://doi.org/10.1111/eff.12410,Fraley_et_al,Responsiveness of fish mass–abundance relationships and trophic metrics to flood disturbance,,,,,,
ID_0985,https://doi.org/10.1111/eff.12410,Fraley_et_al,Responsiveness of fish mass–abundance relationships and trophic metrics to flood disturbance,,,,,,
ID_0986,https://doi.org/10.1111/eff.12410,Fraley_et_al,Responsiveness of fish mass–abundance relationships and trophic metrics to flood disturbance,,,,,,
ID_0987,https://doi.org/10.1111/eff.12410,Fraley_et_al,Responsiveness of fish mass–abundance relationships and trophic metrics to flood disturbance,,,,,,
ID_0988,https://doi.org/10.1111/eff.12410,Fraley_et_al,Responsiveness of fish mass–abundance relationships and trophic metrics to flood disturbance,,,,,,
ID_0989,https://doi.org/10.1111/eff.12583,Frossard_et_al,Variability of isotopic partitioning between sympatric brown trout (Salmo trutta) and European grayling (Thymallus thymallus) in the Loue River (France),2021,Article,,,,
ID_0990,https://doi.org/10.1111/eff.12583,Frossard_et_al,Variability of isotopic partitioning between sympatric brown trout (Salmo trutta) and European grayling (Thymallus thymallus) in the Loue River (France),2021,Article,,,,
ID_0991,https://doi.org/10.1046/j.1365-2427.1999.00434.x,Bunn_et_al,Ecosystem measures of river health and their response to riparian and catchment degradation,2019,Article,,,,
ID_0992,https://doi.org/10.1046/j.1365-2427.1999.00434.x,Bunn_et_al,Ecosystem measures of river health and their response to riparian and catchment degradation,2019,Article,,,,
ID_0993,https://doi.org/10.1046/j.1365-2427.1999.00434.x,Bunn_et_al,Ecosystem measures of river health and their response to riparian and catchment degradation,2019,Article,,,,
ID_0994,https://doi.org/10.1111/jfb.14064,Hayden_et_al,Fruit of the forest - larval sea lamprey Petromyzon marinus are fuelled by allochthonous resources,2019,Article,,,,
ID_0995,https://doi.org/10.1002/ecs2.1753,Kainz_et_al,Polyunsaturated fatty acids in fishes increase with total lipids irrespective of feeding sources and trophic position,2017,Article,,,,
ID_0996,https://doi.org/10.1111/j.1365-2427.2011.02604.x,Hayden_et_al,Trophic dynamics within a hybrid zone – interactions between an abundant cyprinid hybrid and sympatric parental species,2011,Article,,,,
ID_0997,https://doi.org/10.1111/j.1365-2427.2011.02604.x,Hayden_et_al,Trophic dynamics within a hybrid zone – interactions between an abundant cyprinid hybrid and sympatric parental species,2011,Article,,,,
ID_0998,https://doi.org/10.1111/j.1365-2427.2011.02604.x,Hayden_et_al,Trophic dynamics within a hybrid zone – interactions between an abundant cyprinid hybrid and sympatric parental species,2011,Article,,,,
ID_0999,https://doi.org/10.1111/jfb.14064,Hayden_et_al,Fruit of the forest - larval sea lamprey Petromyzon marinus are fuelled by allochthonous resources,2019,Article,,,,
ID_1000,https://doi.org/10.1111/j.1365-2427.2011.02604.x,Hayden_et_al,Trophic dynamics within a hybrid zone – interactions between an abundant cyprinid hybrid and sympatric parental species,2011,Article,,,,
ID_1001,https://doi.org/10.1111/jfb.14064,Hayden_et_al,Fruit of the forest - larval sea lamprey Petromyzon marinus are fuelled by allochthonous resources,2019,Article,,,,
