FoodWeb_ID,Common_name,Scientific_name,d13C,d15N,var_d13C,var_d15N,var_type,N_Sample
ID_0001,Mysid,Mysis relicta,-25.11,4.22,0.24,0.19,SE,5
ID_0001,Isopod,Saduria entomon,-22,6.7,0.85,0.49,SE,2
ID_0001,Midge,Chironomidae,-23.9,4.89,0.9,0.48,SE,4
ID_0001,Zooplankton,NA,-30.1,6.42,0.04,0.34,SE,3
ID_0002,Mysid,Mysis relicta,-27,4.31,0.24,0.19,SE,5
ID_0002,Isopod,Saduria entomon,-26.5,6.19,0.6,0.35,SE,4
ID_0002,Midge,Chironomidae,-32.3,3.99,0.8,0.43,SE,5
ID_0002,Zooplankton,NA,-32.6,8.38,0.04,0.34,SE,3
ID_0003,Mysid,Mysis relicta,-23.5,3.19,0.24,0.19,SE,5
ID_0003,Isopod,Saduria entomon,-23.2,6.17,0.69,0.4,SE,3
ID_0003,Midge,Chironomidae,-28.4,3.96,0.8,0.43,SE,5
ID_0003,Zooplankton,NA,-31.7,7.58,0.04,0.34,SE,3
ID_0004,Mysid,Mysis relicta,-26.46,4.48,0.24,0.19,SE,5
ID_0004,Isopod,Saduria entomon,-26.2,6.96,0.85,0.49,SE,2
ID_0004,Midge,Chironomidae,-28,6.21,0.8,0.43,SE,5
ID_0004,Zooplankton,NA,-32.51,8.39,0.04,0.34,SE,3
ID_0005,Midge,Chironomidae,-19.3,10.9,NA,NA,NA,17
ID_0005,Quagga mussel,Dreissena bugensis,-22.7,9.8,NA,NA,NA,18
ID_0005,Gammarid,Echinogammarus ischnus,-19.6,10.2,NA,NA,NA,4
ID_0005,Gammarid,Gammarus fasciatus,-16.8,9.1,NA,NA,NA,5
ID_0005,Dreissena feces,NA,-15.6,7.1,NA,NA,NA,11
ID_0005,Gammarid feces,NA,-16.6,9.7,NA,NA,NA,1
ID_0005,Detritus,NA,-9.5,7,NA,NA,NA,15
ID_0005,Benthic algae mixed scraping,NA,-17.1,6.9,NA,NA,NA,10
ID_0005,Benthic algae,Cladophora spp,-18.1,5.6,NA,NA,NA,1
ID_0005,Benthic algae,Spirogyra spp,-13.2,8.2,NA,NA,NA,3
ID_0005,Macrophyte mixed,NA,-15.9,7.8,NA,NA,NA,7
ID_0005,Benthic seston,NA,-24.7,6,NA,NA,NA,17
ID_0006,Swan mussel,Anodonta cygnea,-31.1,5.5,NA,NA,NA,7
ID_0006,Mayfly,Chaoborus sp,-27.3,7.2,NA,NA,NA,9
ID_0006,Water hoglouse,Asellus aquaticus,-27.5,2.5,NA,NA,NA,5
ID_0006,Crayfish,Orconectes limosus,-24.5,6,NA,NA,NA,23
ID_0006,Damselfly,Odonata,-25.8,4.8,NA,NA,NA,4
ID_0006,Trichoptera,Polycentropus sp,-27.5,5.4,NA,NA,NA,3
ID_0006,Gastropod,Theodoxus fluviatilis,-18.7,5.1,NA,NA,NA,1
ID_0006,Calanoid zooplankton,NA,-29.7,6.5,NA,NA,NA,10
ID_0006,Cladoceran,NA,-26.7,4,NA,NA,NA,11
ID_0006,Cyclopoid,NA,-29,3.6,NA,NA,NA,9
ID_0006,Mixed Zooplankton,NA,-29,6,NA,NA,NA,30
ID_0007,Shrimp,Caridina nilotica,-22.8,7.2,NA,NA,NA,6
ID_0007,Bivalve,NA,-23.73,7.45,NA,NA,NA,2
ID_0007,Mayfly,NA,-23.9,6.7,NA,NA,NA,10
ID_0007,Dragonfly,NA,-27,6,NA,NA,NA,5
ID_0008,Shrimp,Caridina nilotica,-19,4.4,NA,NA,NA,17
ID_0008,Mayfly,NA,-18.9,2.6,NA,NA,NA,5
ID_0008,Odonata,Odonata,-18.6,5.3,NA,NA,NA,7
ID_0008,Gastropod,NA,-18.9,5.6,NA,NA,NA,1
ID_0008,Suspended floc,NA,-19.15,2.95,NA,NA,NA,2
ID_0008,Macrophyte,Vossia spp,-12.6,0.65,NA,NA,NA,2
ID_0008,Macrophyte_papyrus sedge,Cyperus papyrus,-12.65,0.4,NA,NA,NA,2
ID_0008,Macrophyte_water hyacinth,Eichhornia crassipes,-27.1,3.05,NA,NA,NA,2
ID_0008,Phytoplankton,NA,-19.9,4.3,NA,NA,NA,3
ID_0008,Zooplankton,NA,-17.6,7.1,NA,NA,NA,3
ID_0008,Zooplankton,NA,-20.5,7.75,NA,NA,NA,2
ID_0009,Gastropod,Bellamya ecclesi,-22.5,1.8,NA,NA,NA,1
ID_0009,Mayfly,Chaoborus edulis,-24.4,7.6,NA,NA,NA,2
ID_0009,Crab,NA,-17.4,6.1,NA,NA,NA,1
ID_0009,Gastropod,Melanoides nodicincta,-14.2,2.3,NA,NA,NA,1
ID_0009,Mussel,NA,-22.5,2.7,NA,NA,NA,6
ID_0009,Sponge,NA,-23,3.5,NA,NA,NA,1
ID_0009,Zooplankton,NA,-24.5,3.2,NA,NA,NA,6
ID_0010,Mayfly,Baetidae,-29,9.2,NA,NA,NA,NA
ID_0010,Mayfly,Caenidae,-30.5,8.5,NA,NA,NA,NA
ID_0010,Midge,Chironomidae,-33.3,11,NA,NA,NA,NA
ID_0010,Gammarid,NA,-29.4,13.7,NA,NA,NA,NA
ID_0010,Northern caddisfly,Limnephilidae,-31.9,11.6,NA,NA,NA,NA
ID_0010,Damselfly,Platycnemididae,-31.1,10.9,NA,NA,NA,NA
ID_0010,Caddisfly,Polycentropidae,-31.2,12.4,NA,NA,NA,NA
ID_0011,Water hoglouse,Asselidae,-26.5,6.4,NA,NA,NA,NA
ID_0011,Mayfly,Baetidae,-28.4,8,NA,NA,NA,NA
ID_0011,Mayfly,Caenidae,-26.4,4.7,NA,NA,NA,NA
ID_0011,Midge,Chironomidae,-27.3,5.4,NA,NA,NA,NA
ID_0011,Damselfly,Coenagrionidae,-25.7,7.3,NA,NA,NA,NA
ID_0011,Diptera,NA,-24.6,4.9,NA,NA,NA,NA
ID_0011,Gammarid,NA,-24.2,8.4,NA,NA,NA,NA
ID_0011,Northern caddisfly,Limnephilidae,-27.7,4.4,NA,NA,NA,NA
ID_0011,Oligochaeta,NA,-25.8,6.5,NA,NA,NA,NA
ID_0011,Damselfly,Platycnemididae,-26.8,7.3,NA,NA,NA,NA
ID_0015,Aquatic invertebrate,Anisoptera,-28.31,8.43,3.83,0.84,SD,10
ID_0015,Aquatic invertebrate,Caridina africana,-27.65,8.1,2.22,0.3,SD,6
ID_0015,Aquatic invertebrate,Corixidae,-26.2,9.1,NA,NA,SD,1
ID_0015,Aquatic invertebrate,Dytiscidae,-32.2,9.6,NA,NA,SD,1
ID_0015,Aquatic invertebrate,Ephemeroptera,-31.13,8.1,1.94,1.31,SD,3
ID_0015,Aquatic invertebrate,Gastropoda,-16.95,8.05,0.49,0.35,SD,2
ID_0015,Aquatic invertebrate,Hydrophilidae,-30,8.2,2.69,0,SD,2
ID_0015,Aquatic invertebrate,Lanistes ovum,-26.93,5.2,1.68,1.15,SD,3
ID_0015,Aquatic invertebrate,Nepidae,-29,6.4,NA,NA,SD,1
ID_0015,Aquatic invertebrate,Plecoptera,-25.2,8.3,NA,NA,SD,1
ID_0015,Emergent leaves C4 plants,NA,-13.5,6.2,0,2.83,SD,2
ID_0015,Emergent leaves,Eichhornia crassipes,-30.9,5.7,NA,NA,SD,1
ID_0015,Floating macrophyte,Salvinia natans,-30.5,7,NA,NA,SD,1
ID_0015,Coarse POM (> 710 µm),NA,-30.5,5.4,NA,NA,SD,1
ID_0015,Detrital matter,NA,-25.55,5.65,3.1,0.06,SD,4
ID_0015,Fine POM (< 710 µm),NA,-29.27,5.1,0.21,0.1,SD,3
ID_0015,Leaves,NA,-29.55,6.05,0.92,1.06,SD,2
ID_0016,Aquatic invertebrate,Anisoptera,-36.6,8.53,4.36,1.1,SD,3
ID_0016,Aquatic invertebrate,Caridea-Palaemonidae-Macrobrachium,-25.6,10.6,NA,NA,SD,1
ID_0016,Aquatic invertebrate,Caridina africana,-31.15,10.2,4.03,0.14,SD,2
ID_0016,Aquatic invertebrate,Chironomidae,-41.4,7.4,NA,NA,SD,1
ID_0016,Aquatic invertebrate,Diptera,-23.3,12,NA,NA,SD,1
ID_0016,Aquatic invertebrate,Ephemeroptera,-33.25,12.05,0.78,6.29,SD,2
ID_0016,Aquatic invertebrate,Gerridae,-27.9,10,NA,NA,SD,1
ID_0016,Aquatic invertebrate,Gyrinidae,-29.6,10,NA,NA,SD,1
ID_0016,Aquatic invertebrate,Libellulidae,-29.07,11.23,2.75,1.91,SD,3
ID_0016,Aquatic invertebrate,Macromiidae,-31.2,10,NA,NA,SD,1
ID_0016,Aquatic invertebrate,Oligochaeta,-20.9,8.9,NA,NA,SD,1
ID_0016,Aquatic invertebrate,Plecoptera,-30.5,10.2,NA,NA,SD,1
ID_0016,Aquatic invertebrate,Zygoptera,-29.5,11,NA,NA,SD,1
ID_0016,Aquatic fern,NA,-32.48,6.55,1.99,1.62,SD,4
ID_0016,Common water hyacinth,NA,-30.53,3.03,0.35,0.55,SD,3
ID_0016,Emergent leaves C4 plants,NA,-12.5,5.48,0.95,4.01,SD,6
ID_0016,Emergent stems and leaves of an aquatic monocotyledon helophytes C4 plants,,-14.6,5.5,NA,NA,SD,1
ID_0016,Macrophyte,Ranunculus,-44.5,10.3,NA,NA,SD,1
ID_0016,Macrophyte ,NA,-30.6,8.5,NA,NA,SD,1
ID_0016,water hyacinth,NA,-30.35,9,0.35,3.39,SD,2
ID_0016,Water lily,NA,-25.8,3.43,0.76,4.81,SD,4
ID_0016,Coarse POM (> 710 µm),NA,-29.2,4.23,1.65,0.06,SD,3
ID_0016,Detrital matter,NA,-30.8,5.1,2.1,0.5,SD,3
ID_0016,Fine POM (< 710 µm),NA,-30.1,5.63,0.2,1.63,SD,3
ID_0017,Aquatic invertebrate,Anisoptera,-28.3,8.78,3.62,0.31,SD,6
ID_0017,Aquatic invertebrate,Belostomatidae,-27.75,11.9,4.31,0.14,SD,2
ID_0017,Aquatic invertebrate,Caridina africana,-28.54,7.94,2.65,1.58,SD,5
ID_0017,Aquatic invertebrate,Coleoptera,-25.77,7.53,5.69,1.14,SD,3
ID_0017,Aquatic invertebrate,Diptera,-28.85,8.2,0.07,0.42,SD,2
ID_0017,Aquatic invertebrate,Dytiscidae,-24.8,3.2,NA,NA,SD,1
ID_0017,Aquatic invertebrate,Ephemeroptera,-28.9,8.43,0.2,0.31,SD,3
ID_0017,Aquatic invertebrate,Gastropoda,-27.56,5.38,0.46,1.36,SD,5
ID_0017,Aquatic invertebrate,Gerridae,-27.55,7.9,2.47,0.71,SD,2
ID_0017,Aquatic invertebrate,Nepidae,-26.6,9.2,NA,NA,SD,1
ID_0017,Aquatic invertebrate,Odonata,-29.35,8.25,0.07,0.21,SD,2
ID_0017,Aquatic invertebrate,Oligochaeta,-29,6.4,NA,NA,SD,1
ID_0017,Aquatic invertebrate,Trichoptera,-28.6,8.9,NA,NA,SD,1
ID_0017,Aquatic invertebrate,Zygoptera,-26.54,8.18,3.08,0.56,SD,5
ID_0017,Aquatic fern,NA,-30.5,6.4,NA,NA,SD,1
ID_0017,C4 plants,NA,-12,9.4,NA,NA,SD,1
ID_0017,Emergent leaves C4 plants,NA,-13.63,5.45,0.93,0.82,SD,4
ID_0017,Emergent leaves,Eichhornia crassipes,-31.8,2.53,0.7,1.27,SD,3
ID_0017,Macrophyte,NA,-31.34,4.54,3.32,1.69,SD,7
ID_0017,Water lily,NA,-29.4,8.55,1.27,8.27,SD,2
ID_0017,Coarse POM (> 710 µm),NA,-31.35,2.6,0.07,0.99,SD,2
ID_0017,Detrital matter,NA,-27.56,5.02,3.5,0.49,SD,10
ID_0017,Detrital matter/POM,NA,-30,14.4,NA,NA,SD,1
ID_0017,Fine POM (< 710 µm) ,NA,-30.63,3.55,0.74,0.83,SD,6
ID_0018,Aquatic invertebrate,Anisoptera,-31.96,8.08,7.54,1.63,SD,5
ID_0018,Aquatic invertebrate,Belostomatidae,-29.9,10.4,NA,NA,SD,1
ID_0018,Aquatic invertebrate,Caridina africana,-27.4,10,NA,NA,SD,1
ID_0018,Aquatic invertebrate,Coleoptera,-20.7,7.1,NA,NA,SD,1
ID_0018,Aquatic invertebrate,Diptera,-28.7,6.3,NA,NA,SD,1
ID_0018,Aquatic invertebrate,Ephemeroptera,-31.1,6.7,NA,NA,SD,1
ID_0018,Aquatic invertebrate,Gerridae,-26.85,9.45,3.18,0.64,SD,2
ID_0018,Aquatic invertebrate,Gyrinidae,-26.1,8.2,NA,NA,SD,1
ID_0018,Aquatic invertebrate,Hydrophilidae,-28.7,9.05,0.28,1.06,SD,2
ID_0018,Aquatic invertebrate,Nematoda,-26.4,9,NA,NA,SD,1
ID_0018,Aquatic invertebrate,Plecoptera,-28.8,8.7,NA,NA,SD,1
ID_0018,Aquatic invertebrate,Tabanidae,-28.85,7.45,0.07,1.48,SD,2
ID_0018,Aquatic invertebrate,Zygoptera,-27.4,9.17,4.34,0.55,SD,3
ID_0018,Aquatic fern,NA,-30.3,8.5,NA,NA,SD,1
ID_0018,Emergent leaves C4 plants,NA,-12.95,5.1,0.07,0.28,SD,2
ID_0018,Emergent leaves,Eichhornia crassipes,-32.6,3,NA,NA,SD,1
ID_0018,Floating macrophyte,Salvinia natans,-28.2,4.7,NA,NA,SD,1
ID_0018,Macrophyte,NA,-28.95,4.05,0.64,1.48,SD,2
ID_0018,Water hyacinth,NA,-30.1,5.4,NA,NA,SD,1
ID_0018,Water lily,NA,-28.9,4.53,1.39,1.7,SD,3
ID_0018,Detrital matter,NA,-30.15,5.12,2.51,0.17,SD,6
ID_0018,Fine POM (< 710 µm),NA,-28.33,3.87,2.06,1.01,SD,3
ID_0020,Shrimp,Macrobrachium carcinus,-20.13,7.31,1.03,0.37,SD,2
ID_0020,Shrimp,Macrobrachium crenulatum,-23.75,5.76,NA,NA,NA,1
ID_0020,Shrimp,Macrobrachium spp small,-19.44,7.11,0.81,0.11,SD,5
ID_0020,Shrimp medium,Xiphocaris elongata,-15.43,6.06,0.53,0.31,SD,5
ID_0020,Shrimp small,Xiphocaris elongata,-17.6,7.84,1.02,0.17,SD,5
ID_0020,Insect,Leptophlebidae,,,,,,
ID_0020,Riffle beetle,Phanocerus sp,-25.88,1.28,0.04,0.03,SD,2
ID_0020,Stream leaf,NA,-28.79,0.62,0.4,0.12,SD,5
ID_0020,Algae,NA,-17.03,2.16,3.25,0.3,SD,2
ID_0020,Biofilm,NA,-20.15,3.38,0.19,0.43,SD,11
ID_0021,Gastropod,Neritina punctulata,-17.3,5.8,0.4,0.2,SD,6
ID_0021,Gastropod,Melanoides tuberculata,-17.5,7,0.5,0.1,SD,2
ID_0021,Gastropod,Pomacea glauca,-24.3,5,1.7,0.1,SD,3
ID_0021,Shrimp,Atya innocous,-24.5,8.2,0.2,0.5,SD,16
ID_0021,Shrimp,Atya scabra,-24.4,8.4,0.3,0.2,SD,7
ID_0021,Shrimp juvenile,Xiphocaris elongata,-26,8.6,0.2,0.8,SD,3
ID_0021,Shrimp adult,Xiphocaris elongata,-24.7,7.3,0.3,0.1,SD,3
ID_0021,Shrimp,Macrobranchium faustinum,-21.5,9,0.2,0.1,SD,6
ID_0021,Shrimp,Macrobranchium crenulatum,-23.1,9.2,0.4,0.2,SD,6
ID_0021,Shrimp,Macrobranchium acanthurus juvenile,-20.1,9.2,NA,NA,NA,1
ID_0021,Shrimp,Macrobranchium acanthurus adult,-22.3,9.2,NA,NA,NA,1
ID_0021,Shrimp,Macrobranchium heterochirus,-22.4,9.1,1.1,0.2,SD,5
ID_0021,Shrimp,Macrobranchium carcinus,-19.2,10.2,NA,NA,NA,1
ID_0021,Drifting particulate matter,NA,-28.6,4.3,0.3,1,SD,5
ID_0021,Leaf detritus,NA,-29.1,4.3,1.2,1.4,SD,5
ID_0021,Fruit and seed detritus,NA,-24.9,2.5,NA,NA,NA,1
ID_0021,Biofilm,NA,-21,3.3,0.2,0.3,SD,5
ID_0021,Filamentous green algae,NA,-22.7,7.7,0.7,0.7,SD,3
ID_0023,Gastropod A,NA,-22.6,3.6,NA,NA,NA,NA
ID_0023,Gastropod B,NA,-23.9,3.3,NA,NA,NA,NA
ID_0023,Dragonfly larvae B,NA,-26.34,8.24,NA,NA,NA,1
ID_0023,Dragonfly larvae C,NA,-26.55,7.89,NA,NA,NA,1
ID_0023,Attached algae,NA,-16.5,2.1,NA,NA,NA,NA
ID_0023,C4 macrophyte,NA,-12.4,1.8,NA,NA,NA,NA
ID_0023,Attached algae,NA,-22.2,3.9,NA,NA,NA,1
ID_0023,C3 macrophyte,NA,-30.9,7.5,NA,NA,NA,1
ID_0023,C4 macrophyte,NA,-11.3,7.7,NA,NA,NA,1
ID_0023,Zooplankton,NA,-25.2,3.6,NA,NA,NA,NA
ID_0023,Zooplankton,NA,-28,7.3,NA,NA,NA,1
ID_0024,Bird,Columbia livia,-24.93,6.35,0.4,0.26,SE,NA
ID_0024,Crayfish,Orconectes limosus,,,,,,
ID_0024,Bivalve,Dreissena sp,,,,,,
ID_0024,Coypu,Myocastor coypus Molina,-21.33,6.48,1.21,0.83,SE,NA
ID_0024,Frog,Rana esculenta,-25.9,8.04,0.05,0.09,SE,NA
ID_0025,Shrimp,Macrobranchium australiense,-24.76,10.45,0.34,0.6,SD,NA
ID_0025,Crayfish,Cherax destructor,-24.42,8.03,0.61,1.45,SD,NA
ID_0025,Suspended organic matter,NA,-25.78,4.66,1.36,2.05,SD,NA
ID_0026,Crayfish,Cherax destructor,-20.75,8.28,0.61,0.6,SD,NA
ID_0026,Shrimp,Macrobranchium australiense,-23.61,11.66,0.95,0.36,SD,NA
ID_0026,Suspended organic matter,NA,-24.9,4.05,0.68,1.93,SD,NA
ID_0027,Mayfly,NA,-26.98,8.38,NA,NA,NA,1
ID_0027,Plecoptera,NA,-27.32,8.07,NA,NA,NA,1
ID_0027,Trichoptera,NA,-24.27,8.21,NA,NA,NA,1
ID_0027,Midge,Chironomidae,-23.78,7.5,NA,NA,NA,1
ID_0027,Odonata,Odonata,-23.35,9.05,NA,NA,NA,1
ID_0028,Mayfly,NA,-26.21,23.11,0.63,0,SE,NA
ID_0028,Trichoptera,NA,-24.8,22.39,0.05,0.52,SE,NA
ID_0028,Odonata,Odonata,-23.88,24.04,NA,NA,NA,1
ID_0028,Midge,Chironomidae,-23.39,21.98,0.39,0.1,SE,NA
ID_0029,Mayfly,NA,-24.63,11.09,0.24,0.83,SE,NA
ID_0029,Odonata,Odonata,-23.42,10.8,0.63,1.55,SE,NA
ID_0029,Midge,Chironomidae,-22.22,12.67,0.1,1.44,SE,NA
ID_0029,Trichoptera,NA,-23.9,12.44,NA,NA,NA,1
ID_0030,Mayfly,NA,-23.86,9.14,0.29,0.31,SE,NA
ID_0030,Odonata,Odonata,-23.76,10.17,0.67,0.51,SE,NA
ID_0030,Midge,Chironomidae,-22.17,9.33,0.19,0.2,SE,NA
ID_0030,Trichoptera,NA,-23.13,8.93,NA,NA,NA,1
ID_0031,Mayfly,NA,-24.95,7.24,NA,NA,NA,1
ID_0031,Odonata,Odonata,-25.62,9.61,NA,NA,NA,1
ID_0031,Midge,Chironomidae,-22.28,7.75,NA,NA,NA,1
ID_0033,Amphipod,NA,-17.85,7.87,NA,NA,SE,1
ID_0033,Damselfly,Coenagrionidae,-20.79,12.12,NA,NA,SE,1
ID_0033,Water boatman,Corixidae,-18.89,9.22,NA,NA,SE,1
ID_0033,Diptera,NA,-17.93,7.95,NA,NA,SE,1
ID_0033,Spiny crawler mayfly,Ephemerellidae,-17.28,7.61,NA,NA,SE,1
ID_0033,Water scavenger beetle,Hydrophilidae,-18.8,9.68,NA,NA,SE,1
ID_0033,Creeping Water Bugs,Naucoridae,-19.41,10.48,NA,NA,SE,1
ID_0033,Zooplankton,NA,-25.99,10.68,0.71,3.88,SE,2
ID_0034,Damselfly,Coenagrionidae,-29.04,13.33,NA,NA,NA,1
ID_0034,Water boatman,Corixidae,-23.13,9.2,NA,NA,NA,1
ID_0034,Gastropod,NA,-22.92,11.42,NA,NA,NA,1
ID_0034,Hemiptera,NA,-25.34,10.03,NA,NA,NA,1
ID_0034,Creeping Water Bugs,Naucoridae,-14.55,7.4,NA,NA,NA,1
ID_0035,Hemiptera,NA,-22.71,14.23,NA,NA,NA,1
ID_0035,Zooplankton,NA,-24.45,9.52,NA,NA,NA,1
ID_0036,Midge,Chironomidae,-25.25,14.99,NA,NA,NA,1
ID_0036,Coleoptera,NA,-13.91,9.67,NA,NA,NA,1
ID_0036,Diptera,NA,-19.39,9.62,NA,NA,NA,1
ID_0036,Mayfly,NA,-21.37,15.05,NA,NA,NA,1
ID_0036,Hemiptera,NA,-21.55,10.62,NA,NA,NA,1
ID_0036,Isopod,NA,-20.23,7.92,NA,NA,NA,1
ID_0036,Blackfly,Simuliidae,-25.08,14.47,NA,NA,NA,1
ID_0036,Trichoptera,NA,-27.46,18.3,NA,NA,NA,1
ID_0037,Giant water bugs,Belostomatidae,-24.63,10.78,0.13,2.17,SE,2
ID_0037,Midge,Chironomidae,-27.74,11.49,NA,NA,NA,1
ID_0037,Water boatman,Corixidae,-26.95,9.43,NA,NA,NA,1
ID_0037,Diptera,NA,-25.12,10.59,0.89,0.58,SE,3
ID_0037,Water beetle,Dytiscidae,-27.25,11.71,NA,NA,NA,1
ID_0037,Mayfly,NA,-26.37,10.43,0.9,1.67,SE,3
ID_0037,Water strider,Gerridae,-23.26,10.38,NA,NA,NA,1
ID_0037,Hemiptera,NA,-24.95,9.33,NA,NA,NA,1
ID_0037,Odonata,Odonata,-26.47,10.4,NA,NA,NA,1
ID_0037,Trichoptera,NA,-24.73,10.92,NA,NA,NA,1
ID_0038,Giant water bugs,Belostomatidae,-22.47,9.06,0.73,0.51,SE,2
ID_0038,Midge,Chironomidae,-26.18,10.85,NA,NA,NA,1
ID_0038,Coleoptera,NA,-16.23,5.73,NA,NA,NA,1
ID_0038,Water boatman,Corixidae,-24.51,8.53,NA,NA,NA,1
ID_0038,Riffle beetle,Elmidae,-26.6,9.34,NA,NA,NA,1
ID_0038,Whirligig beetle,Gyrinidae,-23.5,6.88,NA,NA,NA,1
ID_0038,Hemiptera,NA,-23.89,8.57,NA,NA,NA,1
ID_0038,Blackfly,Simuliidae,-26.94,12.31,NA,NA,NA,1
ID_0038,Tadpole,NA,-19.96,7.07,NA,NA,NA,1
ID_0039,Damselfly,Coenagrionidae,-29.04,13.33,NA,NA,NA,1
ID_0039,Water boatman,Corixidae,-23.19,9.2,NA,NA,NA,1
ID_0039,Gastropod,NA,-22.92,11.42,NA,NA,NA,1
ID_0039,Hemiptera,NA,-25.34,10.03,NA,NA,NA,1
ID_0039,Creeping Water Bugs,Naucoridae,-14.55,7.4,NA,NA,NA,1
ID_0040,Hemiptera,NA,-22.71,14.23,NA,NA,NA,1
ID_0040,Zooplankton,NA,-24.45,9.52,NA,NA,NA,1
ID_0041,Giant water bugs,Belostomatidae,-21.73,19.14,NA,NA,NA,1
ID_0041,Diptera,NA,-28.79,12.32,NA,NA,NA,1
ID_0041,Riffle beetle,Elmidae,-21.69,11.46,NA,NA,NA,1
ID_0041,Mayfly,NA,-23.11,12.98,2.34,0.86,SE,2
ID_0041,Water strider,Gerridae,-21.72,11.38,NA,NA,NA,1
ID_0041,Water scorpion,Nepidae,-21.76,9.51,NA,NA,NA,1
ID_0041,Backswimmer,Notonectidae,-25.87,9.73,NA,NA,NA,1
ID_0041,Blackfly,Simuliidae,-23.45,16.45,NA,NA,NA,1
ID_0041,Trichoptera,NA,-22.15,13.99,NA,NA,NA,1
ID_0042,Giant water bugs,Belostomatidae,-24.89,8.69,NA,NA,NA,1
ID_0042,Midge,Chironomidae,-26.21,7.07,NA,NA,NA,1
ID_0042,Coleoptera,NA,-25.11,7.62,NA,NA,NA,1
ID_0042,Water strider,Gerridae,-24.95,10.76,NA,NA,NA,1
ID_0042,Dragonfly,Gomphidae,-21.18,9.53,NA,NA,NA,1
ID_0042,Isopod,NA,-26.65,6.46,NA,NA,NA,1
ID_0042,Odonata,Odonata,-30.5,11.46,0.17,0.52,SE,2
ID_0042,Blackfly,Simuliidae,-40.33,12.57,NA,NA,NA,1
ID_0042,Trichoptera,NA,-26.46,12.71,1.3,0,SE,NA
ID_0043,Mayfly,Chaoborus sp,-24.63,2.67,NA,NA,NA,1
ID_0043,Midge,Chironomidae,-22.01,7.42,NA,NA,NA,1
ID_0043,Damselfly,Coenagrionidae,-23.06,6.37,NA,NA,NA,1
ID_0043,Coleoptera,NA,-18.62,4.99,NA,NA,NA,1
ID_0043,Water boatman,Corixidae,-21.16,8.02,NA,NA,NA,1
ID_0043,Mosquitoes,Culicidae,-21.13,8.88,NA,NA,NA,1
ID_0043,Diptera,NA,-22.09,5.56,NA,NA,NA,1
ID_0043,Water beetle,Dytiscidae,-22.08,5.46,NA,NA,NA,1
ID_0043,Mayfly,NA,-23.63,7.44,NA,NA,NA,1
ID_0043,Gastropod,NA,-20.83,4.96,NA,NA,NA,1
ID_0043,Backswimmer,Notonectidae,-27.11,9.1,1.8,3.41,SE,2
ID_0043,Hoverfly,Syrphidae,-19.56,5.51,NA,NA,NA,1
ID_0043,Zooplankton,NA,-21.94,6.18,NA,NA,NA,1
ID_0050,Trichoptera,Brachycentridae,-31.86,8.45,NA,NA,NA,1
ID_0050,Northern caddisfly,Limnephilidae,-31.61,9.03,1.42,0.76,SD,NA
ID_0050,Gammarid,Gammaridae,-28.83,9.22,0.52,0.35,SD,NA
ID_0051,Water boatman,Corixidae,-24.7,9.87,NA,NA,NA,1
ID_0051,Midge,Chironomidae,-25.6,10.26,NA,NA,NA,1
ID_0051,Net-spinning caddisfly,Hydropsychidae,-25.79,10.85,NA,NA,NA,1
ID_0051,Megaloptera,Corydalidae,-25.05,10.65,NA,NA,NA,1
ID_0051,Mayfly,Baetidae,-24.31,10.65,NA,NA,NA,1
ID_0051,Plecoptera,Perlidae sp,-24.18,11.3,NA,NA,NA,1
ID_0051,Damselfly,Coenagrionidae,-24.42,11.69,NA,NA,NA,1
ID_0052,Water boatman,Corixidae,-23.25,10.39,NA,NA,NA,1
ID_0052,Midge,Chironomidae,-24.27,10.98,NA,NA,NA,1
ID_0052,Net-spinning caddisfly,Hydropsychidae,-24.94,11.77,NA,NA,NA,1
ID_0052,Megaloptera,Corydalidae,-25.06,11.9,NA,NA,NA,1
ID_0052,Mayfly,Baetidae,-24.75,11.51,NA,NA,NA,1
ID_0052,Damselfly,Coenagrionidae,-24.67,11.84,NA,NA,NA,1
ID_0053,Water boatman,Corixidae,-21.02,10.72,NA,NA,NA,1
ID_0053,Midge,Chironomidae,-20.51,11.11,NA,NA,NA,1
ID_0053,Net-spinning caddisfly,Hydropsychidae,-25.57,12.95,NA,NA,NA,1
ID_0053,Megaloptera,Corydalidae,-25.65,12.95,NA,NA,NA,1
ID_0053,Mayfly,Baetidae,-27.33,12.56,NA,NA,NA,1
ID_0053,Plecoptera,Perlidae sp,-25.18,12.23,NA,NA,NA,1
ID_0053,Damselfly,Coenagrionidae,-25.06,11.9,NA,NA,NA,1
ID_0054,Crabs,NA,-24.6,6.2,1.16,1.14,SD,NA
ID_0054,Terrestrial-Riparian vegetation,NA,-30.36,1.81,1.43,0.4,SD,NA
ID_0055,Aquatic insect larvae,NA,-24.25,5.63,0.66,0.77,SD,NA
ID_0055,Shrimp,NA,-22.05,7.66,0.99,0.01,SD,NA
ID_0055,Gastropod,NA,-20.49,6.15,2.19,0.77,SD,NA
ID_0055,Coarse detritus,NA,-29.93,1,0.48,0.8,SD,NA
ID_0055,Fine particulate organic matter,NA,-27.85,3.24,NA,NA,NA,NA
ID_0055,Macrophyte,NA,-22.16,4.95,0.04,0.44,SD,NA
ID_0055,Filamentous algae,NA,-25.84,4.32,1.07,1.4,SD,NA
ID_0056,Aquatic insect larvae,NA,-27.73,7.27,3.05,0.56,SD,NA
ID_0056,Shrimp,NA,-27.68,9.37,1.47,1.32,SD,NA
ID_0056,Gastropod,NA,-20.13,7.53,1.03,0.26,SD,NA
ID_0056,Macrophyte,NA,-26.68,5.41,NA,NA,NA,NA
ID_0056,Filamentous algae,NA,-22.02,5.01,NA,NA,NA,NA
ID_0056,Terrestrial-Riparian vegetation,NA,-30.5,1.62,1.5,1.79,SD,NA
ID_0056,Organic sediment,NA,-23.4,6.54,NA,NA,NA,NA
ID_0057,Mayfly,Baetis spp,,,,,,
ID_0057,Mayfly,Habrophlebiodes gilliesi,-26.31,2.29,NA,NA,NA,1
ID_0057,Mayfly,Afronurus spp,-21.07,1.92,0.24,0,SE,4
ID_0057,Mayfly,Torleya arenosa,-26.47,1.31,NA,NA,NA,1
ID_0057,Midge,Chironominae,-27.3,2.79,NA,NA,NA,1
ID_0057,Midge,Orthocladinae,-25.08,1.18,NA,NA,NA,1
ID_0057,Midge,Tanypodinae,-27.18,2.91,NA,NA,NA,1
ID_0057,Trichoptera,Anisocentropus maculatus,-30.37,0.8,0.72,0.11,SE,2
ID_0057,Trichoptera,Pseudoneureclipsis spp,-25.48,2.29,NA,NA,NA,1
ID_0057,Trichoptera,Helicopsyche sp,-20.99,2.3,NA,NA,NA,1
ID_0057,Coleoptera,Sinopsephenus chinensis,-25.2,0.39,1.31,0.27,SE,3
ID_0057,Coleoptera,Psephenoides sp,-20.99,0.89,NA,NA,NA,1
ID_0057,Coleoptera,Eubrianax sp,-25.2,0.69,NA,NA,NA,1
ID_0057,Shrimp,Caridina cantonensis,-25.48,2.48,NA,NA,NA,1
ID_0057,Gastropod,Brotia hainanensis,-25.4,1.91,0.32,0.08,SE,3
ID_0057,Damselfly,Euphaea decorata,-26.38,4.72,0,0.19,SE,2
ID_0057,Plecoptera,Perlidae sp,-25.9,4.8,NA,NA,NA,1
ID_0057,Shrimp,Macrobrachium hainanense,-24.71,6.42,NA,NA,NA,1
ID_0057,Coarse particulate organic matter,NA,-31.43,-1.49,0.31,0.51,SE,3
ID_0057,Fine particulate organic matter,NA,-29.42,0.39,0.06,0.4,SE,3
ID_0057,Filamentous algae,Enteromorpha,,,,,,
ID_0057,Periphyton,NA,-25.53,2.34,0.44,0.63,SE,3
ID_0057,Cyanobacteria,Phormidium,,,,,,
ID_0058,Mayfly grazers,Cinygmula sp,,,,,,
ID_0058,Shredder,Pteronarcella sp,,,,,,
ID_0058,Mayfly collectors,Paraleptophlebia sp,,,,,,
ID_0058,Plecoptera predators,Calineuria sp; Odonata : Octogomphus sp,-26.4,7.9,0.8,1,SD,NA
ID_0058,Epilithic organic matter,NA,-8.2,7.1,2.9,1.6,SD,NA
ID_0058,Terrestrial-Macrophyte,Tsuga heterophylla,,,,,,
ID_0059,Oligochaete,NA,-26.1,2.9,NA,NA,NA,1
ID_0059,Amphipod,Paracalliope fluviatilis,-27.2,-0.5,NA,NA,NA,1
ID_0059,Mayfly,Coloburiscus sp,-27.3,4.2,NA,NA,NA,1
ID_0059,Mayfly,Deleatium sp,-29.8,4.8,NA,NA,NA,1
ID_0059,Mayfly,Nesameletus sp,-33.3,5.9,NA,NA,NA,1
ID_0059,Mayfly,Siphlaenigma sp,-25.6,3.7,NA,NA,NA,1
ID_0059,Mayfly,Zephlebia sp,-26.7,4,NA,NA,NA,1
ID_0059,Net-spinning caddisfly,Hydropsychidae,-27,5.8,NA,NA,NA,1
ID_0059,Gastropod Pulmonate,Latia sp,-24.1,7.9,NA,NA,NA,1
ID_0059,Gastropod,Potamopyrgus sp,-16.1,5.4,NA,NA,NA,1
ID_0059,Conditioned leaf litter,NA,-29.1,-0.2,NA,NA,NA,1
ID_0059,Epilithic diatom,NA,-31.6,7.4,NA,NA,NA,1
ID_0059,Filamentous red alga Batrachospermum,NA,-40.1,NA,NA,NA,NA,1
ID_0060,Oligochaete,NA,-26.2,4.3,NA,NA,NA,1
ID_0060,Mayfly,Coloburiscus sp,-26.2,5,NA,NA,NA,1
ID_0060,Mayfly,Deleatium sp,-27.6,4.4,NA,NA,NA,1
ID_0060,Mayfly,Nesameletus sp,-25.7,5,NA,NA,NA,1
ID_0060,Mayfly,Zephlebia sp,-28.7,4.9,NA,NA,NA,1
ID_0060,Net-spinning caddisfly,Hydropsychidae,-25.9,NA,NA,NA,NA,1
ID_0060,Cased caddis,Pycnocentria evecta,-27.7,3.9,NA,NA,NA,1
ID_0060,Midge,Chironomidae,-29,NA,NA,NA,NA,1
ID_0060,Gastropod Pulmonate,Latia sp,-23.4,5.8,NA,NA,NA,1
ID_0060,Gastropod,Potamopyrgus sp,-18.4,4.5,NA,NA,NA,1
ID_0060,Conditioned leaf litter,NA,-27.2,2.4,NA,NA,NA,1
ID_0060,Epilithic diatom,NA,-24.6,3.8,NA,NA,NA,1
ID_0060,Filamentous green alga Cladophora,NA,-26.3,6.4,NA,NA,NA,1
ID_0060,Filamentous green alga_spirogyra,NA,-20.3,1.9,NA,NA,NA,1
ID_0060,Moss,NA,-33,6.9,NA,NA,NA,1
ID_0061,Water hoglouse,Asellus aquaticus,-28.66,5.37,NA,NA,NA,1
ID_0061,Mayfly,Heptagenia spp,-32.89,4.07,NA,NA,NA,1
ID_0061,Oligochaeta,NA,-29.51,4.07,NA,NA,NA,1
ID_0061,Bivalve,Sphaeriidae,-33.45,3.41,NA,NA,NA,1
ID_0061,Stonefly,Taeniopteryx nebulosa,-36.55,1.63,NA,NA,NA,1
ID_0061,Net-spinning caddisfly,Hydropsyche pellucidula,-32.89,5.37,NA,NA,NA,1
ID_0061,Net-spinning caddisfly,Hydropsyche siltalai,-34.86,5.04,NA,NA,NA,1
ID_0061,Blackfly hunter,Rhyacophila nubila,-33.17,5.85,NA,NA,NA,1
ID_0061,Fine particulate organic matter,NA,-31.2,1.3,0.56,2.76,SE,NA
ID_0061,Coarse particulate organic matter,NA,-31.76,2.44,0.85,0.65,SE,NA
ID_0061,Periphyton,NA,-31.76,4.23,NA,0.33,SE,NA
ID_0062,Water hoglouse,Asellus aquaticus,-27.53,11.38,NA,NA,NA,1
ID_0062,Mayfly,Baetis spp,-28.93,13.82,NA,NA,NA,1
ID_0062,Oligochaeta,NA,-29.21,10.89,NA,NA,NA,1
ID_0062,Bivalve,Sphaeriidae,-30.06,12.2,NA,NA,NA,1
ID_0062,Gammarid,Gammarus pulex,-27.53,10.57,NA,NA,NA,1
ID_0062,Net-spinning caddisfly,Hydropsyche spp,-31.74,14.31,NA,NA,NA,1
ID_0062,Blackfly hunter,Rhyacophila nubila,-28.37,12.36,NA,NA,NA,1
ID_0062,Fine particulate organic matter,NA,-29.78,8.62,0.56,0.49,SE,NA
ID_0062,Coarse particulate organic matter,NA,-39.61,9.27,8.15,3.25,SE,NA
ID_0062,Periphyton,NA,-30.9,10.57,0.56,0.56,SE,NA
ID_0063,Water hoglouse,Asellus aquaticus,-32.86,15.45,NA,NA,NA,1
ID_0063,Oligochaeta,NA,-35.53,14.63,NA,NA,NA,1
ID_0063,Bivalve,Sphaeriidae,-39.15,16.42,NA,NA,NA,1
ID_0063,Gammarid,Gammarus pulex,-36.16,14.8,NA,NA,NA,1
ID_0063,Net-spinning caddisfly,Hydropsyche angustipennis,-40.41,16.75,NA,NA,NA,1
ID_0063,Net-spinning caddisfly,Hydropsyche pellucidula,-39.15,15.12,NA,NA,NA,1
ID_0063,Net-spinning caddisfly,Hydropsyche siltalai,-39.47,14.8,NA,NA,NA,1
ID_0063,Fine particulate organic matter,NA,-28.3,0.65,0.31,2.76,SE,NA
ID_0063,Coarse particulate organic matter,NA,-38.36,14.96,1.1,0.65,SE,NA
ID_0063,Periphyton,NA,-36.01,15.61,0.47,0.33,SE,NA
ID_0064,Midge,Chironomidae,-54.7,NA,NA,NA,NA,1
ID_0064,Gastropod,Notopala sublineata,-15.4,NA,0.1,NA,SE,NA
ID_0064,Crayfish,Cherax destructor,-21.05,NA,0.35,NA,SE,2
ID_0064,Shrimp,Macrobranchium australiense,-28.7,NA,0.5,NA,SE,NA
ID_0064,Coarse particulate organic matter,NA,-26.8,NA,0.1,NA,SE,NA
ID_0064,Fine particulate organic matter,NA,-26.3,NA,0.1,NA,SE,NA
ID_0064,Littoral algae,NA,-16,NA,0.8,NA,SE,NA
ID_0064,Riparian vegetation,Eucalyptus camaldulensis,,,,,,
ID_0065,Gastropod,Notopala sublineata,-18.5,NA,1,NA,SE,NA
ID_0065,Predatory Insect,Gomphidae,,,,,,
ID_0065,Crayfish,Cherax destructor,-20.55,NA,0.05,NA,SE,2
ID_0065,Shrimp,Macrobranchium australiense,-19.6,NA,0.8,NA,SE,NA
ID_0065,Coarse particulate organic matter,NA,-27,NA,0.5,NA,SE,NA
ID_0065,Fine particulate organic matter,NA,-26.2,NA,0.3,NA,SE,NA
ID_0065,Littoral algae,NA,-19,NA,0.8,NA,SE,NA
ID_0065,Riparian vegetation,Eucalyptus camaldulensis,,,,,,
ID_0065,Turtle,Emydeura sp,-22.4,NA,NA,NA,NA,1
ID_0066,Gastropod,Notopala sublineata,-23.5,NA,0.1,NA,SE,2
ID_0066,Predatory Insect,Gomphidae,,,,,,
ID_0066,Crayfish,Cherax destructor,-19.2,NA,NA,NA,NA,1
ID_0066,Shrimp,Macrobranchium australiense,-18,NA,0.3,NA,SE,NA
ID_0066,Coarse particulate organic matter,NA,-26.8,NA,0.2,NA,SE,NA
ID_0066,Fine particulate organic matter,NA,-25.6,NA,0.3,NA,SE,NA
ID_0066,Littoral algae,NA,-14.5,NA,0.1,NA,SE,NA
ID_0066,Riparian vegetation,Eucalyptus camaldulensis,,,,,,
ID_0067,Gastropod,Notopala sublineata,-26.35,NA,0.85,NA,SE,2
ID_0067,Mussel,Velesunio spp,-30.9,NA,NA,NA,NA,1
ID_0067,Shrimp,Macrobranchium australiense,-20.4,NA,0.8,NA,SE,2
ID_0067,Coarse particulate organic matter,NA,-32.6,NA,0.4,NA,SE,NA
ID_0067,Fine particulate organic matter,NA,-25.9,NA,0.2,NA,SE,NA
ID_0067,Littoral algae,NA,-18.9,NA,0.5,NA,SE,NA
ID_0067,Riparian vegetation,Eucalyptus camaldulensis,,,,,,
ID_0067,Zooplankton_Calanoid-Copepod,NA,-28.5,NA,0.7,NA,SE,NA
ID_0068,Bivalve_clam,Corbiculina,-32.1,NA,NA,NA,NA,1
ID_0068,Gastropod,Notopala sublineata,-27.45,NA,1.35,NA,SE,2
ID_0068,Mussel,Velesunio spp,-30.4,NA,NA,NA,NA,1
ID_0068,Shrimp,Macrobranchium australiense,-20.6,NA,0.1,NA,SE,NA
ID_0068,Coarse particulate organic matter,NA,-29.5,NA,0.1,NA,SE,NA
ID_0068,Fine particulate organic matter,NA,-26.6,NA,0.1,NA,SE,NA
ID_0068,Littoral algae,NA,-18.9,NA,0.6,NA,SE,NA
ID_0068,Riparian vegetation,Eucalyptus camaldulensis,,,,,,
ID_0069,Gastropod,Notopala sublineata,-26.2,NA,NA,NA,NA,1
ID_0069,Shrimp,Macrobranchium australiense,-20.6,NA,0.4,NA,SE,NA
ID_0069,Coarse particulate organic matter,NA,-27.8,NA,0.1,NA,SE,NA
ID_0069,Fine particulate organic matter,NA,-25.4,NA,0.5,NA,SE,NA
ID_0069,Littoral algae,NA,-17,NA,1.6,NA,SE,NA
ID_0069,Riparian vegetation,Eucalyptus camaldulensis,,,,,,
ID_0070,Predatory Insect,Gomphidae,,,,,,
ID_0070,Shrimp,Macrobranchium australiense,-23.05,NA,0.65,NA,SE,2
ID_0070,Coarse particulate organic matter,NA,-28.8,NA,0.5,NA,SE,NA
ID_0070,Fine particulate organic matter,NA,-26,NA,0.1,NA,SE,NA
ID_0070,Littoral algae,NA,-22.5,NA,1.3,NA,SE,NA
ID_0070,Riparian vegetation,Eucalyptus camaldulensis,,,,,,
ID_0070,Zooplankton_Calanoid-Copepod,NA,-30.7,NA,0.3,NA,SE,NA
ID_0071,Predatory Insect,Gomphidae,,,,,,
ID_0071,Shrimp,Macrobranchium australiense,-23.1,NA,1.1,NA,SE,2
ID_0071,Coarse particulate organic matter,NA,-28.4,NA,0.2,NA,SE,NA
ID_0071,Fine particulate organic matter,NA,-24.7,NA,0.2,NA,SE,NA
ID_0071,Littoral algae,NA,-22.1,NA,NA,NA,NA,1
ID_0071,Riparian vegetation,Eucalyptus camaldulensis,,,,,,
ID_0071,Zooplankton_Calanoid-Copepod,NA,-31.1,NA,NA,NA,NA,1
ID_0072,Bivalve_clam,Corbiculina sp,-28.5,NA,NA,NA,NA,1
ID_0072,Gastropod,Notopala sublineata,-26.8,NA,0.1,NA,SE,2
ID_0072,Mussel,Velesunio spp,-27.5,NA,0.1,NA,SE,NA
ID_0072,Predatory Insect,Gomphidae,,,,,,
ID_0072,Crayfish,Cherax destructor,-23.1,NA,0.5,NA,SE,NA
ID_0072,Shrimp,Macrobranchium australiense,-23.2,NA,0.3,NA,SE,NA
ID_0072,Coarse particulate organic matter,NA,-28.8,NA,0.5,NA,SE,NA
ID_0072,Fine particulate organic matter,NA,-26.2,NA,0.1,NA,SE,NA
ID_0072,Riparian vegetation,Eucalyptus camaldulensis,,,,,,
ID_0073,Bivalve_clam,Corbiculina sp,-29,NA,NA,NA,NA,1
ID_0073,Gastropod,Notopala sublineata,-24.7,NA,0.4,NA,SE,2
ID_0073,Mussel,Velesunio spp,-27.8,NA,NA,NA,NA,1
ID_0073,Predatory Insect,Gomphidae,,,,,,
ID_0073,Crayfish,Cherax destructor,-21.65,NA,0.35,NA,SE,2
ID_0073,Shrimp,Macrobranchium australiense,-22,NA,0.3,NA,SE,NA
ID_0073,Coarse particulate organic matter,NA,-32.7,NA,0.9,NA,SE,NA
ID_0073,Fine particulate organic matter,NA,-26.4,NA,0.2,NA,SE,NA
ID_0073,Littoral algae,NA,-24,NA,1.4,NA,SE,NA
ID_0073,Riparian vegetation,Eucalyptus camaldulensis,,,,,,
ID_0074,Predatory Insect,Gomphidae,,,,,,
ID_0074,Crayfish,Cherax destructor,-23.8,NA,0.2,NA,SE,NA
ID_0074,Shrimp,Macrobranchium australiense,-25.5,NA,0.5,NA,SE,NA
ID_0074,Coarse particulate organic matter,NA,-29.5,NA,0.8,NA,SE,NA
ID_0074,Fine particulate organic matter,NA,-25.7,NA,0.3,NA,SE,NA
ID_0074,Littoral algae,NA,-24.2,NA,0.1,NA,SE,NA
ID_0074,Riparian vegetation,Eucalyptus camaldulensis,,,,,,
ID_0074,Turtle,Emydeura sp,-19.3,NA,NA,NA,NA,1
ID_0075,Crayfish,Cherax destructor,-23.9,NA,0.5,NA,SE,NA
ID_0075,Shrimp,Macrobranchium australiense,-23.6,NA,0.2,NA,SE,NA
ID_0075,Coarse particulate organic matter,NA,-32.5,NA,0.9,NA,SE,NA
ID_0075,Fine particulate organic matter,NA,-25.8,NA,0.1,NA,SE,NA
ID_0075,Littoral algae,NA,-17.7,NA,1.1,NA,SE,NA
ID_0075,Riparian vegetation,Eucalyptus camaldulensis,,,,,,
ID_0075,Zooplankton_Calanoid-Copepod,NA,-34.2,NA,0.4,NA,SE,NA
ID_0076,Predatory Insect,Gomphidae,,,,,,
ID_0076,Crayfish,Cherax destructor,-22.3,NA,0.5,NA,SE,NA
ID_0076,Shrimp,Macrobranchium australiense,-21.3,NA,0.6,NA,SE,NA
ID_0076,Coarse particulate organic matter,NA,-31.9,NA,0.9,NA,SE,NA
ID_0076,Fine particulate organic matter,NA,-25.1,NA,0.6,NA,SE,NA
ID_0076,Littoral algae,NA,-19.3,NA,0.3,NA,SE,NA
ID_0076,Riparian vegetation,Eucalyptus camaldulensis,,,,,,
ID_0079,Mysid,NA,-34.39,7.81,0.91,0.41,SE,NA
ID_0079,Midge,Chironomidae,-31.01,7.94,NA,NA,NA,1
ID_0079,Bosmina,NA,-32.24,0.81,NA,NA,NA,1
ID_0079,Zooplankton,Daphnia sp,-29.63,3.62,NA,NA,NA,1
ID_0079,Zooplankton,Leptodiaptomus sp,-32.95,6.84,NA,NA,NA,1
ID_0079,Diacyclops,NA,-31.7,7.1,NA,NA,NA,1
ID_0080,Midge,Chironomidae,-23.98,2.61,NA,NA,NA,1
ID_0080,Tubifex worm,NA,-23.43,3.01,NA,NA,NA,1
ID_0080,Gammarid,Gammarus sp,-21.78,2.58,NA,NA,NA,1
ID_0080,Decapod,NA,-21.28,4.81,NA,NA,NA,1
ID_0080,Gastropod,NA,-13.49,2.72,NA,NA,NA,1
ID_0089,Benthic white bacterial mat,NA,-32.4,2.1,NA,NA,max-min,1
ID_0089,Dissolved inorganic matter,NA,-2.6,NA,NA,NA,NA,1
ID_0089,Macroinvertebrate,NA,-21.5,4.1,4.1,10.3,max-min,5
ID_0089,Particulate organic matter,NA,-26.6,2.6,2.6,3.3,max-min,5
ID_0089,Benthic purple cyanobacterial mat,NA,-32.5,1,NA,NA,NA,1
ID_0089,Benthic Green algal mat,NA,-32.9,2.5,NA,NA,NA,1
ID_0089,Macrophyte,Schoenoplectus spp,-26.3,2,NA,NA,NA,1
ID_0089,Macrophyte,Chara spp,-22.3,-5.5,NA,NA,NA,1
ID_0089,Phytoplankton,NA,-29.6,3.9,NA,NA,NA,1
ID_0089,Zooplankton,NA,-32.6,4.6,NA,NA,NA,1
ID_0090,Benthic white bacterial mat,NA,-34.9,-0.5,NA,NA,NA,1
ID_0090,Dissolved inorganic matter,NA,-4.1,NA,NA,NA,NA,1
ID_0090,Macroinvertebrate,NA,-31.7,3.4,3.4,4.8,max-min,3
ID_0090,Particulate organic matter,NA,-25.7,0.02,0.02,4.1,max-min,9
ID_0090,Benthic purple cyanobacterial mat,NA,-25.3,-0.1,NA,NA,NA,1
ID_0090,Benthic Green algal mat,NA,-26.7,-0.9,NA,NA,NA,1
ID_0090,Phytoplankton,NA,-22.4,3,NA,NA,NA,1
ID_0090,Zooplankton,NA,-21.8,6.5,NA,NA,NA,1
ID_0091,Dissolved inorganic matter,NA,0.2,NA,NA,NA,NA,1
ID_0091,Macroinvertebrate,NA,-21.7,3.3,3.3,4.4,max-min,7
ID_0091,Particulate organic matter,NA,-25.7,3.9,3.1,7.69,max-min,5
ID_0091,Macrophyte,Schoenoplectus spp,-26.8,-1,NA,NA,NA,1
ID_0091,Macrophyte,Chara spp,-17.7,-1.6,NA,NA,NA,1
ID_0091,Macrophyte,Potamogeton spp,-12.9,-3.3,NA,NA,NA,1
ID_0091,Phytoplankton,NA,-23.2,2.5,NA,NA,NA,1
ID_0091,Zooplankton,NA,-23,2.7,NA,NA,NA,1
ID_0092,Mayfly,NA,-23.18,1.76,NA,NA,NA,3
ID_0092,Odonata,Odonata,-21.51,3.89,NA,NA,NA,4
ID_0092,Shrimp,Caridina nilotica,-23.26,2.14,NA,NA,NA,3
ID_0092,Detritus,NA,-18.51,0.78,NA,NA,NA,1
ID_0092,Phytoplankton,NA,-22.74,2.61,NA,NA,NA,4
ID_0092,Macrophyte_water hyacinth,Eichhornia crassipes,-29.26,0.36,NA,NA,NA,3
ID_0092,Plant_fern,Cyclosorus sp,-31.15,-0.33,NA,NA,NA,1
ID_0092,Macrophyte_papyrus sedge,Cyperus papyrus,-13.03,-5.52,NA,NA,NA,1
ID_0093,Mayfly,Ephemeroptera,-14.73,-0.06,0.04,0.02,SD,3
ID_0093,Odonata,Odonata,-13.66,2.35,0.23,0.37,SD,3
ID_0093,Shrimp,Caridina nilotica,-16.35,0.19,0.06,0.1,SD,3
ID_0093,Detritus,NA,-12.55,NA,NA,NA,NA,NA
ID_0093,Phytoplankton,NA,-16.38,0.87,0.44,1.75,SD,4
ID_0093,Macrophyte_water hyacinth,Eichhornia crassipes,-27.84,4.78,0.61,0.51,SD,3
ID_0093,Plant_fern,Cyclosorus sp,-29.56,-0.03,0.44,0.99,SD,3
ID_0093,Macrophyte_papyrus sedge,Cyperus papyrus,-12.12,-2.22,0.89,4.25,SD,4
ID_0094,Shrimp,Mysis relicta,-28.2,NA,NA,NA,NA,5
ID_0094,Zooplankton,NA,-32.3,7.39,NA,NA,NA,2
ID_0095,Shrimp,Mysis relicta,-27.1,9.6,NA,NA,NA,6
ID_0096,Shrimp,Mysis relicta,-30.4,8.75,NA,NA,NA,2
ID_0098,Mysid,Mysis relicta,-27.26,5.44,0.37,0.22,SE,10
ID_0098,Seston,NA,-27,2.53,0.21,0.45,SE,NA
ID_0098,Calanoid,NA,-30.94,3.61,0.43,0.54,SE,8
ID_0098,Cyclopoid,NA,-29.58,2.77,0.13,0.75,SE,5
ID_0098,Cladoceran,NA,-30.15,1.33,0.21,0.71,SE,5
ID_0098,Zooplankton,Diporeia hoyi,-28.16,4.35,0.3,0.6,SE,18
ID_0099,Gastropod,NA,-17.23,3.71,5.27,1.8,SD,NA
ID_0099,Particulate organic matter,NA,-25.21,4.81,1.01,0.78,SD,NA
ID_0099,Phytoplankton,NA,-27.21,4,0.54,0.72,SD,NA
ID_0099,Epiphyton,NA,-15.99,2.3,2.8,1.72,SD,NA
ID_0099,Zooplankton,NA,-26.5,4.8,0,0,SD,NA
ID_0100,Mayfly,NA,-23.47,NA,NA,NA,NA,1
ID_0100,Bivalve_Pelecypods,NA,-21.13,NA,NA,NA,NA,1
ID_0100,Bivalve_Pelecypods,NA,-21,NA,NA,NA,NA,1
ID_0100,Gastropod,NA,-12.27,NA,NA,NA,NA,1
ID_0100,Gastropod,NA,-11.38,NA,NA,NA,NA,1
ID_0100,Suspended particulate concentration <50um surface,NA,-26,NA,NA,NA,NA,1
ID_0100,Suspended particulate concentration <50um 40m,NA,-23.97,NA,NA,NA,NA,1
ID_0100,Suspended particulate concentration <50um,NA,-22.71,NA,NA,NA,NA,1
ID_0100,Algae,Anabaena,-21.32,NA,NA,NA,NA,1
ID_0100,Macrophyte,Ceratophyllum sp,-19.42,NA,NA,NA,NA,1
ID_0100,Sides & bottom of rock 3m periphyton,NA,-15.68,NA,NA,NA,NA,1
ID_0100,Top of flat rock 3m periphyton,NA,-13.66,NA,NA,NA,NA,1
ID_0100,Macrophyte_Potamogeton,NA,-10.43,NA,NA,NA,NA,1
ID_0100,Top of rock 3m periphyton,NA,-9.67,NA,NA,NA,NA,1
ID_0100,Top of rock 3m periphyton,NA,-8.03,NA,NA,NA,NA,1
ID_0100,Sandy sediment 3m,NA,-13.03,NA,NA,NA,NA,1
ID_0100,Zooplankton,NA,-23.28,NA,NA,NA,NA,1
ID_0101,Bivalve,Corbicula fluminea,-29.33,11.01,0.14,0.22,SE,59
ID_0101,Gastropod,Bellamya aeruginosa,-27.03,11.01,0.49,0.45,SE,21
ID_0101,Shrimp,Exopalaemon modestus,-26.63,14.88,0.37,0.6,SE,4
ID_0101,Shrimp,Macrobrachium nipponensis,-26.83,15.69,0.32,0.45,SE,5
ID_0101,Organic matter,NA,-25.22,4.98,0.14,0.22,SE,23
ID_0101,Attached algae,NA,-26.6,-1.93,2.07,2.23,SE,2
ID_0101,Terrestrial plant,NA,-30.05,7.66,0.32,0.67,SE,4
ID_0101,Seston,NA,-26.86,8.63,0.17,0.67,SE,67
ID_0101,Aquatic macrophyte,NA,-21.18,7.44,1.23,1.49,SE,3
ID_0102,Bivalve,Corbicula fluminea,-28.17,10.07,0.23,0.2,SE,42
ID_0102,Gastropod,Bellamya aeruginosa,-24.32,10.73,0.52,0.26,SE,35
ID_0102,Shrimp,Exopalaemon modestus,-25.24,14.43,0.49,0.26,SE,14
ID_0102,Shrimp,Macrobrachium nipponensis,-24.83,15.22,0.95,0.26,SE,6
ID_0102,Organic matter,NA,-24.72,7.49,0.2,0.66,SE,26
ID_0102,Terrestrial plant,NA,-29.04,8.21,0.86,0.33,SE,8
ID_0102,Attached algae,NA,-27.05,7.95,0.98,0.79,SE,5
ID_0102,Aquatic macrophyte,NA,-21.35,8.41,0.55,0.4,SE,31
ID_0102,Seston,NA,-27.11,5.11,0.17,0.33,SE,66
ID_0103,European valve gastropod,Valvata piscinalis,-28.76,11.71,0.5,0.41,SD,NA
ID_0103,Faucet gastropod,Bithynia tentaculata,-28.16,11.45,0.4,0.28,SD,NA
ID_0103,Gastropod,Lymnaea peregra,-29.95,10.32,0.37,0.96,SD,NA
ID_0103,Water hoglouse,Asellus aquaticus,-29.6,10.06,0.65,0.87,SD,NA
ID_0103,Mayfly,Cloëon dipterum,-30.77,10.01,0.42,0.92,SD,NA
ID_0103,Water beetle,Dytiscidae,-31,11.35,2.09,0.4,SD,NA
ID_0103,Water mite,Hydracarina sp,-29.89,11.24,0,0,SD,NA
ID_0103,Oligochaeta,NA,-29.13,10.01,0,0,SD,NA
ID_0103,Midge,Chironomidae,-31.11,9.48,0,0,SD,NA
ID_0103,Seston,NA,-32.12,9.12,2.89,0.35,SD,NA
ID_0103,Periphyton,NA,-26.81,9.79,1,1.41,SD,NA
ID_0103,Macrophyte,Potamogeton berchtoldii,-23.65,7.35,0.61,0.39,SD,NA
ID_0103,Zooplankton,Daphnia magna/Ceriodaphnia reticulata,-31.05,11.41,2.07,0.4,SD,NA
ID_0103,Brachiopod,Eurycercus,-31.19,9.99,0,0,SD,NA
ID_0103,Ostracod,NA,-25.87,10.01,0,0,SD,NA
ID_0104,Riparian fruit terrestrial,NA,-29,-3.2,0.2,0.8,SE,7
ID_0104,Shrimp,Atyidae,-33.4,4.2,0.2,0.2,SE,5
ID_0104,Midge (grabs),Chironomidae,-31.8,3.1,0.7,0.8,SE,3
ID_0104,Mayfly,Plethanogesia sp,-33.1,2.2,0.2,0.3,SE,5
ID_0104,Orthoptera,NA,-14.2,1.2,NA,NA,NA,1
ID_0104,Trichoptera adult,NA,-27.5,3.6,NA,NA,NA,1
ID_0104,Coleoptera,NA,-26.8,3.3,NA,NA,NA,1
ID_0104,Odonata,Odonata,-32.5,5.2,0.3,0.4,SE,7
ID_0104,Caddis,Hydrobisidae,-38.9,4.7,NA,NA,NA,1
ID_0104,Leaf pack (sweeps),NA,-30.3,-0.7,0.6,0.9,SE,4
ID_0104,Benthic leaf pack,NA,-32,-3.3,0.6,0.8,SE,2
ID_0104,Riparian collection terrestrial,NA,-29.8,-0.9,0.5,0.7,SE,11
ID_0104,Macrophyte terrestrial,Saccharum robustum,-12.4,-2.4,0.3,3.7,SE,2
ID_0104,Macrophyte terrestrial,Echinocloa praestans,-27,-1.9,0.2,3.4,SE,2
ID_0104,Seston,NA,-32.7,NA,0.6,NA,SE,2
ID_0104,Epiphyte from Ischaemum,NA,-28.2,2.4,4.2,0.1,SE,2
ID_0104,Filamentous algae off logs,NA,-31.5,3.4,1.8,0.1,SE,3
ID_0104,Long filamentous algae from vegetation,NA,-38.1,2.2,NA,NA,NA,1
ID_0104,Algae,Caloglossa leprieurii,-36.7,3.4,0.3,0.4,SE,2
ID_0104,Green algae,Rhizoclonium,-26.7,3.3,1.3,0.5,SE,3
ID_0104,Benthic sediment/detritus,NA,-29.1,-4.5,0.1,0.8,SE,5
ID_0104,Zooplankton,NA,-30.4,3.4,NA,NA,NA,1
ID_0105,Riparian fruit terrestrial,NA,-29,-3.2,0.2,0.8,SE,7
ID_0105,Shrimp,Atyidae,-33.4,4.2,0.2,0.2,SE,5
ID_0105,Midge (grabs),Chironomidae,-31.8,3.1,0.7,0.8,SE,3
ID_0105,Mayfly,Plethanogesia sp,-33.1,2.2,0.2,0.3,SE,5
ID_0105,Orthoptera,NA,-14.2,1.2,NA,NA,NA,1
ID_0105,Trichoptera adult,NA,-27.5,3.6,NA,NA,NA,1
ID_0105,Coleoptera,NA,-26.8,3.3,NA,NA,NA,1
ID_0105,Odonata,Odonata,-32.5,5.2,0.3,0.4,SE,7
ID_0105,Caddis,Hydrobisidae,-38.9,4.7,NA,NA,NA,1
ID_0105,Leaf pack (sweeps),NA,-30.3,-0.7,0.6,0.9,SE,4
ID_0105,Benthic leaf pack,NA,-32,-3.3,0.6,0.8,SE,2
ID_0105,Riparian collection terrestrial,NA,-29.8,-0.9,0.5,0.7,SE,11
ID_0105,Macrophyte terrestrial,Saccharum robustum,-12.4,-2.4,0.3,3.7,SE,2
ID_0105,Macrophyte terrestrial,Echinocloa praestans,-27,-1.9,0.2,3.4,SE,2
ID_0105,Seston,NA,-32.7,NA,0.6,NA,SE,2
ID_0105,Epiphyte from Ischaemum,NA,-28.2,2.4,4.2,0.1,SE,2
ID_0105,Filamentous algae off logs,NA,-31.5,3.4,1.8,0.1,SE,3
ID_0105,Long filamentous algae from vegetation,NA,-38.1,2.2,NA,NA,NA,1
ID_0105,Algae,Caloglossa leprieurii,-36.7,3.4,0.3,0.4,SE,2
ID_0105,Green algae,Rhizoclonium,-26.7,3.3,1.3,0.5,SE,3
ID_0105,Benthic sediment/detritus,NA,-29.1,-4.5,0.1,0.8,SE,5
ID_0105,Zooplankton,NA,-30.4,3.4,NA,NA,NA,1
ID_0106,Porifera,NA,-36.8,4.6,0.2,0.4,SE,4
ID_0106,Shrimp,Atyidae,-33.3,4,0.4,0.3,SE,5
ID_0106,Mayfly,Caenidae/Baetidae,-34.3,2.5,0.3,0.5,SE,5
ID_0106,Midge,Chironomidae,-33.2,2.2,0.3,0.4,SE,6
ID_0106,Orthoptera,NA,-27.8,4.7,0.4,1.2,SE,3
ID_0106,Orthoptera (from Echinocloa),NA,-13.4,5,NA,NA,NA,1
ID_0106,Trichoptera adult,NA,-28.4,5.7,NA,NA,NA,1
ID_0106,Moth (on ship),NA,-28,0.8,0.5,1.7,SE,3
ID_0106,Odonata,Odonata,-34.4,5.7,0.3,0.3,SE,9
ID_0106,Water mite,Hydracarina sp,-33,5.1,0.3,0.4,SE,5
ID_0106,Leaf pack (sweeps),NA,-29.9,-0.6,0.5,0.5,SE,4
ID_0106,Benthic leaf pack,NA,-29.4,-1.9,0.4,1.3,SE,3
ID_0106,Riparian collection terrestrial,NA,-29.6,3.5,0.4,0.6,SE,9
ID_0106,Mosquito fern,Azolla sp,-28.2,1.2,0.2,0.4,SE,5
ID_0106,Carnivorous macrophyte,Utricularia sp,-36.4,3.5,1.5,0.8,SE,4
ID_0106,Macrophyte,Ludwigia sp,-28.7,4.3,0.3,0.4,SE,2
ID_0106,Macrophyte,Cyperus platistylis,-11.2,1.7,NA,NA,NA,1
ID_0106,Terrestrial plant,Ischaemum polystachium,-26.9,3.8,1.8,0.6,SE,4
ID_0106,Terrestrial plant,Saccharum robustum,-12,2.4,0.1,0.5,SE,2
ID_0106,Terrestrial plant,Echinocloa praestans,-11.3,1.2,NA,NA,NA,1
ID_0106,Terrestrial plant,Polygonium attenuatum,-30.3,3.3,NA,NA,NA,1
ID_0106,Epiphyte from Ischaemum,NA,-35,2,0.7,0.6,SE,5
ID_0106,Filamentous algae off logs,NA,-29.3,0,1.7,0.4,SE,5
ID_0106,Blue-green algal mat,NA,-26.9,0.9,1.9,0.3,SE,2
ID_0106,Benthic sediment/detritus,NA,-26,0.9,1,0.3,SE,5
ID_0106,Zooplankton,NA,-33.1,3,0.8,0.7,SE,3
ID_0107,Sponge,Porifera,-36.8,4.6,0.2,0.4,SE,4
ID_0107,Shrimp,Atyidae,-33.3,4,0.4,0.3,SE,5
ID_0107,Mayfly,Caenidae/Baetidae,-34.3,2.5,0.3,0.5,SE,5
ID_0107,Midge,Chironomidae,-33.2,2.2,0.3,0.4,SE,6
ID_0107,Orthoptera,NA,-27.8,4.7,0.4,1.2,SE,3
ID_0107,Orthoptera (from Echinocloa),NA,-13.4,5,NA,NA,NA,1
ID_0107,Trichoptera adult,NA,-28.4,5.7,NA,NA,NA,1
ID_0107,Moth (on ship),NA,-28,0.8,0.5,1.7,SE,3
ID_0107,Odonata,Odonata,-34.4,5.7,0.3,0.3,SE,9
ID_0107,Water mite,Hydracarina sp,-33,5.1,0.3,0.4,SE,5
ID_0107,Leaf pack (sweeps),NA,-29.9,-0.6,0.5,0.5,SE,4
ID_0107,Benthic leaf pack,NA,-29.4,-1.9,0.4,1.3,SE,3
ID_0107,Riparian collection terrestrial,NA,-29.6,3.5,0.4,0.6,SE,9
ID_0107,Azolla,NA,-28.2,1.2,0.2,0.4,SE,5
ID_0107,Carnivorous macrophyte,Utricularia sp,-36.4,3.5,1.5,0.8,SE,4
ID_0107,Macrophyte,Ludwigia sp,-28.7,4.3,0.3,0.4,SE,2
ID_0107,Macrophyte,Cyperus platistylis,-11.2,1.7,NA,NA,NA,1
ID_0107,Terrestrial plant,Ischaemum polystachium,-26.9,3.8,1.8,0.6,SE,4
ID_0107,Terrestrial plant,Saccharum robustum,-12,2.4,0.1,0.5,SE,2
ID_0107,Terrestrial plant,Echinocloa praestans,-11.3,1.2,NA,NA,NA,1
ID_0107,Terrestrial plant,Polygonium attenuatum,-30.3,3.3,NA,NA,NA,1
ID_0107,Epiphyte from Ischaemum,NA,-35,2,0.7,0.6,SE,5
ID_0107,Filamentous algae off logs,NA,-29.3,0,1.7,0.4,SE,5
ID_0107,Blue-green algal mat,NA,-26.9,0.9,1.9,0.3,SE,2
ID_0107,Benthic sediment/detritus,NA,-26,0.9,1,0.3,SE,5
ID_0107,Zooplankton,NA,-33.1,3,0.8,0.7,SE,3
ID_0108,Shrimp,Caridina nilotica,-20.3,5,0.2,0.6,SD,7
ID_0108,Dragonfly,Anisoptera,-13.1,3.8,NA,NA,NA,1
ID_0108,Plecoptera,NA,-22.5,2.8,0.2,0.1,SD,4
ID_0108,Zooplankton,NA,-21.7,8.6,0.6,1.7,SD,2
ID_0111,Odonata,Odonata,-17.58,7.57,0.46,1.75,SD,3
ID_0111,Water mite,Hydracarina sp,-16.93,4.72,0.79,0.43,SD,2
ID_0111,Backswimmer,Notonectidae,-17.85,6.3,1.58,1.21,SD,4
ID_0111,Amphipod,NA,-17.13,3.99,8.24,2.14,SD,6
ID_0111,Midge,Chironomidae,-17.32,3.58,1.76,2.36,SD,11
ID_0111,Trichoptera,NA,-18.12,3.59,1.46,1.07,SD,4
ID_0111,Epiphytic ressource,NA,-18.33,1.14,2.27,2.01,SD,6
ID_0112,Odonata,Odonata,-17.44,10.16,1.92,0.76,NA,11
ID_0112,Water mite,Hydracarina sp,-17.18,9.62,2.14,0.74,NA,16
ID_0112,Backswimmer,Notonectidae,-19.13,8.47,1.24,0.48,NA,11
ID_0112,Amphipod,NA,-16.89,8.5,1.78,0.45,NA,18
ID_0112,Midge,Chironomidae,-17.97,8.49,2.99,0.66,NA,35
ID_0112,Trichoptera,NA,-17.82,9.01,2.34,0.63,NA,18
ID_0112,Epiphytic resource,NA,-16.72,6.63,2.95,0.97,NA,8
ID_0113,Crayfish,Orconectes meeki,-24.6,2.31,0.6,0.23,SE,NA
ID_0113,Mayfly,Heptageniidae,-28.8,2.54,0.8,0.23,SE,NA
ID_0113,Water-penny beetle,Psephenidae,-24.6,1.41,1.2,0.23,SE,NA
ID_0113,Detritus,NA,-28.8,-1.75,0.2,0.45,SE,NA
ID_0113,Periphyton,NA,-23.4,2.31,0.6,0.23,SE,NA
ID_0114,Crayfish,Orconectes meeki,-23.4,2.72,0.4,0.23,SE,NA
ID_0114,Mayfly,Heptageniidae,-24.6,1.1,1,0,SE,NA
ID_0114,Water-penny beetle,Psephenidae,-24,0.41,1.2,0.23,SE,NA
ID_0114,Detritus,NA,-28.8,-1.91,0.4,0.23,SE,NA
ID_0114,Periphyton,NA,-20.2,0.87,0.6,0.46,SE,NA
ID_0115,Crayfish,Orconectes meeki,-23.58,2.69,1.1,0.37,SE,NA
ID_0115,Mayfly,Heptageniidae,-24.79,2.95,0.55,0.25,SE,NA
ID_0115,Detritus,NA,-28.42,-1.71,0.44,0.49,SE,NA
ID_0115,Periphyton,NA,-18.97,1.43,1.21,0.12,SE,NA
ID_0116,Crayfish,Orconectes meeki,-22.94,1.2,0.27,0.61,SE,NA
ID_0116,Mayfly,Heptageniidae,-24.38,0.99,0.27,0.2,SE,NA
ID_0116,Water-penny beetle,Psephenidae,-22.22,0.08,0.45,0.2,SE,NA
ID_0116,Detritus,NA,-28.52,-2.68,0.18,0.2,SE,NA
ID_0116,Periphyton,NA,-24.2,0.48,0.81,0.1,SE,NA
ID_0117,Crayfish,Orconectes meeki,-21.71,1.5,0.93,0.21,SE,NA
ID_0117,Mayfly,Heptageniidae,-27.99,2.21,0.5,0.21,SE,NA
ID_0117,Water-penny beetle,Psephenidae,-25.13,0.36,0.31,0.29,SE,NA
ID_0117,Detritus,NA,-29.23,-2.5,0.19,0.36,SE,NA
ID_0117,Periphyton,NA,-21.16,0.14,0.31,0.21,SE,NA
ID_0118,Crayfish,Orconectes meeki,-26.75,2.84,0.92,0.52,SE,NA
ID_0118,Mayfly,Heptageniidae,-27.56,2.06,0.23,0.13,SE,NA
ID_0118,Water-penny beetle,Psephenidae,-31.61,2.84,3.24,1.03,SE,NA
ID_0118,Detritus,NA,-28.72,-0.52,0.12,0.39,SE,NA
ID_0118,Periphyton,NA,-25.02,3.48,0.35,0.52,SE,NA
ID_0119,Crayfish,Orconectes meeki,-24.9,3.47,1.62,0.65,SE,NA
ID_0119,Mayfly,Heptageniidae,-30.8,1.43,0.81,0.39,SE,NA
ID_0119,Water-penny beetle,Psephenidae,-30.22,1.17,0.92,0.52,SE,NA
ID_0119,Detritus,NA,-28.6,-1.32,0,0.13,SE,NA
ID_0119,Periphyton,NA,-29.76,1.42,1.16,0.65,SE,NA
ID_0120,Crayfish,Orconectes meeki,-26.28,3.25,0.45,0.38,SE,NA
ID_0120,Mayfly,Heptageniidae,-26.85,2.5,0.34,0.13,SE,NA
ID_0120,Water-penny beetle,Psephenidae,-29.22,1.62,NA,NA,NA,1
ID_0120,Detritus,NA,-28.43,-1.38,0.23,0.25,SE,NA
ID_0120,Periphyton,NA,-19.84,1.87,1.24,0.13,SE,NA
ID_0121,Crayfish,Orconectes meeki,-22.4,2,0.34,0.25,SE,NA
ID_0121,Mayfly,Heptageniidae,-26.45,1,0.67,0.25,SE,NA
ID_0121,Water-penny beetle,Psephenidae,-26.45,-0.13,1.35,0.25,SE,NA
ID_0121,Detritus,NA,-28.92,-2.38,0.34,0.13,SE,NA
ID_0121,Periphyton,NA,-21.28,2,0.79,1.25,SE,NA
ID_0122,Crayfish,Orconectes meeki,-24.44,2.73,0.78,0.38,SE,NA
ID_0122,Mayfly,Heptageniidae,-28.67,2.86,1.11,0.38,SE,NA
ID_0122,Detritus,NA,-28.56,-0.7,0.11,0.13,SE,NA
ID_0122,Periphyton,NA,-28.44,2.86,1,0.76,SE,NA
ID_0123,Crayfish,Orconectes meeki,-22.22,4,2.11,1.42,SE,NA
ID_0123,Mayfly,Heptageniidae,-23.78,4.26,1,0.39,SE,NA
ID_0123,Detritus,NA,-29.33,-0.9,NA,NA,NA,1
ID_0123,Periphyton,NA,-20.22,1.55,1.22,0.13,SE,NA
ID_0124,Crayfish,Orconectes meeki,-24.62,3.81,0.49,0.37,SE,NA
ID_0124,Mayfly,Heptageniidae,-29.66,4,0.33,0.37,SE,NA
ID_0124,Detritus,NA,-29.17,-2.33,0.16,0.74,SE,NA
ID_0124,Periphyton,NA,-21.37,2.88,NA,NA,NA,1
ID_0125,Crayfish,Orconectes meeki,-26.24,3.72,0.65,0.18,SE,NA
ID_0125,Mayfly,Heptageniidae,-27.54,2.44,0.16,0.18,SE,NA
ID_0125,Water-penny beetle,Psephenidae,-24.46,1.89,2.28,0.37,SE,NA
ID_0125,Detritus,NA,-28.85,-2.16,0.16,0.37,SE,NA
ID_0125,Periphyton,NA,-23.8,3.17,0.16,0.92,SE,NA
ID_0126,Mayfly,Heptageniidae,-27.22,3.91,0.49,0.38,SE,NA
ID_0126,Water-penny beetle,Psephenidae,-23.15,2.02,0.49,0.38,SE,NA
ID_0126,Detritus,NA,-29.01,-1.74,0.16,0.56,SE,NA
ID_0126,Periphyton,NA,-22.02,2.21,0.33,0.19,SE,NA
ID_0127,Damselfly,Argia sp,-28.23,15.59,0.37,0.4,SE,NA
ID_0127,Mayfly,Heptagenia sp,-29.53,13.9,0.49,0.52,SE,NA
ID_0127,Net-spinning caddisfly,Hydropsyche orris,-30.63,12.3,0.14,0.2,SE,NA
ID_0127,Dragonfly,Neurocordulia sp,,,,,,
ID_0127,Oligochaeta,NA,-24.92,13.68,NA,NA,NA,1
ID_0127,Gastropod,Pleurocera sp,-26.54,13.77,0.75,0.44,SE,NA
ID_0127,Bivalve_mussel,Dreissena polymorpha,-30.16,12.5,1.06,0.56,SE,NA
ID_0127,Coarse organic matter,NA,-26.85,6.04,0.77,0.6,SE,NA
ID_0127,Fine organic matter (contain phytoplankton) 100-1um,NA,-25.06,5.52,0.18,0.22,SE,NA
ID_0127,Fine biological organic matter,NA,-24.59,5.3,0.36,0.52,SE,NA
ID_0127,Fine suspended organic matter (contain phytoplankton) 1-0,,,,,,,
ID_0127,Coarse suspended organic matter >1mm,NA,-27.55,9.33,1.07,1.34,SE,NA
ID_0127,C3 terrestrial plant,NA,-27.21,4.93,0.77,0.3,SE,NA
ID_0127,C4 terrestrial plant,NA,-12.67,6.27,0.54,1.34,SE,NA
ID_0127,Benthic algae,NA,-19.75,10.6,1.25,0.9,SE,NA
ID_0127,Zooplankton,NA,-28.62,11.93,0.16,0.84,SE,NA
ID_0128,Bivalve_mussel,Dreissena polymorpha,-29.47,15.75,0.16,0.32,SE,NA
ID_0128,Mayfly,Heptagenia sp,-28.51,15.51,0.22,0.6,SE,NA
ID_0128,Net-spinning caddisfly,Hydropsyche orris,-29.9,15.76,0.24,0.68,SE,NA
ID_0128,Dragonfly,Neurocordulia sp,,,,,,
ID_0128,Oligochaeta,NA,-24.7,12.28,0.35,2.94,SE,NA
ID_0128,Gastropod,Pleurocera sp,-23.9,13.72,0.39,0.32,SE,NA
ID_0128,Damselfly,Argia sp,-28,17.04,0.12,0.24,SE,NA
ID_0128,Coarse organic matter,NA,-27,5.58,0.29,0.3,SE,NA
ID_0128,Fine biological organic matter,NA,-24.97,6.36,0.63,0.18,SE,NA
ID_0128,Fine suspended organic matter (contain phytoplankton) 100-1um,NA,-23.47,7.82,0.48,0.48,SE,NA
ID_0128,Fine suspended organic matter (contain phytoplankton) 1-0,,,,,,,
ID_0128,Coarse suspended organic matter >1mm,NA,-26.74,10.73,0.1,0.55,SE,NA
ID_0128,C3 terrestrial plant,NA,-29.17,6.42,0.24,0.36,SE,NA
ID_0128,C4 terrestrial plant,NA,-11.73,8.24,0.24,0.79,SE,NA
ID_0128,Benthic algae,NA,-24.95,12.12,1.06,0.42,SE,NA
ID_0128,Zooplankton,NA,-27.62,11.56,0.06,0.16,SE,NA
ID_0129,Damselfly,Argia sp,-26,13.78,0.12,0.35,SE,NA
ID_0129,Dragonfly,Macromia sp,-26.54,13.29,0.12,0.15,SE,NA
ID_0129,Mayfly,Stenonema sp,-26.96,13.99,0.09,0.1,SE,NA
ID_0129,Stonefly,Acroneuria sp,-27.05,15.67,0.09,0.15,SE,NA
ID_0129,Coarse organic matter,NA,-27.75,6.17,0.48,0.42,SE,NA
ID_0129,Ultra-fine tranSuspended ported organic matter (contain phytoplankton) 100-1um,NA,-18.59,4.83,0.24,0.36,SE,NA
ID_0129,Fine biological organic matter,NA,-21.66,4.24,1.92,0.36,SE,NA
ID_0129,Fine suspended organic matter (contain phytoplankton) 1-0,,,,,,,
ID_0129,Coarse suspended organic matter >1mm,NA,-27.56,5.45,0.34,0.6,SE,NA
ID_0129,C3 terrestrial plant,NA,-28.43,5.21,0.29,0.48,SE,NA
ID_0129,C4 terrestrial plant,NA,-12.92,5.48,0.24,0.9,SE,NA
ID_0130,Stonefly,Acroneuria sp,-24.71,13.28,0.21,0.25,SE,NA
ID_0130,Damselfly,Argia sp,-25.07,12.79,0.15,0.3,SE,NA
ID_0130,Trichoptera,Polycentropus sp,-27.53,13.29,0.12,0.15,SE,NA
ID_0130,NA,Neurocordulia sp,,,,,,
ID_0130,Mayfly,Stenonema sp,-26.39,10.51,0.27,0.45,SE,NA
ID_0130,Coarse organic matter,NA,-25.36,4.06,0.72,0.48,SE,NA
ID_0130,Fine biological organic matter,NA,-22.04,5.86,0.38,0.3,SE,NA
ID_0130,Ultra-fine tranSuspended ported organic matter (contain phytoplankton) 100-1um,NA,-21.13,5.32,0.29,0.18,SE,NA
ID_0130,Fine suspended organic matter (contain phytoplankton) 1-0,,,,,,,
ID_0130,Coarse suspended organic matter >1mm,NA,-25.59,5.51,0.19,0.3,SE,NA
ID_0130,C3 terrestrial plant,NA,-26.89,4.55,0.53,1.08,SE,NA
ID_0131,Damselfly,Argia sp,-28.8,17.22,0.19,0.36,SE,NA
ID_0131,Bivalve,Corbicula fluminea,-31.14,14.51,0.09,0.15,SE,NA
ID_0131,Gastropod,Lithasia sp,-27.16,13.83,NA,NA,NA,1
ID_0131,Mayfly,Stenonema sp,,,,,,
ID_0131,Coarse organic matter,NA,-25.27,6.15,0.37,0.46,SE,NA
ID_0131,Fine biological organic matter,NA,-18.55,4.43,1.36,0.62,SE,NA
ID_0131,C3 terrestrial plant,NA,-29.92,4.93,0.37,0.62,SE,NA
ID_0131,C4 terrestrial plant,NA,-12.38,2.1,2.66,0.46,SE,NA
ID_0131,Benthic algae,NA,-22.86,12.48,0.56,0.08,SE,NA
ID_0131,Zooplankton,Daphnia polymorpha,-30.9,13.84,0.19,0.26,SE,NA
ID_0132,Damselfly,Argia sp,-28.15,13.32,0.25,0.15,SE,NA
ID_0132,Bivalve,Corbicula fluminea,-28.87,12.6,0.06,0.1,SE,NA
ID_0132,Muddy rocksnail,Lithasia sp,-26.5,13.36,0.09,0.1,SE,NA
ID_0132,Mayfly,Stenonema sp,,,,,,
ID_0132,Coarse organic matter,NA,-26.27,5.54,0.62,0.31,SE,NA
ID_0132,Fine biological organic matter,NA,-24.49,3.37,0.19,0.93,SE,NA
ID_0132,Fine suspended organic matter (contain phytoplankton) 1-0,,,,,,,
ID_0132,Ultra-fine tranSuspended ported organic matter (contain phytoplankton) 100-1um,NA,-27.51,11.64,NA,NA,NA,NA
ID_0132,Benthic algae,NA,-21.77,10.54,0.68,0.31,SE,NA
ID_0132,C3 terrestrial plant,NA,-28.25,5.54,0.31,0.39,SE,NA
ID_0132,C4 terrestrial plant,NA,-12.26,8.66,0.49,0.62,SE,NA
ID_0132,Zooplankton,Daphnia polymorpha,-28.91,11.11,0.37,0.77,SE,NA
ID_0133,Crayfish,Orconectes nais,-26.7,5.5,0.55,0.65,SE,NA
ID_0133,Mayfly,Stenonema femoratum,NA,4.2,NA,0.98,SE,3
ID_0133,Mayfly,Baetidae,NA,5.4,NA,0.38,SE,3
ID_0133,Midge,Chironomidae,NA,4.6,NA,1.59,SE,2
ID_0133,Midge,Orthocladiinae,NA,5.5,NA,NA,NA,2
ID_0133,Stonefly,Perlesta placida,NA,5.6,NA,0.6,SE,4
ID_0133,Water beetle adult,Dytiscidae,NA,7.8,NA,NA,NA,1
ID_0133,Zygoptera nymph,NA,NA,7.6,NA,NA,NA,1
ID_0133,Water boatman,Corixidae,NA,5.4,NA,NA,NA,1
ID_0133,Fine biological organic matter,NA,-13.2,4.3,1.94,1.41,SE,4
ID_0133,Coarse organic matter,NA,-25.9,3,0.65,1.44,SE,3
ID_0133,Periphyton,NA,-11,5,1.54,1.81,SE,4
ID_0133,Filamentous green algae,Cladophora,,,,,,
ID_0133,Macrophyte,Veronica sp,NA,4.5,NA,NA,NA,1
ID_0134,Crayfish,Orconectes neglectus,-25.5,7.4,0.84,0.27,SE,3
ID_0134,Gastropod,Physa sp,-29.6,7,NA,NA,NA,1
ID_0134,Mayfly,Stenonema femoratum,-30.9,5.5,0.52,0.11,SE,2
ID_0134,Mayfly,Baetidae,-32.8,6.3,NA,NA,NA,1
ID_0134,Midge,Tanypodinae,NA,8.6,NA,NA,NA,1
ID_0134,Midge,Orthocladiinae,-34.5,5.8,NA,NA,NA,1
ID_0134,Worm,Cheumatopsyche sp,-32.1,6.8,NA,NA,NA,1
ID_0134,Net-spinning caddisfly,Hydropsyche sp,-32.1,6.6,NA,0.19,SE,2
ID_0134,Cranefly,Tipula sp,-26.2,6.3,NA,NA,NA,1
ID_0134,Trichoptera,Polycentropus sp,NA,9.2,NA,NA,NA,1
ID_0134,Fine biological organic matter,NA,-21.2,6.2,2.91,0.27,SE,3
ID_0134,Coarse organic matter leaf litter,NA,-28.3,4,0.19,0.05,SE,3
ID_0134,Filamentous green algae,Spirogyra sp,-31.7,10,1.69,0.69,SE,3
ID_0134,Filamentous green algae,Ulothrix sp,-36.5,4.3,0.32,0.29,SE,3
ID_0134,Filamentous green algae,Cladophora sp,-30,5.3,0.77,0.14,SE,3
ID_0134,Diatom,NA,-18.3,6.3,3.09,0.82,SE,3
ID_0134,Macrophyte,Veronica sp,NA,5.3,NA,0.58,SE,NA
ID_0135,Bivalve,Corbicula sp,-30.82,7.7,NA,NA,NA,NA
ID_0135,Bivalve,Corbicula sp,-30.82,8.16,NA,NA,NA,NA
ID_0135,Gastropod,Pomacea sp,-24.32,7.9,NA,NA,NA,NA
ID_0135,Macrophyte,Pistia stratiotes,-27.12,8.58,NA,NA,NA,NA
ID_0135,Macrophyte,Eichhornia crassipes,-25.88,7.03,NA,NA,NA,NA
ID_0135,Macrophyte,Salvinia sp,-27.58,5.65,NA,NA,NA,NA
ID_0135,Macrophyte,Cladium jamaicense,-27.21,5.32,NA,NA,NA,NA
ID_0135,Macrophyte,Scirpus californicus,-25.5,4.01,NA,NA,NA,NA
ID_0136,Net-spinning caddisfly,Hydropsychidae,-30.59,10.78,0.44,1.43,SE,NA
ID_0136,Midge,Chironomidae,-28,15.19,NA,NA,NA,1
ID_0136,Zooplankton,Daphnia spp,-30.35,11.43,0.2,0.12,SE,NA
ID_0136,Copepod,NA,-29.85,12.33,0.14,0.3,SE,NA
ID_0137,Net-spinning caddisfly,Hydropsychidae,-30.74,8.75,NA,NA,NA,1
ID_0137,Bivalve_Zebra mussel,Dreissena polymorpha,-29.76,9.64,0.26,0.06,SE,NA
ID_0137,Damselfly,Odonata,-28.43,9.22,NA,NA,NA,1
ID_0137,Mayfly,Heptageniidae,-27.49,11.37,0.02,1.91,SE,NA
ID_0137,Water boatman,Corixidae,-22.48,11.91,NA,NA,NA,1
ID_0138,Net-spinning caddisfly,Hydropsychidae,-27.88,10.19,0.05,1.1,SE,NA
ID_0138,Copepod,NA,-26.87,10.67,NA,NA,NA,1
ID_0139,Mayfly,Heptageniidae,-29.02,9.53,NA,NA,NA,1
ID_0139,Net-spinning caddisfly,Hydropsychidae,-28.1,10.57,0.12,0.35,SE,NA
ID_0139,Midge,Chironomidae,-25.29,9.05,0.02,0.97,SE,NA
ID_0139,Bivalve mussel,NA,-29.02,12.1,NA,NA,NA,1
ID_0139,Bivalve Zebra mussel,Dreissena polymorpha,-27.86,11.34,0.17,0.42,SE,NA
ID_0139,Copepod,NA,-26.69,11.54,NA,NA,NA,1
ID_0143,Zooplankton,NA,-36.5,10,1.7,1.2,SD,10
ID_0145,Midge produnfal,Chironomidae,-35,7.7,2,1,SD,9
ID_0145,Midge,Chironomidae,-31.4,4.6,2,0.5,SD,4
ID_0145,Bivalve,Pisidium sp,-35.8,7.4,0.2,0.7,SD,3
ID_0145,Chara,NA,-20.6,2.3,1.2,2.3,SD,4
ID_0145,Zooplankton,NA,-35.5,10.1,1.5,1.5,SD,4
ID_0149,Benthic invertebrate,,,,,,,
ID_0149,Benthic invertebrate,,,,,,,
ID_0149,Alder,Alnus rugosa,-27,-0.5,2,0,max-min,5
ID_0149,Burreed,Sparganium,-26.9,5.1,1.7,0,max-min,5
ID_0149,Milfoil,Myriophyllum,-19.4,2.2,2.4,0,max-min,5
ID_0149,Macrophyte_pondweed,Potamogeton foliosus,-21.8,4,1.3,0,max-min,5
ID_0149,Purple loosestrife,Lythrum salicaria,-28,2.9,0.6,0,max-min,4
ID_0149,Spikerush,Eleocharis smallii,-28,4.9,2.2,0,max-min,5
ID_0149,Waterlily,Nuphar advena,-24.3,1.8,1.2,0,max-min,4
ID_0149,Willow,Salix nigra,-28,-0.2,2.1,0,max-min,5
ID_0149,Phytoplankton,,,,,,,
ID_0149,Epiphyte on Eleocharis,,,,,,,
ID_0149,Epiphyte on Potamogeton,,,,,,,
ID_0149,Epiphyte on Myriophyllum,,,,,,,
ID_0149,Zooplankton,Cyclopoids,,,,,,
ID_0150,Opossum shrimp,,,,,,,
ID_0150,Phytoplankton,,,,,,,
ID_0150,Phytoplankton,,,,,,,
ID_0150,Zooplankton,Diaptomids/Copepod,-28.6,3,0.4,0,max-min,5
ID_0151,Mayfly,Eatonica shoutedini,-19.99,NA,NA,NA,NA,1
ID_0151,Coleoptera 100m,NA,-21.82,NA,NA,NA,NA,1
ID_0151,Gastropod 30m,NA,-21.98,NA,NA,NA,NA,1
ID_0151,Midge larvae 30m,Chironomidae,-22.09,NA,NA,NA,NA,1
ID_0151,Nematode 30m,,,,,,,
ID_0151,Midge larvae 50m,Chironomidae,-22.7,NA,NA,NA,NA,1
ID_0151,Mixed zooplankton,,,,,,,
ID_0151,Mayfly,Chaoborus sp,-23.7,NA,NA,NA,NA,1
ID_0151,Oligochaete 100m,NA,-24.27,NA,NA,NA,NA,1
ID_0151,Sediment 10-30m,NA,-20.84,NA,NA,NA,NA,1
ID_0151,Sediment 50m,NA,-21.07,NA,NA,NA,NA,1
ID_0151,Zooplankton,Diaphanosoma excisum,,,,,,
ID_0153,Gastropod,Alocinna longicornis,-18,8.4,0.4,0,SD,3
ID_0153,Gastropod,Bellamya aeruginosa,-18.4,10.8,1.1,0.4,SD,3
ID_0153,Gastropod,Cipangopaludina chinensis,-17.9,10.3,NA,NA,NA,1
ID_0153,Bivalve,Corbicula fluminea,-24.9,12,0.5,0.6,SD,3
ID_0153,Bivalve,Arconaia lanceolata,-23.6,11.7,NA,NA,NA,1
ID_0153,Annelid,Limnodrilus hoffmeisteri,-23.8,12.4,NA,NA,NA,1
ID_0153,Annelid,Rhyacodrilus sinicus,-24.2,11.9,NA,NA,NA,1
ID_0153,Shrimp,Macrobrachium nipponense,-22.4,12.5,0.2,0.4,SD,3
ID_0153,Shrimp,Exopalaemon modestus,-21.9,12,0.8,0.1,SD,3
ID_0153,Chinese mittencrab,Eriocheir sinensis,-22.3,10.3,NA,NA,NA,1
ID_0153,Suspended particulate organic matter,NA,-27.2,7.7,0.7,0.2,SD,3
ID_0153,Suspended organic matter,NA,-21.6,7.4,0.5,0.2,SD,2
ID_0153,Detritus,NA,-16.7,8.7,0,0.3,SD,2
ID_0153,Macrophyte,Hydrilla verticillata,-15.2,7.9,0.2,0.1,SD,2
ID_0153,Macrophyte,Potamogeton malaianaus,-16.3,7.6,0.2,0.2,SD,2
ID_0153,Macrophyte,Vallisneria spiralis,-17.5,6.7,0.4,0.2,SD,2
ID_0153,Phytoplankton,NA,-23.1,8.5,1.1,0.3,SD,4
ID_0153,Zooplankton,NA,-26.9,11.2,0.5,0.9,SD,4
ID_0155,Stonefly,Perlidae/Pteronarcyidae/Capniidae,-28.9,4.8,NA,NA,NA,1
ID_0155,Benthic macroinvertebrate,Limnephilidae/Hydropsychidae/Philipotamidae,,,,,,
ID_0155,Crayfish,Cambarus bartonii,-25.6,5.6,NA,NA,NA,1
ID_0155,Bivalve_clam,Elliptio complanata,-30.7,3.5,NA,NA,NA,1
ID_0155,Damselfly,Calopterygidae,-30.8,6.5,NA,NA,NA,1
ID_0155,Dragonfly,Macromiidae,,,,,,
ID_0155,Mayfly,Heptageniidae/Baetidae/Isonychiidae/Baetiscidae,-29.4,3.7,NA,NA,NA,1
ID_0155,Gastropod,Lymnaea stagnalis,,,,,,
ID_0155,Water bugs,Athericidae,-27,4,NA,NA,NA,1
ID_0155,Water strider,Gerridae,-26.7,4.9,NA,NA,NA,1
ID_0155,Water boatman,Corixidae,-32.9,5,NA,NA,NA,1
ID_0155,Cranefly,Tipulidae,-28.6,3.6,NA,NA,NA,1
ID_0156,Stonefly,Perlidae/Pteronarcyidae/Capniidae,-28.4,4.9,NA,NA,NA,1
ID_0156,Benthic macroinvertebrate,Limnephilidae/Hydropsychidae/Philipotamidae,,,,,,
ID_0156,Crayfish,Cambarus bartonii,-25.4,5.4,NA,NA,NA,1
ID_0156,Bivalve_clam,Elliptio complanata,-30.8,3.9,NA,NA,NA,1
ID_0156,Damselfly,Calopterygidae,-28,5.1,NA,NA,NA,1
ID_0156,Dragonfly,Macromiidae,,,,,,
ID_0156,Mayfly,Heptageniidae/Baetidae/Isonychiidae/Baetiscidae,-29.6,5,NA,NA,NA,1
ID_0156,Gastropod,Lymnaea stagnalis,,,,,,
ID_0156,Water strider,Gerridae,-28.3,4.9,NA,NA,NA,1
ID_0156,Water boatman,Corixidae,-29.2,3.2,NA,NA,NA,1
ID_0156,Cranefly,Tipulidae,-28.4,4.8,NA,NA,NA,1
ID_0157,Stonefly,Perlidae/Pteronarcyidae/Capniidae,-34.3,10.1,NA,NA,NA,1
ID_0157,Benthic macroinvertebrate,Limnephilidae/Hydropsychidae/Philipotamidae,,,,,,
ID_0157,Crayfish,Cambarus bartonii,-28.1,8.9,NA,NA,NA,1
ID_0157,Dragonfly,Macromiidae,,,,,,
ID_0157,Mayfly,Heptageniidae/Baetidae/Isonychiidae/Baetiscidae,-33.6,7.4,NA,NA,NA,1
ID_0157,Gastropod,Lymnaea stagnalis,,,,,,
ID_0157,Water bugs,Athericidae,-27.9,6.9,NA,NA,NA,1
ID_0157,Water strider,Gerridae,-28.9,7.1,NA,NA,NA,1
ID_0157,Water boatman,Corixidae,-30.9,6.8,NA,NA,NA,1
ID_0157,Cranefly,Tipulidae,-27.8,4.4,NA,NA,NA,1
ID_0158,Stonefly,Perlidae/Pteronarcyidae/Capniidae,-33.5,9.2,NA,NA,NA,1
ID_0158,Benthic macroinvertebrate,Limnephilidae/Hydropsychidae/Philipotamidae,,,,,,
ID_0158,Crayfish,Cambarus bartonii,-28.4,8.9,NA,NA,NA,1
ID_0158,Bivalve_clam,Elliptio complanata,-33.4,6.3,NA,NA,NA,1
ID_0158,Dragonfly,Macromiidae,,,,,,
ID_0158,Mayfly,Heptageniidae/Baetidae/Isonychiidae/Baetiscidae,-34.4,10.1,NA,NA,NA,1
ID_0158,Gastropod,Lymnaea stagnalis,,,,,,
ID_0158,Water strider,Gerridae,-29.2,5.7,NA,NA,NA,1
ID_0158,Water boatman,Corixidae,-34.9,10.6,NA,NA,NA,1
ID_0158,Cranefly,Tipulidae,-33,9.1,NA,NA,NA,1
ID_0159,Mysid,NA,-28.76,12.74,NA,NA,NA,1
ID_0159,Water mite,Hydracarina sp,-21.82,12.89,NA,NA,NA,1
ID_0159,Plecoptera,NA,-21.96,10.53,NA,NA,NA,1
ID_0159,Crayfish age0,Pacifastacus leniusculus,-17.76,11.32,NA,NA,NA,1
ID_0159,Midge,Chironomidae,-18.49,10.61,NA,NA,NA,1
ID_0159,Trichoptera,NA,-16.75,9.97,NA,NA,NA,1
ID_0159,Bivalve_Unionid mussel,Unionidae,-28.18,10.76,NA,NA,NA,1
ID_0159,Zooplankton,NA,-28.33,13.37,NA,NA,NA,1
ID_0159,Zooplankton,Leptodora spp,-27.03,13.05,NA,NA,NA,1
ID_0159,Zooplankton,Daphnia spp,-29.92,11.71,NA,NA,NA,1
ID_0167,Crustacean_mollusk,Aratus pisoni,-25.62,4.22,0.48,0.41,SD,3
ID_0167,Crustacean_mollusk,Ganiopsis cruentata,-24.22,5.94,2.33,0.81,SD,3
ID_0167,Crustacean_mollusk,Uca rapax,-27.99,8.32,0.83,1.32,SD,14
ID_0167,Plant,Avicennia germinans,-29.91,3.07,1.9,0.85,SD,2
ID_0167,Plant,Bucida buceras,-28.54,5.1,3.23,1.44,SD,3
ID_0167,Plant,Crinum americanum,-30.16,5.51,1.97,2.46,SD,4
ID_0167,Plant,Eichhornia crassipes,-27.77,8.43,1.67,2.85,SD,3
ID_0167,Plant,Laguncularia racemosa,-28.39,5.1,1.16,3.54,SD,3
ID_0167,Plant,Lonchocarpus hondurensis,-26.29,4.56,5.08,3.69,SD,4
ID_0167,Plant,Rizophora mangle,-29.82,4.44,2.53,4.42,SD,3
ID_0169,Diptera,Charoborus sp,-23,7,NA,NA,NA,1
ID_0169,Midge,Chironomidae,-34.7,-0.1,NA,NA,NA,5
ID_0169,Particulate organic matter <50um,NA,-23.8,2.7,0.4,0.7,SD,3
ID_0169,Particulate organic matter 50-85um,NA,-18.1,6,1,0.6,SD,5
ID_0169,Epixylon,NA,-25,1.5,NA,NA,SD,1
ID_0169,Zooplankton,NA,-22.8,4.8,0.1,0.1,SD,2
ID_0179,Bivalve_fingermail clam,NA,-24.65,3.75,NA,NA,NA,NA
ID_0179,Benthic macroinvertebrate,NA,-16.71,1.57,1.62,0.59,SD,NA
ID_0179,Trichoptera,NA,-13.9,2.9,11,2.15,SD,NA
ID_0179,Trichoptera,NA,-20.76,3.9,6.61,1.77,SD,NA
ID_0179,Plecoptera,NA,-13.15,4.58,NA,NA,NA,NA
ID_0179,Oligochaeta,NA,-17.55,5.66,NA,NA,NA,NA
ID_0179,Plecoptera,NA,-15.31,5.7,1.24,6.04,SD,NA
ID_0179,Midge adult,Chironomidae,-20.21,6.64,6.38,0.46,SD,NA
ID_0179,Midge larvae,Chironomidae,-18.94,6.34,1.89,1.16,SD,NA
ID_0179,Epilithic algae,NA,-17.14,1.65,7.21,2.6,SD,NA
ID_0179,Zooplankton,NA,-31.84,4.67,0.7,0.54,SD,NA
ID_0180,Amphipod,NA,-26.94,9.62,0.49,1.28,NA,NA
ID_0180,Mysid,NA,-26.18,11.96,0.16,0.6,NA,NA
ID_0180,Seston,NA,-28.48,5.55,1.18,1.66,NA,NA
ID_0180,Sediment,NA,-24.78,5.4,1.08,0.38,NA,NA
ID_0180,Zooplankton,NA,-27.59,8.87,0.59,3.02,NA,NA
ID_0181,Burrowing mayfly,NA,-30.04,14.93,0.79,NA,SE,NA
ID_0181,Bivalve mussel,NA,-30.35,13.71,NA,NA,NA,1
ID_0181,Water boatman,Corixidae,-29.26,12.79,NA,NA,NA,1
ID_0181,Midge,Chironomidae,-28.67,11.77,0.9,0.61,SE,NA
ID_0181,Amphipod,NA,-25.27,12.99,0.1,0.2,SE,NA
ID_0181,Damselfly,Odonata,-28.16,13.91,1.2,0.61,SE,NA
ID_0181,Crayfish,NA,-25.76,14.32,NA,NA,NA,1
ID_0181,C3 plant,NA,-30,6.25,0.51,1.02,SE,NA
ID_0181,C4 plant,NA,-11.99,4.82,0.21,0.82,SE,NA
ID_0181,Macrophyte_duckweed,NA,-26.88,11.05,NA,NA,NA,1
ID_0181,Epiphyton,NA,-18.09,14.93,NA,NA,NA,1
ID_0181,Macrophyte_pondweed,NA,-17.92,11.05,NA,NA,NA,1
ID_0181,Coontail,NA,-22.56,16.77,NA,NA,NA,1
ID_0181,Zooplankton,Daphnia sp,-30.44,14.42,NA,NA,NA,1
ID_0181,Copepod,NA,-29.26,12.79,0.2,0.2,SE,NA
ID_0182,Midge,Chironomidae,-31.93,10.4,1.12,1.02,SE,NA
ID_0182,Fly,Ceratopogonidae,-31.84,12.37,NA,NA,NA,1
ID_0182,Damselfly,Odonata,-30.72,12.28,NA,NA,NA,1
ID_0182,Mayfly,Chaoborus sp,-30.07,13.22,NA,NA,NA,1
ID_0182,Amphipod,NA,-29.69,13.99,NA,NA,NA,1
ID_0182,C3 plant,NA,-28.39,4.6,NA,NA,NA,1
ID_0182,Benthic filamentous algae,NA,-26.61,12.71,NA,NA,NA,1
ID_0182,Macrophyte_duckweed,NA,-26.8,13.65,NA,NA,NA,1
ID_0182,Suspended filamentous green algae,NA,-18.59,12.71,NA,NA,NA,1
ID_0182,C4 plant,NA,-12.24,4.94,0.28,0.77,SE,NA
ID_0182,Zooplankton,Daphnia sp,-29.88,10.57,0.37,0.51,SE,NA
ID_0182,Copepod,NA,-31.19,13.22,NA,NA,NA,1
ID_0183,Grass shrimp,NA,-11.58,8.6,1.4,0.57,SD,NA
ID_0183,Cattail,NA,-26.93,3.82,NA,NA,NA,1
ID_0183,Diatom,NA,-14.23,4.05,0.7,0.57,SD,NA
ID_0183,Microcystis,NA,-2.93,4.39,1.12,0.91,SD,NA
ID_0183,Small cyanobacteria (bulk plankton),NA,-13.12,5.3,1.12,1.48,SD,NA
ID_0183,Zooplankton,NA,-15.07,7.24,2.51,NA,SD,NA
ID_0184,Odonata,Odonata,-17.79,3.28,NA,NA,NA,1
ID_0184,Shrimp,Caridina nilotica,-20.49,2.79,NA,NA,NA,1
ID_0184,Shrimp,Caridinia niloticus,-19.11,3.05,NA,NA,NA,1
ID_0184,Macrophyte,Vallisneria aethiope,-12.01,-0.1,NA,NA,NA,1
ID_0184,Macrophyte,Cyperus papyrus,-11.39,2.98,NA,NA,NA,1
ID_0184,Macrophyte,Nyphaea caerulea,-20.9,-0.8,NA,NA,NA,1
ID_0184,Macrophyte,Potamogeton schweinfurthi,-22.17,1.63,NA,NA,NA,1
ID_0184,Macrophyte,Eichhornia crassipes,-27.56,NA,NA,NA,NA,1
ID_0185,Mayfly,Chaoborus edulis,-24.43,5.77,1.74,0.43,SD,4
ID_0185,Mayfly,NA,-23.53,-0.46,NA,NA,NA,1
ID_0185,Bivalve_clam,NA,-21.15,0.29,0.11,0.16,SD,2
ID_0185,Gastropod,NA,-11.89,-2.51,0.66,0.17,SD,2
ID_0185,Bloom,Anabaena,-21.37,NA,NA,NA,NA,1
ID_0185,Phytoplankton,Batryococcus-Microcystis,-21.21,NA,NA,NA,NA,1
ID_0185,Plankton <200 microns,NA,-24.84,-0.21,NA,NA,NA,1
ID_0185,Epipsammon,NA,-13.13,NA,NA,NA,NA,1
ID_0185,Epilithon,NA,-11.66,-0.56,3.68,0.55,SD,3
ID_0185,Macrophyte,Potamogeton,-10.53,NA,NA,NA,NA,1
ID_0185,Macrophyte,Ceratophyllum,-19.63,NA,NA,NA,NA,1
ID_0185,Plankton >200 microns,NA,-24.11,1,NA,NA,NA,1
ID_0185,Copepod,Tropodiaptomus cunningtoni,-24.42,4.07,NA,NA,NA,1
ID_0186,Crayfish small,Orconectes sp,-23.54,5.25,3.03,0.47,SD,4
ID_0186,Crayfish large,Orconectes sp,-27.17,7.14,1.63,0.78,SD,4
ID_0186,Mayfly,Chaoborus sp,-30.99,7.26,NA,NA,NA,1
ID_0186,Midge,Chironomidae,-36.98,1.03,NA,NA,NA,1
ID_0186,Epilithon,NA,-16.93,1.02,0.44,0.18,SD,2
ID_0186,Terrestrial plant,Lobelia sp,-28.61,1.07,0.98,0.2,SD,2
ID_0186,Epiphyton,NA,-19.74,0.71,0.55,0.05,SD,2
ID_0186,Macrophyte,Potamogeton sp,-11.89,0.92,0.69,0.88,SD,2
ID_0186,Zooplankton,NA,-35.45,4.07,NA,NA,NA,1
ID_0187,Midge,Chironomidae,-27.64,4.13,8.69,0.62,SD,2
ID_0187,Terrestrial plant,Sphaegnum sp,-29.35,0.39,NA,NA,NA,1
ID_0187,Zooplankton,NA,-30.75,4.34,5.92,0.28,SD,3
ID_0189,Small Gastropod Meso Gastropod,,,,,,,
ID_0189,Cladoceran,,,,,,,
ID_0190,Bryozoan,NA,-29.1,2.5,NA,NA,NA,1
ID_0190,Sponge,NA,-29.28,2.82,0.02,0.08,SE,5
ID_0190,Gastropod,NA,-20.83,5.8,0.49,0.21,SE,4
ID_0190,Midge,Chironomidae,-25.21,7.31,0.61,0.23,SE,23
ID_0190,Macroinvertebrate,NA,-26.03,7.65,0.12,0.37,SE,6
ID_0190,Periphyton,NA,-22.75,4.16,0.39,0.3,SE,30
ID_0190,Phytoplankton,NA,-28.36,4.18,0.32,0.19,SE,23
ID_0190,Cladoceran,Sida crystallina,-28.93,3.56,0.39,0.25,SE,9
ID_0190,Zooplankton,Daphnia sp,-30.16,4.25,0.35,0.27,SE,24
ID_0190,Copepod,Leptodiaptomus ashlandi,-29.2,5.15,0.2,0.05,SE,2
ID_0190,Zooplankton,NA,-30.23,5.65,0.08,0.22,SE,4
ID_0190,Copepod,Epischura nevadensis,-30.41,5.76,0.77,0.06,SE,8
ID_0190,Copepod,Diacyclops thomasi,-29.2,5.8,NA,NA,NA,1
ID_0190,Copepod,NA,-30.1,7.03,0.1,0.12,SE,6
ID_0190,Cladoceran,Leptodoa kindti,-30.28,7.49,0.18,0.36,SE,9
ID_0199,Shrimp,Macrobrachium rosenbergii,-24.09,12.6,1.07,1.29,SD,5
ID_0199,Shrimp,Macrobrachium equidens,-24.69,14.93,0.59,0.1,SD,37
ID_0199,Shrimp,Macrobrachium sp3,-24.58,12.32,0.62,0.8,SD,6
ID_0199,Shrimp,Macrobrachium sp4,-24.69,15.14,0.31,1.29,SD,14
ID_0199,Shrimp,Macrobrachium tenuis,-23.39,10.91,0.69,0.52,SD,7
ID_0199,Gastropod,NA,-26.18,15.9,0.31,0.69,SD,3
ID_0199,Particulate organic matter,NA,-23.09,12.33,0.21,0.28,SD,6
ID_0199,Phytoplankton,NA,-26.96,10.13,0.1,0.38,SD,6
ID_0200,Benthos wetland,NA,-30.02,4.8,3.21,3.16,max-min,NA
ID_0200,Benthos wetland,NA,-31.82,5.39,1.98,0.99,max-min,NA
ID_0200,Phytoplankton wetland,NA,-31.18,2.79,2.29,1.56,max-min,NA
ID_0200,Zooplankton,NA,-30.93,6.11,1.49,1.35,max-min,NA
ID_0201,Gammarid,Echinogammarus fasciatus,-19.66,8.73,0.22,0.44,SE,2
ID_0201,Bivalve_mussel,Dreissena bugensis,-21.75,7.8,NA,NA,NA,1
ID_0201,Periphyton,NA,-16.12,5.85,1.68,0.87,SE,2
ID_0202,Gammarid,Echinogammarus fasciatus,-18.87,9.02,0.26,0.37,SE,2
ID_0202,Bivalve_mussel,Dreissena bugensis,-23.64,7.97,0.33,0.45,SE,2
ID_0202,Oligochaete,NA,-19.03,7.22,0.13,0.9,SE,2
ID_0202,Mysid,Hemimysis anomala,-20.84,9.76,1.32,0.97,SE,8
ID_0202,Algae,Cladophora glomerata,-16.83,5.87,0.56,1.12,SE,2
ID_0203,Gammarid,Echinogammarus fasciatus,-18.01,8.82,0.5,0.07,SE,2
ID_0203,Bivalve_Dreissenid,Dreissena bugensis,-22.42,8.34,0.35,0.14,SE,3
ID_0203,Oligochaete,NA,-20.44,8.11,0.66,1.16,SE,2
ID_0203,Mysid,Hemimysis anomala,-19.36,11.37,0.54,0.07,SE,3
ID_0203,Cladophora,Cladophora glomerata,-15.36,8,NA,NA,NA,1
ID_0204,Amphipod,Macrohectopus branickii,-25.77,7.76,0.78,1.01,SD,NA
ID_0204,Phytoplankton,Aulacoseira baicalensis,-27.99,4.17,1.12,0.64,SD,NA
ID_0204,Mesozooplankton,Epischura baicalensis,-26.49,6.5,0.78,0.58,SD,NA
ID_0204,Mesozooplankton,Cyclops kolensis,-26.27,7.6,0.39,0.58,SD,NA
ID_0215,Bivalve_clam,NA,-25.66,2.78,NA,NA,NA,1
ID_0215,Midge,Chironomidae,-23.88,3.77,2.26,0.27,SE,NA
ID_0215,Terrestrial Insect,NA,-22.91,4.22,0.57,0.54,SE,NA
ID_0215,Mysid,NA,-26.14,5.12,0.08,0.09,SE,NA
ID_0215,Crayfish,NA,-13.07,3.05,0.89,0.72,SE,NA
ID_0215,Gastropod,NA,-11.61,4.13,0.4,0.18,SE,NA
ID_0215,Zooplankton,Daphnia sp,-25.9,1.71,NA,NA,NA,1
ID_0216,Gastropod,Mesogastropoda and Basommatophora,-12.51,1.88,NA,NA,NA,NA
ID_0216,Bivalve_Fingernail clam,Eulamellibranchia,-28.09,4.7,NA,NA,NA,NA
ID_0217,Gastropod,Mesogastropoda and Basommatophora,-16.58,1.79,NA,NA,NA,NA
ID_0217,Bivalve_Fingernail clam,Eulamellibranchia,-24.35,4.33,NA,NA,NA,NA
ID_0218,Gastropod,Mesogastropoda and Basommatophora,-16.15,3.32,NA,NA,NA,NA
ID_0218,Bivalve_Fingernail clam,Eulamellibranchia,-30.2,7.47,NA,NA,NA,NA
ID_0219,Gastropod,Mesogastropoda and Basommatophora,-14.63,1.62,NA,NA,NA,NA
ID_0219,Bivalve_Fingernail clam,Eulamellibranchia,-27.49,2.87,NA,NA,NA,NA
ID_0220,Gastropod,NA,-29.4,4.3,1.2,0.7,95%CI,NA
ID_0220,Bivalve-Unionid mussel,Unionidae,-33.5,6.5,0.1,0.7,95%CI,NA
ID_0221,Gastropod,NA,-25.8,2.2,NA,NA,NA,1
ID_0221,Bivalve-Unionid mussel,Unionidae,-32.4,4.9,0.5,0.2,95%CI,NA
ID_0225,Grass,NA,-11.9,2.9,0.7,2.3,SD,8
ID_0225,Aquatic fern,NA,-28,0.12,1.2,0.36,SD,5
ID_0225,Waterlily,NA,-24.85,1.6,0.35,0.14,SD,2
ID_0225,Algae,NA,-21.3,0.65,3,0.75,SD,10
ID_0225,Weed,NA,-23.25,-0.3,5.02,0.57,SD,2
ID_0225,Seston,NA,-29.8,2,0.6,1.6,SD,4
ID_0229,Cambarid crayfish,Cambaridae,-15.94,7.33,0.33,0.43,SD,NA
ID_0229,Bivalve_mussel,Dreissenid sp,-24.29,3.28,0.52,0.14,SD,NA
ID_0229,Ephemerid mayfly nymph,NA,-17.83,4.21,1.23,0.71,SD,NA
ID_0232,Crayfish,NA,-27.72,10.91,NA,NA,NA,1
ID_0239,Crayfish,Orconectes limosus,-24.01,14.98,NA,NA,NA,1
ID_0239,Mayfly,NA,-26.97,12.56,NA,NA,NA,1
ID_0239,Gastropod,Lymnacidae,-23.32,12.4,NA,NA,NA,1
ID_0239,Cladoceran,NA,-33.46,15.02,NA,NA,NA,1
ID_0239,Cyclopoid,NA,-33.6,13.86,NA,NA,NA,1
ID_0239,Copepod,NA,-23.88,14.68,NA,NA,NA,1
ID_0240,Crayfish,Orconectes limosus,-23.66,14.53,1.19,1.58,SD,10
ID_0240,Crayfish juvenile,Orconectes limosus,-24.14,13.13,0.72,0.39,SD,3
ID_0240,Mayfly,Chaoborus sp,-31.51,14.67,NA,NA,NA,1
ID_0240,Oligochaete,NA,-30.05,14.61,NA,NA,NA,1
ID_0240,Midge,Chironomidae,-30.01,13.98,3.45,2.46,SD,5
ID_0240,Dragonfly,Anisoptera,-26.2,11.65,0.94,0.31,SD,3
ID_0240,Bivalve,Corbicula fluminea,-28.98,14.75,0.1,0.1,SD,4
ID_0240,Cladoceran,NA,-31.25,14.59,1.76,1.1,SD,2
ID_0240,Cyclopoid,NA,-32.39,14.97,NA,NA,NA,1
ID_0240,Copepod,NA,-29.69,16.58,NA,NA,NA,1
ID_0242,Crayfish,NA,-27.1,11.09,3.05,0.06,SD,2
ID_0243,Crayfish,NA,-23.86,8.02,0.57,0.25,SD,3
ID_0244,Alderfly,Sialidae,-25.27,8.8,NA,NA,NA,1
ID_0244,Mayfly,NA,-25.54,5.99,NA,NA,NA,1
ID_0244,Oligochaete,NA,-30.94,4.75,NA,NA,NA,1
ID_0244,Cladoceran,NA,-25.62,6.44,NA,NA,NA,1
ID_0244,Copepod,NA,-23.91,10.41,1.84,0.92,SD,2
ID_0246,Mysid_ all sizes,NA,-33.05,13.05,0.25,NA,SD,5
ID_0246,Unionid mussel,Unionidae,-27.9,10.9,0.5,0.5,SD,9
ID_0246,Zooplankton,Daphnia sp,-24.6,11.3,1,0.1,SD,3
ID_0249,Bivalve mollusk,NA,-29.69,4.33,NA,NA,NA,1
ID_0249,Shrimp,Macrobrachium A,-25.75,5.23,NA,NA,NA,1
ID_0249,NA,Corixidae,,,,,,
ID_0249,Coleoptera,NA,-26.93,9.2,NA,NA,NA,1
ID_0249,Lepidoptera,NA,-27.56,9.38,NA,NA,NA,1
ID_0249,Shrimp,NA,-27.01,10.05,NA,NA,NA,1
ID_0249,Mayfly,NA,-26.93,10.59,NA,NA,NA,1
ID_0249,Hymenoptera,NA,-23.23,9.92,NA,NA,NA,1
ID_0249,Trichoptera,NA,-24.41,13.41,NA,NA,NA,1
ID_0249,Leaf litter,NA,-31.02,1.32,NA,NA,NA,1
ID_0249,Coarse particulate organic matter,NA,-29.45,2.83,NA,NA,NA,1
ID_0249,Coarse particulate organic matter,NA,-29.45,4.33,NA,NA,NA,1
ID_0249,Fine particulate organic matter,NA,-29.13,4.33,NA,NA,NA,1
ID_0249,Fine particulate organic matter,NA,-28.82,3.55,NA,NA,NA,1
ID_0249,Epiphyte Valisneria,NA,-32.91,6.8,NA,NA,NA,1
ID_0249,Macrophyte,Eichhornia sp,-29.06,7.16,NA,NA,NA,1
ID_0249,Macrophyte,Vallisneria sp,-26.06,7.52,NA,NA,NA,1
ID_0249,Macrophyte,Potamogeton sp,-26.3,7.16,NA,NA,NA,1
ID_0249,Zooplankton,NA,-29.61,7.1,NA,NA,NA,1
ID_0249,Zooplankton,NA,-29.61,7.52,NA,NA,NA,1
ID_0250,Fruit,NA,-28,4.71,NA,NA,NA,1
ID_0250,Orthoptera,NA,-30.48,6.15,NA,NA,NA,1
ID_0250,Coleoptera,NA,-30.4,6.71,NA,NA,NA,1
ID_0250,Collembola,NA,-28.32,6.02,NA,NA,NA,1
ID_0250,Small terrestrial invertebrate,NA,-25.6,4.89,NA,NA,NA,1
ID_0250,Trichoptera,NA,-24.67,7.72,2.61,2.48,SD,3
ID_0250,Coleoptera adult,NA,-24.76,7.47,3.56,0.09,SD,2
ID_0250,Spider,Arachnida,-21.56,7.91,0.06,0.89,SD,2
ID_0250,Midge,Chironomidae,-25.44,8.41,NA,NA,NA,1
ID_0250,Mayfly,NA,-30.32,8.6,NA,NA,NA,1
ID_0250,Dragonfly,Odonata,-27.84,9.54,NA,NA,NA,1
ID_0250,Shrimp,NA,-27.33,9.43,0.49,0.52,SD,3
ID_0250,Hemiptera,NA,-25.84,9.22,NA,NA,NA,1
ID_0250,Shrimp,Macrobrachium sp,-25.36,10.16,NA,NA,NA,1
ID_0250,Gastropod,NA,-19.76,10.35,3.71,0.92,SD,3
ID_0250,Epiphytic phaeophyta,NA,-35.2,7.28,NA,NA,NA,1
ID_0250,Macrophyte,Spagnoticola trilobata,-32.16,7.22,NA,NA,NA,1
ID_0250,Macrophyte,Persicaria sp,-30.8,6.96,NA,NA,NA,1
ID_0250,Macrophyte,Vallisneria sp,-29.6,7.65,NA,NA,NA,1
ID_0250,Macrophyte,Brachiaria mutica,-12.4,7.53,NA,NA,NA,1
ID_0251,Phytoplankton,NA,-21.32,8.17,0.53,0.27,SE,NA
ID_0251,Zooplankton,NA,-34.88,12.68,0.31,0.16,SE,NA
ID_0252,Midge,Chironomidae,-38.53,1.72,2.81,0.44,SE,NA
ID_0252,Macroinvertebrate,NA,-26.56,5.62,1,1.36,SE,NA
ID_0252,Phytoplankton,NA,-30.57,3.34,0.94,1.94,SE,NA
ID_0252,Terrestrial plant matter,NA,-27.89,0.6,1.54,1.64,SE,NA
ID_0252,Sediment,NA,-28.76,3.04,0.13,0.14,SE,NA
ID_0252,Crustacean zooplankton,NA,-29.1,8.42,1.07,1.58,SE,NA
ID_0253,Bivalve,NA,-32.09,6.22,NA,NA,NA,1
ID_0253,Benthic grazer,NA,-33.03,4.79,1.42,1.48,SD,NA
ID_0253,Benthic predators,NA,-31.14,5.78,1.36,0.81,SD,NA
ID_0253,Crayfish,Cherax quadricarinatus,-24.65,6.31,NA,NA,NA,1
ID_0253,Terrestrial C3 detritus,NA,-32.44,2.13,1.06,2.74,SD,NA
ID_0253,C4 grass,NA,-14.49,1.42,3.31,1.66,SD,NA
ID_0253,Floodplain algae,NA,-23.05,2,NA,NA,NA,1
ID_0253,Benthic algae,NA,-30.14,4.47,0.41,1.21,SD,NA
ID_0254,Benthic grazer,NA,-27.05,2.54,2.76,2.07,SD,NA
ID_0254,Benthic predators,NA,-27.47,5.24,0.57,0.68,SD,NA
ID_0254,Shrimp,Atyidae,-29.5,4.93,NA,NA,NA,1
ID_0254,Shrimp,Macrobrachium rosenbergii,-25.96,8.19,NA,NA,NA,1
ID_0254,Terrestrial C3 detritus,NA,-32.46,2.14,1.04,2.67,SD,NA
ID_0254,C4 grass,NA,-14.58,1.38,3.28,1.67,SD,NA
ID_0254,Filamentous algae,NA,-28.46,3.33,0.05,0.88,SD,NA
ID_0254,Floodplain algae,NA,-23.05,2.02,NA,NA,NA,1
ID_0254,Benthic algae,NA,-26.43,1.78,1.2,1,SD,NA
ID_0254,Seston,NA,-30.54,2.02,NA,NA,NA,1
ID_0255,Bivalve,NA,-36.59,7.12,0.48,0.73,SD,NA
ID_0255,Benthic grazer,NA,-33.21,6.35,0.43,0.53,SD,NA
ID_0255,Benthic predators,NA,-32.88,8.83,0.7,1.14,SD,NA
ID_0255,Shrimp,Macrobrachium rosenbergii,-25.84,10.25,NA,NA,NA,1
ID_0255,Terrestrial C3 detritus,NA,-32.42,2.15,1.02,1.99,SD,NA
ID_0255,C4 grass,NA,-14.44,1.42,3.33,1.67,SD,NA
ID_0255,Filamentous algae,NA,-27.68,7.73,3.86,0.61,SD,NA
ID_0255,Floodplain algae,NA,-22.97,2.03,NA,NA,NA,1
ID_0255,Seston,NA,-32.57,3.98,0.48,0.85,SD,NA
ID_0256,Bivalve,NA,-35.34,7.28,1.27,0.42,SD,NA
ID_0256,Benthic grazer,NA,-30.39,5.98,1.49,2.02,SD,NA
ID_0256,Benthic predators,NA,-30.38,8.88,3.03,0.76,SD,NA
ID_0256,Shrimp,Atyidae,-29.06,9.93,1.32,0,SD,NA
ID_0256,Shrimp,Macrobrachium rosenbergii,-26.75,10.43,0.99,0.92,SD,NA
ID_0256,Terrestrial C3 detritus,NA,-32.39,2.16,0.99,2.73,SD,NA
ID_0256,C4 grass,NA,-14.45,1.44,3.3,1.68,SD,NA
ID_0256,Floodplain algae,NA,-22.98,2.03,NA,NA,NA,1
ID_0256,Seston,NA,-33.76,3.08,0,2.14,SD,NA
ID_0257,Bivalve_sp1,NA,-23.38,4.38,NA,NA,NA,1
ID_0257,Bivalve_sp2,NA,-30.07,6.32,NA,NA,NA,1
ID_0257,Benthic grazer,NA,-26.3,4.95,0,0.04,SD,NA
ID_0257,Benthic predators,NA,-25.61,5.6,NA,NA,NA,1
ID_0257,Shrimp,Macrobrachium rosenbergii,-23.06,9.11,NA,NA,NA,1
ID_0257,Terrestrial C3 detritus,NA,-32.46,2.12,0.96,2.75,SD,NA
ID_0257,C4 grass,NA,-14.41,1.43,3.35,1.66,SD,NA
ID_0257,Filamentous algae,NA,-14.57,5.23,NA,NA,NA,1
ID_0257,Floodplain algae,NA,-23.01,2.04,NA,NA,NA,1
ID_0258,Mayfly,NA,-33.09,3.33,NA,NA,NA,1
ID_0258,Dragonfly,Odonata,-31.37,5.06,NA,NA,NA,1
ID_0258,Dragonfly,Odonata,-35.47,6.36,NA,NA,NA,1
ID_0258,Shrimp,Macrobrachium spp,-30.25,8.02,NA,NA,NA,1
ID_0258,Shrimp,Macrobrachium spp,-28.79,7.72,NA,NA,NA,1
ID_0258,Shrimp,Macrobrachium spp,-28.46,7.84,NA,NA,NA,1
ID_0259,Mayfly,NA,-29.3,3.77,NA,NA,NA,1
ID_0259,Dragonfly,Odonata,-32.46,5.37,NA,NA,NA,1
ID_0259,Dragonfly,Odonata,-30.61,5.74,NA,NA,NA,1
ID_0259,Shrimp,Macrobrachium spp,-28.93,8.95,NA,NA,NA,1
ID_0259,Shrimp,Macrobrachium spp,-28.93,9.57,NA,NA,NA,1
ID_0271,Worm,Cheumatopsyche pettiti,-25.91,6.21,NA,NA,NA,1
ID_0271,Worm,Turbellaria sp,-24.38,7.87,NA,NA,NA,1
ID_0271,Bivalve,Corbicula fluminea,-23.01,5.62,0.43,0.31,SD,3
ID_0271,Gastropod,Melanoides tuberculata,-24.15,7.01,0.27,0.81,SD,3
ID_0271,Shrimp,Atyoida bisulcata,-23.14,7.05,NA,NA,NA,1
ID_0271,Shrimp,Macrobrachium lar,-22.43,9.02,0.37,0.68,SD,3
ID_0271,Herptofauna,Palea steindachneri,-20.64,10.46,NA,NA,NA,1
ID_0271,Herptofauna,Rana catesbeiana,-30.93,4.23,NA,NA,NA,1
ID_0272,Worm,Cheumatopsyche pettiti,-23.79,7.53,NA,NA,NA,1
ID_0272,Worm,Turbellaria sp,-22.37,8.04,NA,NA,NA,1
ID_0272,Worm,Turbellaria sp,-23.84,5.04,NA,NA,NA,1
ID_0272,Bivalve,Corbicula fluminea,-13.24,6.86,NA,NA,NA,1
ID_0272,Gastropod,Melanoides tuberculata,-18.19,4.56,0.74,1.43,SD,3
ID_0272,Shrimp,Atyoida bisulcata,-19.93,5.69,NA,NA,NA,1
ID_0272,Amphipod,Hyatella sp,-23.75,5.02,NA,NA,NA,1
ID_0272,Shrimp,Macrobrachium grandimanus,-22.34,8.82,1.4,0.15,SD,3
ID_0272,Shrimp,Macrobrachium lar,-21.61,9.39,0.75,1.57,SD,3
ID_0273,Worm,Cheumatopsyche pettiti,-26.88,4.77,NA,NA,NA,1
ID_0273,Gastropod,Melanoides tuberculata,-17.46,5.31,4.27,1.32,SD,3
ID_0273,Shrimp,Atyoida bisulcata,-20.91,4.44,NA,NA,NA,1
ID_0273,Shrimp,Macrobrachium grandimanus,-23.7,7.34,0.51,0.24,SD,3
ID_0273,Herptofauna,Chrysemys scripta elegans,-19.33,11.55,NA,NA,NA,1
ID_0274,Worm,Cheumatopsyche pettiti,-25.59,5.9,NA,NA,NA,1
ID_0274,Damselfly,Ischnura sp,-23.33,8.11,NA,NA,NA,1
ID_0274,Bivalve,Corbicula fluminea,-15.15,6.86,NA,NA,NA,1
ID_0274,Gastropod,Melanoides tuberculata,-21.74,5.63,2.64,0.51,SD,3
ID_0274,Shrimp,Atyoida bisulcata,-19.1,3.74,NA,NA,NA,1
ID_0274,Amphipod,Hyatella sp,-23.17,5.32,NA,NA,NA,1
ID_0274,Shrimp,Macrobrachium grandimanus,-22.82,8.68,0.81,0.97,SD,3
ID_0274,Shrimp,Macrobrachium lar,-22.95,9.09,NA,NA,NA,1
ID_0275,Worm,Cheumatopsyche pettiti,-21.74,6.32,NA,NA,NA,1
ID_0275,Bivalve,Corbicula fluminea,-21.83,7.72,4.35,0.11,SD,2
ID_0275,Gastropod,Melanoides tuberculata,-23.43,10.34,NA,NA,NA,1
ID_0275,Gastropod,Pomacea sp,-25.96,6.43,0.47,0.3,SD,3
ID_0275,Shrimp,Macrobrachium lar,-24.28,10.97,0.31,1.04,SD,3
ID_0275,Shrimp,Neocaridina denticulata sinensis,-26.49,9.96,1.74,0.43,SD,3
ID_0275,Crayfish,Procambarus clarkii,-21.72,8.72,2.34,1.29,SD,3
ID_0275,Frog,Bufo marinus,-18.2,7.56,3.11,0.27,SD,2
ID_0276,Damselfly,Ischnura sp,-31.49,9.24,NA,NA,SD,1
ID_0276,Bivalve,Corbicula fluminea,-26.49,7.97,0.33,0.06,SD,2
ID_0276,Gastropod,Melanoides tuberculata,-26.61,7.81,0.4,0.6,SD,3
ID_0276,Gastropod,Pomacea sp,-27.1,5,0.73,0.74,SD,3
ID_0276,Shrimp,Macrobrachium lar,-24.93,9.78,0.67,0.89,SD,5
ID_0276,Crayfish,Procambarus clarkii,-24.9,8.58,1.68,0.56,SD,4
ID_0276,Frog,Chrysemys scripta elegans,-23.59,11.44,NA,NA,NA,1
ID_0276,Frog,Rana catesbeiana,-19.31,12.2,NA,NA,NA,1
ID_0276,Frog,Palea steindachneri,-20.96,10.99,NA,NA,NA,1
ID_0277,Water boatman,Corixidae,-22.66,8.2,1.39,0.6,SD,NA
ID_0277,Midge,Chironomidae,-21.81,8.05,1.93,0.1,SD,NA
ID_0277,Cyanobacteria,NA,-20.33,7.15,0.54,0.55,SD,NA
ID_0277,Seston,NA,-19.62,6.4,1.08,1.55,SD,NA
ID_0277,Zooplankton,L. meridianus,-26.41,10.45,0.48,1.95,SD,NA
ID_0277,Zooplankton,Daphnia spp,-26.41,8.7,1.16,1.05,SD,NA
ID_0277,Zooplankton,L. excellence,-25.27,13,0.94,1.55,SD,NA
ID_0278,Amphipod,NA,-22.7,10.3,0.4,2,SD,5
ID_0278,Midge_spp adult,Chironomidae,-25.8,11.3,0.2,3.2,SD,5
ID_0278,Midge_spp larvae,Chironomidae,-21.9,7.9,2.7,1.6,SD,15
ID_0278,Midge_spp pupae,Chironomidae,-26.2,8.1,2.6,2.3,SD,3
ID_0278,Water boatman,Corixidae,-27.3,9.7,1.7,2.1,SD,3
ID_0278,Water mite,Hydracarina spp,-25.1,12.1,0.7,2.9,SD,3
ID_0278,Dragonfly,Odonata,-25,13.3,5.5,1.4,SD,3
ID_0278,Littoral algae,NA,-21.73,12.36,NA,NA,SD,1
ID_0278,Seston,NA,-24.44,2.24,NA,NA,SD,1
ID_0278,Periphyton,NA,-9.47,9.65,NA,NA,SD,1
ID_0278,Zooplankton,Calanoid spp,-25.3,14.3,5.2,2.9,SD,4
ID_0278,Zooplankton,Cyclopoid spp,-24.4,12.4,1.8,1.3,SD,4
ID_0278,Zooplankton,Daphnia spp,-27.8,12.7,1.5,1.6,SD,3
ID_0278,Zooplankton,Leptodora spp,-19.9,13.5,0.1,0.2,SD,3
ID_0281,Mayfly littoral,NA,-29.71,2.86,1.03,0.33,SD,5
ID_0281,Tabanids littoral,NA,-27.84,5.12,1.37,0.06,SD,4
ID_0281,Gammarid,NA,-26.52,0.71,1.96,0.77,SD,2
ID_0281,Plecoptera,NA,-22.01,5.17,1.32,1.38,SD,2
ID_0281,Mysid large,NA,-30.05,9.47,NA,NA,NA,1
ID_0281,Mysid small,NA,-28.38,6.72,NA,NA,NA,1
ID_0281,Midge 10m,Chironomidae,-28.14,9.14,1.47,3.31,SD,2
ID_0281,Biofilm,NA,-25.59,-0.01,0.15,0.28,SD,2
ID_0281,Zooplankton,NA,-31.67,6.06,0.15,0.55,SD,3
ID_0282,Dissolved inorganic carbon,NA,-8.42,NA,NA,NA,NA,1
ID_0282,Dissolved inorganic carbon,NA,-8.45,NA,NA,NA,NA,1
ID_0282,Mayfly,NA,-24.9,2.54,0,0.08,SD,2
ID_0282,Hemiptera,NA,-32.17,8.31,NA,NA,NA,1
ID_0282,Megaloptera,NA,-23.4,5.77,NA,NA,NA,1
ID_0282,Dragonfly,Odonata,-22.71,6.18,NA,NA,NA,1
ID_0282,Trichoptera,NA,-24.12,5.34,NA,NA,NA,1
ID_0282,Particulate organic matter in tranSuspended port,NA,-16.09,NA,NA,NA,NA,1
ID_0282,Particulate organic matter in tranSuspended port,NA,-16.95,NA,NA,NA,NA,1
ID_0282,Particulate organic matter in tranSuspended port,NA,-15.88,NA,NA,NA,NA,1
ID_0282,Particulate organic matter,NA,-8.55,2.89,NA,NA,NA,1
ID_0282,Woody detritus,NA,-23.65,-0.92,NA,NA,NA,1
ID_0282,C4 plant,NA,-12.82,4.25,NA,NA,NA,1
ID_0282,Algae-instream,NA,-23.53,3.24,2.86,0.52,SD,2
ID_0282,Cyanobacteria-instream,NA,-19.43,-0.34,NA,NA,NA,1
ID_0282,Periphyton-instream,NA,-12.42,2.52,0.69,0.74,SD,2
ID_0282,Macrophyte,NA,-14.82,4.6,NA,NA,NA,1
ID_0282,Riparian plant,NA,-27.92,0.8,1.86,2.92,SD,7
ID_0283,Diptera,NA,-24.77,7.91,NA,NA,NA,1
ID_0283,Mayfly,NA,-25.14,7.27,NA,NA,NA,1
ID_0283,Megaloptera,NA,-26.56,12.33,NA,NA,NA,1
ID_0283,Trichoptera,NA,-25.11,9.03,NA,NA,NA,1
ID_0283,Particulate organic matter in tranSuspended port,NA,-18.98,NA,NA,NA,NA,1
ID_0283,Leaf terrestrial plant,NA,-26.78,-0.04,NA,NA,NA,1
ID_0283,Woody detritus,NA,-26.51,-0.65,NA,NA,NA,1
ID_0283,Algae-instream,NA,-28.51,4.92,NA,NA,NA,1
ID_0283,Macrophyte,NA,-16.82,7.33,NA,NA,NA,1
ID_0283,Macrophyte,NA,-22.9,3.89,NA,NA,NA,1
ID_0283,Terrestrial plant,NA,-29.25,5.63,NA,NA,NA,1
ID_0283,Seepwillow,NA,-27.46,1.79,NA,NA,NA,1
ID_0283,Riparian veg - willow,NA,-28.61,1.45,NA,NA,NA,1
ID_0283,Russian olive,NA,-28.65,0.58,NA,NA,NA,1
ID_0283,Russian olive,NA,-24.85,0.05,NA,NA,NA,1
ID_0283,Salt cedar,NA,-25.36,-2.18,NA,NA,NA,1
ID_0284,Dissolved inorganic carbon,NA,-10.02,NA,NA,NA,NA,1
ID_0284,Dissolved inorganic carbon,NA,-9.36,NA,NA,NA,NA,1
ID_0284,Hemiptera,NA,-20.24,4.68,NA,NA,NA,1
ID_0284,Particulate organic matter in tranSuspended port,NA,-14.37,NA,NA,NA,NA,1
ID_0284,Particulate organic matter in tranSuspended port,NA,-14.52,NA,NA,NA,NA,1
ID_0284,Particulate organic matter in tranSuspended port,NA,-13.78,NA,NA,NA,NA,1
ID_0284,Particulate organic matter,NA,-10.45,4.65,NA,NA,NA,1
ID_0284,Woody detritus,NA,-25.42,-3.05,NA,NA,NA,1
ID_0284,C4 plant,NA,-12.26,7.41,NA,NA,NA,1
ID_0284,Periphyton,NA,-14.32,2.26,NA,NA,NA,1
ID_0284,Riparian plant,NA,-26.66,-0.73,NA,NA,NA,1
ID_0284,Riparian plant,NA,-29.55,0.62,NA,NA,NA,1
ID_0284,Riparian plant,NA,-28.72,7.32,NA,NA,NA,1
ID_0284,Riparian plant,NA,-28.38,-0.51,NA,NA,NA,1
ID_0284,Riparian plant,NA,-27.3,6.2,NA,NA,NA,1
ID_0284,Riparian plant,NA,-30.64,1.13,NA,NA,NA,1
ID_0284,Riparian plant,NA,-27.64,0.78,NA,NA,NA,1
ID_0285,Coleoptera,NA,-28.07,6.24,NA,NA,NA,1
ID_0285,Coleoptera,NA,-27.72,5.32,NA,NA,NA,1
ID_0285,Coleoptera,NA,-27.1,3.8,NA,NA,NA,1
ID_0285,Coleoptera,NA,-20.72,8.64,NA,NA,NA,1
ID_0285,Diptera,NA,-18.79,6.12,NA,NA,NA,1
ID_0285,Diptera,NA,-19.8,12.15,NA,NA,NA,1
ID_0285,Diptera,NA,-19.81,11.95,NA,NA,NA,1
ID_0285,Mayfly,NA,-18.07,11.9,NA,NA,NA,1
ID_0285,Isopod,NA,-22.17,1.46,NA,NA,NA,1
ID_0285,Dragonfly,Odonata,-20.36,12.33,NA,NA,NA,1
ID_0285,Woody detritus,NA,-24.16,3.63,NA,NA,NA,1
ID_0285,Algae,NA,-26.08,7.46,NA,NA,NA,1
ID_0285,Benthic algae,NA,-14.79,9.62,NA,NA,NA,1
ID_0285,Benthic algae,NA,-13.64,1.55,NA,NA,NA,1
ID_0285,Submerged algae,NA,-20.29,10.19,NA,NA,NA,1
ID_0285,Submerged algae,NA,-19.2,10.54,NA,NA,NA,1
ID_0285,Cattail,NA,-26.14,9.4,NA,NA,NA,1
ID_0285,Cottonwood,NA,-27.05,-3.36,NA,NA,NA,1
ID_0285,Emergent macrophyte,NA,-20.07,9.89,NA,NA,NA,1
ID_0285,Emergent macrophyte,NA,-28.01,8.73,NA,NA,NA,1
ID_0285,Russian olive,NA,-24.7,-0.07,NA,NA,NA,1
ID_0285,Salt cedar,NA,-26.06,1.32,NA,NA,NA,1
ID_0285,Willow,NA,-27.38,10.23,NA,NA,NA,1
ID_0286,Hemiptera,NA,-17.46,11.91,NA,NA,NA,1
ID_0286,Hemiptera,NA,-19.27,10.96,NA,NA,NA,1
ID_0286,Fine particulate organic matter,NA,-14.82,5.16,NA,NA,NA,1
ID_0286,Detritus,NA,-22.2,7.12,NA,NA,NA,1
ID_0286,Woody detritus,NA,-27.24,3.94,NA,NA,NA,1
ID_0286,Algae,NA,-20.25,9.06,NA,NA,NA,1
ID_0286,Algae,NA,-19.58,10.73,NA,NA,NA,1
ID_0286,Algae,NA,-16.27,9.09,NA,NA,NA,1
ID_0286,Algae,NA,-16.65,5.56,NA,NA,NA,1
ID_0286,Cottonwood,NA,-28.43,2.26,NA,NA,NA,1
ID_0286,Emergent vegetation,NA,-26.93,9.84,NA,NA,NA,1
ID_0286,Green bristlegrass,NA,-27.71,4.06,NA,NA,NA,1
ID_0286,Riparian grass,NA,-26.71,9.26,NA,NA,NA,1
ID_0286,Russian olive,NA,-27.8,0.64,NA,NA,NA,1
ID_0286,Russian olive,NA,-25.05,-0.17,NA,NA,NA,1
ID_0286,Salt cedar,NA,-27.81,6.3,NA,NA,NA,1
ID_0286,Willow,NA,-27.24,3.12,NA,NA,NA,1
ID_0286,Sediment,NA,-13.65,2.98,NA,NA,NA,1
ID_0287,Coleoptera,NA,-23.89,6.39,NA,NA,NA,1
ID_0287,Coleoptera,NA,-27.4,5.66,NA,NA,NA,1
ID_0287,Diptera,NA,-28.25,10.72,NA,NA,NA,1
ID_0287,Mayfly,NA,-20.22,13.39,NA,NA,NA,1
ID_0287,Mayfly,NA,-22.09,11.42,NA,NA,NA,1
ID_0287,Hemiptera,NA,-19.45,11.25,NA,NA,NA,1
ID_0287,Hymenoptera,NA,-25.69,4.38,NA,NA,NA,1
ID_0287,Dragonfly,Odonata,-19.2,13.55,NA,NA,NA,1
ID_0287,Dragonfly,Odonata,-21.06,11.05,NA,NA,NA,1
ID_0287,Plecoptera,NA,-20.71,12.51,NA,NA,NA,1
ID_0287,Plecoptera,NA,-24.07,13.36,NA,NA,NA,1
ID_0287,Plecoptera,NA,-24.02,13.28,NA,NA,NA,1
ID_0287,Plecoptera,NA,-23.96,12.75,NA,NA,NA,1
ID_0287,Particulate organic matter in tranSuspended port,NA,-19.31,NA,NA,NA,NA,1
ID_0287,Particulate organic matter in tranSuspended port,NA,-19.04,NA,NA,NA,NA,1
ID_0287,Particulate organic matter in tranSuspended port,NA,-17.69,NA,NA,NA,NA,1
ID_0287,Plant debris from water,NA,-22.91,5.74,NA,NA,NA,1
ID_0287,Woody detritus,NA,-28.81,8.46,NA,NA,NA,1
ID_0287,C4 plant,NA,-12.77,9.54,NA,NA,NA,1
ID_0287,Periphyton,NA,-18.37,6.48,NA,NA,NA,1
ID_0287,Cottonwood,NA,-26.87,4.1,NA,NA,NA,1
ID_0287,Emergent vegetation,NA,-27.67,8.13,NA,NA,NA,1
ID_0287,Emergent vegetation cattail,NA,-25.81,8.69,NA,NA,NA,1
ID_0287,Riparian veg,NA,-27.13,8.41,NA,NA,NA,1
ID_0287,Seepwillow,NA,-27.18,5.41,NA,NA,NA,1
ID_0287,Riparian veg - willow,NA,-26.72,10.01,NA,NA,NA,1
ID_0287,Salt cedar,NA,-25.81,7.47,NA,NA,NA,1
ID_0288,Gastropod,Chilina sp,-17.4,5.2,4.3,2,SD,2
ID_0288,Zooplankton,NA,-26,5,2.1,1.6,SD,17
ID_0289,Gastropod,Chilina sp,-18.4,2.1,2.1,0.8,SD,7
ID_0289,Zooplankton,NA,-25.5,4.5,2.1,2,SD,26
ID_0291,Gastropod,Bellamya aeruginosa,-21.13,9.52,1.09,0.27,SE,3
ID_0291,Gastropod,Pomacea canaliculata,-17.38,8.3,1.34,0.29,SE,3
ID_0291,Particulate organic matter,NA,-24.77,4.45,0.19,0.42,SE,3
ID_0291,Macrophyte,Alternanthera philoxeroides,-28.43,8.03,NA,NA,NA,1
ID_0291,Lesser duckweed,Lemna minor,-25.62,3.71,NA,NA,NA,1
ID_0291,Periphytic algae,NA,-23.01,5.15,NA,NA,NA,1
ID_0292,Gastropod,Bellamya aeruginosa,-23.51,8.39,1.37,0.48,SE,3
ID_0292,Gastropod,Pomacea canaliculata,-22.96,8.05,0.51,0.37,SE,3
ID_0292,Particulate organic matter,NA,-24.54,2.7,0.79,2.69,SE,3
ID_0292,Macrophyte,Alternanthera philoxeroides,-28.41,5.02,NA,NA,NA,1
ID_0292,Periphytic algae,NA,-24.55,4.17,NA,NA,NA,1
ID_0293,Shrimp,Leander modestus,-20.81,11.49,0.15,0.26,SE,3
ID_0293,Gastropod,Bellamya aeruginosa,-21.13,9.5,0.6,0.15,SE,NA
ID_0293,Gastropod,Radix auricularia,-19.37,6.82,0.16,0.07,SE,NA
ID_0293,Particulate organic matter,NA,-24.78,5.76,0.3,0.95,SE,8
ID_0293,Periphytic algae,NA,-21.22,4.81,1.78,0.34,SE,3
ID_0293,Terrestrial plant,Zea mays,-10.63,NA,NA,NA,NA,1
ID_0293,Terrestrial plant,Setaria faberii,-11.2,NA,NA,NA,NA,1
ID_0293,Terrestrial plant,Cynodon dactylon,-13.19,NA,NA,NA,NA,1
ID_0293,Terrestrial plant,Xanthium sibiricum,-27.16,NA,NA,NA,NA,1
ID_0293,Macrophyte,Alternanthera philoxeroides,-28.36,8.66,0.08,0.63,SE,2
ID_0293,Macrophyte,Lemna minor,-25.62,9.69,NA,NA,NA,1
ID_0293,Macrophyte,Polygonum hydropiper,-28.19,5.46,0.51,1.59,SE,3
ID_0293,Macrophyte,Potamogeton pectinatus,-17.64,7.86,NA,NA,NA,1
ID_0293,Macrophyte,Potamogeton crispus,-18.9,8.66,NA,NA,NA,1
ID_0294,Shrimp,Leander modestus,-21.71,9.44,NA,NA,NA,1
ID_0294,Gastropod,Bellamya aeruginosa,-26.39,8.25,1.56,0.16,SE,NA
ID_0294,Particulate organic matter,NA,-28.45,3.72,0.28,0.68,SE,3
ID_0294,Periphytic algae,NA,-25.81,3.23,0.04,0.25,SE,3
ID_0294,Macrophyte,Lemna minor,-27.2,10.01,NA,NA,NA,1
ID_0294,Macrophyte,Potamogeton crassipes,-28.8,14.95,NA,NA,NA,1
ID_0297,Gastropod,NA,-18.91,3.4,0.24,0.11,SE,37
ID_0297,Zooplankton,NA,-21.82,3.42,0.19,0.21,SE,28
ID_0298,Leech,NA,-19.4,8.2,4,3.6,SD,3
ID_0298,Dragonfly,Anisoptera,-17.8,4.9,3,2.1,SD,4
ID_0298,Coleoptera,NA,-22.6,5.4,0.7,0.3,SD,2
ID_0298,Mayfly,NA,-23.1,4.8,0.2,0.2,SD,3
ID_0298,Hemiptera,NA,-15.9,4.5,2.9,0.4,SD,4
ID_0298,Trichoptera,NA,-17.8,4.6,3.5,1.1,SD,3
ID_0298,Damselfly,Zygoptera,-15.5,5.2,0.5,0.1,SD,4
ID_0298,Gastropod,Lymnaeidae,-16,2.3,0.5,0.7,SD,3
ID_0298,Gastropod,Planorbidae,-15.5,2.1,1.8,1,SD,3
ID_0298,Gastropod,Physidae,-15.8,1.9,0.8,0.8,SD,3
ID_0298,Amphipod,NA,-11.6,2.1,0.3,0.6,SD,3
ID_0299,Gastropod,Bellamya sp,-17.8,7.7,NA,NA,NA,1
ID_0299,Zooplankton,NA,-15.3,7.6,NA,NA,NA,1
ID_0311,Gastropod,Bellamya aeruginosa,-22.4,10.9,0.5,0.7,SD,5
ID_0311,Bivalve,Corbicula fluminea,-28.2,10.9,0.5,0.4,SD,5
ID_0322,Gastropod,NA,-22.4,2.1,2.6,1,SD,NA
ID_0322,Zooplankton,NA,-31.1,2.05,0.9,0.2,SD,NA
ID_0325,Gastropod,NA,-23.2,1.1,3.8,1.2,SD,NA
ID_0325,Zooplankton,NA,-30.2,1.9,1.9,0.8,SD,NA
ID_0328,Gastropod,Potamopyrgus antipodarum,,,,,,
ID_0328,Macrophyte entrained material,NA,-25.33,7.71,NA,NA,NA,1
ID_0328,Phytomicrobenthos,NA,-19.56,7.93,NA,NA,NA,1
ID_0328,Seston,NA,-26.11,5.95,NA,NA,NA,1
ID_0328,Macrophyte,Egeria densa,-21.29,13.69,NA,NA,NA,1
ID_0328,Macrophyte,Ceratophyllum demersum,-23.21,12.73,NA,NA,NA,1
ID_0328,Terrestrial C3 riparian leaf,NA,-28.12,-1.5,NA,NA,NA,1
ID_0329,Gastropod,Potamopyrgus antipodarum,,,,,,
ID_0329,Amphipod,Paracalliope fluviatilis,-22.12,8.48,0.03,0.65,SE,NA
ID_0329,Shrimp,Paratya curvirostris,-24.48,12.15,0.05,0.6,SE,NA
ID_0329,Macrophyte entrained material,NA,-22.78,8.37,NA,NA,NA,1
ID_0329,Phytomicrobenthos,NA,-12.63,6.21,NA,NA,NA,1
ID_0329,Seston,NA,-28.69,4.78,NA,NA,NA,1
ID_0329,Macrophyte,Egeria densa,-20.06,11.81,NA,NA,NA,1
ID_0330,Gastropod,Potamopyrgus antipodarum,,,,,,
ID_0330,Macrophyte entrained material,NA,-26.69,8.08,NA,NA,NA,1
ID_0330,Seston,NA,-28.41,5.29,NA,NA,NA,1
ID_0330,Macrophyte,Egeria densa,-25.71,11.77,NA,NA,NA,1
ID_0330,Macrophyte,Ceratophyllum demersum,-27.36,13.74,NA,NA,NA,1
ID_0330,Terrestrial C3 riparian leaf,NA,-29.06,-1.25,NA,NA,NA,1
ID_0331,Gastropod,Potamopyrgus antipodarum,,,,,,
ID_0331,Amphipod,Paracalliope fluviatilis,-24.13,8.44,0.66,0.24,SE,NA
ID_0331,Shrimp,Paratya curvirostris,-25.87,12.41,0.34,0.3,SE,NA
ID_0331,Phytomicrobenthos,NA,-27.41,5.93,NA,NA,NA,1
ID_0331,Seston,NA,-29.36,5.9,NA,NA,NA,1
ID_0331,Macrophyte,Ceratophyllum demersum,-21.46,9.2,NA,NA,NA,1
ID_0332,Seston,NA,-28.13,5.85,NA,NA,NA,1
ID_0338,Virola fruit,NA,-29.47,0.22,NA,NA,NA,1
ID_0338,Shrimp,Macrobrachium sp1,-25.09,3.63,NA,NA,NA,1
ID_0338,Shrimp,Macrobrachium sp2,-28.93,4.07,NA,NA,NA,1
ID_0338,Shrimp,Macrobrachium sp3,-25.83,5.45,NA,NA,NA,1
ID_0338,Aquatic insect unidentified,NA,-26.91,5.18,NA,NA,NA,1
ID_0338,Dragonfly,Odonata,-25.12,4.34,NA,NA,NA,1
ID_0338,Shrimp,Atyidae,-27.61,2.26,0.54,0.35,SE,NA
ID_0338,Leaf litter,NA,-31.59,1.86,NA,NA,NA,1
ID_0338,Periphyton,NA,-32.09,3.32,NA,NA,NA,1
ID_0338,Periphyton,NA,-29.13,3.5,NA,NA,NA,1
ID_0338,Virola seed,NA,-27.14,1.02,NA,NA,NA,1
ID_0339,Shrimp,Macrobrachium sp4,-31.85,6.06,0.62,0.37,SE,NA
ID_0339,Hemiptera,NA,-29.42,3.97,0.47,0.43,SE,NA
ID_0339,Crab,Pseudothelpusidae,-27.04,3.91,0.52,0.06,SE,NA
ID_0339,Gastropod,Pomacea snail Neritina latissima,-27.35,2.62,1.66,0.8,SE,NA
ID_0339,Leaf litter,NA,-31.34,-0.95,NA,NA,NA,1
ID_0339,Wood,NA,-29.89,3.05,NA,NA,NA,1
ID_0339,Periphyton,NA,-35.73,2.74,NA,NA,NA,1
ID_0339,Waterlily,Nymphaea,-41.33,4.09,NA,NA,NA,1
ID_0339,Submerged aquatic vegetation,NA,-39.72,7.23,NA,NA,NA,1
ID_0339,Macrophyte,Eichhornia sp,-31.75,7.66,NA,NA,NA,1
ID_0340,Fruit,NA,-28.39,0.55,NA,NA,NA,1
ID_0340,Shrimp,Macrobrachium sp1,-26.63,4.81,NA,NA,NA,1
ID_0340,Shrimp,Macrobrachium sp3,-25.73,5.77,NA,NA,NA,1
ID_0340,Crab,Pseudothelpusidae,-27.38,2.34,NA,NA,NA,1
ID_0340,Gastropod,Littorina sp,-30.13,2.79,NA,NA,NA,1
ID_0340,Shrimp,Atyidae,-27.64,2.24,0.42,0.5,SE,NA
ID_0340,Dragonfly,Odonata,-26.85,1.37,0.85,1.19,SE,NA
ID_0340,Leaf litter,NA,-29.29,0.96,1.06,0.92,SE,NA
ID_0340,Periphyton,NA,-15.44,1.19,NA,NA,NA,1
ID_0340,Seed,NA,-30.61,0.23,NA,NA,NA,1
ID_0341,Floating sedge,NA,-31,7.15,NA,NA,NA,1
ID_0341,Terrestrial_spider,NA,-29.5,9.82,NA,NA,NA,1
ID_0341,Terrestrial_spider,NA,-27.84,10.39,NA,NA,NA,1
ID_0341,Gastropod,Pomacea,-26.6,6.05,NA,NA,NA,1
ID_0341,Shrimp,Macrobrachium sp4,-26.56,10.21,0.98,1.18,SE,NA
ID_0341,Shrimp,Macrobrachium sp5,-26.24,9.34,0.33,0.5,SE,NA
ID_0341,Fishing_spider Dolomedes,NA,-27.35,9.96,NA,NA,NA,1
ID_0341,Spider unidentified,NA,-21.99,10.29,NA,NA,NA,1
ID_0341,Leaf litter,NA,-31.04,4.55,NA,NA,NA,1
ID_0341,Submerged wood,NA,-28.91,2.01,NA,NA,NA,1
ID_0341,Submerged aquatic vegetation,NA,-33.88,9.99,NA,NA,NA,1
ID_0341,Periphyton,NA,-30.81,5.35,NA,NA,NA,1
ID_0341,Macrophyte,Ludwigia sp,-29.73,4.92,NA,NA,NA,1
ID_0341,Macrophyte,Eichhornia sp,-28.75,6.23,NA,NA,NA,1
ID_0341,Seston,NA,-28.36,2.94,NA,NA,NA,1
ID_0341,Macrophyte,Pistia sp,-26.82,4.19,NA,NA,NA,1
ID_0341,Macrophyte,Salvinia sp,-30.61,8.02,NA,NA,NA,1
ID_0342,Littoral invertebrate,NA,-27.73,2.88,0.65,1.29,SD,4
ID_0342,Bulfrog tadpole,NA,-26.17,4.47,1.13,0.53,SD,4
ID_0342,Bulfrog adult,NA,-25.98,5.38,0.89,0.84,SD,5
ID_0342,Copepod,NA,-30.67,4.36,0.09,0.36,SD,2
ID_0343,Littoral invertebrate,NA,-24.51,3.3,NA,NA,NA,1
ID_0343,Bulfrog tadpole,NA,-23.56,2.14,0.27,0.33,SD,2
ID_0343,Bulfrog adult,NA,-25.75,5.59,1.8,0.62,SD,6
ID_0343,Copepod,NA,-29.12,3.17,0.06,0.08,SD,2
ID_0344,Littoral invertebrate,NA,-29.24,2.58,1.04,1.54,SD,3
ID_0344,Midge produnfal,Chironomidae,-35.07,2.6,NA,NA,NA,1
ID_0344,Bulfrog tadpole,NA,-29.29,4.18,0.66,0.25,SD,4
ID_0344,Bulfrog adult,NA,-26.96,6.18,0.84,0.95,SD,3
ID_0344,Copepod,NA,-36.26,4.4,0.4,0.04,SD,2
ID_0345,Littoral invertebrate,NA,-27.15,2.7,2.93,0.8,SD,3
ID_0345,Midge produnfal,Chironomidae,-35.5,5.73,NA,NA,NA,1
ID_0345,Bulfrog tadpole,NA,-26.22,3.49,0.59,0.39,SD,2
ID_0345,Bulfrog adult,NA,-29.77,4.68,2.06,1.09,SD,3
ID_0345,Copepod,NA,-29.76,4.32,0.03,0.17,SD,2
ID_0346,Littoral invertebrate,NA,-24.97,2.78,0.82,1.23,SD,4
ID_0346,Bulfrog tadpole,NA,-26.79,3.58,0.65,0.39,SD,3
ID_0346,Bulfrog adult,NA,-26.47,6.1,0.91,1.53,SD,5
ID_0346,Copepod,NA,-28.98,4.66,0.03,0.17,SD,2
ID_0347,Littoral invertebrate,NA,-29.91,4.86,3.92,0.92,SD,4
ID_0347,Bulfrog tadpole,NA,-32.33,6.85,2.47,0.27,SD,3
ID_0347,Copepod,NA,-36.53,5.69,0.69,0.37,SD,2
ID_0348,Bulfrog tadpole,NA,-28.4,4.36,2.85,0.37,SD,3
ID_0348,Bulfrog adult,NA,-28.61,5.77,NA,NA,NA,1
ID_0348,Copepod,NA,-31.89,4.17,0.03,0.08,SD,2
ID_0350,Midge,Chironomidae,-24.98,3.6,0.54,0.6,SD,14
ID_0350,Zooplankton,NA,-27.28,2.69,0.82,0.54,SD,9
ID_0353,Dragonfly,Odonata,-31.75,6.1,0.07,0.71,SD,2
ID_0353,Darner,Aeshnidae,-30.9,7.2,NA,NA,NA,1
ID_0353,Flathead mayfly,Heptageniidae,NA,6.9,NA,NA,NA,1
ID_0353,Crayfish,NA,-27,7.2,NA,NA,NA,1
ID_0354,Stonefly,NA,-30.1,8.8,NA,NA,NA,1
ID_0354,Stonefly,NA,-30.3,8.7,NA,NA,NA,1
ID_0354,Stonefly,NA,-31,8.9,NA,NA,NA,1
ID_0354,Flathead mayfly,Heptageniidae,-29.9,7.8,NA,NA,NA,1
ID_0354,Flathead mayfly,Heptageniidae,-29.2,8,NA,NA,NA,1
ID_0355,Northern caddisfly,Limnephilidae,-35.7,4.2,NA,NA,NA,1
ID_0355,Northern caddisfly,Limnephilidae,-36.7,4.2,NA,NA,NA,1
ID_0355,Northern caddisfly,Limnephilidae,-35.8,4.5,NA,NA,NA,1
ID_0355,Northern caddisfly,Limnephilidae,-35.2,3.8,NA,NA,NA,1
ID_0355,Northern caddisfly,Limnephilidae,-33.8,NA,NA,NA,NA,1
ID_0355,Northern caddisfly,Limnephilidae,-34.8,3.8,NA,NA,NA,1
ID_0355,Darner,Aeshnidae,-35.5,7.7,NA,NA,NA,1
ID_0355,Darner,Aeshnidae,-35.6,8.2,NA,NA,NA,1
ID_0355,Darner,Aeshnidae,-34.5,7.5,NA,NA,NA,1
ID_0355,Northern caddisfly,Limnephilidae,-28.8,10.4,NA,NA,NA,1
ID_0355,Northern caddisfly,Limnephilidae,-34.7,5.4,NA,NA,NA,1
ID_0355,Northern caddisfly,Limnephilidae,-34.8,5.2,NA,NA,NA,1
ID_0355,Common skimmers,Libellulidae,-33.4,7.2,NA,NA,NA,1
ID_0355,Large caddisfly,NA,-34.6,6.1,NA,NA,NA,1
ID_0355,Common skimmers,NA,-34.5,7.5,NA,NA,NA,1
ID_0355,Mayfly,NA,-32.5,4.4,NA,NA,NA,1
ID_0355,Mayfly,NA,-32.6,4.5,NA,NA,NA,1
ID_0355,Mayfly,NA,-31.5,4.9,NA,NA,NA,1
ID_0355,Blackfly,NA,-32.7,5.2,NA,NA,NA,1
ID_0355,Amphipod,NA,-34.4,5.8,NA,NA,NA,1
ID_0356,Damselfly,Odonata,-35.6,8.9,NA,NA,NA,1
ID_0356,Flathead mayfly,Heptageniidae,-33.8,6.8,NA,NA,NA,1
ID_0356,Darner,Aeshnidae,-33.8,8.4,NA,NA,NA,1
ID_0356,Darner,Aeshnidae,-33.8,8.7,NA,NA,NA,1
ID_0356,Darner,Aeshnidae,-35.4,7.9,NA,NA,NA,1
ID_0356,Common skimmers,Libellulidae,-34.4,7.4,NA,NA,NA,1
ID_0356,Common skimmers,Libellulidae,-34.2,7.1,NA,NA,NA,1
ID_0357,Flathead mayfly,Heptageniidae,-36.1,7.6,NA,NA,NA,1
ID_0357,Darner,Aeshnidae,-34.3,9.1,NA,NA,NA,1
ID_0357,Darner,Aeshnidae,NA,8.5,NA,NA,NA,1
ID_0357,Darner,Aeshnidae,-33.8,12.2,NA,NA,NA,1
ID_0357,Net-spinning caddisfly,Hydropsychidae,-36,8.9,NA,NA,NA,1
ID_0357,Large caddisfly,NA,-34.8,8.2,NA,NA,NA,1
ID_0357,Large caddisfly,NA,-34.6,8,NA,NA,NA,1
ID_0358,Northern caddisfly,Limnephilidae,-33.4,5.8,NA,NA,NA,1
ID_0358,Northern caddisfly,Limnephilidae,-34.6,5.4,NA,NA,NA,1
ID_0358,Northern caddisfly,Limnephilidae,-35,5.4,NA,NA,NA,1
ID_0358,Darner,Aeshnidae,-34.1,7.5,NA,NA,NA,1
ID_0358,Darner,Aeshnidae,-35.2,7.8,NA,NA,NA,1
ID_0358,Darner,Aeshnidae,-36,8.3,NA,NA,NA,1
ID_0358,Mayfly,NA,-35.7,4.5,NA,NA,NA,1
ID_0358,Mayfly,NA,-35.6,4.8,NA,NA,NA,1
ID_0358,Northern caddisfly,Limnephilidae,-35.2,4.5,NA,NA,NA,1
ID_0358,Northern caddisfly,Limnephilidae,-34.7,4.4,NA,NA,NA,1
ID_0358,Northern caddisfly,Limnephilidae,-35.9,4.3,NA,NA,NA,1
ID_0358,Cranefly,Tipuloidea,-28.6,5,NA,NA,NA,1
ID_0358,Leech,NA,-26,6,NA,NA,NA,1
ID_0358,Net-spinning caddisfly,Hydropsychidae,-34.9,6.3,NA,NA,NA,1
ID_0358,Net-spinning caddisfly,Hydropsychidae,-35.3,5.9,NA,NA,NA,1
ID_0358,Large caddisfly,NA,-34.2,7.1,NA,NA,NA,1
ID_0358,Northern caddisfly,Limnephilidae,-31.8,4.6,NA,NA,NA,1
ID_0358,Large caddisfly,NA,-30.4,9.8,NA,NA,NA,1
ID_0358,Northern caddisfly,Limnephilidae,-32.4,4.4,NA,NA,NA,1
ID_0358,Blackfly,Simuliidae,-33.6,4.9,NA,NA,NA,1
ID_0358,Amphipod,Hyalella spp,-33.6,5.8,NA,NA,NA,1
ID_0358,Amphipod,Hyalella spp,-33.8,5.6,NA,NA,NA,1
ID_0358,Amphipod,Hyalella spp,-33.9,5.6,NA,NA,NA,1
ID_0359,Dragonfly,Odonata,-34.3,6.4,NA,NA,NA,1
ID_0359,Dragonfly,Odonata,-33.8,6.7,NA,NA,NA,1
ID_0359,Dragonfly,Odonata,-34,6.8,NA,NA,NA,1
ID_0359,Mayfly,NA,-35.4,4.9,NA,NA,NA,1
ID_0359,Mayfly,NA,-35.4,5.1,NA,NA,NA,1
ID_0359,Mayfly,NA,-35.5,5.3,NA,NA,NA,1
ID_0359,Darner,Aeshnidae,-35.5,7.5,NA,NA,NA,1
ID_0359,Darner,Aeshnidae,-35.2,7,NA,NA,NA,1
ID_0359,Northern caddisfly,Limnephilidae,-34.6,6,NA,NA,NA,1
ID_0359,Northern caddisfly,Limnephilidae,-34.9,6.3,NA,NA,NA,1
ID_0359,Northern caddisfly,Limnephilidae,-34.3,6,NA,NA,NA,1
ID_0359,Damselfly,Odonata,-36.2,8,NA,NA,NA,1
ID_0359,Common skimmers,Libellulidae,-33.7,6,NA,NA,NA,1
ID_0359,Northern caddisfly,Limnephilidae,-34.8,5.5,NA,NA,NA,1
ID_0359,Amphipod,NA,-32.7,5.4,NA,NA,NA,1
ID_0360,Flathead mayfly,Heptageniidae,-30.8,4.7,NA,NA,NA,1
ID_0360,Flathead mayfly,Heptageniidae,-30.4,5.3,NA,NA,NA,1
ID_0360,Flathead mayfly,Heptageniidae,-30.2,4.5,NA,NA,NA,1
ID_0360,Northern caddisfly,Limnephilidae,-29.1,5.3,NA,NA,NA,1
ID_0360,Northern caddisfly,Limnephilidae,-32.8,4.5,NA,NA,NA,1
ID_0360,Northern caddisfly,Limnephilidae,-29.6,4.2,NA,NA,NA,1
ID_0360,Northern caddisfly,Limnephilidae,-29.2,3.7,NA,NA,NA,1
ID_0360,Northern caddisfly,Limnephilidae,-31.8,5.9,NA,NA,NA,1
ID_0360,Darner,Aeshnidae,-28.7,9.4,NA,NA,NA,1
ID_0361,Flathead mayfly,Heptageniidae,-31.4,5.3,NA,NA,NA,1
ID_0361,Flathead mayfly,Heptageniidae,-31.5,5.7,NA,NA,NA,1
ID_0361,Net-spinning caddisfly,Hydropsychidae,-35.2,7.7,NA,NA,NA,1
ID_0361,Net-spinning caddisfly,Hydropsychidae,-34.8,8.2,NA,NA,NA,1
ID_0361,Net-spinning caddisfly,Hydropsychidae,-34.7,7.5,NA,NA,NA,1
ID_0361,Darner,Aeshnidae,-31,6.9,NA,NA,NA,1
ID_0362,Darner,Aeshnidae,-30.5,6.7,NA,NA,NA,1
ID_0362,Darner,Aeshnidae,-30,6.8,NA,NA,NA,1
ID_0362,Common skimmers,Libellulidae,-31.7,5.2,NA,NA,NA,1
ID_0362,Flathead mayfly,Heptageniidae,-30.8,5.3,NA,NA,NA,1
ID_0362,Flathead mayfly,Heptageniidae,-30.7,5.2,NA,NA,NA,1
ID_0362,Flathead mayfly,Heptageniidae,-29.9,5.7,NA,NA,NA,1
ID_0363,Common skimmers,Libellulidae,-33.9,6.1,NA,NA,NA,1
ID_0363,Common skimmers,Libellulidae,-32.5,6,NA,NA,NA,1
ID_0363,Common skimmers,Libellulidae,-33.8,6.2,NA,NA,NA,1
ID_0363,Clubtail,Gomphidae,-35.8,4.3,NA,NA,NA,1
ID_0363,Clubtail,Gomphidae,-33.3,6.1,NA,NA,NA,1
ID_0363,Clubtail,Gomphidae,-35.9,6.4,NA,NA,NA,1
ID_0363,Northern caddisfly,Limnephilidae,-29,3.4,NA,NA,NA,1
ID_0363,Mayfly,NA,-32.6,4,NA,NA,NA,1
ID_0363,Mayfly,NA,-32.3,3.6,NA,NA,NA,1
ID_0363,Mayfly,NA,-32.3,3.8,NA,NA,NA,1
ID_0363,Northern caddisfly,Limnephilidae,-28.5,2.3,NA,NA,NA,1
ID_0363,Northern caddisfly,Limnephilidae,-27.6,2.2,NA,NA,NA,1
ID_0363,Northern caddisfly,Limnephilidae,-28.5,2.5,NA,NA,NA,1
ID_0363,Darner,Aeshnidae,-31.9,7.2,NA,NA,NA,1
ID_0363,Darner,Aeshnidae,-31,7.1,NA,NA,NA,1
ID_0363,Darner,Aeshnidae,-31.6,7.3,NA,NA,NA,1
ID_0363,Darner,Aeshnidae,-30.9,7,NA,NA,NA,1
ID_0363,Darner,Aeshnidae,-31.2,6.8,NA,NA,NA,1
ID_0363,Darner,Aeshnidae,-30.7,6.4,NA,NA,NA,1
ID_0363,Damselfly,Odonata,-30.7,7.5,NA,NA,NA,1
ID_0363,Damselfly,Odonata,-30.5,7.4,NA,NA,NA,1
ID_0363,Damselfly,Odonata,-30.9,7.6,NA,NA,NA,1
ID_0363,Flathead mayfly,Heptageniidae,-31.2,4.5,NA,NA,NA,1
ID_0363,Flathead mayfly,Heptageniidae,-31.1,4.7,NA,NA,NA,1
ID_0363,Flathead mayfly,Heptageniidae,-31.4,4.5,NA,NA,NA,1
ID_0363,Freshwater_sponge,NA,-32.8,6.3,NA,NA,NA,1
ID_0363,Freshwater_sponge,NA,-32.9,6.2,NA,NA,NA,1
ID_0363,Freshwater_sponge,NA,-33,6.2,NA,NA,NA,1
ID_0364,Net-spinning caddisfly,Hydropsychidae,-32.3,4.1,NA,NA,NA,1
ID_0364,Net-spinning caddisfly,Hydropsychidae,-32.6,4.6,NA,NA,NA,1
ID_0364,Net-spinning caddisfly,Hydropsychidae,NA,4,NA,NA,NA,1
ID_0364,Flathead mayfly,Heptageniidae,-30.3,3.5,NA,NA,NA,1
ID_0364,Flathead mayfly,Heptageniidae,-29.8,3.8,NA,NA,NA,1
ID_0364,Flathead mayfly,Heptageniidae,-30,3.5,NA,NA,NA,1
ID_0365,Flathead mayfly,Heptageniidae,-30.4,4.7,NA,NA,NA,1
ID_0365,Net-spinning caddisfly,Hydropsychidae,-34.1,5.6,NA,NA,NA,1
ID_0365,Net-spinning caddisfly,Hydropsychidae,NA,5.6,NA,NA,NA,1
ID_0365,Net-spinning caddisfly,Hydropsychidae,-33.7,5.3,NA,NA,NA,1
ID_0365,Stonefly,NA,NA,7.3,NA,NA,NA,1
ID_0365,Stonefly,NA,-30.7,7,NA,NA,NA,1
ID_0365,Stonefly,NA,-30.2,6.7,NA,NA,NA,1
ID_0366,Common skimmers,Libellulidae,-28.7,11.6,NA,NA,NA,1
ID_0366,Common skimmers,Libellulidae,-29.2,10.7,NA,NA,NA,1
ID_0366,Common skimmers,Libellulidae,-30.7,10.8,NA,NA,NA,1
ID_0366,Darner,Aeshnidae,-28.4,11.4,NA,NA,NA,1
ID_0366,Cranefly,Tipula sp,-26.4,4.7,NA,NA,NA,1
ID_0366,Damselfly,Odonata,-32.1,8.9,NA,NA,NA,1
ID_0366,Damselfly,Odonata,-28.3,11.8,NA,NA,NA,1
ID_0366,Northern caddisfly,Limnephilidae,-26.4,4.5,NA,NA,NA,1
ID_0366,Crayfish,NA,-26.9,8.9,NA,NA,NA,1
ID_0366,Crayfish,NA,-26.9,10.1,NA,NA,NA,1
ID_0366,Crayfish,NA,-26.5,10.3,NA,NA,NA,1
ID_0366,Crayfish,NA,-26.7,10.2,NA,NA,NA,1
ID_0367,Damselfly,Odonata,-28.1,12.2,NA,NA,NA,1
ID_0367,Darner,Aeshnidae,-27.5,11.2,NA,NA,NA,1
ID_0367,Darner,Aeshnidae,-28.2,11.8,NA,NA,NA,1
ID_0367,Common skimmers,Libellulidae,-30.6,11,NA,NA,NA,1
ID_0367,Common skimmers,Libellulidae,-28.6,10.9,NA,NA,NA,1
ID_0367,Common skimmers,Libellulidae,-28.5,10.9,NA,NA,NA,1
ID_0367,Crayfish,NA,-26.3,10.5,NA,NA,NA,1
ID_0367,Crayfish,NA,-26.1,10.4,NA,NA,NA,1
ID_0367,Crayfish,NA,-26.2,10.7,NA,NA,NA,1
ID_0367,Crayfish,NA,-29.8,10.7,NA,NA,NA,1
ID_0367,Crayfish,NA,NA,10.3,NA,NA,NA,1
ID_0367,Crayfish,NA,-28.1,10.5,NA,NA,NA,1
ID_0368,Common skimmers,Libellulidae,-30.4,8.8,NA,NA,NA,1
ID_0368,Common skimmers,Libellulidae,-29.4,8.7,NA,NA,NA,1
ID_0368,Common skimmers,Libellulidae,-29.6,9.1,NA,NA,NA,1
ID_0368,Darner,Aeshnidae,-29.1,8.2,NA,NA,NA,1
ID_0368,Crayfish,NA,-25.9,6,NA,NA,NA,1
ID_0368,Crayfish,NA,-26.7,8.1,NA,NA,NA,1
ID_0368,Crayfish,NA,-28.7,8.8,NA,NA,NA,1
ID_0368,Damselfly,Odonata,-29.3,9.8,NA,NA,NA,1
ID_0368,Damselfly,Odonata,-28.7,10,NA,NA,NA,1
ID_0368,Damselfly,Odonata,-29.5,9.8,NA,NA,NA,1
ID_0368,Cranefly,Tipula sp,-27.1,3.4,NA,NA,NA,1
ID_0368,Cranefly,Tipula sp,-27.7,3.6,NA,NA,NA,1
ID_0368,Cranefly,Tipula sp,-27.2,3.2,NA,NA,NA,1
ID_0368,Northern caddisfly,Limnephilidae,-28.5,2.4,NA,NA,NA,1
ID_0368,Stonefly,NA,-29.1,8.2,NA,NA,NA,1
ID_0368,Alderfly,,,,,,,
ID_0369,Crayfish,NA,-30.1,9.1,NA,NA,NA,1
ID_0369,Crayfish,NA,-30.4,9.3,NA,NA,NA,1
ID_0369,Crayfish,NA,-30.4,9.1,NA,NA,NA,1
ID_0369,Crayfish,NA,-29.6,8.9,NA,NA,NA,1
ID_0369,Crayfish,NA,-27.9,7.8,NA,NA,NA,1
ID_0369,Crayfish,NA,-29.4,8.7,NA,NA,NA,1
ID_0369,Crayfish,NA,-28.4,8,NA,NA,NA,1
ID_0369,Crayfish,NA,-29.2,7.7,NA,NA,NA,1
ID_0369,Crayfish,NA,-28.6,8.2,NA,NA,NA,1
ID_0369,Common skimmers,Libellulidae,-30.7,8.5,NA,NA,NA,1
ID_0369,Common skimmers,Libellulidae,-31.2,8.9,NA,NA,NA,1
ID_0369,Common skimmers,Libellulidae,-32.3,8.4,NA,NA,NA,1
ID_0369,Darner,Aeshnidae,-34,7.7,NA,NA,NA,1
ID_0369,Darner,Aeshnidae,-31.7,9.1,NA,NA,NA,1
ID_0369,Damselfly,Odonata,-32.7,10,NA,NA,NA,1
ID_0369,Stonefly,NA,-30.9,8.1,NA,NA,NA,1
ID_0370,Common skimmers,Libellulidae,-32.23,8.43,0.55,0.06,NA,3
ID_0370,Damselfly,Odonata,-34,8.82,NA,0.21,NA,2
ID_0370,Crayfish,NA,-29.3,7.95,0.28,0.21,NA,2
ID_0371,Cranefly,Tipula sp,-27.2,2.9,0.36,2.05,SD,3
ID_0371,Muscoid fly,Atherix sp,-29.5,10.7,NA,NA,NA,1
ID_0371,Cranefly,Hexatoma sp,-32.5,4.5,NA,NA,NA,1
ID_0371,Midge,Chironomidae,-29.18,5.2,0.54,1.14,SD,4
ID_0371,Damselfly,Odonata,-28.8,9.23,1.66,1.44,SD,3
ID_0371,Shrimp,Palaemonetes sp,-29.5,9.9,NA,NA,NA,1
ID_0371,Common skimmers,Libellulidae,-30.9,8.57,0.56,0.29,SD,3
ID_0371,Crayfish,NA,-28.3,7.7,2.86,1.12,SD,4
ID_0372,Darner,Aeshnidae,-31.33,7.37,0.46,0.51,SD,3
ID_0372,Common skimmers,Libellulidae,-30.27,7.53,0.4,0.31,SD,3
ID_0372,Stonefly,NA,-30.67,8.6,0.15,4.97,SD,3
ID_0372,Mayfly,NA,-34.8,5.2,NA,NA,SD,1
ID_0372,Damselfly,Odonata,-30.4,8.43,1.14,0.4,SD,3
ID_0372,Shrimp,Palaemonetes sp,-28.9,9.8,0.59,0.08,SD,4
ID_0372,Crayfish,NA,-27.44,6.72,0.99,0.68,SD,5
ID_0372,Midge,Chironomidae,-27.8,4.5,NA,NA,SD,1
ID_0372,Cranefly,Hexatoma sp,-28,8,NA,NA,SD,1
ID_0372,Cranefly,Tipula sp,-27.2,2.7,NA,NA,SD,1
ID_0373,Plecoptera 1m,NA,-19,1.8,NA,NA,NA,1
ID_0373,Water hoglouse 1m,Asellus aquaticus,-21.4,2.4,NA,NA,NA,1
ID_0373,Bivalve-1m,Pisidium sp,-14,2,NA,NA,NA,1
ID_0373,Leech 1m,NA,-21,1.6,NA,NA,NA,1
ID_0373,Water mite 1m,Hydracarina sp,-20.8,4.2,NA,NA,NA,1
ID_0373,Midge 1m,Chironomidae,-20.7,3.6,NA,NA,NA,1
ID_0373,Oligochaeta 1m,NA,-22.5,2.8,NA,NA,NA,1
ID_0373,Trichoptera 1m,NA,-20.6,3,NA,NA,NA,1
ID_0373,Gammarid 1m,Gammarus lacustris,-19.6,2.8,NA,NA,NA,1
ID_0373,Water mite 2m,Hydrachinidia,-21.3,3.9,NA,NA,NA,1
ID_0373,Midge 2m,Chironomidae,-19.8,3.7,NA,NA,NA,1
ID_0373,Trichoptera 2m,NA,-23.9,4.7,NA,NA,NA,1
ID_0373,Mayfly 2m,Ephemeroptera,-20.7,1.7,NA,NA,NA,1
ID_0373,Oligochaeta 2m,NA,-20.5,4.1,NA,NA,NA,1
ID_0373,Gammarid 2m,Gammarus lacustris,-19.8,2.4,NA,NA,NA,1
ID_0373,Water hoglouse 2m,Asellus aquaticus,-20.4,2.3,NA,NA,NA,1
ID_0373,Gammarid 3m,Gammarus lacustris,-24.4,3.5,NA,NA,NA,1
ID_0373,Oligochaeta 3m,NA,-23.4,3.5,NA,NA,NA,1
ID_0373,Midge 3m,Chironomidae,-23.5,3.1,NA,NA,NA,1
ID_0373,Water mite 3m,Hydrachnidia,-23.2,6.5,NA,NA,NA,1
ID_0373,Trichoptera 3m,NA,-23.6,3.8,NA,NA,NA,1
ID_0373,Water beetle adult 0-1m,Dytiscidae,-25.3,4.5,NA,NA,NA,1
ID_0373,Water beetle,Dytiscidae,-26,4.9,NA,NA,NA,1
ID_0373,Gastropod 0-1m,Lymnea,-23.9,2.2,NA,NA,NA,1
ID_0373,Plecoptera 0-1m,NA,-30.2,1.8,NA,NA,NA,1
ID_0373,Horse fly 0-1m,Tabanidae,-30.3,3.9,NA,NA,NA,1
ID_0373,Water hoglouse 0-1m,Asellus aquaticus,-27,2.9,NA,NA,NA,1
ID_0373,Gammarid 0-1m,Gammarus lacustris,-23.4,3,NA,NA,NA,1
ID_0373,Terrestrial arachnid 0-1m,NA,-26.7,7.4,NA,NA,NA,1
ID_0373,Worm 0-1m,Gordius sp,-25,6,NA,NA,NA,1
ID_0373,Water boatman,Corixidae,-30.7,3.4,NA,NA,NA,1
ID_0373,Trichoptera 0-1m,NA,-28.2,3,NA,NA,NA,1
ID_0373,Midge 0-1m,Chironomidae,-27.3,4.2,NA,NA,NA,1
ID_0373,Mayfly 0-1m,NA,-29.3,2.5,NA,NA,NA,1
ID_0373,Water mite 0-1m,Hydracarina sp,-26.6,4.5,NA,NA,NA,1
ID_0373,Oligochaeta 0-1m,NA,-27.6,2.8,NA,NA,NA,1
ID_0373,Megacyclops 1m,NA,-22,5.3,NA,NA,NA,1
ID_0373,Ostracod 1m,NA,-12,5.7,NA,NA,NA,1
ID_0373,Brachiopod 1m,Eurycercus sp,-17.9,1.5,NA,NA,NA,1
ID_0373,Megacyclops 2m,NA,-23.9,5.7,NA,NA,NA,1
ID_0373,Brachiopod 2m,Eurycercus sp,-20.1,0.8,NA,NA,NA,1
ID_0373,Brachiopod 3m,Eurycercus sp,-23.6,2.1,NA,NA,NA,1
ID_0373,Brachiopod 0-1m,Eurycercus sp,-25,2,NA,NA,NA,1
ID_0373,Megacyclops 0-1m,NA,-25.6,5.5,NA,NA,NA,1
ID_0373,Copepod,NA,-31.9,4.5,NA,NA,NA,1
ID_0373,Cladoceran,NA,-30.9,3.7,NA,NA,NA,1
ID_0375,Crayfish,NA,-27.8,7.8,NA,NA,NA,1
ID_0375,Crayfish,NA,-27.4,7.7,NA,NA,NA,1
ID_0375,Crayfish,NA,-27.8,7.3,NA,NA,NA,1
ID_0375,Damselfly,Odonata,-30.6,9.7,NA,NA,NA,1
ID_0375,Damselfly,Odonata,-29.6,10.3,NA,NA,NA,1
ID_0375,Cranefly,Tipula sp,-28.1,7.6,NA,NA,NA,1
ID_0375,Cranefly,Tipula sp,-27.6,3.9,NA,NA,NA,1
ID_0375,Common skimmers,Libellulidae,-30.4,8.8,NA,NA,NA,1
ID_0375,Common skimmers,Libellulidae,-30.2,8.9,NA,NA,NA,1
ID_0375,Common skimmers,Libellulidae,-31.9,8.8,NA,NA,NA,1
ID_0375,Darner,Aeshnidae,-30.2,8.9,NA,NA,NA,1
ID_0376,Cranefly,NA,-27,9.1,NA,NA,NA,1
ID_0376,Net-spinning caddisfly,Hydropsychidae,-30.5,8.7,NA,NA,NA,1
ID_0376,Damselfly,Odonata,-33.4,7.6,2.59,1.95,SD,3
ID_0376,Common skimmers,Libellulidae,-31.23,9.48,0.62,0.82,SD,4
ID_0376,Crayfish,NA,-28.82,8.12,1.37,2.02,NA,5
ID_0376,Darner,Aeshnidae,-30.7,9.4,NA,NA,NA,1
ID_0376,Stonefly,NA,-30.6,9.1,0.42,1.56,NA,2
ID_0376,Northern caddisfly,Limnephilidae,-26,1.6,NA,NA,NA,1
ID_0376,Mayfly,NA,-32.5,6.7,NA,NA,NA,1
ID_0376,Stonefly,NA,-29.8,8.8,NA,NA,NA,1
ID_0377,Insect C3,NA,-30.5,6.37,0.96,0.48,95%CI,NA
ID_0377,Insect C3 C4,NA,-21.62,6.73,1.41,1.04,95%CI,NA
ID_0377,Decapod,NA,-29.23,9.23,0.79,0.39,95%CI,NA
ID_0377,Macrophyte,NA,-29.23,4.85,0.65,0.95,95%CI,NA
ID_0377,Phytoplankton Seston,NA,-34.13,6.03,1.53,0.59,95%CI,NA
ID_0377,Sediment,NA,-31.6,5.04,1.38,0.65,95%CI,NA
ID_0377,Zooplankton,NA,-36.65,7.62,3.17,2.53,95%CI,NA
ID_0378,Gastropod,Semilsucospira libertina,-22.5,0.17,1.1,0.19,NA,3
ID_0378,Cranefly,Antocha spp,-24.78,-0.76,0.66,0.02,NA,2
ID_0378,Water-penny beetle,NA,-25.96,-2.04,0.44,0.23,NA,2
ID_0378,Mayfly,NA,-27.06,-0.39,0.15,0.12,NA,3
ID_0378,Other dipteran,NA,-27.21,-0.08,NA,NA,NA,1
ID_0378,Caddisfly,NA,-29.41,0.1,0.81,0.49,NA,4
ID_0378,Terrestrial Insect,NA,-25.22,0.69,1.4,0.56,NA,23
ID_0378,Stonefly,NA,-28.68,1.2,0.51,0.19,NA,3
ID_0378,Damselfly,Odonata,-27.35,1.29,0.59,0.4,NA,4
ID_0378,Dobsonfly,NA,-26.03,1.59,0.15,0.05,NA,2
ID_0378,Watersnipe fly,NA,-26.1,1.69,0.07,0.09,NA,2
ID_0378,Cranefly,Hexatoma spp,-24.85,2.48,0.59,0.19,NA,2
ID_0378,Crabs,Geothelphus spp,-24.12,3.93,0.66,0.61,NA,4
ID_0378,Shrimp,Macrobrachium asperulum,-20.66,4.69,0.74,0.21,NA,5
ID_0378,Water scorpion,Laccotrephes sp,-22.21,5.42,0.07,0.02,NA,2
ID_0378,Coarse particulate organic matter,NA,-30.22,-3.49,0.66,0.3,NA,4
ID_0378,Fine particulate organic matter,NA,-27.87,0.43,0.29,0.14,NA,4
ID_0378,Fine benthic particulate matter,NA,-25,3.41,0.29,0.07,NA,10
ID_0378,Benthic algae (diatom and filamentous green algae),NA,-22.79,-1.86,0.44,0.58,NA,6
ID_0378,Red alga,Batrachosperma sp,-37.43,-2.04,0.88,0.49,NA,3
ID_0378,Terrestrial C3 plant,NA,-30.51,-2.25,0.37,0.49,NA,17
ID_0378,Terrestrial C4 plant,NA,-12.4,-2.19,0.8,1.4,NA,2
ID_0380,Crayfish,Orconectes spp,-27.61,9.14,NA,NA,NA,1
ID_0380,Zooplankton,Daphnia spp,-35.07,6.43,NA,NA,NA,1
ID_0381,Gammarid,Gammarus sp,-24.5,2.8,0.4,0.9,SD,3
ID_0381,Gastropod,Lymnea,-26.6,4.9,1.2,0.2,SD,3
ID_0381,Gastropod,Limnephilus,-26.5,2.4,1.2,0.9,SD,3
ID_0381,Diving beetle,Dytiscus sp,-25,7.2,0.2,0.1,SD,3
ID_0381,Beetle,Hydroporus sp,-24.8,5.8,0.3,0.8,SD,3
ID_0381,Coleoptera,Gyrinus sp,-25.5,5.3,0.7,0.6,SD,3
ID_0381,Dragonfly,Aeshna sp,-23.5,6.5,2.4,1.4,SD,3
ID_0381,Damselfly,Enallagma sp,-35.3,6.7,0.8,0.5,SD,3
ID_0381,Leech,Nephelopsis,-23.3,8.5,0.4,0.6,SD,3
ID_0381,Leech,Placobdella,-23.6,11.4,3.2,1.5,SD,3
ID_0390,Midge,Chironomus plumosus,-32.3,15.1,0.6,0.8,SD,NA
ID_0390,Midge,Chironomidae,-37.8,18.3,0.5,0.9,SD,NA
ID_0390,Gammarid,Gammarus pulex,-32.3,19.2,0.5,0.6,SD,NA
ID_0390,Water hoglouse,Asellus aquaticus,-31,13.7,0.6,0.7,SD,NA
ID_0390,Mayfly,Baetis spp,-32.7,11.6,0.7,0.5,SD,NA
ID_0390,Caddisfly,Agrypnia spp,-33.5,16.4,0.7,0.8,SD,NA
ID_0390,Bivalve,Pisidium spp,-36.4,16.9,NA,NA,NA,1
ID_0390,Bivalve,Anodonta spp,-35,16.5,0.2,0.2,SD,NA
ID_0390,Gastropod,Bithynia tentaculata,-34.9,15.6,0.3,0.3,SD,NA
ID_0390,Gastropod,Lymnae stagnalis,-31.1,16.6,1.3,1.1,SD,NA
ID_0390,Gastropod,Radix balthica,-32.2,16.3,0.8,0.3,SD,NA
ID_0390,Dragonfly,Sympetrum spp,-34.4,16.4,1.9,1,SD,NA
ID_0390,Dragonfly,Aeshna spp,-34.5,18.5,0.6,0.8,SD,NA
ID_0390,Water stick,Ranatra linearis,-34.1,18.8,0.5,0.2,SD,NA
ID_0390,Notonectids,Notonecta viridis,-34.4,16.3,1.4,1.3,SD,NA
ID_0390,Notonectids,Ilyocoris cinicoides,-33.2,15.9,1.3,1.3,SD,NA
ID_0390,Alderfly,Sialis fuliginosa,-31.4,16.3,0.2,0.9,SD,NA
ID_0390,Mayfly,Chaoborus spp,-35.9,19.3,0.1,0.1,SD,NA
ID_0390,Water boatman,Sigara spp,-34.6,15.1,0.5,0.4,SD,NA
ID_0390,Leech,Erpobdella spp,-32.02,16.1,0.3,0.7,SD,NA
ID_0390,Acarian,Acaridae,-36.4,19.4,NA,NA,NA,1
ID_0390,Scavanger Beetle,Hydrophilidae,-33.8,16.1,0.6,1.5,SD,NA
ID_0390,Zooplankton,NA,-35.3,13.5,0.6,1.1,SD,NA
ID_0390,Cladoceran,NA,-39.4,16,NA,NA,NA,1
ID_0391,Midge,Chironomus plumosus,-29.2,13.4,0.1,0.1,SD,NA
ID_0391,Midge,Chironomidae,-34.4,12.1,0.9,0.2,SD,NA
ID_0391,Gammarid,Gammarus pulex,-29.7,12.7,0.9,0.8,SD,NA
ID_0391,Water hoglouse,Asellus aquaticus,-33,11.7,0.5,0.5,SD,NA
ID_0391,Mayfly,Baetis spp,-25.3,12.1,0.5,0.7,SD,NA
ID_0391,Caddisfly,Agrypnia spp,-31.2,11.9,1.2,0.5,SD,NA
ID_0391,Bivalve,Pisidium spp,-32.9,11.9,0.2,0.3,SD,NA
ID_0391,Bivalve,Anodonta spp,-32.5,12.6,0.1,0.6,SD,NA
ID_0391,Gastropod,Bithynia tentaculata,-32.1,10.8,1.3,0.5,SD,NA
ID_0391,Gastropod,Lymnae stagnalis,-33.6,12.3,NA,NA,NA,1
ID_0391,Gastropod,Radix balthica,-29.9,11,1.1,0.4,SD,NA
ID_0391,Dragonfly,Sympetrum spp,-29.5,12.3,0.9,0.3,SD,NA
ID_0391,Dragonfly,Aeshna spp,-33.2,13.8,0.5,0.1,SD,NA
ID_0391,Notonectids,Notonecta viridis,-29.9,12.1,0.2,0.2,SD,NA
ID_0391,Notonectids,Ilyocoris cinicoides,-30.9,12.1,0.5,0.1,SD,NA
ID_0391,Alderfly,Sialis fuliginosa,-30.1,11.1,0.8,0.3,SD,NA
ID_0391,Mayfly,Chaoborus spp,-34.4,14.2,0.1,0.3,SD,NA
ID_0391,Caddisfly,Holocentropus dubius,-32.2,16.6,0.8,0.5,SD,NA
ID_0391,Water boatman,Sigara spp,-34.2,13.2,1.5,0.9,SD,NA
ID_0391,Leech,Erpobdella spp,-31.3,12.5,1.7,0.8,SD,NA
ID_0391,Scavanger Beetle,Hydrophilidae,-33.4,12.1,0.8,0.6,SD,NA
ID_0391,Zooplankton,NA,-33.5,12.2,0.7,0.9,SD,NA
ID_0392,Midge,Chironomus plumosus,-34.6,8.8,0.2,0.2,SD,NA
ID_0392,Midge,Chironomidae,-36.2,9.2,0.3,0.1,SD,NA
ID_0392,Gammarid,Gammarus pulex,-31.3,11.8,1.2,1,SD,NA
ID_0392,Water hoglouse,Asellus aquaticus,-30.2,9.7,1,1.2,SD,NA
ID_0392,Mayfly,Baetis spp,-36.8,12.7,1.2,0.4,SD,NA
ID_0392,Bivalve,Pisidium spp,-34.5,9.7,NA,NA,NA,1
ID_0392,Bivalve,Anodonta spp,-32.6,10.1,0.3,0.3,SD,NA
ID_0392,Gastropod,Bithynia tentaculata,-32.3,11.1,0.3,0.5,SD,NA
ID_0392,Gastropod,Lymnae stagnalis,-30.9,11.7,0.4,0.3,SD,NA
ID_0392,Gastropod,Radix balthica,-29.7,9.8,0.9,1,SD,NA
ID_0392,Dragonfly,Sympetrum spp,-34.6,14.3,0.5,0.4,SD,NA
ID_0392,Damselfly,Erythromma najas,-34.8,11.5,0.1,0.5,SD,NA
ID_0392,Notonectids,Notonecta viridis,-31.8,13.8,0.4,0.1,SD,NA
ID_0392,Alderfly,Sialis fuliginosa,-31.6,10.9,0.1,0.2,SD,NA
ID_0392,Water boatman,Sigara spp,-33.8,11.3,0.2,0.2,SD,NA
ID_0392,Leech,Erpobdella spp,-31.4,14.7,0.9,0.7,SD,NA
ID_0392,Zooplankton,NA,-32.8,12.2,0.6,0.2,SD,NA
ID_0393,Midge,Chironomus plumosus,-34.9,9.6,1.3,0.8,SD,NA
ID_0393,Midge,Chironomidae,-37.2,10.8,NA,NA,NA,NA
ID_0393,Gammarid,Gammarus pulex,-32.9,13.7,1.2,0.8,SD,NA
ID_0393,Water hoglouse,Asellus aquaticus,-31.7,13.6,0.5,0.8,SD,NA
ID_0393,Mayfly,Baetis spp,-37.2,12.1,1.2,0.4,SD,NA
ID_0393,Caddisfly,Agrypnia spp,-34.1,10.9,0.4,1,SD,NA
ID_0393,Bivalve,Pisidium spp,-34.7,10.5,0.3,0.5,SD,NA
ID_0393,Bivalve,Anodonta spp,-32.2,11.2,0.5,2.3,SD,NA
ID_0393,Gastropod,Bithynia tentaculata,-33.8,11.5,1,0.7,SD,NA
ID_0393,Gastropod,Radix balthica,-32.6,10.2,NA,NA,NA,1
ID_0393,Dragonfly,Sympetrum spp,-31.2,13,0.3,0.1,SD,NA
ID_0393,Notonectids,Notonecta viridis,-31.4,11,0.4,0.3,SD,NA
ID_0393,Alderfly,Sialis fuliginosa,-32.2,12.1,0.5,0.6,SD,NA
ID_0393,Water boatman,Sigara spp,-34.1,11.9,0.7,0.5,SD,NA
ID_0393,Leech,Erpobdella spp,-31,14.2,0.4,0.4,SD,NA
ID_0393,Zooplankton,NA,-38.1,17.6,0.6,0.9,SD,NA
ID_0394,Midge,Chironomus plumosus,-33.3,15.3,0.6,0.2,SD,NA
ID_0394,Gammarid,Gammarus pulex,-30.2,13.6,0.4,0.6,SD,NA
ID_0394,Water hoglouse,Asellus aquaticus,-30.4,12.7,0.6,0.3,SD,NA
ID_0394,Mayfly,Baetis spp,-34.6,13.9,1.5,1.7,SD,NA
ID_0394,Caddisfly,Agrypnia spp,-32.3,14.6,1,0.9,SD,NA
ID_0394,Bivalve,Pisidium spp,-32.2,13.9,0.4,0.2,SD,NA
ID_0394,Bivalve,Anodonta spp,-32.1,14.2,0.2,0.7,SD,NA
ID_0394,Gastropod,Bithynia tentaculata,-31.4,12.9,0.01,0.2,SD,NA
ID_0394,Gastropod,Lymnae stagnalis,-30.3,14.2,0.4,0.4,SD,NA
ID_0394,Gastropod,Radix balthica,-32,15,0.6,0.4,SD,NA
ID_0394,Dragonfly,Sympetrum spp,-30.8,13.2,0.8,0.2,SD,NA
ID_0394,Caddisfly,Agrypnia spp,-31.3,15.2,0.2,0.2,SD,NA
ID_0394,Water stick,Ranatra linearis,-29.7,14.9,0.7,0.4,SD,NA
ID_0394,Notonectids,Notonecta viridis,-31.3,12.5,1.4,0.9,SD,NA
ID_0394,Alderfly,Sialis fuliginosa,-32.1,14.3,NA,NA,NA,1
ID_0394,Water boatman,Sigara spp,-30.8,13.5,0.3,0.7,SD,NA
ID_0394,Acarian,Acaridae,-32,16.8,NA,NA,NA,NA
ID_0395,Midge,Chironomus plumosus,-31.5,12.2,0.6,0.03,SD,NA
ID_0395,Midge,Chironomidae,-34.2,12.9,NA,NA,NA,NA
ID_0395,Gammarid,Gammarus pulex,-30.9,12,0.6,0.7,SD,NA
ID_0395,Water hoglouse,Asellus aquaticus,-30.6,11.4,0.8,0.04,SD,NA
ID_0395,Mayfly,Baetis spp,-37.5,11.9,0.4,0.6,SD,NA
ID_0395,Caddisfly,Agrypnia spp,-28.6,12.3,1.2,0.7,SD,NA
ID_0395,Bivalve,Pisidium spp,-32.1,12.9,NA,NA,NA,1
ID_0395,Bivalve,Anodonta spp,-32.1,14.1,0.3,0.3,SD,NA
ID_0395,Gastropod,Bithynia tentaculata,-30.8,12.9,0.4,0.4,SD,NA
ID_0395,Gastropod,Radix balthica,-29.4,13.3,0.5,0.7,SD,NA
ID_0395,Dragonfly,Sympetrum spp,-31.6,13.3,0.9,0.4,SD,NA
ID_0395,Caddisfly,Agrypnia spp,-30.9,15.8,0.6,0.5,SD,NA
ID_0395,Water stick,Ranatra linearis,-33.2,12.3,0.8,0.6,SD,NA
ID_0395,Notonectids,Notonecta viridis,-32.1,14.6,1.3,0.2,SD,NA
ID_0395,Alderfly,Sialis fuliginosa,-28.4,11.8,0.9,0.2,SD,NA
ID_0395,Water boatman,Sigara spp,-32.2,12.6,0.4,0.5,SD,NA
ID_0395,Leech,Erpobdella spp,-32.2,15.3,0.2,0.5,SD,NA
ID_0395,Acarian,Acaridae,-29.5,13.3,NA,NA,NA,1
ID_0395,Scavanger Beetle,Hydrophilidae,-32.2,11.1,0.6,0.4,SD,NA
ID_0395,Zooplankton,NA,-33.6,16.3,0.6,0.3,SD,NA
ID_0400,Gastropod,,,,,,,
ID_0400,Gastropod,,,,,,,
ID_0400,Gastropod,,,,,,,
ID_0400,Gastropod,,,,,,,
ID_0400,Gastropod,,,,,,,
ID_0400,Gastropod,,,,,,,
ID_0400,Gastropod,,,,,,,
ID_0400,Gastropod,,,,,,,
ID_0400,Gastropod,,,,,,,
ID_0401,Shredder,NA,-31.58,6.74,0.25,0.17,SE,NA
ID_0401,Grazer,NA,-33.03,7.11,0,0.45,SE,NA
ID_0401,Detritivore,NA,-31.36,7.94,1.1,1.01,SE,NA
ID_0401,Bivalve,NA,-35.64,8.5,0.19,0,SE,NA
ID_0402,Shredder,NA,-30.2,6.7,0,0.08,SE,NA
ID_0402,Grazer,NA,-32.21,8.12,0.16,0.08,SE,NA
ID_0402,Detritivore,NA,-32.65,9.71,NA,NA,NA,1
ID_0402,Bivalve,NA,-37.06,6.27,NA,NA,NA,1
ID_0403,Shredder,NA,-27.59,7.67,0,0.08,SE,NA
ID_0403,Grazer,NA,-29.54,11.15,0.16,0.06,SE,NA
ID_0403,Detritivore,NA,-29.16,9.2,NA,NA,NA,1
ID_0403,Bivalve,NA,-30.92,8.76,0,0.16,SE,NA
ID_0406,Cicadell,NA,-27.67,4.2,NA,NA,SD,1
ID_0406,Terrestial Cricket burrowing,NA,-27.76,4.67,NA,NA,SD,1
ID_0406,Terrestial grasshopper,NA,-27.81,1.99,1.91,1.85,SD,4
ID_0406,Terrestial water_spiders,NA,-27.81,7.08,NA,NA,SD,1
ID_0406,Shrimp,Macrobrachium rosenbergii,-27.38,7.14,1.13,1.18,SD,15
ID_0406,Shrimp,Macrobrachium sp,-27.81,6.49,0.84,0.57,SD,12
ID_0406,Coarse particulate organic matter,NA,-28.03,-0.31,NA,NA,NA,1
ID_0406,Coarse particulate organic matter,NA,-28.68,-1.09,NA,NA,NA,1
ID_0406,Coarse particulate organic matter,NA,-29.5,-0.87,NA,NA,NA,1
ID_0406,Fine particulate organic matter,NA,-28.98,-2.33,NA,NA,NA,1
ID_0406,Fine particulate organic matter,NA,-29.11,-1.38,NA,NA,NA,1
ID_0406,Fine particulate organic matter,NA,-29.14,-2.05,NA,NA,NA,1
ID_0406,Medium particulate organic matter,NA,-28.85,-2.14,NA,NA,NA,1
ID_0406,Medium particulate organic matter,NA,-28.85,-1.9,NA,NA,NA,1
ID_0406,Medium particulate organic matter,NA,-28.93,-1.57,NA,NA,NA,1
ID_0406,Algae off mud,NA,-20.51,1.45,2.4,0.8,SD,10
ID_0406,Macrophyte C3 grass,Phragmites karka,-27.28,2.45,0.65,1.23,SD,3
ID_0406,Macrophyte C4 cooch grass,NA,-11.93,1.65,0.11,0.75,SD,3
ID_0406,Macrophyte C4 grass,Saccharum,-11.22,3.63,0.2,1.33,SD,3
ID_0406,Terrestrial plant,Ficus adornasperma,-29.85,-0.44,0.13,0.57,SD,3
ID_0406,Terrestrial plant,Ginger sp,-30.25,-2.69,0.93,1.41,SD,3
ID_0406,Macrophyte,Pandanus aquaticus,-30.76,4.69,0.36,1.51,SD,3
ID_0406,Terrestrial plant,Piper sp Mustard,-31.23,-2.1,0.38,0.72,SD,3
ID_0406,Terrestrial plant,Myristica sp,-32.14,0.41,1.57,1.41,SD,3
ID_0406,Terrestrial plant,Diplazium sp,-28.43,-1.14,0.55,3.43,SD,3
ID_0406,Terrestrial plant,Macaranga aleuritoides,-28.9,-2.5,1.34,0.77,SD,3
ID_0406,Terrestrial plant,Faradaya splendida,-29.21,3.25,NA,NA,NA,1
ID_0406,Terrestrial plant,Derris sp,-28.35,-0.41,1.59,0.56,SD,3
ID_0406,Terrestrial plant,Nauclea orientalis,-28.71,4.57,2.11,1.24,SD,3
ID_0406,Terrestrial plant,Leea indica,-29.86,-2.09,1.98,1.5,SD,3
ID_0406,Terrestrial plant,Dendrocnide sp,-30.57,1.37,1.7,1.85,SD,3
ID_0406,Terrestrial Rattan,NA,-29.1,2.5,0.81,1.84,SD,4
ID_0406,Seston >110 um,NA,-28.84,-1.07,0.04,0.39,SD,3
ID_0407,Bivalve_mussel,NA,-30.14,5.61,0.58,0.4,SD,2
ID_0407,Midge,Chironomidae,-32.06,4.7,NA,NA,NA,1
ID_0407,Fly,Ceratopogonidae,-31.28,2.02,NA,NA,NA,1
ID_0407,Damselfly,Zygoptera,-30.84,5.54,NA,NA,NA,1
ID_0407,Hydracharian,NA,-29.77,8.29,NA,NA,NA,1
ID_0407,Coleoptera,NA,-25.01,3.78,NA,NA,NA,1
ID_0407,Particulate organic matter,NA,-25.59,1.74,NA,NA,NA,1
ID_0407,Macrophyte,Chara sp,-38.18,0.47,NA,NA,NA,1
ID_0407,Macrophyte,NA,-29.77,1.52,NA,NA,NA,1
ID_0407,Macrophyte,Nymphoides sp,-25.44,-0.66,NA,NA,NA,1
ID_0407,Algae,NA,-20.05,0.33,NA,NA,NA,1
ID_0407,Periphyton,NA,-28.89,3.17,0.27,0.51,SD,5
ID_0407,Macrophyte,N. giga,-27.53,6.32,NA,NA,NA,1
ID_0407,Terrestrial plant,I. aquatica,-29.19,9.21,NA,NA,NA,1
ID_0407,Terrestrial plant,Perisicaria,-28.02,8.64,NA,NA,NA,1
ID_0407,Terrestrial plant_Banan,NA,-29.63,7.09,NA,NA,NA,1
ID_0407,Terrestrial plant,NA,-29.69,3.47,0.96,4.45,SD,3
ID_0407,Terrestrial plant_Coco,NA,-27.29,1.1,NA,NA,NA,1
ID_0407,Zooplankton,NA,-34.19,5.61,NA,NA,NA,1
ID_0407,Cladoceran,NA,-32.88,2.79,NA,NA,NA,1
ID_0408,Bivalve_mussel,NA,-31.33,5.49,NA,NA,NA,1
ID_0408,Midge,Chironomidae,-29.18,7.45,NA,NA,NA,1
ID_0408,Mayfly,NA,-28.45,1.88,NA,NA,NA,1
ID_0408,Gastropod,NA,-28.6,4.34,NA,NA,NA,1
ID_0408,Shrimp,Atyidae,-28.3,4.85,NA,NA,NA,1
ID_0408,Hydracharian,NA,-27.72,8.18,NA,NA,NA,1
ID_0408,Damselfly,Zygoptera,-27.72,4.78,NA,NA,NA,1
ID_0408,Damselfly,Zygoptera,-27.23,4.42,NA,NA,NA,1
ID_0408,Hemiptera,NA,-25.13,5.29,NA,NA,NA,1
ID_0408,Coleoptera,NA,-22.78,4.43,NA,NA,NA,1
ID_0408,Spider,NA,-21.56,4.44,NA,NA,NA,1
ID_0408,Shrimp,Macrobrachium sp,-23.81,8.48,NA,NA,NA,1
ID_0408,Particulate organic matter,NA,-27.33,1.38,NA,NA,NA,1
ID_0408,Phytoplankton,Volvox,-29.08,4.27,NA,NA,NA,1
ID_0408,Periphyton,NA,-28.06,2.32,NA,NA,NA,1
ID_0408,Periphyton,NA,-27.96,2.61,NA,NA,NA,1
ID_0408,Periphyton,NA,-27.72,2.53,NA,NA,NA,1
ID_0408,Macrophyte,N. giga,-26.4,4.42,NA,NA,NA,1
ID_0408,Macrophyte,N. sp,-23.86,2.98,NA,NA,NA,1
ID_0408,Algae,NA,-25.81,2.83,NA,NA,NA,1
ID_0408,Terrestrial plant,NA,-25.57,12.68,NA,NA,NA,1
ID_0408,Terrestrial plant_Banan,NA,-27.72,8.83,NA,NA,NA,1
ID_0408,Terrestrial plant,NA,-29.82,8.03,NA,NA,NA,1
ID_0408,Terrestrial plant_Pass,NA,-29.38,6.73,NA,NA,NA,1
ID_0408,Terrestrial plant_Wak,NA,-28.84,6.58,NA,NA,NA,1
ID_0408,Terrestrial plant_Coco,NA,-26.15,5.51,NA,NA,NA,1
ID_0408,Terrestrial plant,NA,-28.99,4.85,NA,NA,NA,1
ID_0408,Terrestrial plant,Persicaria,-29.28,4.63,NA,NA,NA,1
ID_0408,Terrestrial plant,NA,-29.67,3.4,NA,NA,NA,1
ID_0408,Terrestrial plant,NA,-29.13,3.4,NA,NA,NA,1
ID_0408,Zooplankton,NA,-30.5,7.16,NA,NA,NA,1
ID_0409,Midge,Chironomidae,-34.79,3.16,NA,NA,NA,1
ID_0409,Gastropod,NA,-22.86,4.21,NA,NA,NA,1
ID_0409,Mayfly,NA,-30.4,2.5,NA,NA,NA,1
ID_0409,Particulate organic matter,NA,-29.5,0.45,NA,NA,NA,1
ID_0409,Algae,NA,-29.88,2.3,NA,NA,NA,1
ID_0409,Blue-green algae,NA,-28.45,-0.08,NA,NA,NA,1
ID_0409,Terrestrial plant,NA,-29.11,4.02,NA,NA,NA,1
ID_0409,Terrestrial plant,NA,-28.97,3.09,NA,NA,NA,1
ID_0409,Terrestrial plant,NA,-30.55,2.5,NA,NA,NA,1
ID_0409,Terrestrial plant,I. aquatica,-29.69,1.83,NA,NA,NA,1
ID_0409,Terrestrial plant_Banan,NA,-29.07,1.31,NA,NA,NA,1
ID_0409,Terrestrial plant,NA,-30.26,0.91,NA,NA,NA,1
ID_0409,Terrestrial plant,NA,-29.11,0.98,NA,NA,NA,1
ID_0409,Terrestrial plant,NA,-28.73,0.58,NA,NA,NA,1
ID_0409,Terrestrial plant_Rattan,NA,-30.16,-0.74,NA,NA,NA,1
ID_0409,Zooplankton,NA,-33.17,5.07,NA,NA,NA,1
ID_0410,Mixed bugs,NA,-34.23,3.7,NA,NA,NA,1
ID_0410,Shrimp,Atyidae,-32.37,5.34,NA,NA,NA,1
ID_0410,Damselfly,Zygoptera,-36.01,6.07,NA,NA,NA,1
ID_0410,Hemiptera,NA,-36.71,4.62,NA,NA,NA,1
ID_0410,Particulate organic matter,NA,-29.71,-1.41,NA,NA,NA,1
ID_0410,Cyanobacteria,NA,-32.32,4.1,NA,NA,NA,1
ID_0410,Filamentous algae,NA,-31.39,4.03,NA,NA,NA,1
ID_0410,Terrestrial plant_Phragmite,NA,-27.65,4.56,NA,NA,NA,1
ID_0410,Terrestrial plant_Cooch,NA,-30.69,3.11,NA,NA,NA,1
ID_0410,Terrestrial plant_Persicaria,NA,-29.43,5.87,NA,NA,NA,1
ID_0410,Terrestrial plant,NA,-29.8,4.36,NA,NA,NA,1
ID_0410,Terrestrial plant,NA,-29.24,3.9,NA,NA,NA,1
ID_0410,Terrestrial plant_Sapling,NA,-28.91,3.51,NA,NA,NA,1
ID_0410,Terrestrial plant_Pandanus,NA,-30.78,2.92,NA,NA,NA,1
ID_0410,Terrestrial plant_Rattan,NA,-30.08,2,NA,NA,NA,1
ID_0410,Terrestrial plant,NA,-30.27,1.93,NA,NA,NA,1
ID_0410,Zooplankton,NA,-33.77,3.84,NA,NA,NA,1
ID_0411,Midge,Chironomidae,-34.92,3.16,NA,NA,NA,1
ID_0411,Sponge,NA,-36.9,6.16,NA,NA,NA,1
ID_0411,Water scorpion,Nepidae,-32.37,4.73,NA,NA,NA,1
ID_0411,Hemiptera,NA,-33.69,3.88,NA,NA,NA,1
ID_0411,Hydracharian,NA,-32.18,7.14,NA,NA,NA,1
ID_0411,Particulate organic matter,NA,-30.25,2.05,NA,NA,NA,1
ID_0411,Filamentous algae,NA,-31.28,0.55,NA,NA,NA,1
ID_0411,Algae,NA,-24.73,-1.09,NA,NA,NA,1
ID_0411,Periphyton,NA,-31.52,3.29,NA,NA,NA,1
ID_0411,Terrestrial plant_Phragmite,NA,-31.09,2.9,NA,NA,NA,1
ID_0411,Terrestrial plant_Cooch,NA,-31.47,2.38,NA,NA,NA,1
ID_0411,Terrestrial plant,Pandanus,-31.14,3.55,NA,NA,NA,1
ID_0411,Terrestrial plant,I. aquatica,-28.92,2.11,NA,NA,NA,1
ID_0411,Terrestrial plant_Bamboo,NA,-26.8,1.4,NA,NA,NA,1
ID_0411,Terrestrial plant,NA,-30.38,0.35,1.4,1.14,SD,4
ID_0411,Terrestrial plant_Rattan,NA,-31,-0.56,NA,NA,NA,1
ID_0411,Zooplankton,NA,-36.05,4.53,NA,NA,NA,1
ID_0412,NA,M. rosen,-30.83,8.25,NA,NA,NA,1
ID_0412,Shrimp,Atyidae,-33.73,5.47,NA,NA,NA,1
ID_0412,Damselfly,Zygoptera,-37.29,6.46,NA,NA,NA,1
ID_0412,Hydracharian,NA,-37.77,4.28,NA,NA,NA,1
ID_0412,Dragonfly,Anisoptera,-36.34,5.54,NA,NA,NA,1
ID_0412,Water scorpion,Nepidae,-34.16,5.6,NA,NA,NA,1
ID_0412,Gastropod,NA,-24.61,2.96,NA,NA,NA,1
ID_0412,Particulate organic matter,NA,-28.6,2.17,NA,NA,NA,1
ID_0412,Algae,NA,-29.6,1.24,NA,NA,NA,1
ID_0412,Filamentous algae,NA,-32.92,7.59,NA,NA,NA,1
ID_0412,Periphyton,NA,-32.99,5.64,0.41,1.09,SD,4
ID_0412,Macrophyte,NA,-31.12,3.69,NA,NA,NA,1
ID_0412,Terrestrial plant,NA,-29.5,3.26,1.4,2.59,SD,4
ID_0412,Terrestrial plant,Pandanus sp,-28.79,2.63,NA,NA,NA,1
ID_0412,Zooplankton,NA,-39.24,6.46,NA,NA,NA,1
ID_0413,Dragonfly,Anisoptera,-35.49,5.51,NA,NA,NA,1
ID_0413,Damselfly,Zygoptera,-34.83,5.2,NA,NA,NA,1
ID_0413,Water skater,NA,-33.81,5.06,NA,NA,NA,1
ID_0413,Hydracharian,NA,-31.57,6.05,NA,NA,NA,1
ID_0413,Aquatic beetle,NA,-35.1,3.56,NA,NA,NA,1
ID_0413,Mayfly,NA,-36.12,3.22,NA,NA,NA,1
ID_0413,Particulate organic matter,NA,-29.37,-0.7,NA,NA,NA,1
ID_0413,Periphyton,NA,-34.5,2.26,0.38,0.57,SD,4
ID_0413,Algae,NA,-35.19,1.31,NA,NA,NA,1
ID_0413,Terrestrial plant,NA,-29.23,3.05,NA,NA,NA,1
ID_0413,Terrestrial plant_Phragmite,NA,-28.21,-0.5,NA,NA,NA,1
ID_0413,Terrestrial plant_tree,NA,-28.1,3.53,NA,NA,NA,1
ID_0413,Terrestrial plant_Rattan,NA,-28.35,3.01,NA,NA,NA,1
ID_0413,Terrestrial plant_Vine,NA,-29.77,2.06,NA,NA,NA,1
ID_0413,Terrestrial plant_Bamboo,NA,-29.62,2.06,NA,NA,NA,1
ID_0413,Terrestrial plant_Fern,NA,-27.42,1.89,NA,NA,NA,1
ID_0413,Terrestrial plant,I. aquatica,-29.05,1.79,NA,NA,NA,1
ID_0413,Terrestrial plant_Creeper,NA,-28.62,-0.19,NA,NA,NA,1
ID_0413,Terrestrial plant_Ivy,NA,-29,-0.19,NA,NA,NA,1
ID_0413,Macrophyte,Azolla sp,-30.14,-1.04,NA,NA,NA,1
ID_0413,Macrophyte,NA,-31.07,-0.98,NA,NA,NA,1
ID_0413,Zooplankton,NA,-40.3,5.78,NA,NA,NA,1
ID_0415,Shrimp,NA,-25.33,10.69,0.87,1.62,SD,NA
ID_0415,Coarse detritus,NA,-31.33,2.59,1.22,3.16,SD,NA
ID_0415,Aquatic macrophyte,NA,-28.91,5.97,0.52,1.04,SD,NA
ID_0416,Gastropod,Gastropoda,-18.89,12.47,NA,NA,SD,1
ID_0416,Chironomid,Chironomidae,-20.3,13.77,1.49,1.22,SD,5
ID_0416,Basket clam,Corbicula sp,-23.31,12.15,1.19,0.18,SD,3
ID_0416,Mayfly,Ephemeroptera,-19.95,13.31,0.91,0.41,SD,3
ID_0416,Aquatic worm,Oligochaeta,-21.69,13.05,NA,NA,SD,1
ID_0416,Periphyton,NA,-13.67,10.56,0.05,0.83,SD,2
ID_0416,Poplar,NA,-31.69,0.51,1.31,6.19,SD,3
ID_0416,Zooplankton,NA,-26.93,12.22,1.63,0.15,SD,3
ID_0417,Gastropod,Gastropoda,-24.17,6.65,0,0,SD,2
ID_0417,Crayfish,NA,-24.47,7.87,NA,NA,SD,1
ID_0417,Zooplankton,NA,-26.18,7.01,0.53,0.68,SD,3
ID_0417,Chironomid,Chironomidae,-31.39,2.68,4.66,3.25,SD,6
ID_0417,Poplar,NA,-29.99,0.71,1.35,0.83,SD,3
ID_0429,Bivalve_mussel,NA,-26.66,12.38,0.4,0.52,SD,NA
ID_0429,Amphipod,NA,-24.64,14.96,0.65,1.33,SD,NA
ID_0429,Midge,Chironomidae,-22.8,16.14,1.01,0.44,SD,NA
ID_0429,Isopod,NA,-22.62,17.32,0.25,3.03,SD,NA
ID_0429,Gastropod,NA,-21.43,18.21,1.52,0.44,SD,NA
ID_0429,Flatworm,NA,-26.23,17.69,0.18,0.89,SD,NA
ID_0430,Bivalve_mussel,NA,-28.39,18.95,0.54,0.15,SD,NA
ID_0430,Amphipod,NA,-25.97,19.69,0.54,1.48,SD,NA
ID_0430,Flatworm,NA,-25.83,21.01,0.32,0.37,SD,NA
ID_0430,Gastropod,NA,-23.59,19.69,1.7,0.52,SD,NA
ID_0430,Midge,Chironomidae,-21.18,17.18,1.08,0.89,SD,NA
ID_0430,Isopod,NA,-22.94,21.38,0.83,0.89,SD,NA
ID_0430,Leech,NA,-24.46,22.93,0.79,1.4,SD,NA
ID_0430,Oligochaeta,NA,-30.66,6.99,0.4,0.52,SD,NA
ID_0431,Amphipod,NA,-20.89,19.54,1.15,0.66,SD,NA
ID_0431,Isopod,NA,-20.27,20.42,0.47,0.52,SD,NA
ID_0431,Mayfly,NA,-20.96,17.92,0.22,0.59,SD,NA
ID_0431,Midge,Chironomidae,-20.81,17.99,0.87,0.81,SD,NA
ID_0431,Oligochaeta,NA,-30.66,6.99,0.4,0.52,SD,NA
ID_0432,Macrophyte,Myriophyllum spicatum,-30.52,3.78,NA,NA,NA,1
ID_0432,Macrophyte,Salix caroliniana,-29.15,7.28,NA,NA,NA,1
ID_0432,Macrophyte,Brunnichia ovata,-19.58,8.02,NA,NA,NA,1
ID_0434,Macroinvertebrate,NA,-26,17.7,3.1,1.4,SD,8
ID_0434,Bivalve_Zebra mussel,Dreissena polymorpha,-29.7,15.2,0.9,0.6,SD,10
ID_0434,Crayfish,Procambarus clarkii,-27.4,17.9,1,1.2,SD,12
ID_0434,Macrophyte,NA,-25.2,17.1,2.8,3.9,SD,3
ID_0434,Biofilm,NA,-24.1,12.7,3.2,0.7,SD,5
ID_0434,Zooplankton,NA,-33,14.3,0.4,0.3,SD,4
ID_0435,Chinese mittencrab,Eriocheir sinensis,-28.26,16.16,NA,NA,NA,1
ID_0435,Shrimp,Palaemon longirostris,-26.73,15.62,NA,NA,NA,1
ID_0435,Shrimp,Atyaephyra desmarestii,-30.34,15.56,NA,NA,NA,1
ID_0435,Crayfish,Orconectes limosus,-26.69,15.58,0.11,0.75,SD,8
ID_0435,Net-spinning caddisfly,Hydropsyche sp,-29.45,15.04,NA,NA,SD,3
ID_0435,Gammarid,Dikerogammarus villosus,-28.17,14.65,1.67,1.04,SD,NA
ID_0435,Bivalve,Corbicula fluminea,-29.6,14.48,NA,NA,NA,1
ID_0435,Midge,Chironomidae,-28.41,14.44,NA,NA,NA,1
ID_0435,Sponge,Ephydatia fluviatilis,-28.28,14.37,NA,NA,NA,1
ID_0435,Gammarid,Gammarus tigrinus,-29.52,14.33,1.81,3.23,SD,NA
ID_0435,Gastropod,Bythinia tentaculata,-27.83,14.24,NA,NA,NA,1
ID_0435,Shrimp,Chelicorophium curvispinum,-28.54,14.09,NA,NA,NA,1
ID_0435,Bivalve_Zebra mussel,Dreissena polymorpha,-29.51,13.78,NA,NA,NA,1
ID_0435,Hydroid,Cordylophora caspia,-28.79,13.61,NA,NA,NA,1
ID_0435,Bryozoan,Plumatella repens,-31.14,12.67,NA,NA,NA,1
ID_0435,Bryozoan,Plumatella fungosa,-28.75,9.08,NA,NA,NA,1
ID_0435,Particulate organic matter,NA,-24.27,10.25,0.23,0.21,SD,NA
ID_0435,Algae,Cladophora glomerata,-22.96,11.13,NA,NA,NA,1
ID_0435,Phytoplankton,NA,-32,10.56,NA,NA,NA,1
ID_0435,Silt,NA,-26.67,12.08,NA,NA,NA,2
ID_0435,Copepod,NA,-27.85,13.14,NA,NA,NA,1
ID_0436,Shrimp,Palaemon longirostris,-26.75,15.22,0.07,0.89,SD,3
ID_0436,Chinese mittencrab,Eriocheir sinensis,-27.03,14.55,0.89,0.49,SD,18
ID_0436,Crayfish,Orconectes limosus,-26.69,13.56,1.4,0.28,SD,4
ID_0436,Sponge,Porifera gemmula,-30.19,13.35,1.1,1.02,SD,6
ID_0436,Gastropod,Ancylus fluviatilis,-28.79,12.32,1.17,3.03,SD,5
ID_0436,Worm,Pomphorynchus sp,-27.67,11.6,NA,NA,NA,1
ID_0436,Gammarid large,Dikerogammarus villosus,-26.09,11.27,0.37,1,SD,5
ID_0436,Sponge,Porifera,-28.36,11.06,1.68,0.51,SD,6
ID_0436,Net-spinning caddisfly,Hydropsyche bulgaromanorum,-29.27,10.95,2.76,0.07,SD,NA
ID_0436,Gammarid adult,Dikerogammarus villosus,-26.33,10.93,0.49,0.97,SD,9
ID_0436,Isopod,Jaera istri,-26.68,10.88,0.48,0.83,SD,15
ID_0436,Shrimp,Chelicorophium curvispinum,-28.08,10.74,1.12,0.9,SD,18
ID_0436,Gammarid mean,Dikerogammarus villosus,-26.48,10.64,0.49,1.21,SD,33
ID_0436,Gammarid juveniles,Dikerogammarus villosus,-26.54,10.53,0.51,1.29,SD,22
ID_0436,Gammarid,Gammarus tigrinus,-26.63,10.48,0.43,0.65,SD,NA
ID_0436,Gammarid,Echinogammarus ischnus,-26.04,10.22,0.48,0.38,SD,3
ID_0436,Bivalve,Corbicula fluminea,-30.37,9.86,NA,NA,NA,1
ID_0436,Bivalve,Corbicula fluminea,-29.5,9.8,1.16,0.25,SD,NA
ID_0436,Midge,Chironomidae,-30.64,9.78,1.75,1.99,SD,6
ID_0436,Bivalve_mussel,Dreissena polymorpha,-28.81,9.68,1.73,0.78,SD,44
ID_0436,Bivalve,Anodonta anatina,-29.4,9.61,NA,NA,NA,1
ID_0436,Worm,Hypania invalida,-26.4,9.38,NA,NA,NA,1
ID_0436,Hydroid,Cordylophora caspia,-28.84,9.28,0.22,0.27,SD,NA
ID_0436,Bryozoan,NA,-26.7,9.03,2.14,0.3,SD,5
ID_0436,Detritus,NA,-27.12,1.86,NA,NA,NA,13
ID_0436,Moss,NA,-30.82,10.01,5.63,2.23,SD,6
ID_0436,Plant matter,NA,-22.77,9.22,2.86,1.1,SD,23
ID_0436,Green algae,NA,-16.23,9.22,NA,NA,NA,1
ID_0436,Macrophyte,Carex acuta,-28.54,7.7,NA,NA,NA,1
ID_0436,Macrophyte,Potentilla anserina,-28.8,5.78,NA,NA,NA,1
ID_0436,Algae,Cladophora glomerata,-21,5.57,NA,NA,NA,1
ID_0436,Macrophyte,Cinclidotus sp,-33.84,5.26,NA,NA,NA,1
ID_0436,Macrophyte,Equisetum arvense,-28.59,4.95,NA,NA,NA,1
ID_0436,Macrophyte,Lytrhum salicaria,-27.06,4.83,NA,NA,NA,1
ID_0436,Macrophyte,Festuca arundinacea,-30.02,4.62,NA,NA,NA,1
ID_0436,Terrestrial plant,Plantago major,-28.8,4.49,NA,NA,NA,1
ID_0436,Terrestrial plant,Rubus fruticosus,-28.88,4.02,NA,NA,NA,1
ID_0436,Terrestrial plant,Salix alba,-27.81,3.89,1.19,2.73,SD,7
ID_0436,Terrestrial plant,Rorippa sylvestris,-28.46,3.86,NA,NA,NA,1
ID_0436,Terrestrial plant,Eryngium campestre,-29.7,3.51,NA,NA,NA,1
ID_0436,Terrestrial plant,Taraxacum officinale,-29.43,2.6,NA,NA,NA,1
ID_0436,Terrestrial plant,Cirsium arvense,-29.56,2.55,NA,NA,NA,1
ID_0436,Terrestrial plant,Achillae millefolium,-29.43,2.18,NA,NA,NA,1
ID_0436,Terrestrial plant,Calamagrostis epigejos,-28.14,1.96,NA,NA,NA,1
ID_0437,Egrets,NA,-23.97,21.2,NA,1.2,SD,2
ID_0437,Zoobenthos,NA,-21.79,12.38,NA,0.9,SD,15
ID_0437,White shrimp,NA,-24.7,19.36,NA,0.2,SD,18
ID_0437,Phytoplankton,NA,-20.99,7.69,NA,0.8,SD,17
ID_0437,Sediment,NA,-22.5,9.51,NA,NA,NA,1
ID_0437,Zooplankton,NA,-20.49,11.36,NA,1.2,SD,17
ID_0438,Mussel,NA,-28.73,10.2,1.01,0.68,SD,54
ID_0438,Gastropod,NA,-22.29,12.96,0.78,0.57,SD,45
ID_0439,Bivalve_mussel,NA,-28.56,11.27,0.98,1.05,SD,52
ID_0439,Gastropod,NA,-21.49,14.16,0.91,0.83,SD,54
ID_0440,Mussel,NA,-25.75,12.69,2.18,1.3,SD,59
ID_0440,Gastropod,NA,-21.87,17.01,1.68,1.41,SD,56
ID_0441,Zooplankton,NA,-24.2,15.8,NA,NA,NA,1
ID_0442,Midge,Chironomidae,-19.67,2.58,0.31,0.25,SD,NA
ID_0442,Amphipod,NA,-16.2,2.08,0.99,0.17,SD,NA
ID_0442,Zooplankton,NA,-17.07,1.5,1.05,0.08,SD,NA
ID_0443,Shrimp,Palaemonetes argentinus,-24.39,7.31,0.21,0.27,SD,NA
ID_0443,Gastropod,Pomacea sp,-24.74,6.74,0.21,0.23,SD,NA
ID_0443,Emergent Macrophyte,Scirpus californicus,-26.96,5.88,1.28,0.15,SD,NA
ID_0443,Emergent Macrophyte,ZiZaniopsis bonariensis,-27.41,25.28,0.33,0.14,SD,NA
ID_0443,Emergent Macrophyte,Sagittaria montevidensis,-27.11,4.85,0.07,0.14,SD,NA
ID_0443,Submerged macrophyte,Egeria densa,-27.47,2.66,0.29,0.28,SD,NA
ID_0443,Submerged macrophyte,Cabomba caroliniana,-28.6,2.61,0.29,0.25,SD,NA
ID_0443,Submerged macrophyte,Ceratophyllum demersum,-28.36,2.09,0.14,0.18,SD,NA
ID_0443,Periphyton,NA,-24.7,5.23,0.19,0.11,SD,NA
ID_0443,Seston,NA,-24.59,3.48,0.25,0.22,SD,NA
ID_0443,Zooplankton,NA,-23.6,6.74,0.23,0.27,SD,NA
ID_0444,Aquatic worm,Oligochaeta,-21.05,7.82,0.33,0.15,SD,2
ID_0444,Bivalve,Bivalvia,-25.54,7.55,0.69,1.79,SD,3
ID_0444,Chironomid,Chironomidae,-25.69,6.54,5.11,2.28,SD,2
ID_0444,Mayfly,Ephemeroptera,-21.72,8.34,0.14,0.12,SD,2
ID_0444,Macrophyte,NA,-11.72,2.14,2.21,6.06,SD,5
ID_0444,Periphyton,NA,-12.5,3.25,4.61,1.56,SD,2
ID_0444,Poplar,NA,-29.64,-3.38,0.85,6.93,SD,2
ID_0444,Zooplankton,NA,-25.18,8.37,0.41,0.36,SD,3
ID_0445,Bivalve,Unionindae,-28.3,10.02,0.13,0.25,SD,2
ID_0445,Gastropod,NA,-25.69,5.49,2.4,0.98,SD,3
ID_0445,Sediment,NA,-22.25,4.89,0.9,1.25,SD,NA
ID_0445,Zooplankton,NA,-25.43,10.9,0.23,0.18,SD,2
ID_0446,Bivalve,Unionindae,-29.55,11.93,0.8,0.5,SD,2
ID_0446,Gastropod,NA,-24.93,7.3,0.09,0.13,SD,3
ID_0446,Sediment,NA,-19.42,5.72,0.9,1.01,SD,NA
ID_0446,Zooplankton,NA,-25.26,11.03,0,0,SD,2
ID_0447,Gastropod,NA,-21.19,6.3,0.3,0.23,SD,3
ID_0447,Sediment,NA,-21.02,5.4,2.32,0.2,SD,NA
ID_0447,Zooplankton,NA,-25.6,10.78,0,0,SD,2
ID_0449,Chironomid,Chironomidae,-28.02,12.92,7.85,3.8,SD,2
ID_0449,Water louse,Asellus sp,-20.37,13.66,1.55,0.65,SD,3
ID_0449,Periphyton,NA,-14.96,10.87,0.19,0.01,SD,2
ID_0449,Zooplankton,NA,-29.03,14.7,0.63,2.44,SD,3
ID_0449,Macrophyte,NA,-21.47,13.09,6.45,1.9,SD,3
ID_0449,Bivalve,Bivalvia,-29.37,15.12,0.74,0.36,SD,12
ID_0450,Water louse,Asellus sp,-20.22,6.09,0.76,0.29,SD,2
ID_0450,Chironomid,Chironomidae,-22.48,8.97,0.05,0.44,SD,2
ID_0450,Aquatic worm,Oligochaeta,-24.56,9.87,2.22,1.46,SD,4
ID_0450,Mayfly,Ephemeroptera,-22.3,8.55,0.27,0.31,SD,2
ID_0450,Macrophyte,NA,-22.48,6.75,7.83,1.31,SD,6
ID_0450,Periphyton,NA,-15.81,5.75,1.74,2.89,SD,3
ID_0450,Algae,NA,-15.92,6.41,0.42,0.34,SD,2
ID_0450,Poplar,NA,-30.33,-2.15,0.93,0.83,SD,3
ID_0450,Zooplankton,NA,-23.63,9.93,0.69,0.23,SD,3
ID_0450,Alderfly,Sialis sp,-21.71,10.01,0.38,0.35,SD,3
ID_0451,Aquatic worm,Oligochaeta,-21.05,7.64,NA,NA,SD,1
ID_0451,Bivalve,Bivalvia,-27.33,10.49,0.75,1.04,SD,5
ID_0451,Algae,NA,-13.02,6.39,NA,NA,SD,1
ID_0451,Chironomid,Chironomidae,-21.39,9.53,1.92,1.21,SD,4
ID_0451,Mayfly,Ephemeroptera,-21.57,7.07,0.4,0.03,SD,2
ID_0451,Macrophyte,NA,-16.07,9.93,0.76,0.42,SD,3
ID_0451,Periphyton,NA,-16.33,4.79,1.98,0.86,SD,2
ID_0451,Poplar,NA,-30.67,-1.13,0.46,1.69,SD,3
ID_0451,Zooplankton,NA,-30.15,11.13,0.81,0.22,SD,3
ID_0452,Bivalve,Bivalvia,-27.23,17.23,NA,NA,SD,1
ID_0452,Chironomid,Chironomidae,-24.27,15.67,2.15,0.76,SD,3
ID_0452,,,-22.5,15.46,0.18,0.27,SD,3
ID_0452,Macrophyte,NA,-27.42,17.85,0.83,2.62,SD,3
ID_0452,Periphyton,NA,-15.82,13.65,4.81,1.23,SD,2
ID_0452,Aquatic worm,Oligochaeta,-24.48,15.23,3.74,0.28,SD,2
ID_0452,Poplar,NA,-30.32,7.31,0.33,2.79,SD,3
ID_0452,Zooplankton,NA,-30.36,20,0.74,0.38,SD,3
ID_0453,Shrimp,Macrobrachium spp,-20.26,4.87,1.02,0.61,SD,6
ID_0453,Particulate organic matter,NA,-28.56,3.95,NA,NA,NA,1
ID_0453,Allochthonous terrigenous organic matter,NA,-29.31,-1.88,NA,NA,NA,1
ID_0453,Epilithic organic matter,NA,-19.76,0.39,1.51,0.79,SD,8
ID_0453,Sediment,NA,-27.04,1.94,0.22,0.62,SD,2
ID_0453,Zooplankton,Diaphanosoma dubium,-30.9,1.95,NA,NA,NA,1
ID_0453,Zooplankton,Daphnia cucullata,-31.01,1.81,NA,NA,NA,1
ID_0453,Zooplankton,Mangolodiaptomus birulai,-31.15,4.86,NA,NA,NA,1
ID_0453,Zooplankton,Cyclops spp,-29.99,5.36,NA,NA,NA,1
ID_0453,Zooplankton,NA,-30.76,5.91,NA,NA,NA,1
ID_0454,Littoral benthic Macroinvertebrate,NA,-31.1,1.6,1.6,1.3,SD,NA
ID_0454,Profundal benthic Macroinvertebrate,NA,-35.3,4,1,0.2,SD,NA
ID_0454,Zooplankton,NA,-35.2,-0.2,0.6,1.2,SD,NA
ID_0455,Aquatic insect,NA,-26.67,5.95,2.4,1.3,SD,24
ID_0455,Decapod,NA,-25.43,5.79,0.62,0.21,SD,5
ID_0455,Particulate organic matter,NA,-29.62,4.16,1.42,0.87,SD,16
ID_0455,Emergent plant,NA,-25.72,2.46,1.28,2.92,SD,15
ID_0455,Submerged plant,NA,-19.54,0.93,3.62,1.82,SD,25
ID_0455,Filamentous algae,NA,-23.2,1.63,1.52,0.43,SD,6
ID_0455,Predatory Zooplankton,NA,-29.66,9.89,0.08,0.03,SD,2
ID_0456,Bivalve,NA,-26.1,1.5,NA,NA,NA,1
ID_0456,Gastropod,NA,-21.5,2.5,1.5,0.2,SE,NA
ID_0456,Carnivorous macroinvertebrate,NA,-25,3.3,0.4,0.3,SE,NA
ID_0456,Herbivorous macroinvertebrate,NA,-26.7,2.2,0.4,NA,SE,NA
ID_0456,Shrimp,Palaemonetes argentinus,-22.4,3.2,NA,NA,NA,1
ID_0456,Aquatic plAnt,NA,-24.4,2.6,2.7,0.6,SE,NA
ID_0456,Zooplankton,NA,-28.5,2.1,NA,NA,NA,1
ID_0457,Bivalve,NA,-29,2,NA,NA,NA,1
ID_0457,Gastropod,NA,-25.7,2,0.5,0.3,SE,NA
ID_0457,Carnivorous macroinvertebrate,NA,-29.2,3.2,0.6,0.1,SE,NA
ID_0457,Herbivorous macroinvertebrate,NA,-27,2.4,0.5,0.1,SE,NA
ID_0457,Shrimp,NA,-25.8,2.9,NA,NA,NA,1
ID_0457,Aquatic plant,NA,-29.5,1.8,0.4,0.5,SE,NA
ID_0457,Zooplankton,NA,-30.2,2.3,NA,NA,NA,1
ID_0458,Bottom litter ,NA,-30.27,1.13,NA,NA,NA,8
ID_0458,Seston,NA,-31.64,3.22,NA,NA,NA,6
ID_0458,Superficial sediment,NA,-29.95,2.82,NA,NA,NA,10
ID_0459,Gastropod,Turbo fluctuosa,-27.55,8.63,1.95,0.63,SD,8
ID_0459,Gastropod,Cipangopaludina cahayensis,-27.96,10.28,1.87,1.24,SD,7
ID_0459,Shrimp,Macrobrachium nipponense,-22.69,9.86,1.53,1.73,SD,21
ID_0459,Shrimp,Exopalaemon modestus,-23.04,12.99,1.86,2.31,SD,19
ID_0459,Crayfish,Procambarus clarkii,-23.4,9.11,2.83,0.79,SD,15
ID_0459,Seston,NA,-20.57,8.18,4.91,1.3,SD,27
ID_0460,Opossum shrimp juvenile,Mysis diluviana,-29.8,2.3,0.1,0.1,SD,NA
ID_0460,Shrimp,Mysis diluviana,-30.1,4,0.1,0.1,SD,NA
ID_0460,Zooplankton,NA,-30.6,1.2,0.05,0.15,SD,11
ID_0461,Collector shredder,NA,-31.5,7.9,NA,NA,NA,1
ID_0461,Bivalve,NA,-32.8,8.5,NA,NA,NA,1
ID_0461,Primary-consumer-grazer piercer,NA,-25.2,4.4,NA,NA,NA,1
ID_0462,Collector shredder,NA,-26.1,7.4,0.77,0.72,SE,6
ID_0462,Bivalve,NA,-24.7,9.1,0.29,0.49,SE,11
ID_0463,Collector shredder,NA,-26.4,7.8,0.8,0.49,SE,5
ID_0463,Bivalve,NA,-27,9.2,0.34,0.52,SE,11
ID_0463,Primary-consumer-grazer piercer,NA,-27.3,7.7,1.58,0.7,SE,5
ID_0464,Collector shredder,NA,-30.1,5.8,0.92,0.31,SE,6
ID_0464,Bivalve,NA,-28.7,5.6,0.46,0.18,SE,7
ID_0464,Primary-consumer-grazer piercer,NA,-29.1,5.8,0.95,0.24,SE,6
ID_0465,Collector shredder,NA,-29.1,6.5,0.97,0.41,SE,10
ID_0465,Bivalve,NA,-26.3,4.9,2.78,0.71,SE,3
ID_0465,Primary-consumer-grazer piercer,NA,-27,6.6,1.04,0.71,SE,7
ID_0466,Collector shredder,NA,-30.3,5.7,1.31,0.77,SE,11
ID_0466,Bivalve,NA,-25.9,5.8,1.37,0.43,SE,7
ID_0466,Primary-consumer-grazer piercer,NA,-27,7.4,0.66,0.56,SE,9
ID_0469,Duck mussel,Anodonta anatina,-31.6,3.7,1.08,0.72,SD,3
ID_0469,Water hoglouse,Asellus aquaticus,-26.6,1.7,1.12,0.41,SD,5
ID_0469,Midge,Chironominae,-28.3,0.83,0.61,0.81,SD,3
ID_0469,Damselfly,Coenagrion sp,-29.25,4.5,1.48,1.13,SD,2
ID_0469,Leech,Erpobdella testacea,-28.3,3.5,NA,NA,NA,1
ID_0469,Limnephilus marmoratus,Limnephilus marmoratus,-28.3,4.3,NA,NA,NA,1
ID_0469,Giant casemaker caddisfly,Phryganea sp,-28.9,3.6,NA,NA,NA,1
ID_0469,Alder detritus,NA,-28.7,-0.7,NA,NA,NA,1
ID_0469,Macrophyte_Nymphaea,Nymphaea,-23.5,-2.2,NA,NA,NA,1
ID_0469,Periphyton,NA,-26.4,1.5,0.14,0.14,SD,2
ID_0469,Phytoplankton,NA,-36.3,1,NA,NA,NA,1
ID_0469,Macrophyte_Reed,NA,-25.7,0.1,NA,NA,NA,1
ID_0469,Plant Alder,Alder,-29.3,-0.2,NA,NA,NA,1
ID_0469,Birch,,-29,-0.5,NA,NA,NA,1
ID_0469,Zooplankton,NA,-30.42,4.63,2.39,2.05,SD,9
ID_0470,Caddisfly,Anabolia furcata,-28.8,1,NA,NA,NA,1
ID_0470,Water hoglouse,Asellus aquaticus,-27.3,0.6,0.9,0.52,SD,3
ID_0470,Midge,Chironominae,-31.55,1.5,0.07,0.28,SD,2
ID_0470,Dragonfly,Cordulia aenea,-29.5,1.7,NA,NA,NA,1
ID_0470,Limnephilus marmoratus,Limnephilus marmoratus,-29.9,2,NA,NA,NA,1
ID_0470,Damselfly,Platycnemis pennipes,-32.35,4.7,2.76,0.57,SD,2
ID_0470,Depressed river mussel,Pseudanodonta complanata,-33.67,2.27,0.46,0.21,SD,3
ID_0470,Gastropod,Stagnicola sp,-28.3,1.48,0.37,0.55,SD,4
ID_0470,Alder detritus,NA,-29.1,-1.4,NA,NA,NA,1
ID_0470,Macrophyte_Ceratophyllum,Ceratophyllum,-23.1,-5.25,3.68,0.49,SD,2
ID_0470,Macrophyte_Nymphaea,Nymphaea,-24,-3.4,NA,NA,NA,1
ID_0470,Periphyton,NA,-27.5,1.25,1.13,0.49,SD,2
ID_0470,Phytoplankton,NA,-32.3,1.85,3.39,3.75,SD,2
ID_0470,Macrophyte_Reed,NA,-26,0.3,NA,NA,NA,1
ID_0470,Alder,,-29.9,-1.1,NA,NA,NA,1
ID_0470,Birch,,-29.5,-1.3,NA,NA,NA,1
ID_0470,Zooplankton,NA,-33.71,4.38,2.83,1.77,SD,10
ID_0471,Profundal macroMacroinvertebrate,NA,-31,6.5,0.6,0.6,95%CI,NA
ID_0471,Littoral macroinvertebrate,NA,-19.3,3.1,1.8,0.7,95%CI,NA
ID_0471,Zooplankton,NA,-31,3.7,1,0.8,95%CI,NA
ID_0472,Annelid,NA,-32.57,5.24,10.98,0.79,SD,2
ID_0472,Apple sil,NA,-28.49,3.59,NA,NA,NA,1
ID_0472,Beetle,Coleoptera,-32.57,5.07,NA,NA,NA,1
ID_0472,Midge,Chironomidae,-27.13,7.18,4.99,0.96,SD,9
ID_0472,Bivalve_clam,NA,-27.71,6.23,2.76,0.83,SD,9
ID_0472,Bivalve_mussel,NA,-28.93,7.01,3.76,0.9,SD,19
ID_0472,Odonata,Odonata,-27.74,7.98,5.53,2.01,SD,5
ID_0472,Shrimp,NA,-27.24,10.22,4.81,1.22,SD,8
ID_0472,Gastropod,NA,-24.84,5.74,2.02,1.27,SD,9
ID_0472,Waterbug,NA,-26.02,12.23,NA,NA,NA,1
ID_0472,Worm,NA,-26.03,6.6,3.86,0.93,SD,4
ID_0472,Zoobenthos,NA,-26.18,5.11,1.73,0.63,SD,2
ID_0473,Water hoglouse,Asellus sp,-34.52,11.86,NA,NA,NA,1
ID_0473,Midge,Chironomidae,-37.12,8.26,6.39,6.68,SD,4
ID_0473,Dragonfly,Odonata,-37.04,14.13,0.39,0.44,SD,3
ID_0473,Water boatman,Corixidae,-37.94,12.34,0.79,2.15,SD,3
ID_0473,Leaf,NA,-30.71,2.72,NA,NA,NA,1
ID_0473,Leaf,NA,-30.48,2.55,NA,NA,NA,1
ID_0473,Leaf,NA,-30.63,0.79,NA,NA,NA,1
ID_0473,Phytoplankton,NA,-33.25,10.18,NA,NA,NA,1
ID_0473,Phytoplankton,NA,-30.16,10.44,NA,NA,NA,1
ID_0473,Phytoplankton,NA,-29.29,9.85,NA,NA,NA,1
ID_0473,Macrophyte,NA,-28.57,8,NA,NA,NA,1
ID_0473,Macrophyte,NA,-28.81,6.91,NA,NA,NA,1
ID_0473,Macrophyte,NA,-27.62,0.45,NA,NA,NA,1
ID_0473,Macrophyte,NA,-27.7,-0.97,NA,NA,NA,1
ID_0473,Copepod,NA,-47.46,13.71,0.11,0.12,NA,1
ID_0474,Water hoglouse,Asellus sp,-34.3,6.97,1.6,1.24,SD,3
ID_0474,Midge,Chironomidae,-36.92,6.16,1.25,1.34,SD,3
ID_0474,Water boatman,Corixidae,-37.65,8.11,0.96,0.49,SD,3
ID_0474,Detritus,NA,-30.72,3.65,NA,NA,NA,1
ID_0474,Detritus,NA,-29.86,3.33,NA,NA,NA,1
ID_0474,Detritus,NA,-29.75,2.93,NA,NA,NA,1
ID_0474,Leaf,NA,-30.7,-0.67,NA,NA,NA,1
ID_0474,Leaf,NA,-30.92,-0.67,NA,NA,NA,1
ID_0474,Leaf,NA,-30.27,0.21,NA,NA,NA,1
ID_0474,Phytoplankton,NA,-28.91,9.02,NA,NA,NA,1
ID_0474,Phytoplankton,NA,-28.26,7.9,NA,NA,NA,1
ID_0474,Phytoplankton,NA,-26.64,7.74,NA,NA,NA,1
ID_0474,Macrophyte,NA,-29.98,6.94,NA,NA,NA,1
ID_0474,Macrophyte,NA,-29.98,6.7,NA,NA,NA,1
ID_0474,Copepod,NA,-45.1,10.46,NA,NA,NA,1
ID_0475,Water hoglouse,Asellus sp,-36.41,4.27,NA,NA,NA,1
ID_0475,Midge,Chironomidae,-36.44,4.74,1.87,1.27,NA,3
ID_0475,Leaf,NA,-29.98,3.75,NA,NA,NA,1
ID_0475,Leaf,NA,-30.89,2.72,NA,NA,NA,1
ID_0475,Leaf,NA,-30.98,1.82,NA,NA,NA,1
ID_0475,Macrophyte,NA,-31.79,0.42,NA,NA,NA,1
ID_0475,Macrophyte,NA,-32.52,-0.03,NA,NA,NA,1
ID_0475,Macrophyte,NA,-32.25,-0.7,NA,NA,NA,1
ID_0475,Phytoplankton,NA,-45.92,9.39,NA,NA,NA,1
ID_0475,Phytoplankton,NA,-45.74,9.24,NA,NA,NA,1
ID_0475,Phytoplankton,NA,-45.74,8.95,NA,NA,NA,1
ID_0476,Water hoglouse,Asellus sp,-28.47,1.97,1.95,0.66,SD,4
ID_0476,Midge,Chironomidae,-24.14,1.11,2.05,1.17,SD,6
ID_0476,Macrophyte,NA,-30.63,1.75,NA,NA,NA,1
ID_0476,Macrophyte,NA,-30.34,1.41,NA,NA,NA,1
ID_0476,Macrophyte,NA,-31.32,1.07,NA,NA,NA,1
ID_0477,Gastropod,NA,-20.1,3.8,3.6,1,SD,20
ID_0477,Zooplankton,NA,-28.7,3.6,1.6,0.3,SD,10
ID_0478,Mysid,Mysis relicta,-31.1,5.8,0.6,0.2,SE,13
ID_0478,Stonefly,NA,-23.2,3,0.1,0.1,SE,7
ID_0478,Gastropod,NA,-21.6,1.7,0.6,0.1,SE,6
ID_0480,Gastropod,Bellamya spp,-18.3,7.7,1,0.7,SD,NA
ID_0480,Gastropod,Angulyagra polyzonata,-21,7.7,1.1,0.3,SD,NA
ID_0480,Gastropod,Radix sp,-16.5,5.7,1.3,0.4,SD,NA
ID_0480,Bivalve,Anodonta spp,-22.6,8.2,1,0.4,SD,NA
ID_0480,Shrimp,NA,-18.8,11.1,1.2,0.5,SD,NA
ID_0480,Dragonfly,NA,-20.4,8.9,1.4,0.4,SD,NA
ID_0480,Damselfly,Odonata,-19.7,8.8,1.5,0.4,SD,NA
ID_0480,Oligochaeta,NA,-22,7.6,0.7,0.6,SD,NA
ID_0480,Midge larvae,Chironomidae,-22.2,7.7,1.5,0.8,SD,NA
ID_0480,Particulate organic matter,NA,-24.1,NA,1.5,NA,SD,NA
ID_0480,Macrophyte,NA,-17.8,5.5,1.8,1.2,SD,NA
ID_0480,Periphyton,NA,-19.2,6.3,1.7,2.2,SD,NA
ID_0480,Phytoplankton,NA,-28.8,NA,5.3,NA,SD,NA
ID_0480,Copepod,NA,-24.1,8.3,2,1.4,SD,NA
ID_0480,Zooplankton,NA,-23.7,8.2,2,1.5,SD,NA
ID_0481,Gastropod,Bellamya spp,-25.3,13.7,0.5,0.4,SD,NA
ID_0481,Gastropod,Angulyagra polyZonata,-25.7,14.1,0.1,0.5,SD,NA
ID_0481,Gastropod,Radix sp,-18.9,13.7,1.5,2.1,SD,NA
ID_0481,Gastropod,Pomacea canaliculata,-25.7,11.9,0.9,0.6,SD,NA
ID_0481,Shrimp,NA,-23.7,17,0.6,0.9,SD,NA
ID_0481,Damselfly,Odonata,-27.3,13.8,0.1,1.2,SD,NA
ID_0481,Crabs,NA,-23.4,13.3,0.9,1.7,SD,NA
ID_0481,Oligochaeta,NA,-27.2,14.8,0.7,0.6,SD,NA
ID_0481,Midge larvae,Chironomidae,-27,14.4,0.5,1,SD,NA
ID_0481,Particulate organic matter,NA,-27.9,NA,1.1,NA,SD,NA
ID_0481,Periphyton,NA,-17.3,13.7,1.1,2.6,SD,NA
ID_0481,Phytoplankton,NA,-30.6,NA,5.4,NA,SD,NA
ID_0481,Copepod,NA,-26.6,14.9,1.3,1.4,SD,NA
ID_0481,Cladoceran,NA,-28.4,10.2,1,1.5,SD,NA
ID_0481,Total zooplankton,NA,-27.1,13.7,1.3,2.5,SD,NA
ID_0484,Aquatic macroinvertebrate,NA,-21.61,10.52,1.17,1.14,SD,8
ID_0484,Coarse particulate organic matter,NA,-21.7,6.25,1.88,1.08,SD,4
ID_0484,Plant material,NA,-15.86,9.5,3.34,0.59,SD,9
ID_0485,Aquatic macroinvertebrate,NA,-22.23,10.75,2.83,0.94,SD,16
ID_0485,Coarse particulate organic matter,NA,-25.81,6.42,2.37,3.24,SD,16
ID_0485,Plant material,NA,-19.22,8.08,5.43,3.44,SD,37
ID_0486,Gammarid,Dikerogammarus villosus,-26.1,9.3,0.2,0.4,SE,6
ID_0486,Shrimp,Palaemon antennarius,-26.7,12.7,0.2,0.2,SE,11
ID_0486,Crayfish,Procambarus clarkii,-23.1,13.7,0.5,0.2,SE,10
ID_0487,Phytoplankton,NA,-35.31,3.07,2.62,1.65,SD,30
ID_0487,Periphyton,NA,-26.76,5.23,2.97,2.6,SD,27
ID_0487,Riparian vegetation,NA,-29.56,1.94,1.31,1.59,SD,28
ID_0490,Mayfly,NA,-24.65,8.8,0.18,0.58,SD,6
ID_0490,Midge larvae,Chironomidae,-24.74,8.01,0.68,0.96,SD,6
ID_0490,Gammarid,NA,-22.57,7.08,0.26,1.23,SD,6
ID_0490,Particulate organic matter,NA,-25.44,5.62,0.07,0.37,SD,5
ID_0490,Periphytic algae,NA,-24.85,5.2,0.26,0.1,SD,5
ID_0490,Macrophyte,Potamogeton pusillus,-15.12,3.53,0.31,0.18,SD,5
ID_0490,Macrophyte,Myriophyllum spicatum,-8.98,5.26,0.61,0.63,SD,5
ID_0490,Zooplankton,NA,-24.66,7.27,0.19,0.53,SD,5
ID_0492,Coarse particulate organic matter,NA,-30.15,0.68,0.55,0.56,SD,NA
ID_0492,Algae,NA,-29.96,6.21,5.44,2.43,SD,NA
ID_0492,Benthic macroinvertebrate,NA,-27.28,5.9,1.63,1.7,SD,NA
ID_0492,Periphyton,NA,-27.16,4.6,1.93,0.85,SD,NA
ID_0493,Coarse particulate organic matter,NA,-30.08,4.13,0.62,2.46,SD,NA
ID_0493,Algae,NA,-30.1,4.52,2.83,1.56,SD,NA
ID_0493,Benthic macroinvertebrate,NA,-25.71,7.99,1.72,2.16,SD,NA
ID_0493,Periphyton,NA,-25.84,6.71,0.97,1.94,SD,NA
ID_0493,Sugar cane,NA,-13.11,4.46,0.25,0.75,SD,NA
ID_0494,Coarse particulate organic matter,NA,-30.17,2.19,0.46,1.03,SD,NA
ID_0494,Algae,NA,-32.76,6.32,5.81,1.98,SD,NA
ID_0494,Benthic macroinvertebrate,NA,-28.2,7.14,5.41,1.53,SD,NA
ID_0494,Periphyton,NA,-25.86,6.15,4.71,0.77,SD,NA
ID_0494,Grass,NA,-16.83,4.9,3.55,2.74,SD,NA
ID_0495,Freshwater_sponge,Ephydatia sp,-31.51,8.62,0.31,0.24,SD,3
ID_0495,Freshwater_sponge,Sterrastrolepis brasiliensis,-31.75,9.8,0.42,0.15,SD,3
ID_0495,Achaeta,Hirudinea sp,-21.3,10.01,1.04,0.63,SD,3
ID_0495,Gastropod,Doryssa millepunctata,-29.19,6.47,0.24,0.08,SD,3
ID_0495,Gastropod,Doryssa starkii,-30.81,7.05,0.21,0.25,SD,20
ID_0495,Decapod,Kinsleya cf. ytupora,-28.75,10.14,0.54,0.07,SD,6
ID_0495,Midge,Chironomidae,-27.42,7.77,0.41,0.14,SD,2
ID_0495,Diptera_species 1,Simulium sp,-30.2,6.2,0.63,0.25,SD,7
ID_0495,Diptera_species 2,Simulium sp,-29.58,6.02,0.07,0.04,SD,4
ID_0495,Mayfly,Leptophlebiidae sp,-28.27,6.13,0.16,0.08,SD,3
ID_0495,Hemiptera,Enicocephalidae sp,-27.2,10.52,0.07,0.13,SD,3
ID_0495,Hymenoptera,Formicideae sp,-27.51,5.37,0.73,0.49,SD,3
ID_0495,Lepidoptera,Petrophila sp,-24.04,7.78,2.44,1.02,SD,3
ID_0495,Megaloptera,Chauliodes sp,-28.99,7.49,2.34,0.22,SD,6
ID_0495,Dragonfly,Brechmorhogo sp,-26.91,6.87,1.02,0.37,SD,3
ID_0495,Plecoptera,Perlidae sp,-27.71,9.54,0.31,0.03,SD,2
ID_0495,Trichoptera,Macronema sp,-28.75,7.01,0.09,0.05,SD,3
ID_0495,Trichoptera,Smicridea sp,-25.9,7.68,0.15,0.1,SD,3
ID_0495,Trichoptera,Synoestropsis sp,-29.02,8.31,0.61,0.06,SD,9
ID_0495,Zooplankton,NA,-26.24,5.66,0.14,0.25,SD,3
ID_0496,Gammarid,Gammaridea,-26.86,6.8,0.4,0.1,SD,2
ID_0496,Gastropod,Radix sp,,,,,,
ID_0496,Common backswimmer,Notonectidae,-29.18,7.96,NA,NA,NA,1
ID_0496,Bivalve_clam,Sphaerium sp,-29.88,8.15,NA,NA,NA,1
ID_0496,Dragonfly,NA,-29.68,9.83,NA,NA,NA,1
ID_0496,Macrophyte,Potamogeton pectinatus,-10.48,3.41,NA,NA,NA,1
ID_0496,Frog,NA,-22.24,8.53,NA,NA,NA,1
ID_0496,Sediment,NA,-4.42,3.52,0.03,0.14,SD,2
ID_0497,Gammarid,Gammaridea,-17.78,5.12,2.82,0.16,SD,2
ID_0497,Gastropod,Radix sp,,,,,,
ID_0497,Common backswimmer,Notonectidae,-20.04,6.58,NA,NA,SD,1
ID_0497,Plant,Potamogeton pectinatus,-7.22,2.09,0.07,0.49,SD,3
ID_0497,Sediment,NA,-5.01,2.54,2.15,0.61,SD,3
ID_0498,Crab,Brachyura,-20.38,6.49,0.12,0.17,SD,19
ID_0498,Frog,Rana nigromaculate,-23.18,7.46,0.09,0.03,SD,3
ID_0499,Frog,Rana nigromaculate,-23.32,6.33,0.02,0.08,SD,2
ID_0500,Crab,Brachyura,-24.68,8.06,0.27,0.25,SD,8
ID_0500,Crayfish,Procambarus clarkii,-25.94,9.47,1.3,0.78,SD,30
ID_0500,Shrimp,Macrobrachium nipponense,-28.16,9.58,0.59,1.18,SD,50
ID_0501,Coarse particulate organic matter,NA,-30.22,2.13,1.25,3.78,SD,NA
ID_0501,Suspended matter,NA,-24.87,4.63,1.48,0.65,SD,NA
ID_0501,Fine particulate organic matter,NA,-23.57,6.88,1.43,0.53,SD,NA
ID_0501,Filamentous algae,NA,-27.78,8.63,2.16,0.69,SD,NA
ID_0501,Periphyton,NA,-23.61,6.27,2.07,1.13,SD,NA
ID_0501,Grass,NA,-14.33,-0.93,0.99,0.78,SD,NA
ID_0501,Riparian vegetation,NA,-30.94,0.5,1,2.33,SD,NA
ID_0502,Coarse particulate organic matter,NA,-28.82,1.91,1,1.89,SD,NA
ID_0502,Suspended matter,NA,-25.53,-1.56,1.51,3.06,SD,NA
ID_0502,Fine particulate organic matter,NA,-24.18,0.03,0.63,0.91,SD,NA
ID_0502,Filamentous algae,NA,-28.59,-6.17,1.01,1.19,SD,NA
ID_0502,Periphyton,NA,-24.74,-0.41,1.83,1.7,SD,NA
ID_0502,Macrophyte,NA,-29.83,-1.35,1.31,2.02,SD,NA
ID_0502,Grass,NA,-14.46,4.23,1.3,2.06,SD,NA
ID_0502,Riparian vegetation,NA,-29.26,4.92,1.74,2.76,SD,NA
ID_0503,Coarse particulate organic matter,NA,-28.4,9.84,1.35,2.53,SD,NA
ID_0503,Suspended matter,NA,-25.71,19.15,3.21,3.25,SD,NA
ID_0503,Fine particulate organic matter,NA,-23.82,18.42,2.04,2.18,SD,NA
ID_0503,Filamentous algae,NA,-17.88,24.2,5.42,2.67,SD,NA
ID_0503,Periphyton,NA,-22.73,25.74,1.47,2.75,SD,NA
ID_0503,Macrophyte,NA,-22.16,31.1,6.42,3.66,SD,NA
ID_0503,Grass,NA,-13.8,7.48,0.94,2.79,SD,NA
ID_0503,Riparian vegetation,NA,-29.99,4.37,2.09,3.3,SD,NA
ID_0504,Shrimp,Macrobrachium rosenbergii,-27.37,17.1,0.15,0.19,SD,NA
ID_0504,Chinese mittencrab,Eriocheir sinensis,-27.12,16,0.18,0.15,SD,NA
ID_0504,Freshwater mussel,NA,-29.14,10.21,0.14,0.12,SD,NA
ID_0504,Freshwater gastropod,NA,-23.45,10.7,0.42,0.28,SD,NA
ID_0504,Phytoplankton,NA,-33.92,13.08,0.15,1.34,SD,NA
ID_0504,Zooplankton,NA,-33.6,13.48,0.17,0.51,SD,NA
ID_0505,Mayfly,NA,-25.6,6.5,NA,NA,NA,1
ID_0505,Dragonfly,Odonata,-26.5,8.5,NA,NA,NA,1
ID_0505,Shrimp,Macrobrachium sp,-23.5,11.9,NA,NA,NA,1
ID_0505,Gastropod,NA,-24.4,8.8,NA,NA,NA,1
ID_0505,Water strider,Gerridae,-24,8.8,NA,NA,NA,1
ID_0505,Algae,NA,-20.3,5.2,NA,NA,NA,1
ID_0505,Biofilm-R,NA,-17.7,5.3,NA,NA,NA,1
ID_0505,Leaf,NA,-28.5,0.2,NA,NA,NA,1
ID_0506,Mayfly,NA,-25.6,5.5,NA,NA,NA,1
ID_0506,Predatory invertebrate,NA,-25.9,6.3,NA,NA,NA,1
ID_0506,Shrimp,Macrobrachium sp,-24,9.2,NA,NA,NA,1
ID_0506,Algae,NA,-21.5,3.8,0.3,0.1,SD,2
ID_0506,Biofilm-R,NA,-17.4,4,NA,NA,NA,1
ID_0506,Leaf,NA,-30,2.7,NA,NA,NA,1
ID_0507,Decapod,NA,-24.7,6.4,NA,NA,NA,1
ID_0507,Mayfly,NA,-24.5,6,NA,NA,NA,1
ID_0507,Net-spinning caddisfly,Hydropsychidae,-25.4,5.7,NA,NA,NA,1
ID_0507,Dragonfly,Odonata,-23.3,6,1,0.7,SD,2
ID_0507,Shrimp,Macrobrachium sp,-22.1,8.9,NA,NA,NA,1
ID_0507,Gastropod,NA,-25,6.9,0.7,0.7,SD,2
ID_0507,Water strider,Gerridae,-25.7,7.1,0.9,0.1,SD,2
ID_0507,Algae,NA,-19.4,4.1,NA,NA,NA,1
ID_0507,Biofilm-R,NA,-23,4.1,1.5,0.2,SD,2
ID_0507,Leaf,NA,-29.4,2.5,NA,NA,NA,1
ID_0508,Mayfly,NA,-27.4,7.2,NA,NA,NA,1
ID_0508,Plecoptera,NA,-27.9,9.1,NA,NA,NA,1
ID_0508,Predatory invertebrate,NA,-27.6,9.6,NA,NA,NA,1
ID_0508,Shrimp,Macrobrachium sp,-26.6,12.2,NA,NA,NA,1
ID_0508,Gastropod,NA,-25.2,10,NA,NA,NA,1
ID_0508,Biofilm-L,NA,-19.7,6.1,NA,NA,NA,1
ID_0508,Biofilm-R,NA,-12.2,6.7,NA,NA,NA,1
ID_0508,Leaf,NA,-30.5,1.3,NA,NA,NA,1
ID_0509,Mayfly,NA,-26.4,2.2,NA,NA,NA,1
ID_0509,Net-spinning caddisfly,Hydropsychidae,-24.9,3.5,NA,NA,NA,1
ID_0509,Plecoptera,NA,-25.3,4.8,NA,NA,NA,1
ID_0509,Predatory invertebrate,NA,-26.1,5.3,NA,NA,NA,1
ID_0509,Shrimp,Macrobrachium sp,-24.5,7.3,NA,NA,NA,1
ID_0509,Algae,NA,-23.3,1.6,NA,NA,NA,1
ID_0509,Biofilm-L,NA,-23,4.2,NA,NA,NA,1
ID_0509,Biofilm-R,NA,-21,2.6,NA,NA,NA,1
ID_0509,Leaf,NA,-30.2,2.1,NA,NA,NA,1
ID_0510,Mayfly,NA,-22.3,5.3,NA,NA,NA,1
ID_0510,Predatory invertebrate,NA,-21.4,6.8,NA,NA,NA,1
ID_0510,Shrimp,Macrobrachium sp,-21.3,10.5,NA,NA,NA,1
ID_0510,Gastropod,NA,-23.9,7.3,NA,NA,NA,1
ID_0510,Algae,NA,-20,6.3,NA,NA,NA,1
ID_0510,Biofilm-L,NA,-21.4,5.1,NA,NA,NA,1
ID_0510,Biofilm-R,NA,-18,6.3,NA,NA,NA,1
ID_0510,Leaf,NA,-29.4,2.2,NA,NA,NA,1
ID_0511,Predatory invertebrate,NA,-26.6,6,NA,NA,NA,1
ID_0511,Shrimp,Macrobrachium sp,-25.7,8.8,NA,NA,NA,1
ID_0511,Algae,NA,-16.4,5.9,NA,NA,NA,1
ID_0511,Biofilm-L,NA,-23.6,4.1,NA,NA,NA,1
ID_0511,Biofilm-R,NA,-25.5,5,NA,NA,NA,1
ID_0511,Leaf,NA,-30.5,4.1,NA,NA,NA,1
ID_0512,Giant water bugs,Belostomatidae,-24.7,9.4,1.6,0.7,SD,4
ID_0512,Midge,Chironomidae,-25.9,6.6,0.6,0.6,SD,2
ID_0512,Water boatman,Corixidae,-26.7,7.5,2.8,1.7,SD,4
ID_0512,Leech,Hirunidae,-27.5,10.9,0.8,0.9,SD,3
ID_0512,Common backswimmer,Notonectida,-27.5,9.9,0.4,0.1,SD,4
ID_0512,Detritus,NA,-29.1,6.6,0.7,1.7,SD,4
ID_0512,Australian saltbush,Atriplex semibaccata,-27.4,9.5,0.9,0.2,SD,3
ID_0512,Bermuda grass,Cynodon dactylon,-12.6,5.8,1.3,1.5,SD,4
ID_0512,Cape silver willow,Salix mucronata,-27.8,6.6,0.9,1.2,SD,4
ID_0512,Phytoplankton,NA,-29.6,5.4,2.1,0.6,SD,4
ID_0512,Zooplankton,NA,-25.8,8.3,1.2,0.8,SD,4
ID_0513,Giant water bugs,Belostomatidae,-25.3,10.1,1.1,2.3,SD,2
ID_0513,Water boatman,Corixidae,-26.5,7.6,0.5,1.9,SD,4
ID_0513,Detritus,NA,-18.1,10.2,5.8,4.5,SD,3
ID_0513,Flowering plant,Asteraceae,-16.4,15.2,6.1,2.9,SD,4
ID_0513,Bermuda grass,Cynodon dactylon,-12.9,10.9,0.7,3.2,SD,4
ID_0513,Common wild fig,Ficus burkei,-29.2,12.5,0.7,1.8,SD,4
ID_0513,Phytoplankton,NA,-25.9,8.1,1.3,1.2,SD,4
ID_0513,Zooplankton,NA,-25.3,8.3,0.4,1.2,SD,4
ID_0514,Mayfly,Baetidae,-26.7,8.2,1.8,0.9,SD,4
ID_0514,Giant water bugs,Belostomatidae,-24.1,9.8,0.4,0.5,SD,4
ID_0514,Midge,Chironomidae,-29.8,10.3,0.1,0.4,SD,2
ID_0514,Water boatman,Corixidae,-21.9,8.9,1.2,0.1,SD,4
ID_0514,Gastropod,Physidae,-23.5,8.7,5.9,1.7,SD,3
ID_0514,Detritus,NA,-24.9,6.1,1.7,1.2,SD,4
ID_0514,Windmill grass,Chloris sp,-12.4,12.3,0.3,1.6,SD,4
ID_0514,Common wild fig,Ficus burkei,-28.6,8.6,0.9,0.3,SD,4
ID_0514,Zooplankton,NA,-25.7,8.8,0.7,1.2,SD,4
ID_0515,Water boatman,Corixidae,-23.8,6.9,0.9,0.6,SD,4
ID_0515,Common backswimmer,Notonectida,-23.9,9.4,2.8,0.9,SD,2
ID_0515,Detritus,NA,-22.8,4.8,5.5,1.6,SD,4
ID_0515,Flowering plant,Asteraceae,-13.8,9.7,0.7,2.7,SD,4
ID_0515,Common wild fig,Ficus burkei,-29,8.4,0.7,0.7,SD,4
ID_0515,Phytoplankton,NA,-24.5,5.9,1.7,1.2,SD,4
ID_0515,Zooplankton,NA,-24.7,6.4,1,0.9,SD,4
ID_0516,Diptera,NA,-27.27,7.86,1.79,1.95,SD,6
ID_0516,Heteroptera,NA,-28.73,12.44,1.94,1.01,SD,6
ID_0516,Shrimp,Palaemon serratus,-29.5,9.39,1.3,0.74,SD,3
ID_0516,Crayfish all sizes,Procambarus clarkii,-28.17,8.05,0.52,0.69,SD,6
ID_0516,Detritus,NA,-20.26,6.54,2.66,1.16,SD,9
ID_0516,Periphyton,NA,-19.3,3.4,0.23,0.53,SD,8
ID_0516,Phytoplankton,NA,-29.07,5.85,3.29,1.19,SD,9
ID_0516,Helophyte,Typha sp,-27.54,7.38,0.37,1.05,SD,9
ID_0516,Copepod,NA,-32.2,5.73,1.21,0.64,SD,9
ID_0516,Cladoceran,NA,-31.13,5.9,2.53,0.1,SD,6
ID_0516,Zooplankton,NA,-29.56,5.78,4.1,0.55,SD,22
ID_0517,Diptera,NA,-23.7,9.8,0.4,0.4,SD,4
ID_0517,Heteroptera,NA,-28.7,10.2,1.9,1.5,SD,9
ID_0517,Shrimp,Palaemon serratus,-23.4,14.4,0.4,0.5,SD,3
ID_0517,Crayfish <7cm,Procambarus clarkii,-23.65,15.5,1.05,1.55,SD,9
ID_0517,Detritus,NA,-13.4,9.4,0.4,1.2,SD,9
ID_0517,Phytoplankton,NA,-27,13.4,2.9,5.1,SD,9
ID_0517,Periphyton,NA,-23.5,8.4,2.2,3.2,SD,9
ID_0517,Helophyte,Typha sp,,,,,,
ID_0517,Macrophyte,Cynodon dactylon,-14.4,16,0.2,1.2,SD,3
ID_0517,Copepod,NA,-29.9,12.1,1.7,1.1,SD,9
ID_0517,Cladoceran,NA,-29.7,NA,1.9,NA,SD,6
ID_0517,Zooplankton,NA,-29.8,12.1,1.7,0,SD,15
ID_0518,Diptera,NA,-28.74,12.62,2.85,1.47,SD,9
ID_0518,Heteroptera,NA,-28.73,10.18,1.79,1.37,SD,9
ID_0518,Coleoptera,NA,-26.95,9.84,1.79,1.16,SD,7
ID_0518,Crayfish all sizes,Procambarus clarkii,-23.08,13.2,1.21,0.46,SD,3
ID_0518,Detritus,NA,-26.27,6.61,0.7,1.42,SD,9
ID_0518,Phytoplankton,NA,-30.44,11.76,3.14,1.01,SD,9
ID_0518,Periphyton,NA,-25.27,13,1.98,1.35,SD,9
ID_0518,Helophyte,Typha sp,,,,,,
ID_0518,Macrophyte,Cynodon dactylon,-16.22,12.6,5.2,0.49,SD,6
ID_0518,Cladoceran,NA,-33.92,11.73,1.46,2.5,SD,8
ID_0518,Copepod,NA,-28.69,13.94,2.34,1.01,SD,8
ID_0518,Zooplankton,NA,-31.31,12.83,3.29,2.17,SD,16
ID_0519,Eurasian teal,Anas crecca,-26.14,7.6,2.71,0.23,SD,2
ID_0519,Eurasian coot,Fulica atra,-21.52,8.1,2.86,3.5,SD,2
ID_0519,Pygmy cormorant,Microcarbo pygmaeus,-23.48,10.02,1.53,0.38,SD,2
ID_0519,Little grebe,Tachybaptus ruficollis,-21.69,8.84,3.91,0.29,SD,3
ID_0519,Shrimp,Macrobrachium nipponens,-24.74,9.57,1.34,1.27,SD,16
ID_0519,Coleoptera,NA,-25.57,6.82,0.22,1.75,SD,3
ID_0519,Gastropod,Physa sp,,,,,,
ID_0519,Otter,Lutra lutra,-24.56,10.95,0.63,0.9,SD,5
ID_0519,Dice snake,Natrix tessellate,-24.83,0.66,0.17,1.22,SD,3
ID_0519,Marsh frog,Pelophylax ridibundus,-23.2,8.05,2.16,1.03,SD,3
ID_0520,Gastropod,Nerita sp,-15.4,6.4,0.9,1.2,SD,2
ID_0520,Gastropod,Bembicium auratum,-13.9,6,0.3,0.3,SD,10
ID_0520,Bivalve,Corbula truncata,-22.4,4.5,0.3,0,SD,7
ID_0520,Bivalve,Trichomya hirsuta,-20.4,4.6,1,0.7,SD,10
ID_0520,Bivalve,Ostrea angasi,-19.1,7,0.2,0.2,SD,7
ID_0520,Bivalve,Anadara trapezia,-19.3,6.9,0.3,0.4,SD,3
ID_0520,Bivalve,Saccostrea glomerata,-21.2,6.6,1.3,0.5,SD,18
ID_0520,Amphipod,NA,-17.5,7.2,1,0.2,SD,NA
ID_0520,NA,Achidae,-22.3,4,1.8,0.3,SD,7
ID_0520,Crab,Helograpsus haswellianus,-16.3,6.6,0.9,0.8,SD,11
ID_0520,Polychaete,NA,-18.6,6.9,3.3,1.2,SD,23
ID_0520,Bivalve,Paphia undulata,-23,5,0.4,0.2,SD,2
ID_0520,Gastropod,Batillaria australis,-15,4.8,0.7,0.2,SD,10
ID_0520,Bivalve,Soletellina alba,-19,4.7,0.2,0.3,SD,10
ID_0520,Shrimp,Trypaea australiensis,-17.3,7.3,0.7,0.1,SD,6
ID_0520,Detritus,NA,-16,3.4,NA,NA,NA,1
ID_0520,Suspended organic matter,NA,-23.2,0.6,NA,NA,NA,1
ID_0520,Periphyton,NA,-23.1,1.1,NA,NA,NA,1
ID_0520,Epiphyte,NA,-14.9,4.7,3.2,0.8,SD,6
ID_0520,Macrophyte,Sargassum sp,-16.6,5.1,1.8,0.9,SD,12
ID_0520,Macrophyte,Halophila sp,-13.8,1.9,0.1,0,SD,15
ID_0520,Leaf,Avicennia marina,-27.1,4.7,0.1,5,SD,10
ID_0520,Macrophyte,Zostera capricornii,-10,3.7,10,1.3,SD,12
ID_0520,Phytoplankton,NA,-22.6,4.8,0.7,0.3,SD,NA
ID_0521,Gastropod,Bellamya quadrata,-22.71,3,0.97,0.3,SD,5
ID_0521,Bivalve,Limnoperna lacustris,-23.93,4.43,0.18,0.08,SD,3
ID_0521,Crab,Sinopotamon chishuiense,-23.09,7.15,0.34,0.69,SD,3
ID_0521,Shrimp,Macrobranchium nipponense,-22.94,4.12,0.18,0.04,SD,3
ID_0521,Dragonfly,Gomphidae,-22.18,5.26,0.71,0.68,SD,2
ID_0521,Coleoptera_Cybister larvae,NA,-25.12,4.07,0.24,0.69,SD,3
ID_0521,Particulate organic matter,NA,-25.83,2.42,0.34,0.32,SD,4
ID_0521,Suspended organic matter,NA,-27.14,1.75,0.04,0.44,SD,3
ID_0521,Bamboo leaf,NA,-27.62,5.15,0.51,0.68,SD,3
ID_0521,Canadian horseweed,Conyza canadensis,-31.25,1.43,0.44,0.41,SD,3
ID_0521,Alligator weed,Alternanthera philoxeroides,-32.14,3.26,0.73,0.86,SD,3
ID_0521,Waterpepper,Polygonum hydropiper,-30.15,4.71,0.38,1.23,SD,3
ID_0521,Filamentous green algae,NA,-23.55,1.03,0.3,0.4,SD,3
ID_0521,Macrophyte,Chara sp,-21.54,0.97,0.31,0.3,SD,3
ID_0521,Phytoplankton,NA,-25.78,6.36,0.15,0.24,SD,3
ID_0521,Zooplankton,NA,-25.66,5.74,0.35,0.79,SD,3
ID_0524,Polychaete_sp1,Diopatra neapolitana,-25.5,11.3,0.1,0.8,SD,3
ID_0524,Polychaete_sp2,Nephthys polybranchia,-26.8,8.7,NA,NA,NA,2
ID_0524,Gastropod_sp1,Onchidiidae sp,-17.7,6.2,NA,NA,NA,2
ID_0524,Gastropod_sp2,Cassidula aurisfelis,-22.8,5.6,1.1,0,SD,3
ID_0524,Gastropod_sp3,Dostia violecea,-19.2,7.3,1.5,3.5,SD,11
ID_0524,Gastropod_sp4,Littoraria melanostoma,-22.1,4.1,0.6,2.8,SD,10
ID_0524,Gastropod_sp5,Terebralia sulcata,-19.6,9.3,2.5,0.9,SD,18
ID_0524,Gastropod_sp6,Nassarius olivaceus,-20.6,8.3,NA,NA,NA,2
ID_0524,Gastropod_sp7,Cerithidea ornata,-22.4,6.8,0.7,1.3,SD,5
ID_0524,Bivalve_sp1,Ensis magnus,-21.8,7.5,0.2,0.8,SD,6
ID_0524,Bivalve_sp2,Glauconome virens,-21.3,9.2,0.5,0.5,SD,11
ID_0524,Bivalve_sp3,Laternula truncata,-24.6,5.7,0.7,0.8,SD,3
ID_0524,Bivalve_sp4,Geloina coaxans,-24.3,7.1,0.3,0.3,SD,4
ID_0524,Crab_sp1,Metopograpsus messor,-22.7,5,0.9,1,SD,6
ID_0524,Crab_sp2,Sesarma dehaani,-22.6,7.8,0.8,0.9,SD,3
ID_0524,Crab_sp3,Episesarma versicolor,-23.8,8.7,NA,NA,NA,1
ID_0524,Crab_sp4,Metaplax elegans,-16.7,3.3,1.3,0.7,SD,6
ID_0524,Crab_sp5,Metaplax longipes,-18.5,9.9,1.1,0.3,SD,11
ID_0524,Crab_sp6,Ebalia malefactrix,-17.6,9.3,1.1,0.6,SD,6
ID_0524,Crab_sp7,Uca urvillei,-17.1,8,0.5,0.6,SD,3
ID_0524,Crab_sp8,Uca flammula,-16.3,9,NA,NA,NA,1
ID_0524,Crab_sp9,Uca borealis,-15.7,8.9,NA,NA,NA,2
ID_0524,Crab_sp10,Uca acuta,-14.5,9,NA,NA,NA,2
ID_0524,Crab_sp11,Uca arcuata,-19,8.8,0.9,0.5,SD,7
ID_0524,Crab_sp12,Scylla serrata,-19.4,10,1.8,0.5,SD,17
ID_0524,Crab_sp13,Charybdis helleri,-17.6,10.6,1,0.6,SD,6
ID_0524,Shrimp_sp1,Macrobrachium rosenbergii,-19.5,10.9,1.2,0.3,SD,8
ID_0524,Shrimp_sp2,Metapenaeus joyneri,-19.8,11,0.3,0.3,SD,6
ID_0524,Shrimp_sp3,Penaeus merguensis,-19,11.1,1.2,0.6,SD,11
ID_0524,Shrimp_sp4,Penaeus monodon,-17.9,10.4,0.6,0.3,SD,5
ID_0524,Creek particulate organic matter,NA,-23.9,2.5,0.8,0.9,SD,24
ID_0524,Mangrove leaf_sp1,Kandelia obovata,-27.2,1.6,0.9,0.9,SD,9
ID_0524,Mangrove leaf_sp2,Aegiceras corniculatum,-27.3,0.7,0.6,0.6,SD,9
ID_0524,Mangrove leaf_sp3,Sonneratia caseolaris,-29.9,2.4,0.5,0.2,SD,8
ID_0524,Marine phytoplankton,NA,-21.2,3.6,0.5,0.3,SD,3
ID_0524,Benthic microalgae,NA,-20.2,2.3,0.6,0.6,SD,5
ID_0524,Mangrove sediment,NA,-25.9,4.3,1.4,0.4,SD,12
ID_0524,Creek bank sediment,NA,-24.1,3.9,1.2,0.9,SD,5
ID_0524,Bottom creek sediment,NA,-24,3.3,0.9,1.1,SD,5
ID_0524,Tidal flat sediment,NA,-24.2,3.4,1,1.2,SD,13
ID_0525,Coleoptera,NA,-26.21,5.54,0.94,2.56,SD,2
ID_0525,Decapod,NA,-27.91,6.48,1.56,1.38,SD,5
ID_0525,Mayfly,NA,-31.56,3.77,0.99,1.62,SD,3
ID_0525,Gastropod,NA,-25.31,3.48,3.55,2.05,SD,3
ID_0525,Odonata,NA,-28.44,5.45,1.73,1.47,SD,8
ID_0525,Particulate organic matter,NA,-28.77,2.18,1.04,2.59,SD,10
ID_0525,Leaf litter,NA,-26.26,1.01,3.88,1.01,SD,3
ID_0525,Periphyton,NA,-23.75,1.5,4.79,1.86,SD,9
ID_0525,Macrophyte C3,NA,-29.67,1.47,0.86,0.89,SD,4
ID_0525,Macrophyte C4,NA,-12.28,2.15,NA,NA,NA,1
ID_0525,Terrestrial plant,NA,-30.66,2.66,0.33,0.8,SD,2
ID_0526,Coleoptera,NA,-28.73,3.5,0.31,0.69,SD,2
ID_0526,Decapod,Nassarius olivaceus,-28.3,6.92,2.52,1.05,SD,8
ID_0526,Mayfly,NA,-32.75,3.65,0.92,1.86,SD,4
ID_0526,Gastropod,NA,-26.61,3.34,4.54,1.08,SD,3
ID_0526,Odonata,NA,-28.83,5.08,1.59,0.9,SD,7
ID_0526,Particulate organic matter,NA,-27.71,3.18,2.83,2.2,SD,15
ID_0526,Leaf litter,NA,-28.85,5.84,NA,NA,NA,1
ID_0526,Periphyton,NA,-27.36,3.03,3.89,0.61,SD,15
ID_0526,Macrophyte C3,NA,-29.85,3.57,0.87,1.54,SD,4
ID_0526,Terrestrial plant,NA,-28.14,4,0.37,0.89,SD,2
ID_0527,Coleoptera,NA,-32.59,5.02,3.29,1.77,SD,7
ID_0527,Decapod,NA,-32.94,7.1,1.85,2.07,SD,18
ID_0527,Mayfly,NA,-43.69,3.55,0.93,0.39,SD,4
ID_0527,Gastropod,NA,-31.67,3.08,3.57,1.22,SD,6
ID_0527,Odonata,NA,-32.45,4.67,1.73,1.39,SD,11
ID_0527,Particulate organic matter,NA,-31.04,2.89,2.54,2.29,SD,9
ID_0527,Leaf litter,NA,-29.51,3.3,NA,NA,NA,1
ID_0527,Periphyton,NA,-30.86,4.07,2.66,0.8,SD,24
ID_0527,Macrophyte C3,NA,-30.82,3.07,2.74,1.1,SD,16
ID_0527,Macrophyte C4,NA,-13.24,1.95,0.73,1.78,SD,4
ID_0527,Terrestrial plant,NA,-30.11,1.83,1.74,1.37,SD,13
ID_0529,Riparian trees,NA,-29.7,1.3,0.8,1.1,SE,2
ID_0529,Epilithic periphyton,NA,-14.8,6.5,0.4,0.3,SE,5
ID_0530,Riparian trees,NA,-30.1,1.3,2.1,NA,NA,2
ID_0530,Epilithic periphyton,NA,-25.6,6.5,2.2,0.4,SE,5
ID_0531,Riparian trees,NA,-30.4,-0.4,0,0.9,SE,2
ID_0531,Epilithic periphyton,NA,-18.7,2.5,1.4,0.6,SE,5
ID_0535,Riparian trees,NA,-30.9,0.4,1.1,0.5,SE,2
ID_0536,Riparian trees,NA,-31.7,2,0.4,0.1,SE,2
ID_0536,Epilithic periphyton,NA,-16.9,4.5,0.7,0.2,SE,5
ID_0537,Riparian trees,NA,-30.1,2.2,2,1.9,SE,2
ID_0538,Riparian trees,NA,-29,1.5,0.6,0.4,SE,4
ID_0539,Riparian trees,NA,-29.9,0.8,1.1,1.2,SE,2
ID_0539,Epilithic periphyton,NA,-18,5.3,0.6,0.4,SE,5
ID_0541,Riparian trees,NA,-30.4,-1.8,1.5,0.6,SE,2
ID_0541,Epilithic periphyton,NA,-20.4,3.8,0.6,0.4,SE,5
ID_0544,Dragonfly,Odonata,-25.52,25.37,1.65,1.47,SD,NA
ID_0544,Crayfish,NA,-22.55,24.12,0.46,2.5,SD,NA
ID_0544,Bivalve_mussel,Dreissena sp,-26.15,17.46,NA,NA,NA,1
ID_0544,Macrophyte,NA,-10.7,17,2.15,0.43,SD,NA
ID_0544,Zooplankton,NA,-28.68,20.28,1.23,1.02,SD,NA
ID_0545,Bird-seagull-cormorant,NA,-23.76,11.75,1.48,2.32,SD,NA
ID_0545,Bivalve_mussel,Dreissena sp,-29.82,8.11,NA,NA,NA,NA
ID_0545,Vole,NA,-23.41,4,NA,NA,NA,NA
ID_0545,Frog,NA,-25.61,13,NA,NA,NA,NA
ID_0545,Zooplankton,NA,-30.62,9.67,0.29,0.65,SD,NA
ID_0546,Gastropod,NA,-20.1,3.8,3.6,1,SD,20
ID_0546,Zooplankton,NA,-28.7,3.6,1.6,0.3,SD,10
ID_0547,Mayfly,Heptageniidae,-19.45,1.57,0.8,1.81,SD,2
ID_0547,Blackfly,Simuliidae,-23.66,1.2,NA,NA,NA,1
ID_0547,Mayfly,Baetidae,-21.26,0.83,2.86,0.42,SD,3
ID_0547,Net-spinning caddisfly,Hydropsychidae,-19.04,2.43,1.34,0.31,SD,3
ID_0547,Cranefly,Tipulidae,-17.93,2.79,NA,NA,NA,1
ID_0547,Riflle Beetle,Elmidae,-17.97,0.83,0.77,0.75,SD,3
ID_0547,Riffle beetle adult,Elmidae,-19.36,-0.31,0.55,0.05,SD,3
ID_0547,Midge,Chironomidae,-17.89,0.7,0.61,0.47,SD,3
ID_0547,Stonefly,Perlidae,-18.84,2.1,0.67,0.01,SD,2
ID_0547,Mayfly,Ameletidae,-18.67,0.7,NA,NA,NA,1
ID_0547,Fly,Ceratopogonidae,-16.16,2.42,NA,NA,NA,1
ID_0547,Cranefly,Tipulidae,-17.95,3.22,0.04,0.29,SD,2
ID_0547,Stonefly,Perlodidae,-19.68,2.63,0.01,0.31,SD,2
ID_0547,Water beetle,Dytiscidae,-18.45,1.36,NA,NA,NA,1
ID_0547,Fly,Ceratopogonidae,-18.12,3,NA,NA,NA,1
ID_0547,Fine biological organic matter,NA,-21.94,1.88,1.14,0.45,SD,6
ID_0547,Biofilm,NA,-26.37,1.86,1.51,0.41,SD,11
ID_0547,Seston,NA,-23.08,2.45,0.79,1.18,SD,4
ID_0547,Plant C4,NA,-18.4,-0.45,0.17,0.1,SD,2
ID_0547,Plant C3,NA,-27.35,1.53,1.55,0.21,SD,2
ID_0548,Net-spinning caddisfly,Hydropsychidae,-24.72,2.24,1.36,0.5,SD,5
ID_0548,Trichoptera,Brachycentridae,-25.58,2.17,2.34,0.63,SD,4
ID_0548,Cranefly,Tipulidae,-23.63,3.36,1.03,1.47,SD,3
ID_0548,Midge,Chironomidae,-24.16,2.59,1.45,0.32,SD,4
ID_0548,Stonefly,Perlidae,-24.73,3.93,1.3,0.43,SD,8
ID_0548,Mayfly,Heptageniidae,-25.5,1.74,0.95,0.44,SD,4
ID_0548,Gastropod,Physidae,-24.5,1.59,NA,NA,NA,1
ID_0548,Dragonfly,Gomphidae,-25.67,4.59,2.15,0.15,SD,5
ID_0548,Blackfly,Simuliidae,-24.4,3.88,0.06,0.14,SD,2
ID_0548,Mayfly,Baetidae,-26.69,1.92,0.4,0.51,SD,3
ID_0548,Mayfly,Ephemeridae,-26.65,2.53,0.13,0.25,SD,2
ID_0548,Gammarid,Gammarus sp,-23.4,1.34,NA,NA,NA,1
ID_0548,Riflle Beetle,Elmidae,-22.59,0.37,0.31,0.15,SD,3
ID_0548,Riffle beetle adult,Elmidae,-24.52,1.35,0.68,1.06,SD,4
ID_0548,Crayfish,Orconectes sp,-21.94,2.63,NA,NA,NA,1
ID_0548,Mayfly,Leptohyphidae,-21.74,1.26,0.96,0.33,SD,3
ID_0548,Stonefly,Pteronarcidae,-28.29,1.36,0.1,0.24,SD,2
ID_0548,Fine biological organic matter,NA,-24.13,1.71,1.26,0.57,SD,8
ID_0548,Seston,NA,-23.83,2.12,1.87,0.38,SD,3
ID_0548,Biofilm,NA,-26.92,2.11,1.01,0.62,SD,11
ID_0548,Plant C4,NA,-20.84,0.35,0.35,0.09,SD,2
ID_0548,Plant C3,NA,-27.97,0.7,1.12,0.22,SD,2
ID_0548,Macrophyte,NA,-28.08,2.37,0.02,2.28,SD,2
ID_0548,Filamentous algae,NA,-26.14,3.9,NA,NA,NA,1
ID_0549,Mayfly,Ameletidae,-24.1,1.27,0.11,0.25,SD,2
ID_0549,Midge,Chironomidae,-24.45,2.99,NA,NA,NA,1
ID_0549,Water beetle,Dytiscidae,-29.6,3.48,2.42,0.69,SD,2
ID_0549,Riffle beetle adult,Elmidae,-26.64,1.33,NA,NA,NA,1
ID_0549,Riflle Beetle,Elmidae,-25.95,0.88,NA,NA,NA,1
ID_0549,Mayfly,Ephemeridae,-25.51,2.14,0.02,0.26,SD,2
ID_0549,Dragonfly,Gomphidae,-27.19,3.99,1.14,0.63,SD,5
ID_0549,Mayfly,Heptageniidae,-25.15,1.65,NA,NA,NA,1
ID_0549,Net-spinning caddisfly,Hydropsychidae,-24.92,2.14,NA,NA,NA,1
ID_0549,Mayfly,Leptohyphidae,-25.79,0.84,NA,NA,NA,1
ID_0549,Fine biological organic matter,NA,-24.77,1.36,1.48,1.35,SD,11
ID_0549,Biofilm,NA,-27.07,1.77,1.97,0.64,SD,6
ID_0549,Plant C3,NA,-26.29,-0.2,1.12,0.02,SD,2
ID_0549,Plant C4,NA,-19.65,0.49,1.23,0.44,SD,2
ID_0549,Filamentous algae,NA,-25.81,1.87,NA,NA,NA,1
ID_0549,Macrophyte,NA,-28.03,2.22,1.1,0.53,SD,3
ID_0549,Seston,NA,-25.64,1.84,0.33,1.07,SD,2
ID_0550,Mayfly,Ameletidae,-25.43,1.99,0.39,0.77,SD,2
ID_0550,Mayfly,Baetidae,-29.16,4.16,0.43,0.13,SD,2
ID_0550,Damselfly,Coenagrionidae,-27.38,4.66,NA,NA,NA,1
ID_0550,Water boatman,Corixidae,-27.95,4.85,0.99,0.53,SD,3
ID_0550,Water beetle,Dytiscidae,-29.27,5.36,0.37,0.25,SD,3
ID_0550,Riflle Beetle,Elmidae,-28.35,1.97,0.01,0.98,SD,2
ID_0550,Mayfly,Ephemeridae,-28.9,3.31,0.17,0.21,SD,2
ID_0550,Dragonfly,Gomphidae,-28.52,5.47,0.63,0.77,SD,11
ID_0550,Mayfly,Heptageniidae,-28.51,3.42,0.1,1.25,SD,2
ID_0550,Mayfly,Leptohyphidae,-28.47,2.53,0.72,0.43,SD,3
ID_0550,Fine biological organic matter,NA,-24.39,3.08,1.07,1.59,SD,10
ID_0550,Biofilm,NA,-28.66,3.92,1.36,1.15,SD,5
ID_0550,Plant C3,NA,-28.12,3.94,0.59,0.15,SD,2
ID_0550,Plant C4,NA,-21.15,3.97,0.01,1.05,SD,2
ID_0550,Filamentous algae,NA,-29.4,2.13,NA,NA,NA,1
ID_0550,Seston,NA,-25.8,4.08,0.24,1.5,SD,4
ID_0551,Mayfly,Ameletidae,-26.59,0.83,NA,NA,NA,1
ID_0551,Mayfly,Baetidae,-25.02,1.42,1.98,0.16,SD,3
ID_0551,Trichoptera,Brachycentridae,-25.46,1.17,2.15,0.42,SD,2
ID_0551,Midge,Chironomidae,-24.22,0.7,0.62,0.38,SD,3
ID_0551,Riffle beetle adult,Elmidae,-24.66,0.07,NA,NA,NA,1
ID_0551,Riflle Beetle,Elmidae,-23.7,0.34,NA,NA,NA,1
ID_0551,Mayfly,Heptageniidae,-27.28,1.45,0.22,0.15,SD,3
ID_0551,Net-spinning caddisfly,Hydropsychidae,-24.22,3.12,0.3,0.2,SD,4
ID_0551,Mayfly,Leptophlebiidae,-24.44,1.52,0.43,0.27,SD,2
ID_0551,Trichoptera,Odontoceridae,-28.32,-0.4,NA,NA,NA,1
ID_0551,Stonefly,Perlidae,-23.93,3.3,1.17,1.11,SD,4
ID_0551,Stonefly,Perlodidae,-24.37,2.19,0.18,2.65,SD,2
ID_0551,Blackfly,Simuliidae,-23.41,2.03,0.14,0.22,SD,3
ID_0551,Cranefly,Tipulidae,-23.99,2.97,0.33,1.97,SD,4
ID_0551,Fine biological organic matter,NA,-23.58,1.3,1,0.4,SD,7
ID_0551,Biofilm,NA,-26.1,1.06,0.27,0.15,SD,7
ID_0551,Plant C3,NA,-26.97,-0.61,NA,NA,NA,1
ID_0551,Plant C4,NA,-21.29,1.17,NA,NA,NA,1
ID_0551,Filamentous algae,NA,-27.72,2.21,0.59,1.36,SD,2
ID_0551,Macrophyte,NA,-27.87,1.46,NA,NA,NA,1
ID_0551,Seston,NA,-23.93,1.07,1.42,0.06,SD,3
ID_0552,Mayfly,Ameletidae,-28.18,5.13,NA,NA,NA,1
ID_0552,Fly,Athericidae,-27.64,5.23,0.52,0.35,SD,3
ID_0552,Mayfly,Baetidae,-30.64,3.7,1.03,0.27,SD,5
ID_0552,Trichoptera,Brachycentridae,-28.85,5.42,0.64,0.77,SD,3
ID_0552,Midge,Chironomidae,-25.47,2.09,0.5,0.79,SD,2
ID_0552,Water boatman,Corixidae,-26.92,3.84,1.54,0.12,SD,3
ID_0552,Water beetle,Dytiscidae,-28.69,5.04,0.26,1.32,SD,2
ID_0552,Riffle beetle adult,Elmidae,-26.91,1.39,0.44,0.18,SD,2
ID_0552,Riflle Beetle,Elmidae,-27.08,1.5,1.65,0.44,SD,4
ID_0552,Gammarid,Gammarus sp,-26.01,5.14,NA,NA,NA,1
ID_0552,Net-spinning caddisfly,Hydropsychidae,-26.61,4.24,0.96,0.24,SD,3
ID_0552,Gastropod,Physidae,-24.24,3.23,0.67,0.38,SD,2
ID_0552,Stonefly,Pteronarcidae,-28.86,3.53,0.43,0.21,SD,2
ID_0552,Blackfly,Simuliidae,-26.98,2.79,0.72,0.16,SD,3
ID_0552,Cranefly,Tipulidae,-24.65,2.8,2.75,2.05,SD,2
ID_0552,Fine biological organic matter,NA,-24.6,2.36,1.8,1.22,SD,9
ID_0552,Biofilm,NA,-28.89,3.02,1.07,1.03,SD,4
ID_0552,Plant C3,NA,-28.36,1.85,NA,NA,NA,1
ID_0552,Macrophyte,NA,-30.59,3.07,NA,NA,NA,1
ID_0552,Seston,NA,-25.35,3.83,1.3,0.5,SD,3
ID_0553,Fly,Athericidae,-28.8,6.72,0.99,0.68,SD,3
ID_0553,Mayfly,Baetidae,-31.99,5.68,0.54,1.08,SD,2
ID_0553,Midge,Chironomidae,-29.59,5.71,0.07,1.21,SD,2
ID_0553,Water boatman,Corixidae,-29.51,5.57,0.59,1.44,SD,2
ID_0553,Water beetle,Dytiscidae,-28.81,2.75,1.89,2,SD,3
ID_0553,Riffle beetle adult,Elmidae,-28.43,2.13,1.15,0.36,SD,2
ID_0553,Mayfly,Ephemeridae,-29.72,4.97,0.68,0.62,SD,4
ID_0553,Dragonfly,Gomphidae,-30.29,7.22,0.3,0.48,SD,4
ID_0553,Mayfly,Heptageniidae,-29.53,5.04,0.32,0.28,SD,2
ID_0553,Net-spinning caddisfly,Hydropsychidae,-30.89,4.88,0.42,0.76,SD,8
ID_0553,Mayfly,Leptohyphidae,-29.18,3.13,0.11,1.1,SD,3
ID_0553,Stonefly,Pteronarcidae,-30.12,5.94,0.63,0.85,SD,2
ID_0553,Blackfly,Simuliidae,-31.71,4.66,0.22,0.39,SD,2
ID_0553,Cranefly,Tipulidae,-28.39,6.46,0.9,0.74,SD,2
ID_0553,Fine biological organic matter,NA,-26.35,3.04,0.59,1.24,SD,6
ID_0553,Biofilm,NA,-30.02,5.02,0.31,0.11,SD,3
ID_0553,Plant C3,NA,-29.61,0.95,NA,NA,NA,1
ID_0553,Plant C4,NA,-19.94,3.81,NA,NA,NA,1
ID_0553,Seston,NA,-28.83,3.76,0.99,1.16,SD,3
ID_0554,Fly,Athericidae,-26.16,4.76,NA,NA,NA,1
ID_0554,Mayfly,Baetidae,-30.7,5.54,0.23,0.8,SD,3
ID_0554,Water beetle,Dytiscidae,-25.58,4.51,0.74,1.14,SD,2
ID_0554,Riffle beetle adult,Elmidae,-28.6,3.95,1.82,0.9,SD,3
ID_0554,Riflle Beetle,Elmidae,-27.96,3.03,1.93,0.76,SD,3
ID_0554,Mayfly,Ephemeridae,-30.57,6.41,0.32,0.19,SD,2
ID_0554,Dragonfly,Gomphidae,-30.1,8.25,0.71,0.61,SD,11
ID_0554,Mayfly,Heptageniidae,-30.47,6.63,1.63,0.92,SD,2
ID_0554,Net-spinning caddisfly,Hydropsychidae,-31.08,6.47,1.1,0.43,SD,3
ID_0554,Mayfly,Leptohyphidae,-29.03,6.23,NA,NA,NA,1
ID_0554,Mayfly,Leptophlebiidae,-28.49,6.29,0.39,0.09,SD,2
ID_0554,Stonefly,Perlidae,-30.96,8.4,1.14,0.34,SD,2
ID_0554,Blackfly,Simuliidae,-30.26,4.95,0.53,0.39,SD,2
ID_0554,Fine biological organic matter,NA,-25.39,2.19,NA,NA,NA,1
ID_0554,Biofilm,NA,-29.18,4.19,1.38,0.99,SD,8
ID_0554,Plant C3,NA,-27.54,1.65,NA,NA,NA,1
ID_0554,Plant C4,NA,-20.99,3.95,NA,NA,NA,1
ID_0554,Filamentous algae,NA,-30.45,2.21,NA,NA,NA,1
ID_0554,Seston,NA,-24.9,4.77,1.63,0.29,SD,2
ID_0555,Mayfly,Baetidae,-24,1.71,1.07,0.27,SD,2
ID_0555,Midge,Chironomidae,-19.58,1.19,0.17,0.34,SD,2
ID_0555,Riffle beetle adult,Elmidae,-24.86,1.22,NA,NA,NA,1
ID_0555,Riflle Beetle,Elmidae,-23.15,0.82,NA,NA,NA,1
ID_0555,Mayfly,Heptageniidae,-26.77,1.5,NA,NA,NA,1
ID_0555,Net-spinning caddisfly,Hydropsychidae,-22.2,3.58,NA,NA,NA,1
ID_0555,Stonefly,Perlidae,-22.56,3.57,0.97,0.18,SD,3
ID_0555,Stonefly,Perlodidae,-21.75,3.97,NA,NA,NA,1
ID_0555,Stonefly,Pteronarcidae,-23.38,0.63,NA,NA,NA,1
ID_0555,Blackfly,Simuliidae,-21.41,1.69,1.01,0.23,SD,3
ID_0555,Cranefly,Tipulidae,-21.52,4.08,NA,NA,NA,1
ID_0555,Fine biological organic matter,NA,-24.62,1.94,1.18,0.73,SD,5
ID_0555,Biofilm,NA,-28.06,2.7,0.79,0.8,SD,7
ID_0555,Plant C3,NA,-28.28,0.05,0.72,0.01,SD,2
ID_0555,Plant C4,NA,-19.63,2.24,0.48,0.79,SD,2
ID_0555,Filamentous algae,NA,-30.78,1.36,1.33,0.31,SD,2
ID_0555,Seston,NA,-24.64,1.77,0.7,0.59,SD,5
ID_0556,Fly,Athericidae,-29.1,6.07,0.3,0.22,SD,3
ID_0556,Mayfly,Baetidae,-29.87,4.19,0.9,0.41,SD,2
ID_0556,Trichoptera,Brachycentridae,-26.73,3.06,NA,NA,NA,1
ID_0556,Midge,Chironomidae,-26.11,1.81,1.83,0.25,SD,2
ID_0556,Water boatman,Corixidae,-27.03,4.05,1.39,0.54,SD,4
ID_0556,Water beetle,Dytiscidae,-28.87,4.68,1.91,0.13,SD,2
ID_0556,Riffle beetle adult,Elmidae,-27.2,1.28,0.18,0.5,SD,2
ID_0556,Riflle Beetle,Elmidae,-27.44,1.58,0.07,0.18,SD,2
ID_0556,Dragonfly,Gomphidae,-28.35,5.65,NA,NA,NA,1
ID_0556,Mayfly,Heptageniidae,-26.74,2.22,NA,NA,NA,1
ID_0556,Net-spinning caddisfly,Hydropsychidae,-29.71,5.48,NA,NA,NA,1
ID_0556,Crayfish,Orconectes sp,-27.99,3.39,NA,NA,NA,1
ID_0556,Stonefly,Perlidae,-29.38,5.99,1.31,0.35,SD,8
ID_0556,Gastropod,Physidae,-28.91,4.57,0.01,0,SD,2
ID_0556,Stonefly,Pteronarcidae,-29.8,3.95,2.7,1.08,SD,2
ID_0556,Blackfly,Simuliidae,-25.35,2.92,0.84,0.08,SD,4
ID_0556,Cranefly,Tipulidae,-27.32,5.75,1.81,0.28,SD,2
ID_0556,Fine biological organic matter,NA,-25.38,1.84,1.86,0.46,SD,6
ID_0556,Biofilm,NA,-27.64,3.26,1.3,0.66,SD,11
ID_0556,Plant C3,NA,-28.21,0.26,0.34,0.32,SD,2
ID_0556,Filamentous algae,NA,-32.62,2.03,0.79,0.19,SD,2
ID_0556,Macrophyte,NA,-31.73,2.34,NA,NA,NA,1
ID_0556,Seston,NA,-24.95,1.87,0.46,0.99,SD,2
ID_0557,Midge,Chironomidae,-29.95,5.57,0.05,0.36,SD,3
ID_0557,Water boatman,Corixidae,-27.38,6.27,1.12,0.55,SD,3
ID_0557,Water beetle,Dytiscidae,-29.63,4.24,0.23,1.06,SD,7
ID_0557,Riflle Beetle,Elmidae,-28.69,2.44,0.93,0.15,SD,4
ID_0557,Mayfly,Heptageniidae,-31.83,4.31,1.01,0.12,SD,3
ID_0557,Net-spinning caddisfly,Hydropsychidae,-30.68,3.82,0.44,0.63,SD,3
ID_0557,Stonefly,Perlidae,-30.1,6.89,0.52,0.15,SD,3
ID_0557,Stonefly,Pteronarcidae,-30.6,5.16,0.18,0.06,SD,3
ID_0557,Blackfly,Simuliidae,-29.13,5.51,0.51,0.12,SD,3
ID_0557,Fine biological organic matter,NA,-26.84,1.98,1.1,0.38,SD,7
ID_0557,Biofilm,NA,-29.13,3.64,1.02,0.63,SD,8
ID_0557,Plant C3,NA,-28.62,0.77,0.45,0.91,SD,3
ID_0557,Plant C4,NA,-22.33,3.4,0.29,2.32,SD,2
ID_0557,Filamentous algae,NA,-31.46,2.52,2.22,2.52,SD,2
ID_0557,Macrophyte,NA,-29.57,2.41,NA,NA,NA,1
ID_0557,Seston,NA,-24.26,3.24,0.8,0.41,SD,2
ID_0558,Amphipod,NA,-28.02,5.75,1.29,1.7,SD,10
ID_0558,Gastropod,Ancylidae,-30,3.4,NA,NA,NA,1
ID_0558,Fly,Athericidae,-29.48,6.54,NA,NA,NA,1
ID_0558,Mayfly,Baetidae,-30.91,4.71,1.6,0.4,SD,8
ID_0558,Mayfly,Caenidae,-28.85,5,1.77,1.13,SD,2
ID_0558,Fly,Ceratopogonidae,-27.7,7.2,NA,NA,NA,1
ID_0558,Mayfly,Chaoborus sp,-27.9,7.6,NA,NA,NA,1
ID_0558,Midge,Chironomidae,-29.24,5.88,2.11,1.48,SD,7
ID_0558,Leaf Beetle,Chrysomelidae,-27.2,4.8,NA,NA,NA,1
ID_0558,Bivalve,Corbiculidae,-25.73,5.67,3.16,0.29,SD,3
ID_0558,Water boatman,Corixidae,-29.07,5.38,2.71,0.9,SD,5
ID_0558,Crayfish,NA,-28.05,6,0.58,0.55,SD,4
ID_0558,Mosquitoes,Culicidae,-28.4,6.8,NA,NA,NA,1
ID_0558,Water beetle,Dytiscidae,-29.37,4.86,0.2,0.2,SD,3
ID_0558,Riffle beetle adult,Elmidae,-27.52,3.6,1.16,2.05,SD,2
ID_0558,Riflle Beetle,Elmidae,-29.88,3.25,2.88,0.58,SD,3
ID_0558,Spiny crawler mayfly,Ephemerellidae,-32.45,4.5,2.76,0.28,SD,2
ID_0558,Mayfly,Ephemeridae,-28.43,5.31,1.05,0.27,SD,9
ID_0558,Fly,Ephydridae,-27.95,7,0.64,0.14,SD,2
ID_0558,Gammarid,NA,-29.8,5.2,NA,NA,NA,1
ID_0558,Gammarid,Gammarus sp,-29.33,6.52,NA,NA,NA,1
ID_0558,Water strider,Gerridae,-26.6,6.1,NA,NA,NA,1
ID_0558,Dragonfly,Gomphidae,-30.41,6.16,0.71,0.58,SD,3
ID_0558,Whirligig beetle,Gyrinidae,-26,6.8,2.83,0.42,SD,2
ID_0558,Spider,Hahniidae,-27.1,7.8,0.14,0.28,SD,2
ID_0558,Mayfly,Heptageniidae,-30.64,5.22,1.39,0.57,SD,5
ID_0558,NA,Herbiidae,-27,7.3,NA,NA,NA,1
ID_0558,Scavanger Beetle,Hydrophilidae,-26.3,3.8,NA,NA,NA,1
ID_0558,Net-spinning caddisfly,Hydropsychidae,-29.16,4.87,1.54,0.49,SD,8
ID_0558,Hymenoptera,NA,-26.2,5.8,NA,NA,NA,1
ID_0558,Isopod,NA,-27.87,4.87,1.16,0.81,SD,3
ID_0558,Caddisfly,Leptoceridae,-29,5.5,NA,NA,NA,1
ID_0558,Mayfly,Leptohyphidae,-29.8,3.02,0.59,0.12,SD,2
ID_0558,Mayfly,Leptophlebiidae,-28.1,4.19,2.58,0.83,SD,4
ID_0558,Northern caddisfly,Limnephilidae,-27.9,3.4,NA,NA,NA,1
ID_0558,Bugs,Membracidae,-28.8,1.3,NA,NA,NA,1
ID_0558,Oligochaeta,NA,-25.1,5.1,NA,NA,NA,1
ID_0558,Stonefly,Perlidae,-28.72,6.38,0.75,0.75,SD,4
ID_0558,Gastropod,Physidae,-27.9,3.9,NA,NA,NA,1
ID_0558,Stonefly,Pteronarcidae,-28.63,4.33,0.9,0.37,SD,4
ID_0558,Blackfly,Simuliidae,-25.34,3.37,0.46,0.33,SD,3
ID_0558,Mayfly,Siphlonuridae,-32.2,5.8,NA,NA,NA,1
ID_0558,Bivalve,Sphaeriidae,-28.7,6.05,0.14,0.07,SD,2
ID_0558,Cranefly,Tipulidae,-29.64,7.02,1.47,0.59,SD,2
ID_0558,Mayfly,Tricorythidae,-30.74,4.62,2.18,1.24,SD,5
ID_0558,Fine biological organic matter,NA,-25.87,2.43,1.64,1.04,SD,9
ID_0558,Biofilm,NA,-30.17,3.75,0.57,0.67,SD,6
ID_0558,Plant C3,NA,-26.13,2.07,0.29,0.77,SD,2
ID_0558,Plant C4,NA,-20.41,3.22,0.34,1.03,SD,2
ID_0558,Filamentous algae,NA,-31.4,2.88,0.07,0.33,SD,2
ID_0559,Hawker dragonfly,Aeshnidae,-28.1,9,1.27,0.42,SD,2
ID_0559,Amphipod,NA,-26.68,9.18,1.37,0.24,SD,4
ID_0559,Mayfly,Baetidae,-32.54,8.53,1.21,0.55,SD,5
ID_0559,Mayfly,Caenidae,-29.55,6.4,0.07,0.42,SD,2
ID_0559,Midge,Chironomidae,-29.68,8.07,1.74,1.38,SD,15
ID_0559,Damselfly,Coenagrionidae,-28.1,9.13,0.85,0.8,SD,3
ID_0559,Collembola,NA,-25.9,6.7,NA,NA,NA,1
ID_0559,Bivalve,Corbiculidae,-28.1,8.31,1.41,1.1,SD,3
ID_0559,Water boatman,Corixidae,-21.2,6.7,NA,NA,NA,1
ID_0559,Crayfish,NA,-26.63,9.03,1.06,0.15,SD,3
ID_0559,Water beetle,Dytiscidae,-28.87,4.9,1.77,0.31,SD,4
ID_0559,Riffle beetle adult,Elmidae,-30.67,5.26,NA,NA,NA,1
ID_0559,Riflle Beetle,Elmidae,-30.04,4.47,0.67,0.66,SD,4
ID_0559,Spiny crawler mayfly,Ephemerellidae,-29.6,9,NA,NA,NA,1
ID_0559,Mayfly,Ephemeridae,-29.49,3.6,1.66,0,SD,2
ID_0559,Gammarid,NA,-27.5,7.5,NA,NA,NA,1
ID_0559,Gammarid,Gammarus sp,-31.42,5.8,NA,NA,NA,1
ID_0559,Dragonfly,Gomphidae,-28,9.25,0.71,1.06,SD,2
ID_0559,Mayfly,Heptageniidae,-31.44,8.63,0.37,0.35,SD,3
ID_0559,Mayfly,Heptageniidae,-29.3,7.38,1.23,0.89,SD,4
ID_0559,Net-spinning caddisfly,Hydropsychidae,-31.99,7.51,0.92,1.16,SD,5
ID_0559,Isopod,NA,-27.25,6.3,0.21,0.71,SD,2
ID_0559,Caddisfly,Leptoceridae,-28.9,7.8,NA,NA,NA,1
ID_0559,Mayfly,Leptophlebiidae,-29.06,7.63,1.02,0.5,SD,4
ID_0559,Mayfly,Neoephemeridae,-29.5,6.6,NA,NA,NA,1
ID_0559,Trichoptera,Phryganeidae,-30.6,8.5,NA,NA,NA,1
ID_0559,Gastropod,Physidae,-28,8.2,0.92,0.98,SD,4
ID_0559,Gastropod,Planorbidae,-28.2,7.5,NA,NA,NA,1
ID_0559,Blackfly,Simuliidae,-32.3,7.38,0.57,0.11,SD,3
ID_0559,Cranefly,Tipulidae,-29.08,9.54,NA,NA,NA,1
ID_0559,Mayfly,Tricorythidae,-29.48,7.44,1.03,0.87,SD,5
ID_0559,Fine biological organic matter,NA,-24.78,4.17,1.34,0.63,SD,9
ID_0559,Biofilm,NA,-29.31,7.05,1.53,0.47,SD,6
ID_0559,Plant C3,NA,-29.11,2.52,0.17,0.87,SD,2
ID_0559,Plant C4,NA,-22.82,3.67,5.89,0.18,SD,2
ID_0559,Filamentous algae,NA,-30.94,6.5,3.1,0.63,SD,2
ID_0559,Macrophyte,NA,-27.01,6.68,NA,NA,NA,1
ID_0559,Seston,NA,-30.13,4.26,NA,NA,NA,1
ID_0560,Mayfly,Baetidae,-29.19,7.34,0.9,0.67,SD,6
ID_0560,Midge,Chironomidae,-27.53,7.71,NA,NA,NA,1
ID_0560,Water beetle,Dytiscidae,-28.19,5.79,NA,NA,NA,1
ID_0560,Riflle Beetle,Elmidae,-28.86,5.16,1.05,0.4,SD,6
ID_0560,Gammarid,Gammarus sp,-26.91,6.89,0.88,0.61,SD,4
ID_0560,Dragonfly,Gomphidae,-29.18,8.71,NA,NA,NA,1
ID_0560,Mayfly,Heptageniidae,-29.42,6.58,1.24,0.07,SD,2
ID_0560,Net-spinning caddisfly,Hydropsychidae,-29.96,8.95,1.91,1.02,SD,4
ID_0560,Mayfly,Leptohyphidae,-28.75,7.19,0.06,0.01,SD,2
ID_0560,Stonefly,Perlidae,-28.18,7.11,NA,NA,NA,1
ID_0560,Gastropod,Physidae,-28.47,6.82,2.76,1.51,SD,2
ID_0560,Blackfly,Simuliidae,-29.09,6.91,0.55,0.44,SD,5
ID_0560,Cranefly,Tipulidae,-28.08,8.76,NA,NA,NA,1
ID_0560,Fine biological organic matter,NA,-20.33,3.92,2.98,0.98,SD,7
ID_0560,Biofilm,NA,-27.31,4.4,1.03,0.78,SD,9
ID_0560,Plant C3,NA,-28.1,2.5,0.28,0.43,SD,2
ID_0560,Plant C4,NA,-16.24,3.35,1.16,0.82,SD,2
ID_0560,Filamentous algae,NA,-29.31,6.76,0.32,0.6,SD,2
ID_0560,Macrophyte,NA,-28.49,5.25,NA,NA,NA,1
ID_0560,Seston,NA,-22.9,4.02,1.45,0.6,SD,8
ID_0561,Mayfly,Baetidae,-27.6,3.67,0.24,0.51,SD,4
ID_0561,Midge,Chironomidae,-28.39,5.12,0.63,0.12,SD,4
ID_0561,Water boatman,Corixidae,-29.51,8.53,0.9,1.99,SD,5
ID_0561,Water beetle,Dytiscidae,-27.35,8.06,1.88,1.42,SD,5
ID_0561,Riffle beetle adult,Elmidae,-27.79,5.15,0.07,0.09,SD,2
ID_0561,Riflle Beetle,Elmidae,-28.35,5.69,0.47,1.03,SD,8
ID_0561,Net-spinning caddisfly,Hydropsychidae,-28.91,5.63,1.23,0.27,SD,4
ID_0561,Mayfly,Leptohyphidae,-27.88,4.64,0.5,0.34,SD,4
ID_0561,Mayfly,Leptophlebiidae,-27.61,4.37,0.2,0.09,SD,2
ID_0561,Crayfish,Orconectes sp,-26.1,7.57,0.53,0.33,SD,4
ID_0561,Stonefly,Perlidae,-29.32,6.99,0.48,0.89,SD,4
ID_0561,Gastropod,Physidae,-28.5,6.88,NA,NA,NA,1
ID_0561,Fine biological organic matter,NA,-23.67,2.31,0.88,0.76,SD,12
ID_0561,Biofilm,NA,-26.17,4.3,1.15,0.5,SD,9
ID_0561,Plant C3,NA,-27.96,0.73,0.55,0.07,SD,2
ID_0561,Plant C4,NA,-20.24,3.66,0.94,0.71,SD,2
ID_0561,Filamentous algae,NA,-27.94,4.99,0.95,0.13,SD,2
ID_0561,Macrophyte,NA,-29.46,5.03,1.66,0.27,SD,2
ID_0561,Seston,NA,-24.24,3.47,0.85,0.33,SD,8
ID_0562,Mayfly,Ameletidae,-29.69,9.31,0,0.03,SD,2
ID_0562,Fly,Athericidae,-29.45,8.53,NA,NA,NA,1
ID_0562,Mayfly,Baetidae,-30.38,9.33,0.79,0.45,SD,4
ID_0562,Midge,Chironomidae,-30.27,8.73,NA,NA,NA,1
ID_0562,Water boatman,Corixidae,-29.05,9.32,0.61,0.49,SD,5
ID_0562,Water beetle,Dytiscidae,-28.72,9.29,0.78,0.81,SD,3
ID_0562,Riffle beetle adult,Elmidae,-25.26,6.56,NA,NA,NA,1
ID_0562,Riflle Beetle,Elmidae,-28.02,7.48,0.62,0.29,SD,2
ID_0562,Mayfly,Ephemeridae,-29.72,9.83,0.26,0.47,SD,3
ID_0562,Dragonfly,Gomphidae,-28.6,10.02,0.82,0.63,SD,6
ID_0562,Mayfly,Heptageniidae,-29.95,9.28,1.45,0.72,SD,4
ID_0562,Scavanger Beetle,Hydrophilidae,-26.81,8.88,0.08,0.31,SD,3
ID_0562,Net-spinning caddisfly,Hydropsychidae,-30.37,8.3,0.46,2.34,SD,7
ID_0562,Mayfly,Leptohyphidae,-29.26,9.38,0.07,0.52,SD,3
ID_0562,Mayfly,Leptophlebiidae,-29.45,9.44,0.58,1.79,SD,3
ID_0562,Mayfly,Oligoneuriidae,-29.88,8.85,0.14,0.19,SD,3
ID_0562,Stonefly,Perlidae,-29.28,10.92,0.52,0.91,SD,4
ID_0562,Blackfly,Simuliidae,-28.58,8.83,0.3,0.16,SD,4
ID_0562,Fine biological organic matter,NA,-22.37,3.84,0.74,1.4,SD,8
ID_0562,Biofilm,NA,-26.93,6.47,0.78,0.79,SD,10
ID_0562,Plant C3,NA,-27.97,3.32,0.15,0.53,SD,2
ID_0562,Plant C4,NA,-20.86,4.39,0.45,0.14,SD,2
ID_0562,Filamentous algae,NA,-29.04,4.32,2.37,0.54,SD,3
ID_0562,Macrophyte,NA,-29.59,3.36,NA,NA,NA,1
ID_0562,Seston,NA,-23.49,4.15,1.3,0.44,SD,7
ID_0563,Midge,Chironomidae,-23.3,10.4,0.9,3.1,SD,12
ID_0563,Mayfly,NA,-26.5,7.6,1.9,1.7,SD,40
ID_0563,Dragonfly,Odonata,-23.4,8.9,1,1.4,SD,10
ID_0563,Trichoptera,NA,-25.1,8.3,3,2.4,SD,5
ID_0565,Bivalve,Bivalvia,-29.57,14.16,0.21,0.73,SD,3
ID_0565,Chironomid,Chironomidae,-23.13,15.57,2.11,0.74,SD,5
ID_0565,Mayfly,Ephemeroptera,-22.84,14.99,0.67,0.1,SD,2
ID_0565,Periphyton,NA,-12.06,9,0.44,0.57,SD,2
ID_0565,Macrophyte,NA,-20.72,11.33,6.81,1.69,SD,7
ID_0565,Poplar,NA,-30.18,7.53,0.68,1.11,SD,3
ID_0565,Zooplankton,NA,-34.04,15.68,0.29,0.27,SD,3
ID_0567,Bivalve,Corbicula fluminea,-28.2,10.9,0.5,0.4,SD,5
ID_0567,Bivalve,Cristaria plicata,-27.1,11.6,0.6,0.4,SD,5
ID_0567,Bivalve,Anodonta woodiana,-26.6,10.8,0.3,0.5,SD,5
ID_0567,Bivalve,Unio douglasiae,-28.1,9.5,0.6,0.7,SD,5
ID_0567,Bivalve,Arconaia lanceolata,-27.2,11.8,0.5,0.5,SD,5
ID_0567,Shrimp,Palaemon modestus,-24.5,12.6,1.1,1.5,SD,5
ID_0567,Shrimp,Macrobrachium nipponensis,-23.7,14.7,1.5,0.6,SD,5
ID_0567,Crayfish,Procambarus clarkii,-23.4,14.7,1.3,1.4,SD,3
ID_0567,Crab,Clistocoeloma sinensis,-26.8,9.1,1.2,1.8,SD,5
ID_0568,Crab,Aegla sp,-23.02,8.24,0.88,0.94,SD,11
ID_0568,Gastropod,Chilina sp,-18.1,3.68,3.2,1.44,SD,66
ID_0568,Midge,Chironomidae,-23.85,2.3,0.5,0,SD,2
ID_0568,Bivalve,Diplodon chilensis,-26.63,5.15,0.41,0.77,SD,141
ID_0568,Mayfly,NA,-23.3,7.02,3.3,0.95,SD,4
ID_0568,Leech,Hirudinea,-25.15,9.97,2.5,1.65,SD,5
ID_0568,Amphipod,Hyalella sp,-24.05,5.41,3.2,0.74,SD,9
ID_0568,Dragonfly,Odonata,-21.75,4.45,3.1,1.2,SD,5
ID_0568,Oligochaeta,NA,-23.65,1.25,0.21,0.07,SD,2
ID_0568,Plecoptera,NA,-30.78,5.45,2.16,0.87,SD,6
ID_0568,Crayfish,Samastacus spinifrons,-22.3,7.05,1.35,0.69,SD,55
ID_0568,Trichoptera,NA,-27.7,5.67,2.8,0.94,SD,17
ID_0569,Crayfish,NA,-14.7,10.5,1.38,0.55,SD,NA
ID_0569,Zebra mussel,Dreissena polymorpha,-22,8.9,0.08,0.1,SD,NA
ID_0569,Macrophyte,Stuckenia pectinata,-10.1,7,0.4,0.48,SD,NA
ID_0569,Macrophyte,Vallisneria americana,-10,7.1,0.35,0.15,SD,NA
ID_0577,Mayfly,Leptophlebiidae,-24.6,2.4,0.2,0.2,SE,2
ID_0577,Mayfly,Tricorythidae,-24.7,1.5,0.1,0.1,SE,3
ID_0577,Damselfly,Coenagrionidae,-17.9,9.2,3.4,2.8,SE,18
ID_0577,Dragonfly,Libellulidae,-23.6,6.6,3.5,2.4,SE,9
ID_0577,Riflle Beetle,Elmidae,-20.7,7,4.6,1.4,SE,20
ID_0577,Net-spinning caddisfly,Hydropsychidae,-26.1,13.3,0.2,0.1,SE,3
ID_0577,Gastropod,Physidae,-20.6,9.3,2.4,1.4,SE,15
ID_0578,Bivalve,Anodonta anatina,-21.98,6.94,0.35,0.19,SD,NA
ID_0578,Water hoglouse,Asellus aquaticus,-18.23,5.26,0.85,0.79,SD,NA
ID_0578,Oligochaeta,Branchiura sowerbyi,-21.06,6.86,0.55,0.19,SD,NA
ID_0578,Midge,Chironomus plumosus,-20.74,7.11,0.39,0.19,SD,NA
ID_0578,Gammarid,Dikerogammarus villosus,-16.18,7.01,1.29,1.06,SD,NA
ID_0578,Bivalve,Dreissena polymorpha,-25.37,5.79,0.3,0.15,SD,NA
ID_0578,Gammarid,Echinogammarus veneris,-20.3,8.05,1.11,1.3,SD,NA
ID_0578,Leech,Erpobdella octoculata,-20.65,10.25,3.48,0.15,SD,NA
ID_0578,Damselfly,Erythromma sp,-17.61,7.26,0.76,0.15,SD,NA
ID_0578,Damselfly,Ischura sp,-17.4,7.43,0.18,0.34,SD,NA
ID_0578,Shrimp,Palaemonetes antennarius,-14.01,6.15,0.78,0.75,SD,NA
ID_0578,Gastropod,Physella acuta,-22.33,7.97,1.13,1.28,SD,NA
ID_0578,Crayfish,Procambarus clarkii,-19.66,7.75,3.5,1.7,SD,NA
ID_0578,Zooplankton,NA,-21.55,7.03,1.29,0.09,SD,NA
ID_0579,Bivalve,NA,-31.06,8.2,0.27,0.24,SD,2
ID_0579,Decapod,NA,-26.09,13,1.64,1.59,SD,10
ID_0579,Dipteran,NA,-28.78,9.24,0.69,0.36,SD,6
ID_0579,Gastropod,NA,-24.78,10,2.47,1.11,SD,12
ID_0579,Odonata,NA,-24.94,10.91,1.06,1.65,SD,3
ID_0579,Trichoptera,NA,-25.48,11.13,1.34,0.17,SD,3
ID_0579,Riparian grass,NA,-11.91,6.49,0.36,2.88,SD,NA
ID_0579,Riparian plant,NA,-31.06,-0.6,1.65,2.67,SD,NA
ID_0579,Periphyton,NA,-23.75,9.23,3.32,1.16,SD,NA
ID_0579,Phytoplankton,NA,-24.29,9.42,0.73,0.19,SD,NA
ID_0579,Zooplankton,NA,-30.21,12.27,0.91,1.51,SD,2
ID_0580,Mayfly,Baetidae,-27.45,12.2,0.46,0.09,SD,3
ID_0580,Giant water bugs,Belostomatidae,-25.3,14.32,0.22,0.23,SD,3
ID_0580,Mayfly,Caenidae,-26.16,12.36,NA,NA,NA,1
ID_0580,Midge larvae,Chironomidae,-27.58,11.67,0.81,0.02,SD,3
ID_0580,Damselfly,Coenagnonidae,-26.08,13.59,0.41,0.26,SD,3
ID_0580,Water strider,Gerridae,-23.46,13.84,NA,NA,NA,1
ID_0580,Caddisfly,Leptoceridae,-26.92,13.58,0.73,0.15,SD,3
ID_0580,Skimmer dragonfly,Libellulidae,-24.69,13.16,0.69,0.39,SD,3
ID_0580,Water scorpion,Nepidae,-24.73,14.41,NA,NA,NA,1
ID_0580,Gastropod,Physidae,-20.84,13.24,3.05,1.33,SD,3
ID_0580,Gastropod,Planorbidae,-16.03,10.82,0.82,0.68,SD,3
ID_0580,Crab,Potamonautidae,-22.57,13.32,0.92,1.05,SD,3
ID_0580,Blackfly,Simullidae,-28.53,12.1,0.01,0.27,SD,2
ID_0580,Water strider,Vellidae,-25.19,14.13,0.76,0.17,SD,3
ID_0580,Frog,Ametia,-25.49,14.23,1.1,1.15,SD,3
ID_0580,Larvae frog,Strongylopus,-27.12,13.32,0.25,0.41,SD,3
ID_0581,Hawker dragonfly,Aeshnidae,-23.55,6.36,0.41,0.66,SD,3
ID_0581,Mayfly,Baetidae,-24.29,5.39,0.73,0.39,SD,3
ID_0581,Mayfly,Caenidae,-23.62,6.31,0.02,0.22,SD,2
ID_0581,Clubtail dragonfly,Gomphidae,-22.01,7.45,0.31,0.22,SD,3
ID_0581,Whirligig beetle,Gyrinidae,-24.14,5.86,0.82,0.37,SD,2
ID_0581,Mayfly,Heptageniidae,-24.12,6.23,0,0.42,SD,2
ID_0581,Net-spinning caddisfly,Hydropsychidae,-24.33,8.73,0.2,0.71,SD,3
ID_0581,Mayfly,Leptophelidae,-23.41,6.48,0.07,0.54,SD,3
ID_0581,Worm,Oligochaeta,-23.89,7.68,1.21,1.28,SD,2
ID_0581,Crab,Potamonautidae,-19.44,7.66,1.42,0.62,SD,6
ID_0581,Water-penny beetle,Psephenidae,-27.12,4.2,NA,NA,NA,1
ID_0581,Horse fly,Tabanidae,-22.4,8.21,0.54,0.08,SD,3
ID_0581,Cranefly,Tipulidae,-22.5,7.93,0.51,0.63,SD,3
ID_0581,Mayfly,Tricorythidae,-23.38,5.55,0.32,0.22,SD,3
ID_0581,River frog,Ametia,-21.03,5.31,0.08,0.24,SD,2
ID_0582,Hawker dragonfly,Aeshnidae,-22.06,10.57,1.37,0.7,SD,3
ID_0582,Mayfly,Baetidae,-24.04,8.69,1.01,0.19,SD,3
ID_0582,Damselfly,Chlorolestidae,-22.54,9.75,0.22,0.3,SD,2
ID_0582,Damselfly,Coenagnonidae,-21.41,10.87,0.57,0.53,SD,3
ID_0582,Water boatman,Corixidae,-22.19,8.57,1.79,0.63,SD,3
ID_0582,Water strider,Gerridae,-23.02,10.14,NA,NA,NA,1
ID_0582,Leech,Hirudinae,-20.83,10.5,1.31,0.32,SD,3
ID_0582,Skimmer dragonfly,Libellulidae,-20.48,8.87,0.21,0.48,SD,3
ID_0582,Gastropod,Lymnaedae,-14.71,6.92,0.47,1.16,SD,3
ID_0582,Backswimmer,Notonectidae,-21.52,9.58,1.05,0.75,SD,3
ID_0582,Gastropod,Physidae,-17.44,9.59,1.39,0.69,SD,2
ID_0582,Gastropod,Planorbidae,-15.33,8.81,1.19,0.95,SD,2
ID_0582,Crab,Potamonautidae,-20.47,9.66,1.71,0.75,SD,3
ID_0582,Blackfly,Simullidae,-21.68,7.86,0.09,0.24,SD,3
ID_0582,River frog,Ametia,-23.67,9.33,2.08,0.31,SD,3
ID_0582,Clawed frog,Xenopus,-20.5,10.69,0.95,1.39,SD,3
ID_0583,Hawker dragonfly,Aeshnidae,-25.24,5.29,0.38,0.23,SD,3
ID_0583,Shrimp,Atyidae,-24.96,5.06,0.69,0.55,SD,3
ID_0583,Mayfly,Baetidae,-28.05,4.53,0.96,0.14,SD,3
ID_0583,Mayfly,Caenidae,-25.93,2.97,0.49,0.35,SD,2
ID_0583,Damselfly,Chlorocyhidae,-24.92,5.89,NA,NA,NA,1
ID_0583,Damselfly,Coenagnonidae,-25.74,4.71,0.44,0.47,SD,3
ID_0583,Water boatman,Corixidae,-24.71,5.01,NA,NA,NA,1
ID_0583,Whirligig beetle,Gyrinidae,-25.63,4.56,0.49,0.34,SD,3
ID_0583,Net-spinning caddisfly,Hydropsychidae,-27.1,4.4,0.23,0.38,SD,3
ID_0583,Worm,Oligochaeta,-24.7,4.4,0.05,1.11,SD,2
ID_0583,Caddisfly,Philopotamidae,-27.01,5.09,0.42,0.17,SD,3
ID_0583,Crab,Potamonautidae,-24.44,4.92,1.85,0.52,SD,6
ID_0583,Blackfly,Simullidae,-26.02,3.57,0.19,0.4,SD,3
ID_0583,Mayfly,Tricorythidae,-25.84,4.02,0.5,0.84,SD,3
ID_0583,River frog,Ametia,-26.76,4.27,2.34,0.6,SD,3
ID_0584,Hawker dragonfly,Aeshnidae,-24.13,13.94,NA,NA,NA,1
ID_0584,Mayfly,Baetidae,-25.14,9.14,0.42,0.52,SD,3
ID_0584,Mayfly,Caenidae,-20.47,11.71,0.53,0.24,SD,3
ID_0584,Midge larvae,Chironomidae,-20.3,11.21,1.22,0.28,SD,2
ID_0584,Damselfly,Coenagnonidae,-21.17,11.93,0.79,0.42,SD,3
ID_0584,Caddisfly,Ecnomidae,-20.67,13.36,0.43,0.71,SD,2
ID_0584,Clubtail dragonfly,Gomphidae,-22.24,12.45,0.36,0.02,SD,2
ID_0584,Net-spinning caddisfly,Hydropsychidae,-22.72,12.01,NA,NA,NA,1
ID_0584,Gastropod,Lymnaedae,-20.28,6.45,NA,NA,NA,1
ID_0584,Worm,Oligochaeta,-22.44,10.56,0.94,0.81,SD,2
ID_0584,Crab,Potamonautidae,-20.78,11.43,1.23,0.71,SD,4
ID_0584,Moth,Psychidae,-23.59,9.72,NA,NA,NA,1
ID_0584,Blackfly,Simullidae,-23.75,9.63,NA,NA,NA,1
ID_0584,Bivalve_clam large,Sphaeriinidae,-15.47,8.99,NA,NA,NA,1
ID_0584,River frog,Ametia,-20.3,11.78,0.57,0.25,SD,3
ID_0585,Hawker dragonfly,Aeshnidae,-26.08,6.41,0.5,0.32,SD,3
ID_0585,Mayfly,Baetidae,-26.62,5.45,0.88,0.63,SD,3
ID_0585,Giant water bugs,Belostomatidae,-23.68,5.89,0.33,0.23,SD,3
ID_0585,Mayfly,Caenidae,-24.82,4.41,0.84,0.39,SD,3
ID_0585,Midge larvae,Chironomidae,-25.26,6.07,0.55,0.56,SD,3
ID_0585,Damselfly,Coenagnonidae,-26.09,7.29,NA,NA,NA,1
ID_0585,Caddisfly,Ecnomidae,-25.88,6.35,0.76,0.89,SD,2
ID_0585,Riflle Beetle,Elmidae,-24.12,5.06,0.09,0.47,SD,3
ID_0585,Whirligig beetle,Gyrinidae,-24.49,5.65,0.44,1.14,SD,3
ID_0585,Mayfly,Heptageniidae,-23.64,6.27,1.65,0.23,SD,3
ID_0585,Caddisfly,Leptoceridae,-24.69,5.76,NA,NA,NA,1
ID_0585,Mayfly,Leptophlebiidae,-24.22,4.93,NA,NA,NA,1
ID_0585,Skimmer dragonfly,Libellulidae,-25.25,5.64,1.31,0.68,SD,3
ID_0585,Backswimmer,Notonectidae,-23.94,5.79,1.54,0.69,SD,3
ID_0585,Caddisfly,Philopotamidae,-22.84,6.75,0.41,0.15,SD,3
ID_0585,Crab,Potamonautidae,-22.48,7.75,0.41,0.56,SD,3
ID_0585,Blackfly,Simullidae,-25.13,5.11,0.02,0.08,SD,3
ID_0585,Water strider,Vellidae,-24.8,5.99,0.06,0.72,SD,3
ID_0585,River frog,Ametia,-27.28,6.95,0.06,1.71,SD,3
ID_0585,Frog larvae,Strongylopus,-25.21,4.72,0.4,0.49,SD,3
ID_0586,Hawker dragonfly,Aeshnidae,-19.45,7.09,0.27,0.02,SD,3
ID_0586,Mayfly,Baetidae,-21.1,6.17,0.68,0.84,SD,2
ID_0586,Damselfly,Coenagnonidae,-19.55,7.05,NA,NA,NA,1
ID_0586,Water beetle,Dytiscidae,-18.87,4.62,0.37,0.22,SD,3
ID_0586,Clubtail dragonfly,Gomphidae,-18.32,5.94,1.43,0.67,SD,5
ID_0586,Whirligig beetle,Gyrinidae,-20.01,5.27,NA,NA,NA,1
ID_0586,Mayfly,Heptageniidae,-20.08,5.27,1.57,0.21,SD,3
ID_0586,Mayfly,Leptophelidae,-19.62,4.99,0.1,0.49,SD,2
ID_0586,Creeping Water Bugs,Naucoridae,-16.04,5.19,0.53,0.11,SD,2
ID_0586,Worm,Oligochaeta,-22.18,6.19,2.39,0.52,SD,2
ID_0586,Mayfly,Polymitarcyidae,-28.21,5.06,NA,NA,NA,1
ID_0586,Crab,Potamonautidae,-16.62,7.56,2.01,0.84,SD,4
ID_0586,Blackfly,Simullidae,-21.16,5.05,0.23,0.23,SD,2
ID_0586,River frog,Ametia,-22.66,8.13,0.23,1.15,SD,2
ID_0587,Midge larvae,Chironomidae,-32.48,16.02,1.6,0.29,SD,5
ID_0587,Water boatman,Corixidae,-29.98,13.91,NA,NA,NA,1
ID_0587,Gammarid,Gammarus pulex,-30.31,15.32,1.16,1.6,SD,6
ID_0587,Signal Crayfish,Pacifastacus leniusculus,-31.88,16.19,1.55,0.79,SD,29
ID_0587,Damselfly,Odonata,-33.91,15.38,0.95,0.22,SD,4
ID_0587,Bivalve_clam small,NA,-32.78,16.27,2.59,1.54,SD,6
ID_0587,Bivalve_clam small,NA,-32.75,14.23,1.22,0.59,SD,5
ID_0587,Gastropod,NA,-29.84,14.81,1.13,0.71,SD,5
ID_0587,Stonefly,NA,-31.38,15.52,0.48,0.05,SD,2
ID_0587,Zebra Mussel,NA,-36.75,14.01,0.79,0.54,SD,3
ID_0587,Detritus,NA,-29.59,10.94,0.73,1.58,SD,4
ID_0587,Weed,Elodea,-31.46,12.92,0.22,0.16,SD,3
ID_0587,Reed,NA,-28.48,20.65,NA,NA,NA,1
ID_0588,Amphipod,Amphipoda,-25.01,3.32,1.61,0.45,SD,25
ID_0588,Water boatman,Corixidae,-29.1,4.25,2.9,0.91,SD,22
ID_0588,Gastropod,Lymnaeidae/ Physidae,-25.56,3.22,2.5,1.15,SD,24
ID_0588,Detritus,,-28.52,-2.59,1.37,1.54,SD,10
ID_0588,Algae,NA,-24.53,2.51,2.31,0.75,SD,9
ID_0588,Periphyton,NA,-26.4,2.49,0.4,0.6,SD,30
ID_0589,Amphipod,Amphipoda,-26.7,3.66,1.08,0.42,SD,2
ID_0589,Mayfly,Baetidae,-26.69,2.47,NA,NA,NA,1
ID_0589,Water boatman,Corixidae,-27.23,4.47,0.38,0.48,SD,7
ID_0589,Gastropod,Lymnaeidae/ Physidae,-26.85,3.12,0.88,1.23,SD,3
ID_0589,Detritus,NA,-29.98,0.86,0.13,4.89,SD,2
ID_0589,Algae,NA,-26.66,4.55,1.62,0.55,SD,2
ID_0589,Periphyton,NA,-26.07,2.21,0.15,1.29,SD,6
ID_0590,Spider,Arachnida,-21.09,10.92,NA,NA,NA,1
ID_0590,Shrimp,Atyidae,-27.46,11.29,NA,NA,NA,1
ID_0590,Mayfly,Baetidae,-29.95,9.17,NA,NA,NA,1
ID_0590,Mayfly,Caenidae,-29.59,6.77,NA,NA,NA,1
ID_0590,Crayfish,Cherax quadricarinatus,-22.84,9.43,NA,NA,NA,1
ID_0590,Midge,Chironomidae,-27.87,8.08,NA,NA,NA,1
ID_0590,Coleoptera,NA,-27.49,13.01,NA,NA,NA,1
ID_0590,Water boatman,Corixidae,-27.45,7.87,NA,NA,NA,1
ID_0590,Shrimp,Macrobrachium,-24.01,12,2.28,0.33,SD,3
ID_0590,Water scorpion,Nepidae,-24.15,6.73,NA,NA,NA,1
ID_0590,Detritus,NA,-30.85,5.17,NA,NA,NA,1
ID_0590,Grass,NA,-13.75,6.56,NA,NA,NA,1
ID_0590,Periphyton,NA,-17.33,4.63,0.38,1.95,SD,3
ID_0590,Zooplankton,NA,-31.79,10.66,1.28,1.22,SD,4
ID_0591,Spider,Arachnida,-25.72,10.58,NA,NA,NA,1
ID_0591,Shrimp,Atyidae,-27.37,7.26,NA,NA,NA,1
ID_0591,Mayfly,Baetidae,-29.32,6.52,NA,NA,NA,1
ID_0591,Mayfly,Caenidae,-28.46,6.4,NA,NA,NA,1
ID_0591,Midge,Chironomidae,-29.47,6.77,NA,NA,NA,1
ID_0591,Damselfly,Coenagrionidae,-28.45,8.11,NA,NA,NA,1
ID_0591,Water beetle,Dytiscidae,-23.67,6.92,NA,NA,NA,1
ID_0591,Water scavenger beetle,Hydrophilidae,-24.54,5.84,NA,NA,NA,1
ID_0591,Caddisfly,Leptoceridae,-29.35,8.45,NA,NA,NA,1
ID_0591,Shrimp,Macrobrachium,-24.85,10.82,0.18,0.01,SD,3
ID_0591,Backswimmer,Pleidae,-23.13,5.75,NA,NA,NA,1
ID_0591,Algae,NA,-13.15,6.54,1.41,1.07,SD,3
ID_0591,Periphyton,NA,-17.62,3.76,0.69,0.41,SD,3
ID_0592,Shrimp,Atyidae,-26.74,10.38,0.38,0.88,SD,3
ID_0592,Mayfly,Baetidae,-26.29,3.95,NA,NA,NA,1
ID_0592,Mayfly,Caenidae,-27.09,4.95,NA,NA,NA,1
ID_0592,Crickets,Grylloidea,-18.89,10.69,NA,NA,NA,1
ID_0592,Caddisfly,Leptoceridae,-23.66,5.47,NA,NA,NA,1
ID_0592,Skimmer dragonfly,Libellulidae,-26.48,5.62,NA,NA,NA,1
ID_0592,Shrimp,Macrobrachium,-22.39,9.86,NA,NA,NA,1
ID_0592,Common backswimmer,Notodramadidae,-16.37,9.04,NA,NA,NA,1
ID_0592,Dragonfly,Odonata,-28.56,5.91,NA,NA,NA,1
ID_0592,Horse fly,Tabanidae,-22.12,4.51,NA,NA,NA,1
ID_0592,Algae,NA,-14.66,1.94,0.52,0.4,SD,3
ID_0592,Detritus,NA,-32.16,5.03,NA,NA,NA,1
ID_0592,Grass,NA,-15.02,1.94,NA,NA,NA,1
ID_0592,Periphyton,NA,-16.75,2.93,3.67,0.8,SD,5
ID_0592,Zooplankton,NA,-32.79,7.77,0.33,0.06,SD,2
ID_0593,Shrimp,Atyidae,-27.57,5.35,NA,NA,NA,1
ID_0593,Mayfly,Baetidae,-28.16,4.86,NA,NA,NA,1
ID_0593,Mayfly,Caenidae,-27.54,4.79,NA,NA,NA,1
ID_0593,Midge,Chironomidae,-30.79,2.76,NA,NA,NA,1
ID_0593,Damselfly,Coenagrionidae,-28.32,5.96,NA,NA,NA,1
ID_0593,Water boatman,Corixidae,-20.29,9.66,NA,NA,NA,1
ID_0593,Water beetle,Dytiscidae,-20.56,4.78,NA,NA,NA,1
ID_0593,Damselfly,Isostictidae,-29.07,5.73,NA,NA,NA,1
ID_0593,Caddisfly,Leptoceridae,-30.73,4.18,NA,NA,NA,1
ID_0593,Shrimp,Macrobrachium,-26.95,8.98,0.39,0.71,SD,3
ID_0593,Backswimmer,Pleidae,-26.71,5.19,NA,NA,NA,1
ID_0593,Periphyton,NA,-23.05,2.7,0.25,0.55,SD,3
ID_0593,Seston,NA,-27.45,2.11,0.12,0.76,SD,3
ID_0593,Zooplankton,NA,-27.87,7.08,0.36,0.99,SD,2
ID_0594,Spider,Arachnida,-25.34,8.23,1.4,0.97,SD,3
ID_0594,Shrimp,Atyidae,-25.26,10.84,NA,NA,NA,1
ID_0594,Mayfly,Baetidae,-30.02,6.76,NA,NA,NA,1
ID_0594,Mayfly,Caenidae,-31.39,6.05,NA,NA,NA,1
ID_0594,Crayfish,Cherax sp,-30.23,8.39,NA,NA,NA,1
ID_0594,Crayfish,Cherax quadricarinatus,-22.85,10.16,1.45,0.26,SD,3
ID_0594,Midge,Chironomidae,-25.22,6.42,NA,NA,NA,1
ID_0594,Damselfly,Coenagrionidae,-29.73,8.52,NA,NA,NA,1
ID_0594,Coleoptera,NA,-23.17,6.11,NA,NA,NA,1
ID_0594,Mosquitoes,Culicidae,-26.73,5.28,NA,NA,NA,1
ID_0594,Clubtail dragonfly,Gomphidae,-27.04,9.52,NA,NA,NA,1
ID_0594,Dragonfly,Hemicorduliidae,-30.78,8.34,NA,NA,NA,1
ID_0594,Caddisfly,Leptoceridae,-29.35,7.02,NA,NA,NA,1
ID_0594,Shrimp,Macrobrachium,-23.34,11.11,2.56,1.12,SD,3
ID_0594,Crab,Parathelphusinae,-19.14,7.51,NA,NA,NA,1
ID_0594,Backswimmer,Pleidae,-25.45,5.65,NA,NA,NA,1
ID_0594,Algae,NA,-14.82,1.35,5.47,1.7,SD,3
ID_0594,Grass,NA,-13.53,4.31,0.61,1.26,SD,3
ID_0594,Zooplankton,NA,-31.86,8.35,0.44,0.17,SD,2
ID_0595,Spider,Arachnida,-27.13,8.06,NA,NA,NA,1
ID_0595,Shrimp,Atyidae,-26.61,6.06,NA,NA,NA,1
ID_0595,Mayfly,Baetidae,-28.5,6,NA,NA,NA,1
ID_0595,Mayfly,Caenidae,-28.6,5.03,NA,NA,NA,1
ID_0595,Crayfish,Cherax quadricarinatus,-22.22,9.77,1.42,0.47,SD,3
ID_0595,Damselfly,Coenagrionidae,-27.99,6.88,NA,NA,NA,1
ID_0595,Water beetle,Dytiscidae,-23.87,8.59,NA,NA,NA,1
ID_0595,Water scavenger beetle,Hydrophilidae,-22.19,4.37,NA,NA,NA,1
ID_0595,Caddisfly,Leptoceridae,-28.24,7.25,NA,NA,NA,1
ID_0595,Shrimp,Macrobrachium,-22.4,10.31,1.84,0.26,SD,3
ID_0595,Backswimmer,Pleidae,-23.37,4.1,NA,NA,NA,1
ID_0595,Algae,NA,-10.31,3.74,0.24,1.85,SD,3
ID_0595,Periphyton,NA,-16.3,4.07,0.24,0.27,SD,3
ID_0595,Zooplankton,NA,-29.82,8.42,0.48,0.76,SD,2
ID_0596,Spider,Arachnida,-21.86,9.15,NA,NA,NA,1
ID_0596,Mayfly,Baetidae,-26.54,6.1,NA,NA,NA,1
ID_0596,Mayfly,Caenidae,-27.08,6.38,NA,NA,NA,1
ID_0596,Fly,Ceratopogonidae,-28.85,8.42,NA,NA,NA,1
ID_0596,Midge,Chironomidae,-25.59,7.05,NA,NA,NA,1
ID_0596,Water boatman,Corixidae,-23.04,5.67,NA,NA,NA,1
ID_0596,Mosquitoes,Culicidae,-26.36,7.48,NA,NA,NA,1
ID_0596,Water beetle,Dytiscidae,-23.47,5.89,2.09,1.24,SD,3
ID_0596,Caddisfly,Leptoceridae,-26.35,10.71,NA,NA,NA,1
ID_0596,Shrimp,Macrobrachium,-26.84,11.66,1.14,0.58,SD,3
ID_0596,Common backswimmer,Notonectidae,-29.75,10.44,NA,NA,NA,1
ID_0596,Orthoptera,NA,-14.36,14.97,NA,NA,NA,1
ID_0596,Crab,Parathelphusinae,-24.5,7.51,NA,NA,NA,1
ID_0596,Detritus,NA,-29.62,8.36,NA,NA,NA,1
ID_0596,Algae,NA,-20.87,1.9,NA,NA,NA,1
ID_0596,Grass,NA,-17.72,18.04,7.84,3.82,SD,3
ID_0596,Cladoceran,Moinidae,-25.94,7.08,NA,NA,NA,1
ID_0596,Zooplankton,NA,-34.87,8.59,0.67,0.27,SD,2
ID_0597,Shrimp,Atyidae,-21.29,7.28,NA,NA,NA,1
ID_0597,Mayfly,Caenidae,-22.53,4.6,NA,NA,NA,1
ID_0597,Coleoptera,NA,-24.38,4.07,NA,NA,NA,1
ID_0597,Water boatman,Corixidae,-21.48,3.24,NA,NA,NA,1
ID_0597,Bivalve,NA,-26.14,4.66,NA,NA,NA,1
ID_0597,Horse fly,Tabanidae,-20.22,5.28,NA,NA,NA,1
ID_0597,Bivalve,Unionidae,-27.02,8.07,0.34,0.47,SD,3
ID_0597,Periphyton,NA,-24.18,3.81,0.13,0.48,SD,3
ID_0597,Zooplankton,NA,-25.3,5.24,NA,NA,NA,1
ID_0598,Shrimp,Atyidae,-26.98,8.35,NA,NA,NA,1
ID_0598,Mayfly,Baetidae,-28.3,4.63,NA,NA,NA,1
ID_0598,Mayfly,Caenidae,-29.84,2.86,NA,NA,NA,1
ID_0598,Crayfish,Cherax quadricarinatus,-21.6,8.3,1.24,0.38,SD,3
ID_0598,Midge,Chironomidae,-28.89,4.91,NA,NA,NA,1
ID_0598,Water beetle,Dytiscidae,-24.59,5.9,NA,NA,NA,1
ID_0598,Water strider,Gerridae,-26.71,6.01,NA,NA,NA,1
ID_0598,Clubtail dragonfly,Gomphidae,-29.54,5.76,NA,NA,NA,1
ID_0598,Dragonfly,Hemicorduliidae,-30.06,4.2,NA,NA,NA,1
ID_0598,Caddisfly,Leptoceridae,-29.25,3.83,NA,NA,NA,1
ID_0598,Skimmer dragonfly,Libellulidae,-28.57,4.11,NA,NA,NA,1
ID_0598,Shrimp,Macrobrachium,-23.19,9.37,2.33,0.66,SD,4
ID_0598,Detritus,NA,-30.46,4.25,NA,NA,NA,1
ID_0598,Algae,NA,-16.72,1.51,NA,NA,NA,1
ID_0598,Grass,NA,-14.79,5.11,NA,NA,NA,1
ID_0598,Periphyton,NA,-12.37,2.88,1.11,0.18,SD,3
ID_0598,Seston,NA,-28.93,1.68,0.73,1.62,SD,5
ID_0599,Spider,Arachnida,-28.05,8.51,NA,NA,NA,1
ID_0599,Mayfly,Baetidae,-27.02,2.74,NA,NA,NA,1
ID_0599,Mayfly,Caenidae,-28.47,1.64,NA,NA,NA,1
ID_0599,Midge,Chironomidae,-31.1,1.91,NA,NA,NA,1
ID_0599,Ladybugs,Coccinellidae,-28.03,10.58,NA,NA,NA,1
ID_0599,Damselfly,Coenagrionidae,-28.32,6.16,NA,NA,NA,1
ID_0599,Water boatman,Corixidae,-21.03,5.11,NA,NA,NA,1
ID_0599,Water beetle,Dytiscidae,-21.48,4.32,NA,NA,NA,1
ID_0599,Crickets,Grylloidea,-23.94,5.38,NA,NA,NA,1
ID_0599,Water scavenger beetle,Hydrophilidae,-25.04,2.98,NA,NA,NA,1
ID_0599,Caddisfly,Leptoceridae,-26.97,5.34,NA,NA,NA,1
ID_0599,Shrimp,Macrobrachium,-26.73,8.83,2.08,0.75,SD,6
ID_0599,Backswimmer,Pleidae,-24.51,4.95,NA,NA,NA,1
ID_0599,Detritus,NA,-29.69,6.09,NA,NA,NA,1
ID_0599,Algae,NA,-10.68,3.78,0.72,0.87,SD,6
ID_0599,Macrophyte,Charophyta,-10.4,4.04,0.78,1.52,SD,4
ID_0599,Grass,NA,-13.76,5.8,NA,NA,NA,1
ID_0599,Periphyton,NA,-24.07,8.47,NA,NA,NA,1
ID_0599,Seston,NA,-27.74,0.4,0.13,0.86,SD,3
ID_0599,Zooplankton,NA,-28.36,7.11,0.2,0.59,SD,3
ID_0600,Shrimp,Atyidae,-27.78,12.57,NA,NA,NA,1
ID_0600,Mayfly,Baetidae,-31.05,6.79,NA,NA,NA,1
ID_0600,Mayfly,Caenidae,-32.74,9.01,NA,NA,NA,1
ID_0600,Water strider,Gerridae,-27.01,8.34,NA,NA,NA,1
ID_0600,Caddisfly,Glossosomatidae,-28.47,10.66,NA,NA,NA,1
ID_0600,Crickets,Grylloidea,-16.9,8.21,NA,NA,NA,1
ID_0600,Dragonfly,Hemicorduliidae,-29.57,8.8,NA,NA,NA,1
ID_0600,Caddisfly,Leptoceridae,-28.05,5.6,NA,NA,NA,1
ID_0600,Mayfly,Leptophlebiidae,-28.81,7.59,NA,NA,NA,1
ID_0600,Common backswimmer,Notonectidae,-27.31,7.65,NA,NA,NA,1
ID_0600,Horse fly,Tabanidae,-29.1,9.03,NA,NA,NA,1
ID_0600,Algae,NA,-24.42,8.27,4.07,1.36,SD,3
ID_0600,Detritus,NA,-29.95,2.76,NA,NA,NA,1
ID_0600,Periphyton,NA,-21.47,2.51,1.24,1.47,SD,3
ID_0600,Seston,NA,-30.46,5.36,1.07,0.64,SD,3
ID_0601,Mayfly,Baetidae,-24.41,4.2,NA,NA,NA,1
ID_0601,Mayfly,Caenidae,-27.31,4.09,NA,NA,NA,1
ID_0601,Midge,Chironomidae,-26.51,6.47,NA,NA,NA,1
ID_0601,Water beetle,Dytiscidae,-22.53,0.73,NA,NA,NA,1
ID_0601,Shrimp,Macrobrachium,-27.42,11.96,0.55,0.28,SD,3
ID_0601,Gastropod,NA,-28.88,5.87,NA,NA,NA,1
ID_0601,Orthoptera,NA,-19.42,6.56,NA,NA,NA,1
ID_0601,Trichoptera,NA,-27.28,6.81,NA,NA,NA,1
ID_0601,Detritus,NA,-28.91,2.56,NA,NA,NA,1
ID_0601,Algae,NA,-13.59,3.79,6.78,1.73,SD,3
ID_0601,Grass,NA,-14.23,3.62,NA,NA,NA,1
ID_0601,Periphyton,NA,-16.86,2.58,1.27,1.02,SD,3
ID_0601,Seston,NA,-27.65,1.13,0.13,1.31,SD,3
ID_0602,Spider,Arachnida,-19.74,14.26,5.63,4.48,SD,3
ID_0602,Mayfly,Baetidae,-30.71,6.22,NA,NA,NA,1
ID_0602,Mayfly,Caenidae,-29.85,8.13,NA,NA,NA,1
ID_0602,Crayfish,Cherax quadricarinatus,-21.37,9.29,1.57,0.05,SD,3
ID_0602,Midge,Chironomidae,-29.94,8.32,NA,NA,NA,1
ID_0602,Midge,Chironomidae,-25.64,6.14,NA,NA,NA,1
ID_0602,Mosquitoes,Culicidae,-29.65,7.55,NA,NA,NA,1
ID_0602,Gastropod,NA,-29.9,7.23,0.17,0.67,SD,3
ID_0602,Dragonfly,Hemicorduliidae,-29.23,7.93,NA,NA,NA,1
ID_0602,Caddisfly,Leptoceridae,-25.83,7.48,NA,NA,NA,1
ID_0602,Shrimp,Macrobrachium,-23.8,11.72,2.75,0.71,SD,4
ID_0602,Damselfies,Protoneuridae,-28.87,12.68,NA,NA,NA,1
ID_0602,Gastropod,Viviparidae,-31.7,7.8,NA,NA,NA,1
ID_0602,Detritus,NA,-30.56,6.22,NA,NA,NA,1
ID_0602,Algae,NA,-13.59,1.64,NA,NA,NA,1
ID_0602,Grass,NA,-14.3,12.93,NA,NA,NA,1
ID_0602,Periphyton,NA,-20.6,3.86,7.58,1.23,SD,6
ID_0602,Zooplankton,NA,-33.1,10.78,NA,NA,NA,1
ID_0603,Dragonfly,Anisoptera,-25.91,10.68,NA,NA,NA,1
ID_0603,Shrimp,Atyidae,-26.23,9.53,NA,NA,NA,1
ID_0603,Mayfly,Baetidae,-26.9,6.78,NA,NA,NA,1
ID_0603,Mayfly,Caenidae,-28.4,6.1,NA,NA,NA,1
ID_0603,Crayfish,Cherax sp,-23.01,9.61,1.68,0.12,SD,2
ID_0603,Midge,Chironomidae,-26.43,7.15,1.93,0.83,SD,5
ID_0603,Damselfies,Coenagrionidae,-28.15,8.79,NA,NA,NA,1
ID_0603,Water boatman,Corixidae,-22.05,6.38,0.76,1.22,SD,8
ID_0603,Diptera,NA,-27.24,11.99,NA,NA,NA,1
ID_0603,Water beetle,Dytiscidae,-23.02,4.39,1.23,2.72,SD,2
ID_0603,Mayfly,NA,-25.51,6.59,4.9,1.34,SD,2
ID_0603,Gastropod,NA,-28.86,9.82,1.87,3.25,SD,7
ID_0603,Caddisfly,Leptoceridae,-27.59,7.05,NA,NA,NA,1
ID_0603,Shrimp,Macrobrachium,-24.77,10.29,0.85,0.7,SD,4
ID_0603,Orthoptera,NA,-23.62,5.8,5.96,0.54,SD,2
ID_0603,Spider,Pisauridae,-25.63,8.75,NA,NA,NA,1
ID_0603,Backswimmer,Pleidae,-24.31,5.25,NA,NA,NA,1
ID_0603,Trichoptera,NA,-23.51,4.17,NA,NA,NA,1
ID_0603,Periphyton,NA,-20.42,1.82,1.35,2.65,SD,3
ID_0603,Zooplankton,NA,-30.74,8.12,0.06,0.13,SD,2
ID_0604,Spider,Arachnida,-26.48,9,1.67,1.77,SD,2
ID_0604,Shrimp,Atyidae,-28.33,7.56,NA,NA,NA,1
ID_0604,Mayfly,Baetidae,-28.83,6.07,NA,NA,NA,1
ID_0604,Mayfly,Caenidae,-28.74,6.57,NA,NA,NA,1
ID_0604,Crayfish,Cherax quadricarinatus,-22.95,9.21,1.79,0.23,SD,3
ID_0604,Midge,Chironomidae,-27.63,7.97,NA,NA,NA,1
ID_0604,Water boatman,Corixidae,-28.24,6.84,NA,NA,NA,1
ID_0604,Mosquitoes,Culicidae,-28.48,7.91,NA,NA,NA,1
ID_0604,Gastropod,NA,-30.12,8.52,0.43,0.39,SD,3
ID_0604,Dragonfly,Hemicorduliidae,-27.37,8.54,NA,NA,NA,1
ID_0604,Water strider,Hydrometridae,-26.78,8.16,NA,NA,NA,1
ID_0604,Caddisfly,Leptoceridae,-25.72,7.31,NA,NA,NA,1
ID_0604,Shrimp,Macrobrachium,-24.52,10.96,3.53,0.5,SD,3
ID_0604,Bivalve,Unionidae,-28.03,10.43,NA,NA,NA,1
ID_0604,Detritus,NA,-29.75,6.59,NA,NA,NA,1
ID_0604,Algae,NA,-12.15,-0.04,0.17,0.67,SD,3
ID_0604,Grass,NA,-13.44,7.62,NA,NA,NA,1
ID_0604,Periphyton,NA,-21,6.72,0.26,1.46,SD,3
ID_0604,Crocodile,Crocodylus johnstoni,-16.46,9.62,NA,NA,NA,1
ID_0604,Zooplankton,NA,-34.17,11.06,0.25,0.46,SD,2
ID_0605,Shrimp,Atyidae,-22.83,7.57,NA,NA,NA,1
ID_0605,Mayfly,Baetidae,-25.24,6.07,NA,NA,NA,1
ID_0605,Mayfly,Caenidae,-24.09,5.48,NA,NA,NA,1
ID_0605,Midge,Chironomidae,-28.34,6.39,NA,NA,NA,1
ID_0605,Damselfies,Coenagrionidae,-25.33,6.6,NA,NA,NA,1
ID_0605,Water beetle,Dytiscidae,-18.15,4.55,NA,NA,NA,1
ID_0605,Gastropod,NA,-27.8,7.1,NA,NA,NA,1
ID_0605,Crickets,Grylloidea,-27.03,7.98,NA,NA,NA,1
ID_0605,Caddisfly,Leptoceridae,-23.6,6.45,NA,NA,NA,1
ID_0605,Shrimp,Macrobrachium,-24.53,10.64,1.12,0.83,SD,2
ID_0605,Backswimmer,Pleidae,-21.69,5.88,NA,NA,NA,1
ID_0605,Periphyton,NA,-16.77,3.89,1.91,0.44,SD,6
ID_0605,Macrophyte,Pseudoraphis,-13.93,7.38,0.2,1.09,SD,3
ID_0605,Zooplankton,NA,-30.64,9.72,0.07,0.03,SD,2
ID_0606,Shrimp,Atyidae,-26.24,5.11,0.5,0.7,SD,2
ID_0606,Mayfly,Baetidae,-27.37,2.48,NA,NA,NA,1
ID_0606,Mayfly,Caenidae,-27.17,3.55,3.2,2.45,SD,2
ID_0606,Bivalve,Chonchostraca,-30.85,2.86,NA,NA,NA,1
ID_0606,Damselfies,Coenagrionidae,-25.63,5.98,0.29,0.79,SD,2
ID_0606,Weevil,Curculionidae,-24.01,7.68,NA,NA,NA,1
ID_0606,Water beetle,Dytiscidae,-24.88,4.86,NA,NA,NA,1
ID_0606,Gastropod,NA,-33.14,5.05,NA,NA,NA,1
ID_0606,Water scavenger beetle,Hydrophilidae,-23.12,4.07,14.13,3.01,SD,2
ID_0606,Net-spinning caddisfly,Hydropsychidae,-24.33,4,NA,NA,NA,1
ID_0606,Freshwater mussel,Hyriidae,-35.64,5.9,NA,NA,NA,1
ID_0606,Lepidoptera,NA,-23.72,6.37,NA,NA,NA,1
ID_0606,Caddisfly,Leptoceridae,-25.01,3.67,0.91,0.91,SD,2
ID_0606,Skimmer dragonfly,Libellulidae/Cordulidae,-26.71,4.95,NA,NA,NA,1
ID_0606,Gastropod,Lymnaeidae,-24.21,3.42,NA,NA,NA,1
ID_0606,Spider,Nephilidae,-28.23,5.63,NA,NA,NA,1
ID_0606,Water scorpion,Nepidae,-29.84,5.09,NA,NA,NA,1
ID_0606,Water scavenger beetle,Noteridae/Hydrophilidae ?,-27.12,2,NA,NA,NA,1
ID_0606,Common backswimmer,Notonectidae,-28.82,3.89,2.21,0.11,SD,2
ID_0606,Orthoptera,NA,-20.25,2.28,10.43,3.79,SD,2
ID_0606,Shrimp,Palaemonidae,-26.39,8.27,0.48,0.5,SD,3
ID_0606,Gastropod,Physidae,-28.89,3.58,NA,NA,NA,1
ID_0606,Spider,Pisauridae,-20.98,7.47,NA,NA,NA,1
ID_0606,Gastropod,Planorbidae,-18.31,4.07,7.19,0.65,SD,2
ID_0606,Backswimmer,Pleidae,-27.94,3.06,1.03,0.03,SD,2
ID_0606,Spider,Tetragnathidae,-25.6,5.31,NA,NA,NA,1
ID_0606,Detritus,,-30.5,2.33,0.66,0.51,SD,2
ID_0606,Algae,NA,-19.22,-0.12,NA,NA,NA,1
ID_0606,Macrophyte,Cyperaceae,-13.35,5.64,NA,NA,NA,1
ID_0606,Grass,,-13.76,7.87,NA,NA,NA,1
ID_0606,Macrophyte,Najas,-28.3,2.79,NA,NA,NA,1
ID_0606,Macrophyte,Nymphaeaceae,-24.84,1.87,0.54,4.04,SD,2
ID_0606,Periphyton,NA,-25.42,3.88,1.69,1.58,SD,9
ID_0606,Seston,NA,-31.11,3.58,0.93,5.2,SD,4
ID_0606,Crocodile,Crocodylus porosus,-21.96,8.97,NA,NA,NA,1
ID_0606,Seed,NA,-25.33,2.27,NA,NA,NA,1
ID_0606,Cladoceran,NA,-28.99,4.35,NA,NA,NA,1
ID_0606,Zooplankton,NA,-30.76,5.37,1.04,0.54,SD,3
ID_0607,Shrimp,Atyidae,-32.15,5.64,0.32,0.71,SD,2
ID_0607,Mayfly,Baetidae,-37.22,0.96,4.51,3.82,SD,2
ID_0607,Caddisfly,Calamoceratidae,-30.17,1.56,NA,NA,NA,1
ID_0607,Caddisfly,Calamoceratidae & Helicopsychidae,-35.25,1.21,NA,NA,NA,1
ID_0607,Damselfies,Coenagrionidae,-31.72,5.56,0.96,0.66,SD,2
ID_0607,Coleoptera,NA,-30.76,1.52,0.65,3.87,SD,2
ID_0607,Dragonfly,Corduliidae,-33.63,3.49,1.49,0.92,SD,3
ID_0607,Dragonfly,Corduliidae/Libullidae,-31.44,4.35,NA,NA,NA,1
ID_0607,Diptera,NA,-33.17,4.1,NA,NA,NA,1
ID_0607,Caddisfly,Ecnomidae,-35.13,5.97,NA,NA,NA,1
ID_0607,Clubtail dragonfly,Gomphidae,-30.68,5.61,NA,NA,NA,1
ID_0607,Whirligig Beetle,Gyrinidae,-31.24,4.74,NA,NA,NA,1
ID_0607,Net-spinning caddisfly,Hydropsychidae,-33.55,5.46,NA,NA,NA,1
ID_0607,Caddisfly,Leptoceridae,-32.92,1.89,0.76,1.29,SD,2
ID_0607,Mayfly,Leptophlebiidae,-32.99,2.55,0.14,0.27,SD,2
ID_0607,Creeping Water Bugs,Naucoridae,-29.67,3.88,NA,NA,NA,1
ID_0607,Golden orb-weaver,Nephilidae,-27.95,6,0.93,0.99,SD,2
ID_0607,Water scorpion,Nepidae,-32.87,6.08,NA,NA,NA,1
ID_0607,Orthoptera,NA,-26.3,4.14,NA,NA,NA,1
ID_0607,Shrimp,Palaemonidae,-28.24,7.8,1.43,0.52,SD,5
ID_0607,Net-spinning caddisfly,Philopotamidae,,,,,,
ID_0607,Spider,Pisauridae,-30.25,6.03,NA,NA,NA,1
ID_0607,Backswimmer,Pleidae,-28.36,2.7,NA,NA,NA,1
ID_0607,Spider,Tetragnathidae,-29.7,6.23,NA,NA,NA,1
ID_0607,Agile wallaby,Macropus agilis,-14.99,5.05,0.83,0.16,SD,2
ID_0607,Wild boar,Sus scrofa,-21.54,5.36,0.56,0.57,SD,8
ID_0607,Detritus,NA,-31.69,-2.07,NA,NA,NA,1
ID_0607,Algae,NA,-36.71,6.16,NA,NA,NA,1
ID_0607,Epixylon,NA,-31.78,11.11,0.69,0.67,SD,2
ID_0607,Grass,NA,-11.87,0.08,NA,NA,NA,1
ID_0607,Macrophyte,NA,-32.41,2.5,1.13,2.24,SD,2
ID_0607,Macrophyte,Nymphaeaceae,-32.17,2.18,0.83,2.1,SD,2
ID_0607,Macrophyte,Pandanus,-27.71,7.47,NA,NA,NA,1
ID_0607,Periphyton,NA,-31.04,5.98,2.43,8.17,SD,9
ID_0607,Seston,NA,-30.19,5.54,0.27,2.56,SD,2
ID_0607,Crocodile,Crocodylus porosus,-20.08,8.02,1.14,1.53,SD,3
ID_0607,Turtle,Testudines,-26.84,5.36,NA,NA,NA,1
ID_0608,Shrimp,Atyidae,-28.38,8.25,2.66,0.3,SD,2
ID_0608,Mayfly,Baetidae,-27.14,9.16,NA,NA,NA,1
ID_0608,Gastropod,Bithynidae,-31.45,6.98,0.97,1.2,SD,3
ID_0608,Midge,Chironomidae,-35.47,11,NA,NA,NA,1
ID_0608,Damselfies,Coenagrionidae,-32.26,9.2,2.26,1.42,SD,2
ID_0608,Water boatman,Corixidae,-25.94,4.51,NA,NA,NA,1
ID_0608,Water beetle,Dytiscidae,-28.16,4.46,1.89,1.21,SD,2
ID_0608,Water beetle,Hydrochidae,-26.18,3.62,4.16,1.63,SD,2
ID_0608,Water scavenger beetle,Hydrophilidae,-30.24,2.58,NA,NA,NA,1
ID_0608,Lepidoptera,NA,-23.55,2.72,NA,NA,NA,1
ID_0608,Caddisfly,Leptoceridae,-30.57,7.13,3.9,1.3,SD,2
ID_0608,Dragonfly,Lindeniidae,-29.01,6.92,NA,NA,NA,1
ID_0608,Creeping Water Bugs,Naucoridae,-31.1,1.35,NA,NA,NA,1
ID_0608,Water scorpion,Nepidae,-32.46,4.2,NA,NA,NA,1
ID_0608,Common backswimmer,Notonectidae,-26.68,5.63,NA,NA,NA,1
ID_0608,Shrimp,Palaemonidae,-27.82,9.29,1.53,0.75,SD,4
ID_0608,Gastropod,Planorbidae,-26.77,4.99,NA,NA,NA,1
ID_0608,Backswimmer,Pleidae,-28.16,4.15,2.21,0.72,SD,2
ID_0608,Gastropod,Viviparidae,-33.46,7.51,NA,NA,NA,1
ID_0608,Detritus,NA,-30.42,1.43,NA,NA,NA,1
ID_0608,Epixylon,NA,-27.15,5.25,NA,NA,NA,1
ID_0608,Macrophyte,NA,-18.49,2.93,4.44,3.05,SD,2
ID_0608,Macrophyte,Nymphaeaceae,-25.13,4.73,0,1.56,SD,2
ID_0608,Periphyton,NA,-26.06,6.93,3.97,2.64,SD,7
ID_0608,Seston,NA,-31.44,4.14,0.69,1.01,SD,3
ID_0608,Frog,Rhinella marina,-22.18,7.82,NA,NA,NA,1
ID_0608,Crocodile,Crocodylus porosus,-20.13,8.3,1.32,0.18,SD,3
ID_0608,Turtle,Testudines,-27.17,9.68,NA,NA,NA,1
ID_0608,Copepod,Calanoida,-37.33,9.29,0.82,0.39,SD,2
ID_0608,Copepod,NA,-35.45,9.18,0.76,0.4,SD,2
ID_0608,Zooplankton,NA,-33.22,9.92,NA,NA,NA,1
ID_0609,Shrimp,Atyidae,-28.23,6.59,NA,NA,NA,1
ID_0609,Damselfies,Coenagrionidae,-25.97,5.31,NA,NA,NA,1
ID_0609,Shrimp,Palaemonidae,-23.88,8.18,NA,NA,NA,1
ID_0609,Detritus,NA,-31.43,2.36,NA,NA,NA,1
ID_0609,Periphyton,NA,-25.75,4.62,1.49,1.83,SD,3
ID_0609,Potamogeton,NA,-22.69,4.59,NA,NA,NA,1
ID_0609,Seston,NA,-30.97,1.93,0.14,0.46,SD,2
ID_0609,Crocodile,Crocodylus porosus,-20.16,7.77,1.96,0.96,SD,23
ID_0609,Copepod/Cladoceran,NA,-30.84,3.08,0.5,0.4,SD,2
ID_0610,Hawker dragonfly,Aeshnidae,-24.97,2.42,NA,NA,NA,1
ID_0610,Shrimp,Atyidae,-28.24,2.03,2.26,0.85,SD,3
ID_0610,Mayfly,Baetidae,-23.17,0.48,2.57,0.74,SD,3
ID_0610,Giant water bugs,Belostomatidae,-24.54,2.49,3.26,0.87,SD,5
ID_0610,Mayfly,Caenidae,-22.99,-0.12,NA,NA,NA,1
ID_0610,Bivalve,Chonchostraca,-28.63,-1.11,NA,NA,NA,1
ID_0610,Damselfies,Coenagrionidae,-24.44,3.27,2.19,1.06,SD,6
ID_0610,Water boatman,Corixidae,-27.84,1.3,NA,NA,NA,1
ID_0610,Water beetle,Dytiscidae,-27.16,2.09,NA,NA,NA,1
ID_0610,Water scavenger beetle,Hydrophilidae,-26.23,-1.52,NA,NA,NA,1
ID_0610,Caddisfly,Leptoceridae,-25.89,-0.05,2.15,0.07,SD,2
ID_0610,Skimmer dragonfly,Libellulidae,-25.97,2.79,1.95,0.56,SD,3
ID_0610,Skimmer dragonfly,Libellulidae/Cordulidae,-21.78,1.59,NA,NA,NA,1
ID_0610,Spider,Lycosidae,-24,4.35,0.49,0.68,SD,2
ID_0610,Gastropod,Lymnaeidae,-23.81,1.31,0.85,0.42,SD,4
ID_0610,Spider,Nephilidae,-23.84,4.66,NA,NA,NA,1
ID_0610,Water scorpion,Nepidae,-27.47,5.26,0.7,4.46,SD,2
ID_0610,Common backswimmer,Notonectidae,-26.63,1.75,NA,NA,NA,1
ID_0610,Orthoptera,NA,-13.64,1.53,NA,NA,NA,1
ID_0610,Spider,Pisauridae,-24.59,2.61,1.66,2.13,SD,2
ID_0610,Gastropod,Planorbidae,-17.85,1.49,3.2,0.82,SD,4
ID_0610,Backswimmer,Pleidae,-25.72,1.14,NA,NA,NA,1
ID_0610,Horse fly,Tabanidae,-22.71,3.42,NA,NA,NA,1
ID_0610,Spider,Tetragnathidae,-25.04,3.96,NA,NA,NA,1
ID_0610,Algae,NA,-17.08,0.51,NA,NA,NA,1
ID_0610,Grass,Brachiaria mutica,-11.62,-1.93,NA,NA,NA,1
ID_0610,Macrophyte,Ceratophyllum,-26.11,3.42,4.97,0.93,SD,2
ID_0610,Detritus,NA,-30.55,1.9,NA,NA,NA,1
ID_0610,Epixylon,NA,-28.35,3.99,NA,NA,NA,1
ID_0610,Macrophyte,Leersia,-28.81,2.43,NA,NA,NA,1
ID_0610,Macrophyte,Najas,-26.33,0.99,NA,NA,NA,1
ID_0610,Macrophyte,Nymphaeaceae,-26.04,-0.99,NA,NA,NA,1
ID_0610,Periphyton,NA,-25.72,3.57,3.55,2.8,SD,24
ID_0610,Seston,NA,-26.73,0.85,0.8,0.89,SD,3
ID_0610,Copepod,NA,-31.56,3.81,0.4,0.99,SD,3
ID_0610,Ostracod,NA,-32.03,0.24,0.7,0.56,SD,2
ID_0611,Hawker dragonfly,Aeshnidae,-26.36,6.93,1.76,0.99,SD,2
ID_0611,Spider,Arachnida,-21.35,6.24,NA,NA,NA,1
ID_0611,Shrimp,Atyidae,-27.16,5.12,1.01,0.86,SD,5
ID_0611,Mayfly,Baetidae,-27.7,-0.43,NA,NA,NA,1
ID_0611,Giant water bugs,Belostomatidae,-26.27,3.5,1.74,1.2,SD,5
ID_0611,Mayfly,Caenidae,-28.17,1.44,1.39,1.23,SD,4
ID_0611,Midge,Chironomidae,-30.18,-0.12,5.12,4.96,SD,2
ID_0611,Bivalve,Chonchostraca,-31.94,3.51,NA,NA,NA,1
ID_0611,Damselfies,Coenagrionidae,-27.63,4.27,1.85,1.52,SD,6
ID_0611,Coleoptera,NA,-29.05,3.86,NA,NA,NA,1
ID_0611,Water beetle,Dytiscidae,-25.49,3.88,0.56,0.83,SD,2
ID_0611,Water strider,Hydrometridae,-27.04,4.59,NA,NA,NA,1
ID_0611,Lepidoptera,NA,-27.19,1.44,NA,NA,NA,1
ID_0611,Caddisfly,Leptoceridae,-29.1,3.39,1.39,1.57,SD,5
ID_0611,Skimmer dragonfly,Libellulidae,-27.27,3.58,0.56,2.24,SD,7
ID_0611,Spider,Lycosidae,-24.71,5.61,0.46,0.67,SD,2
ID_0611,Mantis,Mantodea,-23.39,3.47,NA,NA,NA,1
ID_0611,Water scorpion,Nepidae,-29.34,2.72,NA,NA,NA,1
ID_0611,Orthoptera,NA,-23.52,4,0.8,0.16,SD,2
ID_0611,Shrimp,Palaemonidae,-25.18,7.25,1.5,1.58,SD,3
ID_0611,Spider,Pisauridae,-27.85,5.16,0.88,0.34,SD,2
ID_0611,Gastropod,Planorbidae,-19.73,0.54,4.28,4.44,SD,2
ID_0611,Backswimmer,Pleidae,-21.92,2.18,NA,NA,NA,1
ID_0611,Beetle,Scirtidae,-26.64,4.09,NA,NA,NA,1
ID_0611,Algae,NA,-28.26,2.04,NA,NA,NA,1
ID_0611,Grass,Brachiaria mutica,-12.86,-0.12,NA,NA,NA,1
ID_0611,Macrophyte,NA,-29.67,1.15,NA,NA,NA,1
ID_0611,Macrophyte,Najas,-23.21,1.81,NA,NA,NA,1
ID_0611,Macrophyte,Nymphaeaceae,-25.39,0.14,0.34,0.35,SD,3
ID_0611,Macrophyte,Nymphoides modica,-25.07,4.25,NA,NA,NA,1
ID_0611,Periphyton,NA,-26.38,4.43,1.85,1.71,SD,14
ID_0611,Grass,Pseudoraphis,-12.83,3.35,NA,NA,NA,1
ID_0611,Watermoss,Salvinia,-28.5,1.56,NA,NA,NA,1
ID_0611,Seston,NA,-28.74,5.19,0.2,3.71,SD,3
ID_0611,Turtle,Carettochelys insculpta,-26.14,6.24,1.59,0.23,SD,2
ID_0611,Crocodile,Crocodylus porosus,-20.4,7.1,NA,NA,NA,1
ID_0611,Copepod/Cladoceran,NA,-34.79,5.24,0.28,0.57,SD,3
ID_0611,Ostracod,NA,-34.5,0.69,NA,NA,NA,1
ID_0611,Zooplankton,NA,-37.61,4.95,NA,NA,NA,1
ID_0612,Damselfies,Coenagrionidae,-29.36,4.23,NA,NA,NA,1
ID_0612,Skimmer dragonfly,Libellulidae,-26.34,2.3,NA,NA,NA,1
ID_0612,Skimmer dragonfly,Libellulidae/Cordulidae,-29.29,3.77,NA,NA,NA,1
ID_0612,Shrimp,Palaemonidae,-25.57,6.96,0.51,0.73,SD,2
ID_0612,Gastropod,Planorbidae,-26.63,1.82,NA,NA,NA,1
ID_0612,Detritus,NA,-30.79,2.66,NA,NA,NA,1
ID_0612,Grass,Brachiaria mutica,-13.08,3.01,NA,NA,NA,1
ID_0612,Macrophyte,Nymphaeaceae,-25.32,1.72,0.6,1.63,SD,2
ID_0612,Macrophyte,Pandanus,-29.17,3.37,NA,NA,NA,1
ID_0612,Periphyton,NA,-28.46,3.28,0.74,1.1,SD,16
ID_0612,Seston,NA,-34.65,3.14,0.68,2.79,SD,3
ID_0612,Crocodile,Crocodylus porosus,-23.34,8.01,3.75,0.75,SD,11
ID_0612,Zooplankton,NA,-36.63,3.94,0.13,0.05,SD,3
ID_0613,Crayfish,Cherax sp,-24.79,13.14,1.93,1.38,SD,2
ID_0613,Midge,Chironomidae,-28.58,12.18,0.48,0.56,SD,2
ID_0613,Coleoptera,NA,-24.71,6.27,1.39,3.88,SD,2
ID_0613,Water boatman,Corixidae,-24.98,6.41,2.86,4.23,SD,3
ID_0613,Water beetle,Dytiscidae,-25.8,5.45,2.48,0.84,SD,2
ID_0613,Caddisfly,Ecnomidae,-29.25,12.62,NA,NA,NA,1
ID_0613,Ant,Formicidae,-24.52,7.56,0.23,1.18,SD,3
ID_0613,Water strider,Gerridae,-24.26,11.54,NA,NA,NA,1
ID_0613,Lepidoptera,NA,-26.8,3.2,NA,NA,NA,1
ID_0613,Caddisfly,Leptoceridae,-26.34,10.23,0.05,0.09,SD,2
ID_0613,Shrimp,Macrobrachium,-24.05,14.57,1.33,1.67,SD,32
ID_0613,Backswimmer,Notonectidae,-25.05,8.67,3.51,1.54,SD,3
ID_0613,Odonata,Odonata,-24.69,12.53,2.7,2.78,SD,2
ID_0613,Grasshopper,Orthoptera,-21.98,8.73,2.63,1.32,SD,3
ID_0613,Cranefly,Tipulidae,-26.59,11.16,NA,NA,NA,1
ID_0613,Bivalve,Unionidae,-29.53,14.31,1.06,0.72,SD,4
ID_0613,Detritus,NA,-29.23,4.31,0.86,2.44,SD,3
ID_0613,Grass,NA,-16.95,2.6,6.27,3.35,SD,9
ID_0613,Herbaceous,NA,-27.29,7.65,4.34,5.41,SD,11
ID_0613,Periphyton,NA,-26.66,5.5,2.54,2.26,SD,21
ID_0613,Seston,NA,-25.8,7.07,1.07,4.07,SD,9
ID_0613,Zooplankton,NA,-33.24,16.07,0.74,2.58,SD,6
ID_0614,Mayfly,Caenidae,-28.33,8.06,0.44,0.33,SD,2
ID_0614,Mayfly,Caenidae/Baetidae,-29.31,5.94,NA,NA,NA,1
ID_0614,Crayfish,Cherax sp,-26.53,8.48,0.96,0.99,SD,3
ID_0614,Midge,Chironomidae,-27.88,6.95,0.1,0.52,SD,2
ID_0614,Coleoptera,NA,-26.06,5.51,1.76,1.23,SD,3
ID_0614,Water boatman,Corixidae,-27.41,7.18,1.84,1.79,SD,3
ID_0614,Diptera,NA,-15.37,9.41,NA,NA,NA,1
ID_0614,Water beetle,Dytiscidae,-28.92,5.03,NA,NA,NA,1
ID_0614,Ant,Formicidae,-22.28,9.17,2.67,0.94,SD,3
ID_0614,Water strider,Gerridae,-25.21,9.54,0.64,0.27,SD,3
ID_0614,Crickets,Grylloidea,-21.24,5.59,5.86,2.77,SD,3
ID_0614,Caddisfly,Leptoceridae,-27.47,4.98,NA,NA,NA,1
ID_0614,Shrimp,Macrobrachium,-24.47,11.07,1.27,0.77,SD,46
ID_0614,Backswimmer,Notonectidae,-27.58,8.5,4.89,2.78,SD,2
ID_0614,Odonata,Odonata,-28.53,11.37,1.19,1.38,SD,3
ID_0614,Grasshopper,Orthoptera,-21.92,5,3.85,1.19,SD,4
ID_0614,Trichoptera,NA,-28.09,11.03,NA,NA,NA,1
ID_0614,Bivalve,Unionidae,-29.68,11.82,NA,NA,NA,1
ID_0614,Detritus,NA,-29.14,2.92,0.51,0.46,SD,3
ID_0614,Algae,NA,-25.88,6.69,1.56,2.86,SD,5
ID_0614,Grass,NA,-17.74,2.49,6.08,1.42,SD,10
ID_0614,Herbaceous,NA,-27.53,2.86,4.17,1.85,SD,14
ID_0614,Macrophyte,NA,-32.96,3.59,NA,NA,NA,1
ID_0614,Periphyton,NA,-26.39,5.35,1.61,3.52,SD,22
ID_0614,Seston,NA,-26.71,7.89,1.19,6.58,SD,10
ID_0614,Turtle,Testudines,-22.56,11.25,1.33,2.3,SD,3
ID_0614,Zooplankton,NA,-29.32,11.13,1.93,2.22,SD,4
ID_0615,Mayfly,Baetidae,-26.56,8.66,0,2.02,SD,2
ID_0615,Mayfly,Caenidae,-31.13,11.56,3.82,2.95,SD,2
ID_0615,Crayfish,Cherax sp,-23.35,12.94,0.92,0.86,SD,2
ID_0615,Midge,Chironomidae,-24.19,8.19,0.37,2.22,SD,2
ID_0615,Coleoptera,NA,-21.69,4.91,1.74,0.58,SD,3
ID_0615,Water boatman,Corixidae,-24.07,6.8,2.18,4.07,SD,3
ID_0615,Ant,Formicidae,-21.4,10.54,2.68,2.33,SD,3
ID_0615,Water strider,Gerridae,-24.53,10.83,1,2.84,SD,2
ID_0615,Crickets,Grylloidea,-20.29,11.76,NA,NA,NA,1
ID_0615,Shrimp,Macrobrachium,-24.33,13.58,1.96,1.23,SD,45
ID_0615,Water scorpion,Nepidae,-22.7,9.89,NA,NA,NA,1
ID_0615,Backswimmer,Notonectidae,-27.92,7.82,NA,NA,NA,1
ID_0615,Odonata,Odonata,-26.47,13.71,0.97,1.62,SD,3
ID_0615,Grasshopper,NA,-18.89,6.77,1.09,1.94,SD,3
ID_0615,Trichoptera,NA,-24.48,11.75,2.29,2.85,SD,3
ID_0615,Bivalve,Unionidae,-28.18,13.34,1.35,3.1,SD,4
ID_0615,Detritus,NA,-27.79,6.57,1.54,2.12,SD,3
ID_0615,Algae,NA,-21.31,12.04,NA,NA,NA,1
ID_0615,Grass,NA,-16.86,7.75,6.8,3.29,SD,8
ID_0615,Herbaceous,NA,-28.59,6.34,1.54,3.93,SD,9
ID_0615,Periphyton,NA,-24.54,6.99,2.46,2.57,SD,33
ID_0615,Seston,NA,-24.18,9.45,1.04,2.92,SD,11
ID_0615,Zooplankton,NA,-31.34,16.84,3,2.29,SD,4
ID_0616,Mayfly,Caenidae,-29.36,12.27,2.44,2.88,SD,2
ID_0616,Crayfish,Cherax sp,-25.82,11.44,0.3,1.41,SD,3
ID_0616,Midge,Chironomidae,-28.73,9.69,NA,NA,NA,1
ID_0616,Coleoptera,NA,-27.25,4.7,2.59,0.45,SD,2
ID_0616,Water boatman,Corixidae,-23.41,7.61,3.18,1.7,SD,3
ID_0616,Diptera,NA,-23.51,9.4,NA,NA,NA,1
ID_0616,Water beetle,Dytiscidae,-23.7,9.33,NA,NA,NA,1
ID_0616,Ant,Formicidae,-23.59,6.72,3.18,1.2,SD,3
ID_0616,Water strider,Gerridae,-25.14,9.09,0.24,0.3,SD,2
ID_0616,Shrimp,Macrobrachium,-25.62,13.64,1.5,1.07,SD,40
ID_0616,Backswimmer,Notonectidae,-27.95,9.26,3.01,3.15,SD,2
ID_0616,Dragonfly,Odonata,-27.9,16.4,NA,NA,NA,1
ID_0616,Grasshopper,NA,-21.2,5.52,1.74,3.68,SD,3
ID_0616,Trichoptera,NA,-32.66,18.62,1.95,0.82,SD,2
ID_0616,Bivalve,Unionidae,-29.97,13.94,0.69,2.38,SD,4
ID_0616,Damselfly,Zygoptera,-27.28,13.73,NA,NA,NA,1
ID_0616,Detritus,NA,-28.05,5.98,0.09,1.4,SD,2
ID_0616,Algae,NA,-26.6,14.55,1.98,14.79,SD,5
ID_0616,Grass,NA,-13.86,6.02,0.88,2.36,SD,8
ID_0616,Herbaceous,NA,-26.73,7.86,4.45,2.8,SD,11
ID_0616,Macrophyte,NA,-28.73,7.84,1.31,2.73,SD,2
ID_0616,Periphyton,NA,-25.35,6.11,1.71,2.32,SD,34
ID_0616,Seston,NA,-24.86,5.84,0.86,3.82,SD,7
ID_0616,Turtle,Testudines,-21.63,12.35,1.1,0.06,SD,2
ID_0616,Zooplankton,NA,-32.26,17.36,1.9,2.3,SD,9
ID_0617,Mayfly,Baetidae,-28.43,7.75,0.22,2.1,SD,2
ID_0617,Mayfly,Caenidae,-31.25,10.78,2.04,1.83,SD,2
ID_0617,Crayfish,Cherax sp,-24.59,10.61,2.94,0.73,SD,4
ID_0617,Midge,Chironomidae,-28.06,11.44,NA,NA,NA,1
ID_0617,Coleoptera,NA,-22.37,4.21,NA,NA,NA,1
ID_0617,Water boatman,Corixidae,-25.38,6.75,1.67,0.66,SD,3
ID_0617,Water beetle,Dytiscidae,-21.8,6.07,0.51,1.2,SD,2
ID_0617,Ant,Formicidae,-26.22,9.75,1.64,1.39,SD,3
ID_0617,Water strider,Gerridae,-25.14,11.24,0.63,1.71,SD,3
ID_0617,Lepidoptera,NA,-28.5,5.96,NA,NA,NA,1
ID_0617,Shrimp,Macrobrachium,-22.84,12.72,0.86,1.11,SD,45
ID_0617,Backswimmer,Notonectidae,-25.72,8.08,3.24,3.33,SD,2
ID_0617,Odonata,Odonata,-26.25,12.89,1.21,2.07,SD,3
ID_0617,Grasshopper,NA,-20.52,7.62,0.66,0.53,SD,3
ID_0617,Trichoptera,NA,-27.44,10.88,0.27,4.68,SD,2
ID_0617,Bivalve,Unionidae,-28.69,13.3,5.86,4.05,SD,2
ID_0617,Damselfly,Zygoptera,-29.28,10.79,NA,NA,NA,1
ID_0617,Detritus,NA,-27.97,6.4,0.5,0.68,SD,3
ID_0617,Algae,NA,-23.61,6.29,3.91,6.84,SD,9
ID_0617,Grass,NA,-15.19,7.19,4.92,2.57,SD,9
ID_0617,Herbaceous,NA,-28.09,6.56,1.96,3.4,SD,12
ID_0617,Periphyton,NA,-24.51,5.67,2.61,2.27,SD,32
ID_0617,Seston,NA,-26.32,10.5,1.18,4.2,SD,6
ID_0617,Turtle,Testudines,-21.41,10.95,0.22,1.85,SD,6
ID_0617,Zooplankton,NA,-33.29,13.51,2.83,3.8,SD,8
ID_0618,Fruit,NA,-31.37,3.68,NA,NA,NA,1
ID_0618,Gastropod,Ampullariidae,-27.39,5.37,2.76,1.81,SD,2
ID_0618,Dragonfly,Anisoptera,-33.77,9.73,NA,NA,NA,1
ID_0618,Giant water bugs,Belostomatidae/notonectidae/corixidae,-30.7,6.47,3.45,1.27,SD,3
ID_0618,Beetle,Coleoptera,-31.75,5.5,NA,NA,NA,1
ID_0618,Water boatman,Corixidae,-30.77,3.42,NA,NA,NA,1
ID_0618,Water strider,Gerridae,-39.2,9.21,NA,NA,NA,1
ID_0618,True bugs,Hemiptera,-28.58,6.99,NA,NA,NA,1
ID_0618,Backswimmer,Notonectidae,-34.97,7.08,NA,NA,NA,1
ID_0618,Dragonfly,Odonata,-34.86,6.63,NA,NA,NA,1
ID_0618,Shrimp,Palaemonidae,-30.71,8.78,0.65,0.77,SD,2
ID_0618,Detritus,NA,-30.42,2.75,0.64,1.45,SD,2
ID_0618,Water hyacinth,Eichornia crassipes,-29.73,5.28,NA,NA,NA,1
ID_0618,Grass,NA,-29.98,5,NA,NA,NA,1
ID_0618,Macrophyte,NA,-21.88,7.07,12.42,1.86,SD,2
ID_0618,Periphyton,NA,-29.39,3.81,1.87,2.26,SD,7
ID_0618,Seston,NA,-34.82,6.01,1.68,1.69,SD,2
ID_0618,Zooplankton,NA,-39.39,7.71,1.45,0.59,SD,5
ID_0619,Fruit,NA,-31.16,3.48,1.9,2.66,SD,2
ID_0619,Gastropod,Ampullariidae,-35.16,2.65,NA,NA,NA,1
ID_0619,Dragonfly,Anisoptera,-37.03,5.21,NA,NA,NA,1
ID_0619,Midge,Chironomidae,-38.04,2.93,NA,NA,NA,1
ID_0619,Beetle,Coleoptera,-35.93,5.87,NA,NA,NA,1
ID_0619,Gastropod,Gastropoda,-32,5.68,NA,NA,NA,1
ID_0619,Water strider,Gerridae,-38.56,8.3,NA,NA,NA,1
ID_0619,Dragonfly,Odonata,-35.72,7.41,NA,NA,NA,1
ID_0619,Shrimp,Palaemonidae,-34.01,8.91,NA,NA,NA,1
ID_0619,Detritus,NA,-30.85,2.88,0.82,1.21,SD,2
ID_0619,Water hyacinth,Eichornia crassipes,-30.35,2.57,NA,NA,NA,1
ID_0619,Grass,NA,-31.24,2.29,NA,NA,NA,1
ID_0619,Macrophyte,NA,-29.48,5.23,NA,NA,NA,1
ID_0619,Periphyton,NA,-34.34,3.22,1.56,1.7,SD,6
ID_0619,Seston,NA,-34.05,6.71,4.6,0.11,SD,2
ID_0619,Zooplankton,NA,-39.6,4.92,2.25,2.16,SD,4
ID_0620,Fruit,NA,-29.52,2.91,0.32,0.41,SD,2
ID_0620,Dragonfly,Anisoptera,-26.43,4.46,NA,NA,NA,1
ID_0620,Midge,Chironomidae,-25.54,3.53,0.82,0.24,SD,2
ID_0620,Beetle,Coleoptera,-33.51,7.5,NA,NA,NA,1
ID_0620,Water beetle,Dytiscidae,-28.04,2.95,NA,NA,NA,1
ID_0620,Mayfly,Ephemeroptera,-37.7,7.7,NA,NA,NA,1
ID_0620,Backswimmer,Notonectidae,-31.15,6.07,NA,NA,NA,1
ID_0620,Shrimp,Palaemonidae,-25.55,7.26,0.54,1.2,SD,3
ID_0620,Caddisfly,Trichoptera,-34.55,7.47,NA,NA,NA,1
ID_0620,Detritus,NA,-31.9,4.16,0.94,0.59,SD,2
ID_0620,Water hyacinth,Eichornia crassipes,-31.56,3.62,NA,NA,NA,1
ID_0620,Macrophyte,NA,-25.79,8.69,11.57,1.46,SD,3
ID_0620,Periphyton,NA,-27.57,0.23,2.86,4.46,SD,5
ID_0620,Seston,NA,-33.32,6.24,0.81,1.37,SD,2
ID_0620,Zooplankton,NA,-30.71,6.65,4.43,1.53,SD,5
ID_0621,Fruit,NA,-31.68,4.76,NA,NA,NA,1
ID_0621,Dragonfly,Anisoptera,-29.8,6.69,NA,NA,NA,1
ID_0621,Cockroach,Blataria,-29.12,5.18,NA,NA,NA,1
ID_0621,Midge,Chironomidae,-31.63,7.57,NA,NA,NA,1
ID_0621,Beetle,Coleoptera,-35.19,4.67,NA,NA,NA,1
ID_0621,Mayfly,Ephemeroptera,-37.02,7.76,NA,NA,NA,1
ID_0621,Gastropod,Gastropoda,-24.69,7.94,NA,NA,NA,1
ID_0621,True bugs,Hemiptera,-32.22,6.22,NA,NA,NA,1
ID_0621,Gastropod,Mollusca,-22.15,5.83,NA,NA,NA,1
ID_0621,Dragonfly,Odonata,-36.6,8.63,NA,NA,NA,1
ID_0621,Shrimp,Palaemonidae,-33.32,10.19,0.07,0.19,SD,2
ID_0621,Caddisfly,Trichoptera,-31.8,7.79,NA,NA,NA,1
ID_0621,Detritus,NA,-33.03,4.41,2.9,2.06,SD,2
ID_0621,Macrophyte,NA,-30.3,6.01,NA,NA,NA,1
ID_0621,Periphyton,NA,-32.48,4.99,2.64,4.03,SD,6
ID_0621,Seston,NA,-34.07,5.9,2.13,1.8,SD,2
ID_0621,Zooplankton,NA,-38.08,8.31,5.04,0.55,SD,6
ID_0622,Fruit,NA,-29.5,2.46,0.43,1.18,SD,2
ID_0622,Dragonfly,Anisoptera,-27.26,4.31,NA,NA,NA,1
ID_0622,Giant water bugs,Belostomatidae,-27.24,4.36,NA,NA,NA,1
ID_0622,Midge,Chironomidae,-34.84,2.93,NA,NA,NA,1
ID_0622,Mayfly,Ephemeroptera,-25.24,4.87,NA,NA,NA,1
ID_0622,Water strider,Gerridae,-36.31,8.44,NA,NA,NA,1
ID_0622,Dragonfly,Odonata,-37.7,6.96,NA,NA,NA,1
ID_0622,Shrimp,Palaemonidae,-30.64,8.02,5.78,3.47,SD,2
ID_0622,Detritus,NA,-32.73,2.35,0.35,0.37,SD,2
ID_0622,Periphyton,NA,-31.48,5.5,1.83,1.9,SD,6
ID_0622,Seston,NA,-31.81,4.28,7.82,0.86,SD,2
ID_0622,Frog,Anura,-40.61,3.6,NA,NA,NA,1
ID_0622,Zooplankton,NA,-36.15,5.86,7.55,1.31,SD,6
ID_0623,Fruit,NA,-30.28,2.61,1.01,0.78,SD,2
ID_0623,Dragonfly,Anisoptera,-34.92,8.61,NA,NA,NA,1
ID_0623,Midge,Chironomidae,-38.21,6.56,NA,NA,NA,1
ID_0623,Fly,Diptera,-33.61,5.3,NA,NA,NA,1
ID_0623,Mayfly,Ephemeroptera,-38.47,5.87,2.62,0.08,SD,2
ID_0623,Gastropod,Gastropoda,-34.74,9.79,NA,NA,NA,1
ID_0623,Water strider,Gerridae,-34.45,8.54,1.49,0.97,SD,2
ID_0623,Dragonfly,Odonata,-35.92,7.98,1.92,0.26,SD,2
ID_0623,Shrimp,Palaemonidae,-32,7.91,NA,NA,NA,1
ID_0623,Detritus,NA,-31.67,0.91,1.09,1.38,SD,2
ID_0623,Macrophyte,NA,-32.3,8.26,NA,NA,NA,1
ID_0623,Periphyton,NA,-32.48,5.54,1.47,2.4,SD,9
ID_0623,Seston,NA,-35.19,7.33,2.3,0.14,SD,3
ID_0623,Zooplankton,NA,-39.39,7.92,2,0.51,SD,9
ID_0624,Fruit,NA,-29.58,4.27,1.23,2.32,SD,2
ID_0624,Dragonfly,Anisoptera,-29.8,9.86,NA,NA,NA,1
ID_0624,Giant water bugs,Belostomatidae,-31.9,6.42,NA,NA,NA,1
ID_0624,Beetle,Coleoptera,-32.59,7.3,1.2,0.3,SD,2
ID_0624,Fly,Diptera,-33.28,7.31,NA,NA,NA,1
ID_0624,Water beetle,Dytiscidae,-30.62,5.89,2.82,1.81,SD,3
ID_0624,Mayfly,Ephemeroptera,-37.13,6.83,3.64,0.56,SD,2
ID_0624,Gastropod,Gastropoda,-26.17,6.62,3.36,1.1,SD,2
ID_0624,Water strider,Gerridae,-36.57,8.3,NA,NA,NA,1
ID_0624,True bugs,Limnocoridae,-29.41,8.07,NA,NA,NA,1
ID_0624,Creeping Water Bugs,Naucoridae,-33.83,6.44,NA,NA,NA,1
ID_0624,Backswimmer,Notonectidae,-33.23,8.97,NA,NA,NA,1
ID_0624,Dragonfly,Odonata,-32.48,7.74,NA,NA,NA,1
ID_0624,Gastropod,Palaemonidae,-29.09,9.76,NA,NA,NA,1
ID_0624,Detritus,NA,-29.62,5.25,0.74,0.1,SD,2
ID_0624,Water hyacinth,Eichornia crassipes,-29.81,8.51,NA,NA,NA,1
ID_0624,Macrophyte,NA,-21.59,8.92,11.67,2.01,SD,2
ID_0624,Periphyton,NA,-30.72,0.46,2.41,6.44,SD,5
ID_0624,Seston,NA,-33.95,12.24,3.2,5.86,SD,2
ID_0624,Frog,Anura,-30.17,5.85,NA,NA,NA,1
ID_0624,Zooplankton,NA,-30.5,10.65,NA,NA,NA,1
ID_0625,Fruit,NA,-30.4,1.21,1.57,0.01,SD,2
ID_0625,Midge,Chironomidae,-36.09,6.99,1.24,2.8,SD,2
ID_0625,Gastropod,Gastropoda,-26,6.7,NA,NA,NA,1
ID_0625,Gastropod,Gastropoda,-13.5,5.5,NA,NA,NA,1
ID_0625,Water strider,Gerridae,-33.83,7.89,NA,NA,NA,1
ID_0625,Dragonfly,Odonata,-30.34,8.16,NA,NA,NA,1
ID_0625,Detritus,NA,-32.1,2.56,1.81,0.91,SD,2
ID_0625,Macrophyte,NA,-22.56,5.94,12.83,1.85,SD,2
ID_0625,Periphyton,NA,-30.3,3.48,3.78,4.24,SD,9
ID_0625,Seston,NA,-38.19,5.39,0.93,0.22,SD,2
ID_0625,Zooplankton,NA,-42.33,5.4,2.01,0.9,SD,5
ID_0626,Fruit,NA,-30.45,4.08,2.53,0.35,SD,2
ID_0626,Gastropod,Ampullariidae,-22.56,4.83,NA,NA,NA,1
ID_0626,Dragonfly,Anisoptera,-32.79,6.43,NA,NA,NA,1
ID_0626,Giant water bugs,Belostomatidae,-27.55,6.23,NA,NA,NA,1
ID_0626,Midge,Chironomidae,-30.19,5,NA,NA,NA,1
ID_0626,Beetle,Coleoptera,-33.47,5.1,NA,NA,NA,1
ID_0626,Water boatman,Corixidae,-29.98,3.93,NA,NA,NA,1
ID_0626,Mayfly,Ephemeroptera,-37.73,6.47,3.82,1.7,SD,2
ID_0626,Gastropod,Gastropoda,-17.96,5.69,NA,NA,NA,1
ID_0626,Water strider,Gerridae,-36.15,8.44,NA,NA,NA,1
ID_0626,True bugs,Hemiptera,-31.64,6.88,NA,NA,NA,1
ID_0626,Dragonfly,Odonata,-34.13,7.7,NA,NA,NA,1
ID_0626,Detritus,NA,-31.01,2.69,0.65,1.97,SD,2
ID_0626,Water hyacinth,Eichornia crassipes,-32.96,4.37,NA,NA,NA,1
ID_0626,Grass,NA,-21.53,5.53,12.29,2.73,SD,2
ID_0626,Macrophyte,NA,-25.96,5.45,7.52,4.06,SD,4
ID_0626,Periphyton,NA,-29.22,5.35,1.88,3.04,SD,6
ID_0626,Seston,NA,-34.27,4.97,2.01,0.75,SD,2
ID_0626,Frog,Anura,-28.67,9.08,NA,NA,NA,1
ID_0626,Zooplankton,NA,-38.08,6.93,2.76,0.52,SD,6
ID_0627,Fruit,NA,-27.37,3.93,NA,NA,NA,1
ID_0627,Dragonfly,Anisoptera,-37.02,7.43,NA,NA,NA,1
ID_0627,Giant water bugs,Belostomatidae,-29.99,5.74,NA,NA,NA,1
ID_0627,Beetle,Coleoptera,-28.27,6.16,NA,NA,NA,1
ID_0627,Water boatman,Corixidae,-28.34,2.66,NA,NA,NA,1
ID_0627,Fly,Diptera,-32.32,8.39,NA,NA,NA,1
ID_0627,Mayfly,Ephemeroptera,-35.97,7.43,5.85,0.19,SD,2
ID_0627,Gastropod,Gastropoda,-30.99,5.85,NA,NA,NA,1
ID_0627,Water strider,Gerridae,-37.1,7.5,NA,NA,NA,1
ID_0627,Dragonfly,Odonata,-31.47,8.58,NA,NA,NA,1
ID_0627,Shrimp,Palaemonidae,-34.22,9.85,1.98,0.05,SD,2
ID_0627,Stonefly,Plecoptera,-38.19,7.77,NA,NA,NA,1
ID_0627,Caddisfly,Trichoptera,-32.72,8.5,NA,NA,NA,1
ID_0627,Detritus,NA,-30.81,5.99,0.21,2.59,SD,2
ID_0627,Water hyacinth,Eichornia crassipes,-29.9,6.18,NA,NA,NA,1
ID_0627,Grass,NA,-30.82,2.98,NA,NA,NA,1
ID_0627,Macrophyte,NA,-24.18,7.18,10.3,2.11,SD,3
ID_0627,Plant,Paspalum,-13.09,4.32,NA,NA,NA,1
ID_0627,Periphyton,NA,-31.5,3.77,3.92,3.43,SD,9
ID_0627,Seston,NA,-35.82,5.33,0.73,1.04,SD,2
ID_0627,Zooplankton,NA,-38.92,6.69,4.41,0.62,SD,5
ID_0628,Fruit,NA,-31.14,1.69,0.84,2.36,SD,2
ID_0628,Dragonfly,Anisoptera,-30.89,5.12,NA,NA,NA,1
ID_0628,Midge,Chironomidae,-32.25,4.9,NA,NA,NA,1
ID_0628,Beetle,Coleoptera,-31,5.79,NA,NA,NA,1
ID_0628,Water boatman,Corixidae,-31.98,2.14,NA,NA,NA,1
ID_0628,Water strider,Gerridae,-37.66,7.96,NA,NA,NA,1
ID_0628,True bugs,Hemiptera,-33.13,7.93,NA,NA,NA,1
ID_0628,Dragonfly,Odonata,-34.87,8.34,NA,NA,NA,1
ID_0628,Shrimp,Palaemonidae,-29.24,7.42,1.19,3.03,SD,2
ID_0628,Detritus,NA,-31.74,3.78,1.67,0.58,SD,2
ID_0628,Water hyacinth,Eichornia crassipes,-30.67,3.85,NA,NA,NA,1
ID_0628,Macrophyte,,-30.57,5.84,0.91,1.52,SD,2
ID_0628,Periphyton,NA,-30.22,3.79,1.22,3.65,SD,6
ID_0628,Seston,,-32.97,4.85,3.55,2.98,SD,2
ID_0628,Zooplankton,NA,-36.9,6.08,5.5,1.62,SD,6
ID_0629,Fruit,NA,-29.65,5.75,0.51,2.42,SD,2
ID_0629,Gastropod,Ampullariidae,-19.54,4.2,NA,NA,NA,1
ID_0629,Dragonfly,Anisoptera,-28.38,6.68,NA,NA,NA,1
ID_0629,Giant water bugs,Belostomatidae,-29.8,7.73,NA,NA,NA,1
ID_0629,Mussel,Castalia ambigua,-33.62,6.82,NA,NA,NA,1
ID_0629,Midge,Chironomidae,-32.9,6.94,NA,NA,NA,1
ID_0629,Beetle,Coleoptera,-27.42,4.7,NA,NA,NA,1
ID_0629,Water boatman,Corixidae,-24.99,3.24,NA,NA,NA,1
ID_0629,Mayfly,Ephemeroptera,-33.63,4.81,7.03,1.64,SD,2
ID_0629,Gastropod,Gastropoda,-19.28,5.99,NA,NA,NA,1
ID_0629,Water strider,Gerridae,-33.41,7.68,NA,NA,NA,1
ID_0629,True bugs,Heteroptera,-31.21,7.09,NA,NA,NA,1
ID_0629,Creeping Water Bugs,Naucoridae,-28.96,6.12,NA,NA,NA,1
ID_0629,Water scorpion,Nepidae,-29.78,5.96,NA,NA,NA,1
ID_0629,Dragonfly,Odonata,-30.1,6.91,NA,NA,NA,1
ID_0629,Shrimp,Palaemonidae,-23.8,7.28,NA,NA,NA,1
ID_0629,Gastropod,Pomacea,-22.83,4.42,NA,NA,NA,1
ID_0629,Detritus,NA,-31.82,2.37,0.38,0.35,SD,2
ID_0629,Water hyacinth,Eichornia crassipes,-29.89,5.88,NA,NA,NA,1
ID_0629,Macrophyte,NA,-22.32,3.46,12.37,3.84,SD,2
ID_0629,Periphyton,NA,-29.16,5.04,1.45,3.13,SD,9
ID_0629,Seston,NA,-30.61,4.87,7.15,0.88,SD,2
ID_0629,Zooplankton,NA,-34.45,6.8,5.48,0.72,SD,6
ID_0630,Mayfly,Ephemeroptera,-28.97,3.44,0.39,0.54,SD,2
ID_0630,Lepidoptera,NA,-26.57,5.36,NA,NA,NA,1
ID_0630,Water-penny beetle,Psephenidae,-29.09,0.2,NA,NA,NA,1
ID_0630,Blackfly,Simuliidae,-27.51,3.98,0.1,0.3,SD,2
ID_0630,Damselfly,Zygoptera,-27.67,5.44,0.24,1.12,SD,2
ID_0630,Plant litter,NA,-28.86,3.44,0.14,0.88,SD,2
ID_0630,Algae,NA,-33.86,3.9,2.73,3.34,SD,2
ID_0630,Macrophyte,NA,-28.78,3.58,0.17,1.29,SD,2
ID_0630,Periphyton,NA,-16.47,0.41,0.9,0.67,SD,2
ID_0631,Mayfly,Ephemeroptera,-29,0.29,0.25,0.24,SD,2
ID_0631,Lepidoptera,NA,-28.23,-0.69,NA,NA,NA,1
ID_0631,Mollusca,NA,-24.02,1.6,NA,NA,NA,1
ID_0631,Blackfly,Simuliidae,-28.75,0.82,2.31,0.62,SD,2
ID_0631,Plant litter,NA,-28.07,1.61,1.53,1.2,SD,2
ID_0631,Algae,NA,-30.92,0.54,12.11,1.54,SD,2
ID_0631,Periphyton,NA,-20.89,0.33,3.04,1.6,SD,2
ID_0632,Dragonfly,Anisoptera,-25.97,6.54,0.58,0.86,SD,2
ID_0632,Mayfly,Ephemeroptera,-27.99,4.64,0.25,2.2,SD,2
ID_0632,Gastropod,Mollusca,-21.14,5.22,0.89,0.06,SD,2
ID_0632,Blackfly,Simuliidae,-26.79,5.58,0.55,0.4,SD,2
ID_0632,Plant litter,NA,-30.39,3.41,5.44,0.99,SD,2
ID_0632,Algae,NA,-30.65,7.28,0.17,1.57,SD,2
ID_0632,Macrophyte,NA,-28.84,4.04,1.36,0.08,SD,2
ID_0632,Periphyton,NA,-25.31,4.48,5.48,1.9,SD,2
ID_0633,Mayfly,Ephemeroptera,-28.64,4.9,0.23,0.07,SD,2
ID_0633,Lepidoptera,NA,-28.92,6.82,0.61,0.13,SD,2
ID_0633,Blackfly,Simuliidae,-27.86,5.04,1.07,1.5,SD,3
ID_0633,Damselfly,Zygoptera,-28.47,7.37,NA,NA,SD,1
ID_0633,Plant litter,NA,-29.28,1.6,0.4,0.8,SD,3
ID_0633,Algae,NA,-30.67,5.65,1.77,0.3,SD,2
ID_0633,Macrophyte,NA,-29.01,2.66,1.22,3.03,SD,2
ID_0633,Periphyton,NA,-21.92,1.71,0.62,2.31,SD,2
ID_0634,Dragonfly,Anisoptera,-31.2,5.2,NA,NA,SD,1
ID_0634,Mayfly,Ephemeroptera,-30.22,2.17,0.64,0.4,SD,2
ID_0634,Oligochaeta,NA,-30.4,3.63,NA,NA,SD,1
ID_0634,Flatworm,Planaria,-29.68,8.41,0.62,0.61,SD,2
ID_0634,Damselfly,Zygoptera,-29.52,4.84,NA,NA,SD,1
ID_0634,Plant litter,NA,-28.36,1.28,0.02,0.71,SD,2
ID_0634,Algae,NA,-31.86,6.38,6.68,4.19,SD,2
ID_0634,Periphyton,NA,-28.91,5.76,3.19,3.59,SD,2
ID_0635,Mayfly,Ephemeroptera,-27.94,3.74,0.01,0.75,SD,2
ID_0635,Lepidoptera,NA,-26.42,5.54,NA,NA,SD,1
ID_0635,Mollusca,NA,-15.65,2.76,NA,NA,SD,1
ID_0635,Oligochaeta,NA,-24.71,7.01,0.59,0.23,SD,2
ID_0635,Blackfly,Simuliidae,-26.24,5.56,1.51,0.41,SD,2
ID_0635,Damselfly,Zygoptera,-25.75,7.54,NA,NA,SD,1
ID_0635,Plant litter,NA,-28,1.17,0.08,3.83,SD,2
ID_0635,Algae,NA,-29.25,7.1,1.89,0.5,SD,4
ID_0635,Macrophyte,NA,-29.39,9.69,0.86,0.42,SD,2
ID_0635,Periphyton,NA,-20.37,5.94,1.63,0.71,SD,2
ID_0636,Bivalve,NA,-27.02,2.06,NA,NA,SD,1
ID_0636,Crayfish,Pacifastacus leniusculus,-21.29,10.72,NA,NA,SD,1
ID_0636,Gastropod,Bellayma chinesis,-23.03,5.25,1.54,0.43,SD,4
ID_0636,Gastropod,Physidae,-21.34,5.77,NA,NA,SD,1
ID_0636,Dragonfly,Anisoptera,-27.48,4.52,NA,NA,SD,1
ID_0636,Midge_sp1,Chironomidae,-28.65,4.7,0.41,0.33,SD,2
ID_0636,Midge_sp2,Chironomidae,-26.26,4.65,0.16,0.16,SD,2
ID_0636,Isopod,NA,-29.07,2.2,0.15,0.05,SD,2
ID_0636,Trichoptera,NA,-27.26,4.38,0.05,0.04,SD,2
ID_0636,Damselfly,Zygoptera,-22.63,6.89,7.18,2.01,SD,2
ID_0636,Terrestrial plant detritus,NA,-30.81,0.54,0.69,0.61,SD,3
ID_0636,Macrophyte 2,NA,-15.71,3.22,3.62,2.36,SD,4
ID_0636,Macrophyte 3,NA,-9.79,4.78,1.39,0.64,SD,4
ID_0637,Bivalve,NA,-16.37,6.88,0.41,0.37,SD,2
ID_0637,Crayfish,Pacifastacus leniusculus,-28.86,11.91,1.7,0.24,SD,2
ID_0637,Gastropod,Bellayma chinesis,-26.65,8.2,1.54,0.15,SD,3
ID_0637,Gastropod,Helosoma,-30.31,8.12,NA,NA,SD,1
ID_0637,Gastropod,Physidae,-23.7,9.67,NA,NA,SD,1
ID_0637,Midge,Chironomidae,-26.99,7.98,NA,NA,SD,1
ID_0637,Isopod,NA,-28.71,5.41,0.14,0.15,SD,2
ID_0637,Dragonfly,Odonata,-36.12,9.71,NA,NA,SD,1
ID_0637,Trichoptera,NA,-27.56,6.83,0.25,0.32,SD,2
ID_0637,Terrestrial plant detritus,NA,-24.11,6.25,NA,NA,SD,1
ID_0637,Periphyton,NA,-15.5,6.05,3.15,2.7,SD,3
ID_0637,Macrophyte 1,NA,-20.52,7.33,NA,NA,SD,1
ID_0637,Macrophyte 2,NA,-18.22,6.63,NA,NA,SD,1
ID_0637,Macrophyte 3,NA,-20.36,9.47,NA,NA,SD,1
ID_0637,Macrophyte 4,NA,-22.96,9.65,NA,NA,SD,1
ID_0637,Macrophyte 5,NA,-12.26,12.59,NA,NA,SD,1
ID_0638,Bivalve,NA,-16.04,3.04,NA,NA,SD,1
ID_0638,Crayfish,Pacifastacus leniusculus,-27.71,6.54,1.73,1.6,SD,6
ID_0638,Gastropod,Bellayma chinesis,-28.99,6.56,1.25,1.83,SD,4
ID_0638,Gastropod,Physidae,-26.54,0.71,0.25,0.34,SD,3
ID_0638,Dragonfly,Anisoptera,-29.96,-0.31,NA,NA,SD,1
ID_0638,Midge,Chironomidae,-29.53,4.68,NA,NA,SD,1
ID_0638,True bugs,Hemiptera,-29.69,8.25,NA,NA,SD,1
ID_0638,Isopod,NA,-26.41,5.38,NA,NA,SD,1
ID_0638,Terrestrial plant detritus,NA,-30.46,1.8,1.12,1.85,SD,3
ID_0638,Periphyton,NA,-15.09,3.65,0.8,0.34,SD,3
ID_0638,Macrophyte 1,NA,-30.62,0.65,0.16,0.36,SD,2
ID_0638,Macrophyte 2,NA,-19.25,0,0.36,0.85,SD,2
ID_0639,Bivalve,NA,-34.53,7.53,NA,NA,SD,1
ID_0639,Crayfish,Pacifastacus leniusculus,-24.33,12.15,1.53,0.88,SD,13
ID_0639,Gastropod,Physidae,-24.61,9.13,0.91,0.09,SD,5
ID_0639,Dragonfly,Anisoptera,-25.35,11.53,NA,NA,SD,1
ID_0639,Midge,Chironomidae,-29.83,8.55,NA,NA,SD,1
ID_0639,Diptera,NA,-17.42,9.24,NA,NA,SD,1
ID_0639,Gammarid,Gammaridae,-19.27,7.28,4.44,1.84,SD,2
ID_0639,Isopod,NA,-20.14,8.41,2.58,0.65,SD,5
ID_0639,Oligochaeta,NA,-27.94,6.85,NA,NA,SD,1
ID_0639,Trichoptera,NA,-22.16,6.93,NA,NA,SD,1
ID_0639,Damselfly,Zygoptera,-25.3,10.01,NA,NA,SD,1
ID_0639,Terrestrial plant detritus,NA,-30.52,3.68,0.03,0.87,SD,2
ID_0639,Periphyton,NA,-18.11,4.76,NA,NA,SD,1
ID_0639,Macrophyte 1,NA,-16.43,7.33,0.45,0.72,SD,2
ID_0639,Macrophyte 2,NA,-12.96,8.14,0.17,0.46,SD,2
ID_0639,Macrophyte 3,NA,-14.14,9.38,0.07,0.23,SD,2
ID_0640,Crayfish,Procambarus clarkii,-26.65,6.43,0.87,0.94,SD,8
ID_0640,Gastropod,Bellayma chinesis,-28.14,3.84,1.27,1.71,SD,4
ID_0640,Gastropod,Helosoma,-27.54,3.51,1.64,0.67,SD,5
ID_0640,Gastropod,Physidae,-28.23,4.01,NA,NA,SD,1
ID_0640,Midge,Chironomidae,-27.45,2.81,0.23,0.3,SD,4
ID_0640,Gammarid,Gammaridae,-26.09,5.46,0.26,0.07,SD,2
ID_0640,Dragonfly,Odonata,-26.09,5.46,0.26,0.07,SD,2
ID_0640,Trichoptera,NA,-27.08,5.9,NA,NA,SD,1
ID_0640,Damselfly,Zygoptera,-28.49,6.25,NA,NA,SD,1
ID_0640,Terrestrial plant detritus,NA,-27.86,-0.37,1.41,0.04,SD,3
ID_0640,Periphyton,NA,-14.9,5.09,0.74,0.23,SD,3
ID_0640,Macrophyte 1,NA,-13.65,-0.79,0.17,1.32,SD,6
ID_0640,Macrophyte 2,NA,-16.44,0.42,0.61,1.21,SD,3
ID_0640,Macrophyte 3,NA,-14.11,2.73,1.4,1.04,SD,2
ID_0641,Bivalve,NA,-27.55,4.72,NA,NA,SD,1
ID_0641,Crayfish,Pacifastacus leniusculus,-23.14,9.1,2.06,0.8,SD,10
ID_0641,Crayfish,Procambarus clarkii,-24.37,7.85,1.81,0.67,SD,20
ID_0641,Gastropod,Bellayma chinesis,-21.33,4.8,0.63,1.3,SD,4
ID_0641,Gastropod,Physidae,-25.95,5.19,1.19,0.57,SD,2
ID_0641,Dragonfly,Anisoptera,-23.31,6.49,0.06,0.12,SD,2
ID_0641,Midge,Chironomidae,-26.46,5.51,NA,NA,SD,1
ID_0641,Gammarid,Gammaridae,-22.96,6.13,NA,NA,SD,1
ID_0641,Isopod,NA,-21.72,5.45,3.32,1.05,SD,3
ID_0641,Oligochaeta,NA,-25.3,6.05,NA,NA,SD,1
ID_0641,Trichoptera,NA,-28.55,5.23,0.57,0.25,SD,2
ID_0641,Damselfly,Zygoptera,-22.22,7.54,1.1,0.04,SD,2
ID_0641,Terrestrial plant detritus,NA,-30.21,4.32,1.41,0.69,SD,4
ID_0641,Periphyton,NA,-20.85,3.75,0.11,1.24,SD,2
ID_0641,Macrophyte 1,NA,-27.57,4.01,NA,NA,SD,1
ID_0641,Macrophyte 2,NA,-13.47,2.89,NA,NA,SD,1
ID_0641,Macrophyte 3,NA,-14.72,4.61,0.37,1.73,SD,3
ID_0642,Bivalve,NA,-16.02,5.38,1.55,1.08,SD,2
ID_0642,Crayfish,Pacifastacus leniusculus,-24.27,9.24,NA,NA,SD,1
ID_0642,Crayfish,Procambarus clarkii,-25.47,8.47,1.63,1.17,SD,9
ID_0642,Gastropod,Bellayma chinesis,-23.24,6.69,0.54,0.72,SD,4
ID_0642,Gastropod,Physidae,-22.36,4.6,NA,NA,SD,1
ID_0642,Isopod,NA,-19.8,5.59,1.78,0.27,SD,2
ID_0642,Trichoptera,NA,-24,7.58,NA,NA,SD,1
ID_0642,Terrestrial plant detritus,NA,-28.35,1.21,NA,NA,SD,1
ID_0642,Periphyton,NA,-14.56,4.46,3.41,1.24,SD,2
ID_0642,Macrophyte 1,NA,-14.23,-0.71,0.74,1.22,SD,2
ID_0642,Macrophyte 2,NA,-13.08,0.88,1.68,1.36,SD,2
ID_0642,Macrophyte 3,NA,-28.98,4.76,NA,NA,SD,1
ID_0642,Macrophyte 5,NA,-14.08,0.33,NA,NA,SD,1
ID_0642,Macrophyte 6,NA,-14.06,-5.04,NA,NA,SD,1
ID_0643,Bivalve,NA,-21.17,6.37,2.2,0.1,SD,2
ID_0643,Gastropod,Bellayma chinesis,-26.83,8.26,1.57,0.38,SD,4
ID_0643,Gastropod,Physidae,-25.95,6.71,NA,NA,SD,1
ID_0643,Dragonfly,Anisoptera,-28.9,7.97,NA,NA,SD,1
ID_0643,Midge,Chironomidae,-25.25,12.5,NA,NA,SD,1
ID_0643,Isopod,NA,-27.87,5.24,1.16,0.45,SD,2
ID_0643,Damselfly,Zygoptera,-30.13,5.79,NA,NA,SD,1
ID_0643,Terrestrial plant detritus,NA,-28.71,2.63,0.89,1.05,SD,3
ID_0643,Periphyton,NA,-20.88,4.2,NA,NA,SD,1
ID_0643,Macrophyte 1,NA,-14.57,2.12,0.13,0.12,SD,2
ID_0643,Macrophyte 2,NA,-16.81,6.95,0.43,0.41,SD,2
ID_0643,Macrophyte 3,NA,-12.63,4.77,0.22,0.52,SD,2
ID_0644,Bivalve,NA,-13.96,4.14,NA,NA,SD,1
ID_0644,Crayfish,Pacifastacus leniusculus,-22.94,7.07,0.88,0.48,SD,9
ID_0644,Crayfish,Procambarus clarkii,-24.05,6.14,2.75,0.57,SD,9
ID_0644,Gastropod,Bellayma chinesis,-24.03,6,2.24,0.5,SD,3
ID_0644,Gastropod,Gastropoda,-25.07,5.12,3.03,1.31,SD,2
ID_0644,Midge,Chironomidae,-25.93,4.97,NA,NA,SD,1
ID_0644,Beetle,Coleoptera,-28.8,6.28,NA,NA,SD,1
ID_0644,Gammarid,Gammaridae,-24.72,6.32,NA,NA,SD,1
ID_0644,Isopod,NA,-27.73,3.07,NA,NA,SD,1
ID_0644,Trichoptera,NA,-25.21,4.35,NA,NA,SD,1
ID_0644,Terrestrial plant detritus,NA,-29.39,2.07,1.98,1,SD,3
ID_0644,Periphyton,NA,-16.11,3.38,0.7,1.19,SD,3
ID_0644,Macrophyte 1,NA,-26.44,0.26,1.86,0.05,SD,2
ID_0644,Macrophyte 2,NA,-11.11,-0.59,NA,NA,SD,1
ID_0644,Macrophyte 3,NA,-21.77,1.93,NA,NA,SD,1
ID_0644,Macrophyte 4,NA,-17.93,1.18,NA,NA,SD,1
ID_0644,Macrophyte 5,NA,-15.55,2.13,NA,NA,SD,1
ID_0645,Bivalve,NA,-29.94,5.41,NA,NA,SD,1
ID_0645,Crayfish,Pacifastacus leniusculus,-28.35,10.92,1.43,0.96,SD,7
ID_0645,Gastropod,Bellayma chinesis,-27.74,9.3,3.45,0.96,SD,4
ID_0645,Gastropod,Physidae,-24.06,7.52,2.28,0.14,SD,2
ID_0645,Mayfly,Ephemeroptera,-28.72,7.03,NA,NA,SD,1
ID_0645,Gammarid,Gammaridae,-18.51,7.64,0.15,0.33,SD,2
ID_0645,Isopod,NA,-26.13,6.46,4.64,0.66,SD,3
ID_0645,Dragonfly,Odonata 1,-25.01,9.42,2.27,0.95,SD,3
ID_0645,Dragonfly,Odonata 2,-26.11,9.91,1.68,0.19,SD,2
ID_0645,Trichoptera,NA,-19.94,8.16,0.23,0.48,SD,2
ID_0645,Terrestrial plant detritus,NA,-28.83,3.37,0.7,0.83,SD,3
ID_0645,Periphyton,NA,-22.89,7.46,1.77,1.61,SD,3
ID_0645,Macrophyte 1,NA,-20.73,8.09,2.76,0.82,SD,3
ID_0645,Macrophyte 2,NA,-15.46,1.71,0.29,0.87,SD,2
ID_0645,Macrophyte 3,NA,-36.79,7.91,0.4,0.74,SD,3
ID_0645,Macrophyte 4,Myriophyllum spicatum,-21.61,9.32,0.66,0.41,SD,3
ID_0646,Gastropod,Bellayma chinesis,-18.22,6.52,2.71,0.84,SD,8
ID_0646,Dragonfly,Anisoptera,-24.6,7.52,0.13,0.12,SD,2
ID_0646,Gammarid,Gammaridae,-18.33,4.95,NA,NA,SD,1
ID_0646,Isopod,NA,-23.61,4.15,4.8,1.03,SD,3
ID_0646,Trichoptera,NA,-25.01,3.66,4.12,1.41,SD,3
ID_0646,Damselfly,Zygoptera,-22.64,7.16,4.21,0.83,SD,2
ID_0646,Particulate organic matter,NA,-27.6,4.99,3.63,0.91,SD,2
ID_0646,Algae,Chara sp,-18.11,2.45,NA,NA,SD,1
ID_0646,Macrophyte,Elodea candensis,-12.6,2.68,4.36,0.85,SD,2
ID_0646,Macrophyte,Heteranthera,-13.52,4.04,NA,NA,SD,1
ID_0646,Macrophyte,Isoetes,-22.12,3.68,NA,NA,SD,1
ID_0646,Terrestrial plant,Cyperacea,-22.82,5.02,2.84,1.35,SD,2
ID_0646,Terrestrial plant,Populus balsamifera,-29.81,8.89,NA,NA,SD,1
ID_0646,Terrestrial plant,Salix lucida,-30.78,-2.37,NA,NA,SD,1
ID_0646,Zooplankton,NA,-30.12,6.94,0.19,0.35,SD,4
ID_0647,Crayfish,Pacifastacus leniusculus,-23.48,7.63,1.42,0.68,SD,5
ID_0647,Gastropod,Bellayma chinesis,-25,5.7,0.29,0.61,SD,6
ID_0647,Gastropod,Physidae,-21.47,2.27,1.78,0.31,SD,2
ID_0647,Dragonfly,Anisoptera,-25.69,5.74,0.83,0.42,SD,3
ID_0647,Midge,Chironomidae,-27.76,4.06,1.26,0,SD,2
ID_0647,Gammarid,Gammaridae,-25.62,2.97,NA,NA,SD,1
ID_0647,Isopod,NA,-28.02,3.64,0.56,0.02,SD,3
ID_0647,Dragonfly,Odonata,-27.6,6.22,NA,NA,SD,1
ID_0647,Trichoptera,NA,-27.27,2.98,NA,NA,SD,1
ID_0647,Particulate organic matter,NA,-30.01,0.89,3.97,2.8,SD,2
ID_0647,Algae,Chara sp,-10.47,0.4,0.19,0.34,SD,2
ID_0647,Periphyton,NA,-24.49,2.05,1.85,0.34,SD,2
ID_0647,Macrophyte,Egeria,-11.78,-6.3,0.66,1.47,SD,2
ID_0647,Macrophyte,Myriophyllum spicatum,-11.23,-1.86,0.38,4.05,SD,2
ID_0647,Macrophyte,Potamogeton,-11.12,-2.27,0.18,4.94,SD,2
ID_0647,Terrestrial plant,Abies amabilis,-30.36,-0.55,1.49,0.21,SD,2
ID_0647,Terrestrial plant,Acer glabrum,-31.23,-1.79,NA,NA,SD,1
ID_0647,Terrestrial plant,Alnus rubra,-31.13,-0.88,0.09,0.4,SD,2
ID_0647,Terrestrial plant,Pseudotsuga,-30.13,-0.8,NA,NA,SD,1
ID_0647,Terrestrial plant,Salix lucida,-29.99,0.94,NA,NA,SD,1
ID_0647,Terrestrial plant,Thuja plicata,-27.48,-1.31,NA,NA,SD,1
ID_0647,Terrestrial plant,Tsuga heterophylla,-32.89,0.54,NA,NA,SD,1
ID_0647,Zooplankton,NA,-28.8,5.96,0.52,1.16,SD,5
ID_0648,Crayfish,Pacifastacus leniusculus,-28.58,5.11,0.8,0.83,SD,9
ID_0648,Dragonfly,Anisoptera,-30.79,2.55,1.23,1.1,SD,5
ID_0648,Midge,Chironomidae,-29.97,2.47,1.4,0.16,SD,3
ID_0648,Beetle,Coleoptera,-29.02,-0.04,5.04,1.28,SD,2
ID_0648,Mayfly,Ephemeroptera,-35.61,0.8,0.96,0.12,SD,2
ID_0648,Gammarid,Gammaridae,-30.35,1.61,0.48,0.63,SD,6
ID_0648,Hemiptera,NA,-28.83,3.47,NA,NA,SD,1
ID_0648,Megaloptera,NA,-31.24,4.2,NA,NA,SD,1
ID_0648,Trichoptera,NA,-30.45,4.09,NA,NA,SD,1
ID_0648,Particulate organic matter,NA,-31.03,2.88,0.82,0.27,SD,2
ID_0648,Algae,Chara sp,-23.73,0.46,0.45,0.96,SD,2
ID_0648,Periphyton,NA,-28.42,-0.63,1.48,0.44,SD,4
ID_0648,Macrophyte,Callitriche stagnolis,-29.98,2.06,NA,NA,SD,1
ID_0648,Macrophyte,Isoetes,-31.19,2.17,NA,NA,SD,1
ID_0648,Macrophyte,Potamogeton,-23.98,-0.46,0.5,1.01,SD,3
ID_0648,Terrestrial plant,Alnus rubra,-32.45,-1.27,0.07,0.12,SD,2
ID_0648,Terrestrial plant,Arbutus menziesii,-30.48,-1.98,NA,NA,SD,1
ID_0648,Terrestrial plant,Cornus nuttallii,-31.79,-3.96,NA,NA,SD,1
ID_0648,Terrestrial plant,Pseudotsuga,-31.75,-5.15,NA,NA,SD,1
ID_0648,Terrestrial plant,Thuja plicata,-29.06,-3.63,1.9,0.03,SD,2
ID_0648,Zooplankton,NA,-36.94,3.72,0.46,2.22,SD,2
ID_0649,Crayfish,Pacifastacus leniusculus,-24.17,12.12,1.08,0.45,SD,2
ID_0649,Gastropod,Bellayma chinesis,-28.71,12.66,0.71,0.69,SD,5
ID_0649,Gastropod,Physidae,-22.36,10.21,1.48,0.11,SD,2
ID_0649,Dragonfly,Anisoptera,-22.7,10.58,NA,NA,SD,1
ID_0649,Midge,Chironomidae,-25.58,9.08,3.83,1.17,SD,3
ID_0649,Gammarid,Gammaridae,-19.33,10,NA,NA,SD,1
ID_0649,Isopod,NA,-19.25,9.91,1.34,0.12,SD,2
ID_0649,Damselfly,Zygoptera,-27.84,11.85,0.52,0.86,SD,3
ID_0649,Particulate organic matter,NA,-29.61,6.95,1.76,0.4,SD,2
ID_0649,Periphyton,NA,-21.61,8.1,1.16,2.15,SD,2
ID_0649,Macrophyte,Nymphaea,-25.77,6.94,0.45,0.67,SD,5
ID_0649,Macrophyte,Potamogeton,-15.41,6.68,0.17,1.87,SD,2
ID_0649,Terrestrial plant,Alnus rubra,-31.77,-0.47,0.78,0.18,SD,2
ID_0649,Terrestrial plant,Populus balsamifera,-29.36,4.23,0.36,1.63,SD,2
ID_0649,Zooplankton,NA,-31.31,10.34,1.03,0.97,SD,7
ID_0650,Crayfish,Pacifastacus leniusculus,-24.56,6.97,1.1,0.79,SD,8
ID_0650,Gastropod,Bellayma chinesis,-28,6,0.57,0.55,SD,8
ID_0650,Gastropod,Physidae,-20.5,4.73,NA,NA,SD,1
ID_0650,Gastropod,Planorbidae,-25.08,6.08,NA,NA,SD,1
ID_0650,Dragonfly,Anisoptera,-27.6,5.68,0.84,0.52,SD,2
ID_0650,Midge,Chironomidae,-27.17,4.67,0.36,0.31,SD,4
ID_0650,Gammarid,Gammaridae,-22.89,4.95,5.18,0.24,SD,4
ID_0650,Trichoptera,NA,-24.26,4.77,2.13,1.31,SD,7
ID_0650,Damselfly,Zygoptera,-24.98,7.33,0.73,0.46,SD,4
ID_0650,Particulate organic matter,NA,-27.84,4.5,0.1,0.73,SD,2
ID_0650,Periphyton,NA,-23.24,3.13,3.84,1.07,SD,3
ID_0650,Macrophyte,Potamogeton,-14.39,4.17,0.95,0.53,SD,4
ID_0650,Terrestrial plant,Abies amabilis,-28.35,-3.72,NA,NA,SD,1
ID_0650,Terrestrial plant,Acer macrophyllum,-33.01,-1.93,1.48,0.49,SD,2
ID_0650,Terrestrial plant,Alnus rubra,-30.48,-0.86,0.91,0.31,SD,2
ID_0650,Terrestrial plant,Populus balsamifera,-31.29,7.13,NA,NA,SD,1
ID_0650,Terrestrial plant,Salix lucida,-31.59,7.7,NA,NA,SD,1
ID_0650,Terrestrial plant,Thuja plicata,-28.13,-3.45,NA,NA,SD,1
ID_0650,Zooplankton,NA,-28.18,7.75,0.67,1.46,SD,9
ID_0651,Crayfish,Pacifastacus leniusculus,-24.85,9,0.43,0.64,SD,5
ID_0651,Crayfish,Procambarus clarkii,-23.93,7.58,1.24,0.94,SD,7
ID_0651,Gastropod,Bellayma chinesis,-22.38,7.01,2.28,0.45,SD,6
ID_0651,Dragonfly,Anisoptera,-25,7.26,3.42,0.48,SD,3
ID_0651,Midge,Chironomidae,-20.96,4.45,NA,NA,SD,1
ID_0651,Gammarid,Gammaridae,-25.07,6.4,4.66,0.6,SD,4
ID_0651,Isopod,NA,-25.59,4.73,6.22,0.19,SD,4
ID_0651,Trichoptera,NA,-27.38,7.72,NA,NA,SD,1
ID_0651,Damselfly,Zygoptera,-22.34,8.05,1.09,0.42,SD,2
ID_0651,Particulate organic matter,NA,-28.6,5.66,0.64,0.5,SD,2
ID_0651,Algae,Chara sp,-21.09,4.42,0.86,0.42,SD,2
ID_0651,Periphyton,NA,-18.44,3.97,8.48,0.29,SD,3
ID_0651,Macrophyte,Nymphaea,-27.64,3.22,0.06,0.16,SD,2
ID_0651,Macrophyte,Potamogeton,-20.17,6.97,9.78,0.58,SD,3
ID_0651,Terrestrial plant,Abies grandis,-30.66,0.45,NA,NA,SD,1
ID_0651,Terrestrial plant,Acer macrophyllum,-29.9,-1.56,NA,NA,SD,1
ID_0651,Terrestrial plant,Alnus rubra,-29.58,-0.67,0.79,0.1,SD,2
ID_0651,Terrestrial plant,Pinus contorta,-27.56,0.36,NA,NA,SD,1
ID_0651,Terrestrial plant,Populus balsamifera,-30.76,2,1.15,1.27,SD,2
ID_0651,Terrestrial plant,Salix lucida,-32.55,2.81,1.47,1.55,SD,3
ID_0651,Terrestrial plant,Thuja plicata,-28.21,-2.83,NA,NA,SD,1
ID_0651,Zooplankton,NA,-29.96,6.99,0.32,0.12,SD,3
ID_0652,Crayfish,Pacifastacus leniusculus,-22.52,8.38,2.28,0.43,SD,6
ID_0652,Midge,Chironomidae,-27.87,6.02,0.47,0.39,SD,3
ID_0652,Gammarid,Gammaridae,-23.65,6.61,NA,NA,SD,1
ID_0652,Isopod,NA,-22.93,6.36,2.46,0.31,SD,2
ID_0652,Particulate organic matter,NA,-29.73,4.88,2.3,0.06,SD,3
ID_0652,Algae,Chara sp,-16.71,-0.54,0.22,7.09,SD,2
ID_0652,Periphyton,NA,-15.19,1.62,4.03,0.42,SD,4
ID_0652,Macrophyte,Elodea candensis,-18.43,5.97,2.17,1.63,SD,2
ID_0652,Macrophyte,Myriophyllum spicatum,-13.83,4.56,0.13,3.14,SD,2
ID_0652,Macrophyte,Nuphar lutea,-28.42,5.63,NA,NA,SD,1
ID_0652,Macrophyte,Nuphar polysepala,-23.25,5.15,NA,NA,SD,1
ID_0652,Macrophyte,Potamogeton,-15.59,-0.86,0.66,1.62,SD,2
ID_0652,Terrestrial plant,Alnus rubra,-30.51,-2.14,1.28,0.73,SD,4
ID_0652,Terrestrial plant,Cornus nuttallii,-29.81,-2.12,NA,NA,SD,1
ID_0652,Terrestrial plant,Thuja plicata,-27.47,-3.79,NA,NA,SD,1
ID_0652,Zooplankton,NA,-28.69,7.54,0.77,1.37,SD,6
ID_0653,Gastropod,Bellayma chinesis,-29.87,5.99,1.53,0.78,SD,5
ID_0653,Gastropod,Physidae,-23.31,5.12,2.72,0.19,SD,5
ID_0653,Mayfly,Chaoborus,-34.28,7.52,0.02,0.15,SD,2
ID_0653,Midge,Chironomidae,-31.35,5.56,0.17,0.21,SD,2
ID_0653,Gammarid,Gammaridae,-30.56,5.49,0.83,2.08,SD,2
ID_0653,Isopod,NA,-31.2,4.06,1.38,0.41,SD,3
ID_0653,Particulate organic matter,NA,-28.81,4.86,0.42,0.03,SD,2
ID_0653,Periphyton,NA,-23.39,2.31,6.16,2.11,SD,3
ID_0653,Macrophyte,Elodea candensis,-21.9,0.47,NA,NA,SD,1
ID_0653,Macrophyte,Nymphaea,-24.87,3.08,0.24,2.05,SD,3
ID_0653,Macrophyte,Potamogeton,-25.5,2.89,3.77,0.58,SD,3
ID_0653,Terrestrial plant,Alnus rubra,-30.52,-1.29,0.16,0.24,SD,4
ID_0653,Zooplankton,NA,-34.42,6.2,0.82,1.66,SD,4
ID_0654,Gastropod,Lymnaea,-25.28,2.69,3.96,0.37,SD,4
ID_0654,Gastropod,Physidae,-20.01,3.19,0.71,0.33,SD,3
ID_0654,Gastropod,Planorbidae,-20.61,3.34,3.6,0.7,SD,5
ID_0654,Dragonfly,Anisoptera,-25.46,3.79,1.88,0.73,SD,6
ID_0654,Midge,Chironomidae,-30.28,3.25,0.3,0.54,SD,4
ID_0654,Mayfly,Ephemeroptera,-29.69,2.97,3.16,0.4,SD,3
ID_0654,Gammarid,Gammaridae,-24.88,2.8,0.71,0.12,SD,4
ID_0654,Trichoptera,NA,-30.48,3.56,6.84,0.39,SD,4
ID_0654,Damselfly,Zygoptera,-26.94,4.51,1.74,0.11,SD,3
ID_0654,Particulate organic matter,NA,-27.46,4.08,0.02,3.22,SD,2
ID_0654,Algae,Chara sp,-23.66,-0.05,NA,NA,SD,1
ID_0654,Periphyton,NA,-22.72,1.43,6.48,0.44,SD,4
ID_0654,Macrophyte,Ceratophyllum demersum,-25.32,1.08,2.58,0.21,SD,2
ID_0654,Macrophyte,Isoetes,-28.01,1.4,NA,NA,SD,1
ID_0654,Macrophyte,Potamogeton,-17.92,1.13,3.26,2.2,SD,4
ID_0654,Macrophyte,Utricularia,-28.2,2.94,2.21,0.21,SD,2
ID_0654,Terrestrial plant,Abies grandis,-30.36,-0.44,NA,NA,SD,1
ID_0654,Terrestrial plant,Alnus rubra,-28.24,-1.03,0.57,0.22,SD,2
ID_0654,Terrestrial plant,Arbutus menziesii,-29.43,-1.03,1.14,2.02,SD,2
ID_0654,Terrestrial plant,Tsuga heterophylla,-30.88,-3.41,NA,NA,SD,1
ID_0654,Zooplankton,NA,-30.06,2.58,1,0.94,SD,9
ID_0655,Crayfish,Pacifastacus leniusculus,-25.59,10.12,2.64,1.86,SD,6
ID_0655,Gastropod,Bellayma chinesis,-27.55,8.63,3.93,0.76,SD,6
ID_0655,Dragonfly,Anisoptera,-26.99,8.7,0.97,1.03,SD,5
ID_0655,Midge,Chironomidae,-25.97,7.03,3.27,1.4,SD,4
ID_0655,Gammarid,Gammaridae,-23.9,7.62,1.98,0.38,SD,4
ID_0655,Trichoptera,NA,-24.07,7.54,2.53,1.3,SD,8
ID_0655,Damselfly,Zygoptera,-27.48,10.63,1.08,0.25,SD,4
ID_0655,Particulate organic matter,NA,-31.44,5.88,5.61,1.14,SD,2
ID_0655,Periphyton,NA,-18.08,6.12,5.27,0.19,SD,4
ID_0655,Zooplankton,NA,-30.94,9.88,2.93,0.65,SD,9
ID_0657,Stonefly,Protonemura sp,-24.2,-0.2,1,0.5,SD,8
ID_0657,Bivalve,Stenopsyche marmorata,-21.7,1.9,0.9,0.1,SD,16
ID_0657,Midge,Orthocladius spp,-22.7,-1.2,2.8,1.2,SD,12
ID_0657,Mayfly,Epeorus latifolium,-18.8,-0.5,1.4,0.7,SD,12
ID_0657,Caddisfly,Rhyacophila sp,-21.6,1.3,1.7,0.8,SD,8
ID_0657,Biofilm,NA,-16,-1.5,1.4,0.3,SD,8
ID_0658,Stonefly,Protonemura sp,-22.2,0.4,0.4,0.1,SD,8
ID_0658,Bivalve,Stenopsyche marmorata,-17.4,4.3,1.2,0.4,SD,16
ID_0658,Midge,Orthocladius spp,-18.1,4.8,1.2,0.6,SD,12
ID_0658,Mayfly,Epeorus latifolium,-16.9,3.4,0.6,0.8,SD,12
ID_0658,Caddisfly,Rhyacophila sp,-18.1,4,1.6,0.4,SD,8
ID_0658,Biofilm,NA,-15.9,2.6,1.5,0.8,SD,8
ID_0659,Stonefly,Protonemura sp,-24.8,-0.7,0.8,1,SD,8
ID_0659,Bivalve,Stenopsyche marmorata,-23.9,-0.3,0.9,0.2,SD,16
ID_0659,Midge,Orthocladius spp,-24.5,-1.8,0.8,0.6,SD,12
ID_0659,Mayfly,Epeorus latifolium,-21.4,-1.9,1,0.7,SD,12
ID_0659,Caddisfly,Rhyacophila sp,-21.9,-0.4,0.8,0.3,SD,8
ID_0659,Biofilm,NA,-14.4,-2.6,1.2,1.4,SD,8
ID_0660,Stonefly,Protonemura sp,-24.6,-1.3,1.1,8,SD,8
ID_0660,Bivalve,Stenopsyche marmorata,-25,-0.2,0.7,16,SD,16
ID_0660,Midge,Orthocladius spp,-23,-1.5,1.1,12,SD,12
ID_0660,Mayfly,Epeorus latifolium,-23.2,-2.2,0.7,12,SD,12
ID_0660,Caddisfly,Rhyacophila sp,-22.8,0,0.4,8,SD,8
ID_0660,Biofilm,NA,-15.8,-2.6,1.3,8,SD,8
ID_0661,Water hoglouse,Asellus sp,-28.05,3.15,4.03,0.78,SD,2
ID_0661,Midge,Chironomidae,-31.24,3.22,5.05,1.86,SD,5
ID_0661,Water beetle,Dytiscidae,-25.5,3.4,NA,NA,SD,1
ID_0661,Mayfly,Ephemeroptera,-28.1,3.15,4.1,1.34,SD,2
ID_0661,Gammarid,Gammarus sp,-26,4,NA,NA,SD,1
ID_0661,Water mite,Hydracarina sp,-30.58,4.66,5.07,1.67,SD,5
ID_0661,Gastropod,Lymnaea,-24,1.8,NA,NA,SD,1
ID_0661,Worm,Oligochaeta,-29.57,4.67,2.25,1.54,SD,3
ID_0661,Bivalve,Pisidium sp,-30.2,4.2,NA,NA,SD,1
ID_0661,Stonefly,Plecoptera,-24.9,4.6,NA,NA,SD,1
ID_0661,Caddisfly,Trichoptera,-29.6,5.2,NA,NA,SD,1
ID_0661,Copepod,Megacyclops,-30.5,7.1,NA,NA,SD,1
ID_0662,Water hoglouse,Asellus sp,-23.1,9.9,NA,NA,SD,1
ID_0662,Midge,Chironomidae,-22.6,9.52,3.08,1.06,SD,5
ID_0662,Mayfly,Ephemeroptera,-21.9,9.2,NA,NA,SD,1
ID_0662,Achaeta,Hirudinea sp,-27.2,8.5,NA,NA,SD,1
ID_0662,Water mite,Hydracarina sp,-26.15,8.35,5.87,1.06,SD,2
ID_0662,Gastropod,Lymnaea,-23.6,9.5,NA,NA,SD,1
ID_0662,Worm,Oligochaeta,-28.5,3.5,NA,NA,SD,1
ID_0662,Bivalve,Pisidium sp,-28.1,4,NA,NA,SD,1
ID_0662,Caddisfly,Trichoptera,-21.2,8.7,NA,NA,SD,1
ID_0662,Brachiopod,Eurycercus,-21.9,9.9,NA,NA,SD,1
ID_0662,Copepod,Megacyclops,-22.3,9.83,0.44,0.5,SD,3
ID_0663,Spider,Aranea,-26.7,7.4,NA,NA,SD,1
ID_0663,Water hoglouse,Asellus sp,-22.93,2.53,3.56,0.32,SD,3
ID_0663,Midge,Chironomidae,-27.25,5.23,4.31,1.5,SD,11
ID_0663,Water boatman,Corixidae,-28.4,3.2,NA,NA,SD,1
ID_0663,Water beetle,Dytiscidae,-23.6,3.9,NA,NA,SD,1
ID_0663,Mayfly,Ephemeroptera,-24.8,1.85,5.8,0.21,SD,2
ID_0663,Gammarid,Gammarus sp,-21.8,2.93,2.46,0.46,SD,4
ID_0663,Worm,Gordius sp,-25.1,6.7,0.14,0.99,SD,2
ID_0663,Achaeta,Hirudinea sp,-25.5,6.5,6.36,6.93,SD,2
ID_0663,Water mite,Hydracarina sp,-27.81,5.72,4.91,1.24,SD,11
ID_0663,Gastropod,Lymnaea,-20.2,0.9,NA,NA,SD,1
ID_0663,Worm,Oligochaeta,-26.73,4.74,4.05,1.88,SD,9
ID_0663,Bivalve,Pisidium,-28.31,4.53,6.77,1.63,SD,8
ID_0663,Stonefly,Plecoptera,-24.6,1.8,7.92,0,SD,2
ID_0663,Horse fly,Tabanidae,-30.3,3.9,NA,NA,SD,1
ID_0663,Cranefly,Tipulidae,-26.5,1.6,NA,NA,SD,1
ID_0663,Caddisfly,Trichoptera,-23.95,3.63,2.91,0.81,SD,4
ID_0663,Gastropod,Valvata,-19.5,0.7,NA,NA,SD,1
ID_0663,Brachiopod,Eurycercus,-24.62,2.42,5.23,1.6,SD,6
ID_0663,Copepod,Megacyclops,-28.48,6.2,3.79,0.77,SD,9
ID_0664,Water hoglouse,Asellus sp,-27,3.7,NA,NA,SD,1
ID_0664,Midge,Chironomidae,-31.25,3,3.95,2.02,SD,4
ID_0664,Water beetle,Dytiscidae,-23.95,6.25,3.61,0.64,SD,2
ID_0664,Mayfly,Ephemeroptera,-21.2,2.3,NA,NA,SD,1
ID_0664,Worm,Gordius sp,-18,7.5,NA,NA,SD,1
ID_0664,Achaeta,Hirudinea sp,-26.8,5.35,3.11,0.92,SD,2
ID_0664,Water mite,Hydracarina sp,-27.8,7.5,1.84,0.28,SD,2
ID_0664,Gastropod,Lymnaea,-25,3,NA,NA,SD,1
ID_0664,Worm,Oligochaeta,-28.45,3.83,1.3,1.19,SD,4
ID_0664,Bivalve,Pisidium sp,-29.4,2.3,NA,NA,SD,1
ID_0664,Gastropod,Valvata,-25.1,2.6,NA,NA,SD,1
ID_0664,Cladoceran,NA,-34.6,0.9,NA,NA,SD,1
ID_0664,Copepod,Megacyclops,-27.78,7.2,2.23,1.88,SD,4
ID_0665,Midge,Chironomidae,-22.48,3.9,4.46,2.01,SD,8
ID_0665,Water beetle,Dytiscidae,-18.9,2.8,NA,NA,SD,1
ID_0665,Gammarid,Gammarus sp,-19.18,2.58,2.4,0.65,SD,5
ID_0665,Achaeta,Hirudinea sp,-22.68,5.44,4.4,1.1,SD,5
ID_0665,Water mite,Hydracarina sp,-23.77,6.2,4.59,1.31,SD,3
ID_0665,Gastropod,Lymnaea,-18.28,1.78,3.44,0.7,SD,4
ID_0665,Worm,Oligochaeta,-20.31,3.23,3.24,1.48,SD,7
ID_0665,Bivalve,Pisidium sp,-24.83,1.98,5.7,1.58,SD,6
ID_0665,Stonefly,Plecoptera,-21.28,1.5,4.25,0.46,SD,4
ID_0665,Alderfly,Sialis sp,-18,2.5,NA,NA,SD,1
ID_0665,Cranefly,Tipulidae,-16.8,2.5,3.82,2.97,SD,2
ID_0665,Caddisfly,Trichoptera,-21.83,3.23,1.88,1.07,SD,3
ID_0665,Gastropod,Valvata,-12.8,1.8,NA,NA,SD,1
ID_0665,Copepod,Megacyclops,-21.7,5.7,NA,NA,SD,1
ID_0666,Midge,Chironomidae,-22.4,3.97,6.81,2.51,SD,3
ID_0666,Water beetle,Dytiscidae,-19.4,3.3,NA,NA,SD,1
ID_0666,Mayfly,Ephemeroptera,-23,1.8,NA,NA,SD,1
ID_0666,Achaeta,Hirudinea sp,-29.2,6.9,NA,NA,SD,1
ID_0666,Worm,Oligochaeta,-22.95,4.83,4.59,2.61,SD,4
ID_0666,Stonefly,Plecoptera,-19.9,2.8,NA,NA,SD,1
ID_0666,Cranefly,Tipulidae,-21.6,1.6,NA,NA,SD,1
ID_0666,Caddisfly,Trichoptera,-20.5,2.2,NA,NA,SD,1
ID_0666,Brachiopod,Eurycercus,-31.2,4.9,NA,NA,SD,1
ID_0666,Copepod,Megacyclops,-30.4,7.7,NA,NA,SD,1
ID_0667,Fly,Ceratopogonidae,-26.3,3.77,0.8,0.93,SD,3
ID_0667,Midge,Chironomidae,-27.63,2.8,4.37,1.26,SD,6
ID_0667,Water boatman,Corixidae,-32.6,3,NA,NA,SD,1
ID_0667,Water beetle,Dytiscidae,-26.4,3.7,NA,NA,SD,1
ID_0667,Mayfly,Ephemeroptera,-25.8,1.4,NA,NA,SD,1
ID_0667,Gammarid,Gammarus sp,-23.8,2.7,NA,NA,SD,1
ID_0667,Water mite,Hydracarina sp,-28.35,6.35,4.71,1.15,SD,4
ID_0667,Gastropod,Lymnaea,-23.4,0.5,NA,NA,SD,1
ID_0667,Worm,Oligochaeta,-27.75,3.32,2.59,0.95,SD,6
ID_0667,Bivalve,Pisidium sp,-29.13,2.35,4.09,1.26,SD,4
ID_0667,Gastropod,Planorbidae,-19.8,2.3,NA,NA,SD,1
ID_0667,Stonefly,Plecoptera,-25.9,1.65,2.69,0.49,SD,2
ID_0667,Alderfly,Sialis sp,-24.13,3.1,1.02,0.79,SD,4
ID_0667,Caddisfly,Trichoptera,-24.93,3.5,1.63,1.04,SD,3
ID_0667,Gastropod,Valvata,-21.65,2.33,1.21,0.63,SD,4
ID_0667,Brachiopod,Eurycercus,-27.98,2.28,4.6,1.15,SD,4
ID_0667,Copepod,Megacyclops,-27.33,5.63,4.87,0.85,SD,4
ID_0668,Midge,Chironomidae,-22.33,1.4,0.73,0.74,SD,4
ID_0668,Water boatman,Corixidae,-25.7,1.3,NA,NA,SD,1
ID_0668,Water beetle,Dytiscidae,-24.55,3.05,2.76,0.64,SD,2
ID_0668,Mayfly,Ephemeroptera,-28.9,1.5,NA,NA,SD,1
ID_0668,Gammarid,Gammarus sp,-22,0.7,NA,NA,SD,1
ID_0668,Worm,Gordius sp,-20.9,4.7,NA,NA,SD,1
ID_0668,Achaeta,Hirudinea sp,-22.68,4.08,2.04,1.02,SD,4
ID_0668,Water mite,Hydracarina sp,-23.9,3.85,2.03,1.3,SD,4
ID_0668,Oligochaeta,Nematoda,-20.9,1.8,NA,NA,SD,1
ID_0668,Worm,Oligochaeta,-23.38,0.55,1.2,0.55,SD,4
ID_0668,Bivalve,Pisidium sp,-21.8,0.9,NA,NA,SD,1
ID_0668,Stonefly,Plecoptera,-28.2,1.6,NA,NA,SD,1
ID_0668,Alderfly,Sialis sp,-22.5,1.9,NA,NA,SD,1
ID_0668,Caddisfly,Trichoptera,-23.27,1.9,3.33,0.5,SD,3
ID_0668,Worm,Turbellaria sp,-21.8,3.3,NA,NA,SD,1
ID_0668,Gastropod,Valvata,-21.87,1.2,3.1,0.36,SD,3
ID_0668,Brachiopod,Eurycercus,-22.1,0.3,0.42,0.57,SD,2
ID_0668,Copepod,Megacyclops,-23.53,3.83,1.66,0.29,SD,4
ID_0669,Midge,Chironomidae,-27.58,1.38,1.54,0.46,SD,5
ID_0669,Water boatman,Corixidae,-26.6,2.3,NA,NA,SD,1
ID_0669,Water beetle,Dytiscidae,-25.55,2.65,0.35,0.92,SD,2
ID_0669,Gammarid,Gammarus sp,-26.45,2.05,2.05,0.07,SD,2
ID_0669,Water strider,Gerridae,-27.7,3.7,NA,NA,SD,1
ID_0669,Achaeta,Hirudinea sp,-23.8,3,NA,NA,SD,1
ID_0669,Water mite,Hydracarina sp,-28.1,4.7,4.81,1.84,SD,2
ID_0669,Worm,Oligochaeta,-26.8,2.1,1.47,1.25,SD,4
ID_0669,Bivalve,Pisidium sp,-29.43,0.97,0.84,1.21,SD,3
ID_0669,Alderfly,Sialis sp,-25.8,2.25,0.14,0.21,SD,2
ID_0669,Horse fly,Tabanidae,-25.2,2,NA,NA,SD,1
ID_0669,Cranefly,Tipulidae,-26.3,0.3,NA,NA,SD,1
ID_0669,Caddisfly,Trichoptera,-26.27,2.13,0.87,0.49,SD,3
ID_0669,Gastropod,Valvata,-23.9,1.5,2.69,0.26,SD,3
ID_0669,Zooplankton,Daphnia spp,-24.2,0.6,NA,NA,SD,1
ID_0669,Brachiopod,Eurycercus,-25.07,0.93,3.34,0.57,SD,3
ID_0670,Midge,Chironomidae,-28.43,5.54,3.63,1.79,SD,10
ID_0670,Water boatman,Corixidae,-31.1,3,NA,NA,SD,1
ID_0670,Water beetle,Dytiscidae,-26.87,4.5,3.02,0.7,SD,3
ID_0670,Mayfly,Ephemeroptera,-25.55,2.03,0.31,0.57,SD,4
ID_0670,Gammarid,Gammarus sp,-25.7,3.6,NA,NA,SD,1
ID_0670,Achaeta,Hirudinea sp,-27.15,4.48,3.51,2.15,SD,4
ID_0670,Water mite,Hydracarina sp,-29.18,5.78,2.25,1.39,SD,8
ID_0670,Gastropod,Lymnaea,-22.83,1.93,2.45,0.55,SD,3
ID_0670,Dragonfly,Odonata,-27.5,4.1,NA,NA,SD,1
ID_0670,Worm,Oligochaeta,-28.31,5.13,2.87,1.84,SD,10
ID_0670,Bivalve,Pisidium,-29.02,3.84,3.86,0.85,SD,5
ID_0670,Stonefly,Plecoptera,-27.7,1.87,1.01,0.47,SD,3
ID_0670,Alderfly,Sialis sp,-24.6,2.2,NA,NA,SD,1
ID_0670,Horse fly,Tabanidae,-26,5.1,NA,NA,SD,1
ID_0670,Caddisfly,Trichoptera,-23.73,2.53,0.81,0.94,SD,4
ID_0670,Gastropod,Valvata,-21.93,2.13,1.75,0.4,SD,3
ID_0670,Zooplankton,Bythotrephes,-28.4,5.9,NA,NA,SD,1
ID_0670,Copepod,Calanoida,-31,5.4,NA,NA,SD,1
ID_0670,Cladoceran,NA,-34,4.3,NA,NA,SD,1
ID_0670,Brachiopod,Eurycercus,-27.17,2,4.02,1.35,SD,3
ID_0670,Copepod,Megacyclops,-27.65,5.95,4.74,0.64,SD,2
ID_0670,Ostracod,NA,-32.3,6.8,NA,NA,SD,1
ID_0671,Water hoglouse,Asellus sp,-28.1,1.5,NA,NA,SD,1
ID_0671,Midge,Chironomidae,-27.1,2.86,3.22,0.9,SD,5
ID_0671,Water boatman,Corixidae,-28.9,3.5,NA,NA,SD,1
ID_0671,Water beetle,Dytiscidae,-28.1,4.1,NA,NA,SD,1
ID_0671,Mayfly,Ephemeroptera,-24,0.8,NA,NA,SD,1
ID_0671,Gammarid,Gammarus sp,-26.6,1.2,NA,NA,SD,1
ID_0671,Achaeta,Hirudinea sp,-28.63,5.07,3.16,2.32,SD,3
ID_0671,Water mite,Hydracarina sp,-27.3,4.9,1.7,1.17,SD,4
ID_0671,Worm,Oligochaeta,-28.05,2.87,3.36,1,SD,6
ID_0671,Bivalve,Pisidium sp,-29.23,2.03,2.97,0.95,SD,3
ID_0671,Stonefly,Plecoptera,-27.6,2.7,NA,NA,SD,1
ID_0671,Alderfly,Sialis sp,-24.1,3.35,0.85,0.35,SD,2
ID_0671,Caddisfly,Trichoptera,-27.93,3.83,2.52,0.97,SD,3
ID_0671,Gastropod,Valvata,-23,2.68,1.49,0.53,SD,4
ID_0671,Brachiopod,Eurycercus,-27.52,2.08,3.06,1.01,SD,5
ID_0671,Copepod,Megacyclops,-26.97,5.47,2.65,0.45,SD,3
ID_0672,Midge,Chironomidae,-27.41,4.71,3.36,1.73,SD,10
ID_0672,Water boatman,Corixidae,-30.3,1.8,NA,NA,SD,1
ID_0672,Water beetle,Dytiscidae,-24.3,3.4,0.57,1.56,SD,2
ID_0672,Mayfly,Ephemeroptera,-24.53,1.6,4.16,0.4,SD,3
ID_0672,Achaeta,Hirudinea sp,-24.5,5.9,NA,NA,SD,1
ID_0672,Water mite,Hydracarina sp,-24.1,3.35,1.13,0.21,SD,2
ID_0672,Gastropod,Lymnaea,-22.6,1.1,1.31,0.44,SD,3
ID_0672,Oligochaeta,Nematoda,-25.6,2.8,NA,NA,SD,1
ID_0672,Worm,Oligochaeta,-26.93,4.75,2.71,2.19,SD,10
ID_0672,Bivalve,Pisidium sp,-29.65,3.28,4.07,1.6,SD,4
ID_0672,Stonefly,Plecoptera,-21.6,2.8,NA,NA,SD,1
ID_0672,Alderfly,Sialis sp,-23.8,2.5,NA,NA,SD,1
ID_0672,Cranefly,Tipulidae,-23.6,0.3,NA,NA,SD,1
ID_0672,Caddisfly,Trichoptera,-25.9,3.12,3.95,1.86,SD,5
ID_0672,Gastropod,Valvata,-23.9,2.55,3.68,0.73,SD,4
ID_0672,Brachiopod,Eurycercus,-29.3,1.2,NA,NA,SD,1
ID_0672,Copepod,Megacyclops,-28.95,5.65,4.17,1.91,SD,2
ID_0673,Water hoglouse,Asellus sp,-24.7,4.2,NA,NA,SD,1
ID_0673,Water beetle,Dytiscidae,-25.5,2.9,NA,NA,SD,1
ID_0673,Mayfly,Ephemeroptera,-22.5,2.2,NA,NA,SD,1
ID_0673,Achaeta,Hirudinea sp,-24.7,4.7,NA,NA,SD,1
ID_0673,Gastropod,Lymnaea,-26.9,3.7,NA,NA,SD,1
ID_0673,Bivalve,Pisidium sp,-28.5,1.9,NA,NA,SD,1
ID_0673,Stonefly,Plecoptera,-22.2,3.2,NA,NA,SD,1
ID_0673,Caddisfly,Trichoptera,-24.9,5.8,NA,NA,SD,1
ID_0674,Water hoglouse,Asellus sp,-27.3,2.8,NA,NA,SD,1
ID_0674,Midge,Chironomidae,-34.7,1.13,4.21,2.45,SD,4
ID_0674,Water beetle,Dytiscidae,-28.3,4.5,NA,NA,SD,1
ID_0674,Mayfly,Ephemeroptera,-29.4,3.4,NA,NA,SD,1
ID_0674,Achaeta,Hirudinea sp,-30,6,NA,NA,SD,1
ID_0674,Water mite,Hydracarina sp,-31.8,4.9,NA,NA,SD,1
ID_0674,Gastropod,Lymnaea,-26.2,2.9,NA,NA,SD,1
ID_0674,Worm,Oligochaeta,-34.55,1.85,0.21,1.06,SD,2
ID_0674,Bivalve,Pisidium sp,-29.9,3.9,NA,NA,SD,1
ID_0674,Alderfly,Sialis sp,-31.7,4,NA,NA,SD,1
ID_0674,Caddisfly,Trichoptera,-28,5.4,NA,NA,SD,1
ID_0674,Brachiopod,Eurycercus,-27.2,1.5,NA,NA,SD,1
ID_0675,Midge,Chironomidae,-27.14,5.57,2,1.34,SD,7
ID_0675,Water beetle,Dytiscidae,-24.3,2.7,0.99,0.14,SD,2
ID_0675,Mayfly,Ephemeroptera,-27.4,3.4,NA,NA,SD,1
ID_0675,Gammarid,Gammarus sp,-24.95,3.5,1.2,1.13,SD,2
ID_0675,Achaeta,Hirudinea sp,-28,7.1,NA,NA,SD,1
ID_0675,Water mite,Hydracarina sp,-25.25,4.57,1.51,0.53,SD,6
ID_0675,Gastropod,Lymnaea,-24.6,2.45,0.85,0.35,SD,2
ID_0675,Worm,Oligochaeta,-26.81,5.64,1.22,2.07,SD,8
ID_0675,Bivalve,Pisidium sp,-25.5,3.1,0.85,0,SD,2
ID_0675,Stonefly,Plecoptera,-24.2,3.2,2.72,0.17,SD,3
ID_0675,Cranefly,Tipulidae,-26.25,2.8,1.2,0.14,SD,2
ID_0675,Caddisfly,Trichoptera,-27.2,2.85,1.41,0.21,SD,2
ID_0675,Gastropod,Valvata,-23.43,2.43,2.33,0.29,SD,4
ID_0675,Brachiopod,Eurycercus,-25.6,1.6,1.56,0,SD,2
ID_0675,Copepod,Megacyclops,-28.7,5.21,0.95,0.18,SD,8
ID_0675,Zooplankton,NA,-28.7,6.7,NA,NA,SD,1
ID_0676,Midge,Chironomidae,-25.16,4.59,6.39,1.91,SD,8
ID_0676,Water boatman,Corixidae,-18.4,4,NA,NA,SD,1
ID_0676,Gammarid,Gammarus sp,-22.8,2.3,NA,NA,SD,1
ID_0676,Water mite,Hydracarina sp,-20.55,4.8,1.06,0.71,SD,2
ID_0676,Worm,Oligochaeta,-24.81,5.42,3.52,2.48,SD,9
ID_0676,Bivalve,Pisidium sp,-31.4,4,3.15,2.72,SD,4
ID_0676,Caddisfly,Trichoptera,-19.35,3.3,0.49,0.28,SD,2
ID_0677,Water hoglouse,Asellus sp,-24.4,1.2,NA,NA,SD,1
ID_0677,Midge,Chironomidae,-33.12,3.4,3.91,1.43,SD,5
ID_0677,Water beetle,Dytiscidae,-33.2,4.5,NA,NA,SD,1
ID_0677,Mayfly,Ephemeroptera,-29.45,1.3,7.14,1.13,SD,2
ID_0677,Water mite,Hydracarina sp,-28.2,4.1,NA,NA,SD,1
ID_0677,Gastropod,Lymnaea,-20.9,1.2,NA,NA,SD,1
ID_0677,Worm,Oligochaeta,-30.6,3.85,5.52,3.46,SD,2
ID_0677,Alderfly,Sialis sp,-27.7,3.1,NA,NA,SD,1
ID_0677,Caddisfly,Trichoptera,-26.55,2.35,6.29,1.63,SD,2
ID_0677,Brachiopod,Eurycercus,-29,1.25,5.66,1.2,SD,2
ID_0677,Copepod,Megacyclops,-29.35,4.95,3.75,0.35,SD,2
ID_0678,Water hoglouse,Asellus sp,-23,1.75,0.85,0.49,SD,2
ID_0678,Midge,Chironomidae,-25.7,4.34,3.81,1.76,SD,8
ID_0678,Water boatman,Corixidae,-20,2.1,NA,NA,SD,1
ID_0678,Water beetle,Dytiscidae,-20.4,1.2,NA,NA,SD,1
ID_0678,Mayfly,Ephemeroptera,-22.8,0.4,NA,NA,SD,1
ID_0678,Achaeta,Hirudinea sp,-21.6,3.85,5.23,2.76,SD,2
ID_0678,Water mite,Hydracarina sp,-23.4,3.5,2.26,0.85,SD,2
ID_0678,Gastropod,Lymnaea,-20.15,0.6,1.77,0.42,SD,2
ID_0678,Worm,Oligochaeta,-25.57,3.66,4.63,2.08,SD,7
ID_0678,Bivalve,Pisidium sp,-28.17,3.3,4.27,0.61,SD,3
ID_0678,Stonefly,Plecoptera,-23,1.5,NA,NA,SD,1
ID_0678,Caddisfly,Trichoptera,-24.47,2.47,2.72,1.04,SD,3
ID_0678,Gastropod,Valvata,-21.17,1.5,2.37,0.35,SD,3
ID_0678,Brachiopod,Eurycercus,-24.9,0.73,2.3,0.32,SD,4
ID_0678,Copepod,Megacyclops,-27.48,6.52,3.61,1.26,SD,5
ID_0679,Water hoglouse,Asellus sp,-20.4,4.9,NA,NA,SD,1
ID_0679,Midge,Chironomidae,-27.4,6,NA,NA,SD,1
ID_0679,Achaeta,Hirudinea sp,-28.46,4.86,5.19,2.23,SD,5
ID_0679,Gastropod,Lymnaea,-27.3,5.8,NA,NA,SD,1
ID_0679,Worm,Oligochaeta,-21.1,6.1,NA,NA,SD,1
ID_0679,Bivalve,Pisidium sp,-24.4,5.5,NA,NA,SD,1
ID_0679,Stonefly,Plecoptera,-16.1,2.7,NA,NA,SD,1
ID_0679,Alderfly,Sialis sp,-25.7,5.7,NA,NA,SD,1
ID_0679,Caddisfly,Trichoptera,-22.55,6.9,2.33,0.28,SD,2
ID_0679,Gastropod,Valvata,-17.55,5.6,6.86,0.57,SD,2
ID_0679,Copepod,Megacyclops,-28.4,10.05,0.71,0.21,SD,2
ID_0680,Midge,Chironomidae,-32.84,4.66,1.57,0.88,SD,5
ID_0680,Mayfly,Ephemeroptera,-35.1,3.9,NA,NA,SD,1
ID_0680,Water mite,Hydracarina sp,-33.03,8.13,1.07,0.48,SD,4
ID_0680,Gastropod,Lymnaea,-31.4,3.7,NA,NA,SD,1
ID_0680,Worm,Oligochaeta,-33.83,3.9,1.44,1.51,SD,3
ID_0680,Bivalve,Pisidium sp,-29.85,4.48,1.45,0.36,SD,4
ID_0680,Alderfly,Sialis sp,-32.47,5.7,1.3,0.46,SD,3
ID_0680,Caddisfly,Trichoptera,-32.5,6.05,2.69,0.21,SD,2
ID_0680,Gastropod,Valvata,-30.35,4.5,2.05,0,SD,2
ID_0680,Brachiopod,Eurycercus,-33.05,3.3,1.34,0.42,SD,2
ID_0680,Copepod,Megacyclops,-31,7.85,0.99,1.34,SD,2
ID_0681,Midge,Chironomidae,-26,2.6,NA,NA,SD,1
ID_0681,Water boatman,Corixidae,-30.3,1.9,NA,NA,SD,1
ID_0681,Water beetle,Dytiscidae,-25.1,3.2,NA,NA,SD,1
ID_0681,Mayfly,Ephemeroptera,-25,0.8,NA,NA,SD,1
ID_0681,Water mite,Hydracarina sp,-22.6,2.8,NA,NA,SD,1
ID_0681,Gastropod,Lymnaea,-26.7,0.8,NA,NA,SD,1
ID_0681,Worm,Oligochaeta,-25.7,1,NA,NA,SD,1
ID_0681,Stonefly,Plecoptera,-30.4,1,NA,NA,SD,1
ID_0681,Cranefly,Tipulidae,-22.3,0.2,NA,NA,SD,1
ID_0681,Caddisfly,Trichoptera,-26.9,2.1,NA,NA,SD,1
ID_0681,Brachiopod,Eurycercus,-24.5,0.6,NA,NA,SD,1
ID_0682,Water hoglouse,Asellus sp,-26.65,3.85,1.34,2.05,SD,2
ID_0682,Midge,Chironomidae,-25.15,3.8,1.06,0.85,SD,2
ID_0682,Achaeta,Hirudinea sp,-31.83,4.43,3.66,2.5,SD,4
ID_0682,Water mite,Hydracarina sp,-29.5,7.65,4.67,1.48,SD,2
ID_0682,Worm,Oligochaeta,-29.2,3.04,3.32,0.92,SD,5
ID_0682,Bivalve,Pisidium sp,-30.03,4.67,2.93,2.97,SD,3
ID_0682,Alderfly,Sialis sp,-26.9,5.2,NA,NA,SD,1
ID_0682,Caddisfly,Trichoptera,-27.4,2.8,NA,NA,SD,1
ID_0682,Gastropod,Valvata,-22,2,NA,NA,SD,1
ID_0682,Brachiopod,Eurycercus,-27.7,0.8,NA,NA,SD,1
ID_0683,Midge,Chironomidae,-27.3,4.31,3.59,1.31,SD,7
ID_0683,Water beetle,Dytiscidae,-24.57,3.6,2.15,0.17,SD,3
ID_0683,Oligochaeta,Eiseniella,-23.7,3.6,NA,NA,SD,1
ID_0683,Mayfly,Ephemeroptera,-28.9,1.6,NA,NA,SD,1
ID_0683,Gammarid,Gammarus sp,-25.17,2.17,2.32,0.32,SD,3
ID_0683,Achaeta,Hirudinea sp,-31.53,3.87,5.34,1.55,SD,3
ID_0683,Water mite,Hydracarina sp,-29.48,7.08,2.21,0.93,SD,4
ID_0683,Gastropod,Lymnaea,-22.75,1.55,4.65,0.37,SD,4
ID_0683,Worm,Oligochaeta,-29.3,3.94,5.4,1.47,SD,8
ID_0683,Bivalve,Pisidium sp,-32.77,3.08,4.18,1.66,SD,6
ID_0683,Stonefly,Plecoptera,-20.8,3.7,NA,NA,SD,1
ID_0683,Alderfly,Sialis sp,-24.55,4.05,3.04,1.2,SD,2
ID_0683,Caddisfly,Trichoptera,-24.65,2.85,4.45,0.92,SD,2
ID_0683,Gastropod,Valvata,-24.3,1.75,1.84,0.7,SD,4
ID_0683,Brachiopod,Eurycercus,-27.95,1.98,5.81,1.79,SD,4
ID_0683,Copepod,Megacyclops,-31.67,6.1,2.97,0.95,SD,6
ID_0684,Water hoglouse,Asellus sp,-16.07,2.27,1.78,0.91,SD,3
ID_0684,Fly,Ceratopogonidae,-18.5,4.6,NA,NA,SD,1
ID_0684,Midge,Chironomidae,-19.28,2.88,6.37,1.16,SD,6
ID_0684,Water boatman,Corixidae,-24,2.6,NA,NA,SD,1
ID_0684,Water beetle,Dytiscidae,-21.5,2.7,NA,NA,SD,1
ID_0684,Oligochaeta,Eiseniella,-18.63,2.47,4.31,0.75,SD,3
ID_0684,Mayfly,Ephemeroptera,-16.15,1.6,2.19,0,SD,2
ID_0684,Water strider,Gerridae,-24.1,4.8,NA,NA,SD,1
ID_0684,Achaeta,Hirudinea sp,-27.57,5.92,3.36,1.09,SD,6
ID_0684,Water mite,Hydracarina sp,-21.79,4.73,7.04,2.09,SD,8
ID_0684,Gastropod,Lymnaea,-19.7,1.4,NA,NA,SD,1
ID_0684,Oligochaeta,Nematoda,-24.15,7.21,6.61,2.97,SD,8
ID_0684,Worm,Oligochaeta,-22.06,6.06,4.76,3.86,SD,10
ID_0684,Bivalve,Pisidium sp,-29.3,4.4,2.4,1.7,SD,2
ID_0684,Gastropod,Planorbidae,-17.8,1,NA,NA,SD,1
ID_0684,Stonefly,Plecoptera,-20,4.2,NA,NA,SD,1
ID_0684,Cranefly,Tipulidae,-19.25,2.7,2.9,1.56,SD,2
ID_0684,Caddisfly,Trichoptera,-20.88,3.14,2.35,1.04,SD,5
ID_0684,Gastropod,Valvata,-19.7,1.6,NA,NA,SD,1
ID_0684,Brachiopod,NA,-13.9,2.1,NA,NA,SD,1
ID_0684,Brachiopod,Eurycercus,-16.3,1.13,1.07,0.92,SD,4
ID_0684,Copepod,Megacyclops,-23.85,6.98,6.03,1.51,SD,6
ID_0685,Bivalve,Anodonta,-33.2,4.3,NA,NA,SD,1
ID_0685,Water hoglouse,Asellus sp,-31.3,3.3,NA,NA,SD,1
ID_0685,Midge,Chironomidae,-34.83,4,1.54,0.38,SD,4
ID_0685,Water boatman,Corixidae,-31.8,2.1,NA,NA,SD,1
ID_0685,Water beetle,Dytiscidae,-33,5,NA,NA,SD,1
ID_0685,Mayfly,Ephemeroptera,-36.9,3.95,3.96,0.78,SD,2
ID_0685,Gammarid,Gammarus sp,-30.2,4.2,NA,NA,SD,1
ID_0685,Water mite,Hydracarina sp,-34.8,7.2,1.56,0.71,SD,2
ID_0685,Bivalve,Pisidium sp,-33.2,3.8,0.99,0.85,SD,2
ID_0685,Gastropod,Valvata,-32.8,4.1,NA,NA,SD,1
ID_0685,Zooplankton,Daphnia spp,-34.7,4,NA,NA,SD,1
ID_0685,Brachiopod,Eurycercus,-34.25,3.1,0.21,0.42,SD,2
ID_0685,Copepod,Megacyclops,-34.4,6.8,0.85,0,SD,2
ID_0685,Zooplankton,NA,-34.5,5,NA,NA,SD,1
ID_0686,Water hoglouse,Asellus sp,-23.15,0.8,1.48,0.42,SD,2
ID_0686,Mayfly,Ephemeroptera,-23.2,0.4,NA,NA,SD,1
ID_0686,Achaeta,Hirudinea sp,-23.55,2.8,1.06,0.42,SD,2
ID_0686,Water mite,Hydracarina sp,-24.4,3.6,NA,NA,SD,1
ID_0686,Worm,Oligochaeta,-22.6,1,0.99,0.28,SD,2
ID_0686,Bivalve,Pisidium sp,-27,1.4,NA,NA,SD,1
ID_0686,Caddisfly,Trichoptera,-26,3,NA,NA,SD,1
ID_0686,Worm,Turbellaria sp,-24.2,3.2,NA,NA,SD,1
ID_0686,Copepod,Megacyclops,-26.1,4.1,NA,NA,SD,1
ID_0687,Midge,Chironomidae,-28.71,3.65,5.94,1.68,SD,8
ID_0687,Water boatman,Corixidae,-28.5,2,NA,NA,SD,1
ID_0687,Water beetle,Dytiscidae,-25.4,3.75,0.85,1.48,SD,2
ID_0687,Mayfly,Ephemeroptera,-24.7,2.2,0.14,1.27,SD,2
ID_0687,Gammarid,Gammarus sp,-21.7,1.2,NA,NA,SD,1
ID_0687,Achaeta,Hirudinea sp,-27.1,1.5,NA,NA,SD,1
ID_0687,Water mite,Hydracarina sp,-28.33,5.43,2.66,1.29,SD,3
ID_0687,Gastropod,Lymnaea,-23,2.15,1.84,0.92,SD,2
ID_0687,Worm,Oligochaeta,-29.25,3.7,4.14,1.37,SD,8
ID_0687,Bivalve,Pisidium sp,-26.12,3.18,8.28,0.82,SD,5
ID_0687,Stonefly,Plecoptera,-23.25,2.4,2.76,0.28,SD,2
ID_0687,Alderfly,Sialis sp,-23.67,3.7,1.01,1.18,SD,3
ID_0687,Horse fly,Tabanidae,-27.9,5.1,NA,NA,SD,1
ID_0687,Caddisfly,Trichoptera,-25.2,2.65,3.68,0.78,SD,2
ID_0687,Gastropod,Valvata,-19.13,2.05,2.57,0.79,SD,4
ID_0687,Copepod,Calanoida,-30.5,6,NA,NA,SD,1
ID_0687,Zooplankton,Daphnia spp,-29.6,3,NA,NA,SD,1
ID_0687,Brachiopod,Eurycercus,-25.45,1.05,2.05,0.35,SD,2
ID_0687,Copepod,Megacyclops,-28.15,5.65,6.15,1.06,SD,2
ID_0688,Midge,Chironomidae,-25.89,3.61,8.24,1.1,SD,8
ID_0688,Water boatman,Corixidae,-16.9,3.15,3.25,0.49,SD,2
ID_0688,Mayfly,Ephemeroptera,-16.6,0.6,NA,NA,SD,1
ID_0688,Achaeta,Hirudinea sp,-24.6,3.7,NA,NA,SD,1
ID_0688,Water mite,Hydracarina sp,-26.9,5.1,NA,NA,SD,1
ID_0688,Worm,Oligochaeta,-24.86,3.8,7.28,1.51,SD,8
ID_0688,Bivalve,Pisidium sp,-31.3,1.37,2.39,0.8,SD,3
ID_0688,Caddisfly,Trichoptera,-23.25,2.73,5.91,0.61,SD,4
ID_0688,Gastropod,Valvata,-22.5,1.4,8.77,0.42,SD,2
ID_0689,Gastropod,Melanoides tuberculata,-23.57,4.77,1.68,0.3,SD,3
ID_0689,Gastropod,Pomacea sp,-22.38,5.41,3.8,0.66,SD,6
ID_0690,Gastropod,Melanoides tuberculata,-21.63,8.18,3.75,0.83,SD,6
ID_0690,Gastropod,Pomacea sp,-22.38,5.31,1.92,1.32,SD,6
ID_0690,Bivalve,Anodonta luteola,-28.73,7.33,0.01,0.41,SD,3
ID_0690,Bivalve,Corbicula fluminea,-30.16,6.35,0.78,0.24,SD,3
ID_0691,Mayfly,Heptageniidae,-22.13,4.69,0.46,0.28,SE,NA
ID_0691,Cranefly,Tipulidae,-15.03,2.83,0.02,0.09,SE,NA
ID_0691,Riflle Beetle,Elmidae,-20.68,2.59,0.41,0.11,SE,NA
ID_0691,Net-spinning caddisfly,Hydropsychidae,-20.14,3.71,0.03,0.02,SE,NA
ID_0691,Mayfly,Isonychiidae,-22.24,2.96,0.02,0.08,SE,NA
ID_0691,Caddisfly,Stenopsychidae,-21.43,4.07,0.11,0.11,SE,NA
ID_0691,Fly,Athericidae,-21.61,5.52,0.05,0.06,SE,NA
ID_0691,Water strider,Gerridae,-18.15,5.33,0.02,0.11,SE,NA
ID_0691,Clubtail dragonfly,Gomphidae,-19.4,5.14,0,0.07,SE,NA
ID_0691,Skimmer dragonfly,Libellulidae,-16.87,4.42,0.03,0.02,SE,NA
ID_0691,Stonefly,Perlidae,-16.6,5.44,0.05,0.03,SE,NA
ID_0691,Trichoptera,Polycentropodidae,-22.98,4.1,0.04,0.01,SE,NA
ID_0691,Horse fly,Tabanidae,-20.75,6.4,0.02,0.1,SE,NA
ID_0691,Leaf litter,NA,-30.29,6.64,0.07,0.38,SE,NA
ID_0691,Aquatic macrophyte,NA,-26.18,5.92,0.08,0.4,SE,NA
ID_0692,Mayfly,Heptageniidae,-33.08,4.5,0.21,0,SE,NA
ID_0692,Riflle Beetle,Elmidae,-25.4,4.47,0,0.15,SE,NA
ID_0692,Mayfly,Neoephemeridae,-30.87,3.75,0.03,0.06,SE,NA
ID_0692,Belostomid,Belostomatidae,-27.82,6.78,0.01,0.25,SE,NA
ID_0692,Damselfly,Calopterygidae,-30.99,6.81,0.02,0.03,SE,NA
ID_0692,Damselfly,Coenagrionidae,-29.52,7.11,0.01,0,SE,NA
ID_0692,Water beetle,Dytiscidae,-27.13,6.37,0.07,0.02,SE,NA
ID_0692,Caddisfly,Leptoceridae,-29.77,6.45,0.03,0.11,SE,NA
ID_0692,Skimmer dragonfly,Libellulidae,-29.93,5.95,0.07,0.14,SE,NA
ID_0692,Water scorpion,Nepidae,-26.1,8.11,0.05,0.02,SE,NA
ID_0692,Stonefly,Perlidae,-28.33,6.86,0,0.06,SE,NA
ID_0692,Leaf litter,NA,-31.11,3.68,0.05,0.79,SE,NA
ID_0692,Aquatic macrophyte,NA,-27.97,5.79,0.13,0.01,SE,NA
ID_0693,Mayfly,Heptageniidae,-25.48,5.45,0.02,0.01,SE,NA
ID_0693,Midge,Chironomidae,-25.97,4.56,0.11,0.08,SE,NA
ID_0693,Riflle Beetle,Elmidae,-27.81,5.01,0.17,0.08,SE,NA
ID_0693,Net-spinning caddisfly,Hydropsychidae,-28.59,4.59,0.07,0.34,SE,NA
ID_0693,Caddisfly,Stenopsychidae,-26.89,5.71,0.03,0.1,SE,NA
ID_0693,Water strider,Gerridae,-25.18,6.68,0,0.09,SE,NA
ID_0693,Whirligig beetle,Gyrinidae,-24.73,7.11,0.02,0.02,SE,NA
ID_0693,Skimmer dragonfly,Libellulidae,-26.86,5.96,0.08,0.01,SE,NA
ID_0693,Stonefly,Perlidae,-25.36,6.98,0.05,0.09,SE,NA
ID_0693,Leaf litter,NA,-30.24,5.94,0.37,0.17,SE,NA
ID_0693,Algae,NA,-26,5.05,0.05,0.14,SE,NA
ID_0694,Mayfly,Baetidae,-19.53,2.75,0.04,0.01,SE,NA
ID_0694,Net-spinning caddisfly,Hydropsychidae,-22.69,4.41,0.15,0.28,SE,NA
ID_0694,Caddisfly,Philopotamidae,-23.08,4.92,0.05,0.01,SE,NA
ID_0694,Caddisfly,Stenopsychidae,-22.52,6.42,0.08,0.21,SE,NA
ID_0694,Mayfly,Aphelocheiridae,-17.49,4.13,0.03,0.06,SE,NA
ID_0694,Water strider,Gerridae,-23.22,5.41,0.07,0.03,SE,NA
ID_0694,Skimmer dragonfly,Libellulidae,-21.85,4.41,0.1,0.15,SE,NA
ID_0694,Stonefly,Perlidae,-22.09,5.85,0.03,0.15,SE,NA
ID_0694,Leaf litter,NA,-29.62,5.02,0.01,0.53,SE,NA
ID_0697,Mayfly,Ephemera orientalis,-22.4,9.3,0.2,0.2,SD,3
ID_0697,Midge,Chironomidae,-23.8,8.8,0.1,0.04,SD,3
ID_0697,Gastropod,Semisulcospira gottschei,-20.6,10.9,0.1,0.2,SD,3
ID_0697,Particulate organic matter,NA,-23.9,-0.7,0.4,0,SD,4
ID_0697,Suspended organic matter,NA,-23.4,7.4,0.4,0.5,SD,3
ID_0697,Zooplankton,Cyclop spp,-25.7,2.4,NA,NA,SD,1
ID_0697,Zooplankton,Daphnia spp,-24.7,3.4,0.7,0.6,SD,2
ID_0698,Gastropod,Semisulcospira gottschei,-21.9,10.8,0.1,0.1,SD,3
ID_0698,Gastropod,Physa acuta,-21.6,9.2,0.1,0.8,SD,3
ID_0698,Shrimp,Macrobrachium nipponense,-22.8,12.7,0.2,0.2,SD,3
ID_0698,Particulate organic matter,NA,-24,12.6,0.8,1.6,SD,3
ID_0698,Suspended organic matter,NA,-23.9,6.2,0.3,0,SD,3
ID_0698,Zooplankton,Cyclop spp,-26.8,14.9,NA,NA,SD,1
ID_0698,Zooplankton,Daphnia spp,-29.6,12.4,0,1.8,SD,2
ID_0699,Gastropod,Radix auricularia,-25.7,10.9,1.1,0.1,SD,2
ID_0699,Midge,Chironomidae,-28.1,9.7,0.3,0.1,SD,3
ID_0699,Gastropod,Physa acuta,-23.7,10.8,0,0.3,SD,3
ID_0699,Particulate organic matter,NA,-28.8,0.4,0.2,0.6,SD,3
ID_0699,Suspended organic matter,NA,-24.9,5.8,0,0.7,SD,3
ID_0699,Zooplankton,Cyclop spp,-28.5,0.6,NA,NA,SD,1
ID_0699,Zooplankton,Daphnia spp,-29.5,3.7,0.4,1.3,SD,2
ID_0700,Shrimp,Macrobrachium nipponense,-27.7,10,0.1,0.1,SD,2
ID_0700,Gastropod,Cipangopaludina chinensis,-27.6,12.1,0.2,0.3,SD,2
ID_0700,Particulate organic matter,NA,-30.2,12.3,0.3,0,SD,2
ID_0700,Suspended organic matter,NA,-24.1,4.4,0,1.6,SD,3
ID_0700,Zooplankton,Cyclop spp,-28.4,4,NA,NA,SD,1
ID_0700,Zooplankton,Daphnia spp,-29.3,11.3,0.5,1.8,SD,2
ID_0702,Shrimp,Macrobrachium spinipes,-22.2,9.38,0.27,0.3,SD,NA
ID_0702,Grass hooper,Acrididae,-20.18,8.01,NA,NA,SD,1
ID_0702,Water strider,Gerridae,-23.82,6.04,0.12,0.13,SD,NA
ID_0702,Mussel,Hyriidae,-30.2,7.52,0.09,0.13,SD,NA
ID_0702,Gastropod,Pomatiopsidae,-28.67,6.85,0.6,0.22,SD,NA
ID_0702,Gastropod,Hydobiidae,-24.97,6.09,NA,NA,SD,1
ID_0702,Fine Particulate organic matter,NA,-22.5,1.94,0.54,0.35,SD,NA
ID_0702,Coarse Particulate organic matter,NA,-22.95,3.94,0.24,0.24,SD,NA
ID_0702,Terrestrial plant,Barringtonia acutangula,-27.61,8.44,0,0.13,SD,NA
ID_0702,Terrestrial plant,Eucalyptus camaldulensis,-29.12,3.29,0.09,0.11,SD,NA
ID_0702,Terrestrial plant,Melaleuca argentea,-29.84,2.64,0.12,0.35,SD,NA
ID_0702,Grass,NA,-11.66,5.74,0,0.16,SD,NA
ID_0702,Terrestrial plant,Pandanus aquaticus,-27.01,4.61,0,0.3,SD,NA
ID_0703,Shrimp,Macrobrachium spinipes,-25.59,10.24,0.14,0.09,SD,NA
ID_0703,Grass hooper,Acrididae,-20.17,8.01,NA,NA,SD,1
ID_0703,Water strider,Gerridae,-23.81,6.05,0,0.09,SD,NA
ID_0703,Mussel,Hyriidae,-35.37,9.09,0.14,0.11,SD,NA
ID_0703,Gastropod,Pomatiopsidae,-27.26,6.09,0.14,0.15,SD,NA
ID_0703,Gastropod,Hydobiidae,-32.49,5.86,0.1,0.06,SD,NA
ID_0703,Bivalve,Sphraeiidae,-35.94,8.5,0.1,0.06,SD,NA
ID_0703,Fine Particulate organic matter,NA,-21.81,1.97,0.19,0.21,SD,NA
ID_0703,Coarse Particulate organic matter,NA,-26.93,3.75,0.19,0.32,SD,NA
ID_0703,Algae,NA,-17.93,3.18,1.21,0.21,SD,NA
ID_0703,Terrestrial plant,Barringtonia acutangula,-28.28,6.8,0.14,0.13,SD,NA
ID_0703,Terrestrial plant,Eucalyptus camaldulensis,-28.85,4.86,0.1,0.09,SD,NA
ID_0703,Terrestrial plant,Melaleuca argentea,-30.04,4.01,0.12,0.09,SD,NA
ID_0703,Grass,NA,-14.25,4.37,0.12,0.32,SD,NA
ID_0703,Terrestrial plant,Pandanus aquaticus,-25.98,3.31,0.14,0.21,SD,NA
ID_0704,Shrimp,Macrobrachium spinipes,-26.54,9.46,0.16,0.1,SD,NA
ID_0704,Grass hooper,Acrididae,-20.18,7.96,NA,NA,SD,1
ID_0704,Water strider,Gerridae,-23.79,6.06,0,0.1,SD,NA
ID_0704,Mussel,Hyriidae,-31.71,6.55,0.09,0.1,SD,NA
ID_0704,Gastropod,Pomatiopsidae,-28.93,6.96,0.14,0.06,SD,NA
ID_0704,Gastropod,Hydobiidae,-31.16,6.98,0.09,0.08,SD,NA
ID_0704,Bivalve,Sphraeiidae,-31.57,6.69,0.11,0.08,SD,NA
ID_0704,Fine Particulate organic matter,NA,-22.26,2.96,0.14,0.44,SD,NA
ID_0704,Coarse Particulate organic matter,NA,-22.92,4.59,0.28,0.07,SD,NA
ID_0704,Reed,NA,-28.54,-2.55,0,0.17,SD,NA
ID_0704,Algae,NA,-14.65,2.99,0.72,0.22,SD,NA
ID_0704,Terrestrial plant,Barringtonia acutangula,-28.18,3.65,0.14,0.2,SD,NA
ID_0704,Terrestrial plant,Eucalyptus camaldulensis,-28.65,7.32,0,0.15,SD,NA
ID_0704,Terrestrial plant,Melaleuca argentea,-27.96,2.81,0.08,0.15,SD,NA
ID_0704,Grass,NA,-14.6,3.65,0.11,0.07,SD,NA
ID_0704,Terrestrial plant,Pandanus aquaticus,-28.82,3.43,0.03,0.12,SD,NA
ID_0705,Gastropod,,,,,,,
ID_0705,Zooplankton,NA,-28.47,-1.34,4.07,0.75,SD,7
ID_0706,Gastropod,,,,,,,
ID_0706,Zooplankton,NA,-30.85,4.99,0.58,0.68,SD,10
ID_0707,Gastropod,,,,,,,
ID_0707,Zooplankton,NA,-30.45,2.24,2.09,1.15,SD,15
ID_0708,Gastropod,,,,,,,
ID_0708,Zooplankton,NA,-26.61,2.3,1.98,0.59,SD,10
ID_0709,Gastropod,,,,,,,
ID_0709,Zooplankton,NA,-28.79,2.5,0.7,0.25,SD,10
ID_0710,Gastropod,,,,,,,
ID_0710,Zooplankton,NA,-31.88,2.03,0.43,0.34,SD,10
ID_0711,Gastropod,,,,,,,
ID_0711,Zooplankton,NA,-32.48,1.24,2.42,0.81,SD,10
ID_0712,Gastropod,,,,,,,
ID_0712,Zooplankton,NA,-29.49,2.1,NA,NA,SD,1
ID_0713,Caddisfly,Aoteapsyche sp,-24.57,6.42,0.07,0.23,SD,3
ID_0713,Mayfly,Deleatidium sp,-27.86,3.32,NA,NA,SD,1
ID_0713,Riffle beetle,Elmidae,-32.92,4.91,NA,NA,SD,1
ID_0713,Gastropod,Gyraulus sp,-21.8,5.22,NA,NA,SD,1
ID_0713,Midge,Harrisius sp,-27.28,3.78,NA,NA,SD,1
ID_0713,Caddisfly,Helicopsyche,-32.96,5.58,NA,NA,SD,1
ID_0713,Caddisfly,Hydrobiosis parumbripennis,-22.59,7.43,NA,NA,SD,1
ID_0713,Caddisfly,Hydrobiosis sp,-25.23,6.67,NA,NA,SD,1
ID_0713,Oligochaeta,NA,-26.63,4.88,NA,NA,SD,1
ID_0713,Horn-cased caddisfly,Olinga feredayi,-26.22,6.43,NA,NA,SD,1
ID_0713,Amphipod,Paracalliope fluviatilis,-28.78,7.27,NA,NA,SD,1
ID_0713,Gastropod,Physa sp,-24.58,5.57,NA,NA,SD,1
ID_0713,Gastropod,Potamopyrgus antipodarum,-23.35,6.41,NA,NA,SD,1
ID_0713,Trichoptera,Psilochorema sp,-23.52,7.01,NA,NA,SD,1
ID_0713,Caddisfly,Pycnocentria evecta,-26.89,4.88,NA,NA,SD,1
ID_0713,Caddisfly,Pycnocentrodes sp,-31.2,4.55,NA,NA,SD,1
ID_0713,Coarse particulate organic matter,NA,-36.1,2.91,NA,NA,SD,1
ID_0713,Fine particulate organic matter,NA,-43.2,4.99,NA,NA,SD,1
ID_0713,Seston,NA,-32.57,2.02,NA,NA,SD,1
ID_0713,Algae,NA,-33.21,4.25,0.71,0.55,SD,2
ID_0713,Biofilm,NA,-34.45,4.15,NA,NA,SD,1
ID_0714,Caddisfly,Aoteapsyche sp,-26.69,12.59,NA,NA,SD,1
ID_0714,Mayfly,Deleatidium sp,-28.84,9.92,NA,NA,SD,1
ID_0714,Riffle beetle,Elmidae,-28.53,11.56,NA,NA,SD,1
ID_0714,Dragonfly,Hemicordulia australiae,-25.51,10.29,NA,NA,SD,1
ID_0714,Caddisfly,Hudsonema alienum,-28.02,11.84,NA,NA,SD,1
ID_0714,Caddisfly,Hydrobiosis parumbripennis,-26.19,12.67,0,0,SD,2
ID_0714,Caddisfly,Oxyethira albiceps,-29.47,9.75,NA,NA,SD,1
ID_0714,Gastropod,Physa sp,-25.53,12.41,NA,NA,SD,1
ID_0714,Trichoptera,Psilochorema sp,-27.09,13.41,NA,NA,SD,1
ID_0714,Caddisfly,Pycnocentria evecta,-27.67,12.28,NA,NA,SD,1
ID_0714,Caddisfly,Pycnocentrodes sp,-26.37,9.79,NA,NA,SD,1
ID_0714,Coarse particulate organic matter,NA,-35.38,7.16,NA,NA,SD,1
ID_0714,Fine particulate organic matter,NA,-43.2,4.99,NA,NA,SD,1
ID_0714,Seston,NA,-32.57,2.02,NA,NA,SD,1
ID_0714,Biofilm,NA,-31.41,10.28,NA,NA,SD,1
ID_0714,Filamentous algae,NA,-32.24,8.03,NA,NA,SD,1
ID_0714,Macrophyte,Elodea sp,-29.29,10.36,NA,NA,SD,1
ID_0714,Macrophyte,Mimulus sp,-30.21,13.34,NA,NA,SD,1
ID_0714,Macrophyte,Nasturtium sp,-33.77,10.03,NA,NA,SD,1
ID_0714,Macrophyte,Potamogeton cheesmanii,-31.68,14.22,NA,NA,SD,1
ID_0714,Macrophyte,Potamogeton crispus,-33.24,14.08,NA,NA,SD,1
ID_0714,Macrophyte,Ranunculus sp,-34.06,14.51,NA,NA,SD,1
ID_0714,Ostracod,Herpetocypris pascheri,-16.6,11.85,NA,NA,SD,1
ID_0715,Caddisfly,Aoteapsyche sp,-31.78,7.98,NA,NA,SD,1
ID_0715,Dobsonfly,Archichauliodes diversus,-35.43,7.22,0.58,0.35,SD,7
ID_0715,Mayfly,Deleatidium sp,-38.63,4.67,NA,NA,SD,1
ID_0715,Caddisfly,Hydrobiosis parumbripennis,-35.78,8.68,0.54,0.18,SD,2
ID_0715,Trichoptera,Neurochorema confusum,-38.85,6.58,NA,NA,SD,1
ID_0715,Horn-cased caddisfly,Olinga feredayi,-28.82,7.44,NA,NA,SD,1
ID_0715,Amphipod,Paracalliope fluviatilis,-30,6.11,NA,NA,SD,1
ID_0715,Shrimp,Paratya curvirostris,-30.48,10.94,NA,NA,SD,1
ID_0715,Gammarid,Phreatogammarus sp,-25.41,13.21,NA,NA,SD,1
ID_0715,Gastropod,Potamopyrgus antipodarum,-28.75,8.86,NA,NA,SD,1
ID_0715,Trichoptera,Psilochorema bidens,-31.48,8.74,NA,NA,SD,1
ID_0715,Caddisfly,Pycnocentria evecta,-29.97,6.83,NA,NA,SD,1
ID_0715,Caddisfly,Pycnocentrodes sp,-39.23,4.66,0.27,0.22,SD,2
ID_0715,Coarse particulate organic matter,NA,-35.75,4.81,NA,NA,SD,1
ID_0715,Fine particulate organic matter,NA,-43.2,4.99,NA,NA,SD,1
ID_0715,Seston,NA,-32.57,2.02,NA,NA,SD,1
ID_0715,Algae,NA,-31.34,2.07,NA,NA,SD,1
ID_0715,Biofilm,NA,-35.94,6.36,NA,NA,SD,1
ID_0715,Terrestrial plant,Isolepsis sp,-41.31,2.47,NA,NA,SD,1
ID_0716,fly,Ceratopogonidae,-31.91,8.36,NA,NA,SD,1
ID_0716,Caddisfly,Hudsonema alienum,-30.28,7.92,NA,NA,SD,1
ID_0716,Bivalve,Musculium sp,-30.87,7.04,NA,NA,SD,1
ID_0716,Midge,Orthocladiinae,-29.73,6.49,NA,NA,SD,1
ID_0716,Amphipod,Paracalliope fluviatilis,-31.22,5.69,NA,NA,SD,1
ID_0716,Caddisfly,Polyplectropus purelis,-32.56,8.61,NA,NA,SD,1
ID_0716,Gastropod,Potamopyrgus antipodarum,-30.14,7.45,NA,NA,SD,1
ID_0716,Water boatman,Sigara arguta,-35.4,7.45,NA,NA,SD,1
ID_0716,Coarse particulate organic matter,NA,-32.19,3.66,NA,NA,SD,1
ID_0716,Fine particulate organic matter,NA,-43.2,4.99,NA,NA,SD,1
ID_0716,Seston,,-32.57,2.02,NA,NA,SD,1
ID_0716,Macrophyte,Nitella sp,-44.2,3.16,NA,NA,SD,1
ID_0716,Ostracod,Herpetocypris pascheri,-27.5,7.49,NA,NA,SD,1
ID_0717,Caddisfly,Aoteapsyche sp,-29.24,8.64,0.25,0.53,SD,2
ID_0717,Mayfly,Deleatidium sp,-30.25,7.17,NA,NA,SD,1
ID_0717,Riffle beetle,Elmidae,-27.49,7.64,NA,NA,SD,1
ID_0717,Cranefly,Hexatomini,-26.7,10.56,NA,NA,SD,1
ID_0717,Caddisfly,Hudsonema alienum,-28.55,8.71,NA,NA,SD,1
ID_0717,Caddisfly,Hydrobiosis parumbripennis,-29.5,9.37,0.47,0.56,SD,2
ID_0717,Midge,Maoridiamesa sp,-32.65,6.29,NA,NA,SD,1
ID_0717,fly,Muscidae,-28.83,8.6,NA,NA,SD,1
ID_0717,Caddisfly,Oecetis unicolor,-27.86,10.92,NA,NA,SD,1
ID_0717,Oligochaeta,NA,-28.19,9.01,NA,NA,SD,1
ID_0717,Amphipod,Paracalliope fluviatilis,-28.85,7.76,NA,NA,SD,1
ID_0717,Crayfish,Paranephrops zelandicus,-28.36,12.69,NA,NA,SD,1
ID_0717,Shrimp,Paratya curvirostris,-28.78,11.91,NA,NA,SD,1
ID_0717,Gastropod,Potamopyrgus antipodarum,-27.15,9.85,NA,NA,SD,1
ID_0717,Trichoptera,Psilochorema sp,-28.75,9.92,0.5,0.4,SD,2
ID_0717,Caddisfly,Pycnocentrodes sp,-29.63,5.24,NA,NA,SD,1
ID_0717,Midge,Tanytarsus sp,-29.93,7.93,NA,NA,SD,1
ID_0717,Long-horned caddisfly,Triplectides sp,-25.11,4.94,NA,NA,SD,1
ID_0717,Damselfly,Xanthocnemis zealandica,-28.57,10.46,NA,NA,SD,1
ID_0717,Coarse particulate organic matter,NA,-35.26,6.11,NA,NA,SD,1
ID_0717,Fine particulate organic matter,NA,-43.2,4.99,NA,NA,SD,1
ID_0717,Seston,NA,-32.57,2.02,NA,NA,SD,1
ID_0717,Algae,NA,-32.37,9.33,NA,NA,SD,1
ID_0717,Biofilm,NA,-33.36,7.54,NA,NA,SD,1
ID_0717,Filamentous algae,NA,-36.36,4.83,NA,NA,SD,1
ID_0717,Ostracod,Herpetocypris pascheri,-22.37,7.14,NA,NA,SD,1
ID_0718,Caddisfly,Aoteapsyche sp,-27.36,9.44,2.42,0.07,SD,3
ID_0718,Mayfly,Deleatidium sp,-37.81,7.94,NA,NA,SD,1
ID_0718,Caddisfly,Hydrobiosis parumbripennis,-31.82,10.55,1,0.06,SD,3
ID_0718,Caddisfly,Hydrobiosis sp,-33.19,10.19,NA,NA,SD,1
ID_0718,Midge,Maoridiamesa sp,-35.11,7.02,NA,NA,SD,1
ID_0718,Cranefly,Mischoderus,-29.72,9.45,NA,NA,SD,1
ID_0718,Trichoptera,Neurochorema confusum,-36.62,10.26,NA,NA,SD,1
ID_0718,Amphipod,Paracalliope fluviatilis,-31.8,7.64,NA,NA,SD,1
ID_0718,Crayfish,Paranephrops zelandicus,-31.04,11.58,0.72,0.23,SD,10
ID_0718,Shrimp,Paratya curvirostris,-30.37,10.5,0.64,0.26,SD,11
ID_0718,Gastropod,Potamopyrgus antipodarum,-31.66,9.78,NA,NA,SD,1
ID_0718,Caddisfly,Pycnocentria evecta,-34.62,8.72,NA,NA,SD,1
ID_0718,Caddisfly,Pycnocentrodes sp,-37.98,7.98,NA,NA,SD,1
ID_0718,Long-horned caddisfly,Triplectides sp,-32.02,8.63,NA,NA,SD,1
ID_0718,Coarse particulate organic matter,NA,-35.82,3.09,NA,NA,SD,1
ID_0718,Fine particulate organic matter,NA,-43.2,4.99,NA,NA,SD,1
ID_0718,Seston,NA,-32.57,2.02,NA,NA,SD,1
ID_0718,Biofilm,NA,-38.16,7.68,NA,NA,SD,1
ID_0718,Bryophyte,NA,-41.63,7.03,NA,NA,SD,1
ID_0718,Filamentous algae,NA,-43.2,4.99,NA,NA,SD,1
ID_0718,Macrophyte,Elodea sp,-38.25,2.33,NA,NA,SD,1
ID_0718,Macrophyte,Glyceria sp,-38.25,2.33,NA,NA,SD,1
ID_0718,Macrophyte,Nasturtium sp,-38.25,2.33,NA,NA,SD,1
ID_0719,Caddisfly,Aoteapsyche sp,-28.87,9.52,NA,NA,SD,1
ID_0719,Blackfly,Austrosimulium,-29.82,9.22,NA,NA,SD,1
ID_0719,Mayfly,Deleatidium sp,-37.77,7.77,NA,NA,SD,1
ID_0719,Riffle beetle,Elmidae,-35.83,7.71,NA,NA,SD,1
ID_0719,Caddisfly,Hudsonema alienum,-30.26,10.08,NA,NA,SD,1
ID_0719,Caddisfly,Hydrobiosis sp,-32.24,11.21,0.12,0.08,SD,2
ID_0719,Bivalve,Musculium sp,-29.13,8.68,NA,NA,SD,1
ID_0719,Caddisfly,Oecetis unicolor,-28.82,11.87,NA,NA,SD,1
ID_0719,Horn-cased caddisfly,Olinga feredayi,-28.68,8.77,NA,NA,SD,1
ID_0719,Amphipod,Paracalliope fluviatilis,-32.05,8.24,NA,NA,SD,1
ID_0719,Shrimp,Paratya curvirostris,-30.11,10.35,NA,NA,SD,1
ID_0719,Gastropod,Potamopyrgus antipodarum,-30.96,9.77,NA,NA,SD,1
ID_0719,Trichoptera,Psilochorema sp,-31.23,11.66,NA,NA,SD,1
ID_0719,Caddisfly,Pycnocentria evecta,-34.67,8.98,3.48,0.16,SD,2
ID_0719,Midge,Tanypodinae,-28.94,11.4,NA,NA,SD,1
ID_0719,Coarse particulate organic matter,NA,-34.46,0.37,NA,NA,SD,1
ID_0719,Fine particulate organic matter,NA,-43.2,4.99,NA,NA,SD,1
ID_0719,Seston,NA,-32.57,2.02,NA,NA,SD,1
ID_0719,Biofilm,NA,-32,9.3,NA,NA,SD,1
ID_0719,Macrophyte,Elodea sp,-43.4,8.11,NA,NA,SD,1
ID_0719,Macrophyte,Nasturtium sp,-35.45,6.02,NA,NA,SD,1
ID_0719,Macrophyte,Ranunculus sp,-34.97,10.38,NA,NA,SD,1
ID_0719,Terrestrial plant,Agrostis sp,-33.89,8.72,NA,NA,SD,1
ID_0719,Ostracod,Herpetocypris pascheri,-20.65,9.33,NA,NA,SD,1
ID_0719,Ostracod,NA,-14.46,12.01,NA,NA,SD,1
ID_0720,Gastropod,Austropeplea sp,-30.86,3.97,NA,NA,SD,1
ID_0720,Mayfly,Deleatidium sp,-34.68,3.61,NA,NA,SD,1
ID_0720,Gastropod,Glytophysa sp,-32.51,4.51,NA,NA,SD,1
ID_0720,Caddisfly,Hudsonema alienum,-33.52,5.02,NA,NA,SD,1
ID_0720,Caddisfly,Hydrobiosis parumbripennis,-32.64,5.91,0.28,0.22,SD,6
ID_0720,Caddisfly,Hydrobiosis sp,-33.51,5.52,NA,NA,SD,1
ID_0720,Bivalve,Musculium sp,-30.18,4.04,NA,NA,SD,1
ID_0720,Midge,Orthocladiinae,-34.16,4.29,NA,NA,SD,1
ID_0720,Caddisfly,Oxyethira albiceps,-34.44,2.74,NA,NA,SD,1
ID_0720,Amphipod,Paracalliope fluviatilis,-31.41,3.78,NA,NA,SD,1
ID_0720,Gastropod,Physa sp,-31.61,4.95,NA,NA,SD,1
ID_0720,Caddisfly,Polyplectropus purelis,-32.04,6.39,0.27,0.08,SD,3
ID_0720,Gastropod,Potamopyrgus antipodarum,-31.32,5.14,NA,NA,SD,1
ID_0720,Trichoptera,Psilochorema bidens,-32.59,6.22,NA,NA,SD,1
ID_0720,Caddisfly,Pycnocentrodes sp,-33.24,3.71,NA,NA,SD,1
ID_0720,Damselfly,Xanthocnemis zealandica,-32.46,6.7,0.23,0.12,SD,2
ID_0720,Coarse particulate organic matter,NA,-33.92,0.75,NA,NA,SD,1
ID_0720,Fine particulate organic matter,NA,-43.2,4.99,NA,NA,SD,1
ID_0720,Seston,NA,-32.57,2.02,NA,NA,SD,1
ID_0720,Biofilm,NA,-33.18,5.76,NA,NA,SD,1
ID_0720,Macrophyte,Mimulus sp,-36.03,2.33,NA,NA,SD,1
ID_0720,Macrophyte,Nasturtium sp,-36.76,5.3,NA,NA,SD,1
ID_0721,Caddisfly,Aoteapsyche sp,-31.06,8.66,NA,NA,SD,1
ID_0721,Mayfly,Coloburiscus humeralis,-32.02,8.56,0.18,0.09,SD,2
ID_0721,Mayfly,Deleatidium sp,-36.62,7.4,NA,NA,SD,1
ID_0721,Caddisfly,Helicopsyche,-39.98,8.84,NA,NA,SD,1
ID_0721,Caddisfly,Hudsonema alienum,-29.44,8.55,NA,NA,SD,1
ID_0721,Water mite,Hydracarina sp,-36.88,5.85,NA,NA,SD,1
ID_0721,Caddisfly,Hydrobiosis frater,-35.65,10.54,NA,NA,SD,1
ID_0721,Caddisfly,Hydrobiosis parumbripennis,-32.93,10.25,0.8,0.64,SD,3
ID_0721,Cranefly,Mischoderus,-31.86,10.66,NA,NA,SD,1
ID_0721,Trichoptera,Neurochorema confusum,-39.8,10.28,NA,NA,SD,1
ID_0721,Horn-cased caddisfly,Olinga feredayi,-29.89,8.64,NA,NA,SD,1
ID_0721,Amphipod,Paracalliope fluviatilis,-32.07,7.14,NA,NA,SD,1
ID_0721,Crayfish,Paranephrops zelandicus,-29.59,11.21,NA,NA,SD,1
ID_0721,Shrimp,Paratya curvirostris,-30.42,11.26,0.68,0.59,SD,7
ID_0721,Gastropod,Potamopyrgus antipodarum,-31.21,9.02,NA,NA,SD,1
ID_0721,Trichoptera,Psilochorema bidens,-31.23,11.36,NA,NA,SD,1
ID_0721,Caddisfly,Pycnocentria evecta,-31.86,7.64,NA,NA,SD,1
ID_0721,Caddisfly,Pycnocentrodes sp,-37.38,7.2,NA,NA,SD,1
ID_0721,Long-horned caddisfly,Triplectides sp,-28.1,6.54,NA,NA,SD,1
ID_0721,Coarse particulate organic matter,NA,-35.76,4.33,NA,NA,SD,1
ID_0721,Fine particulate organic matter,NA,-43.2,4.99,NA,NA,SD,1
ID_0721,Seston,NA,-32.57,2.02,NA,NA,SD,1
ID_0721,Biofilm,NA,-38.58,6.87,NA,NA,SD,1
ID_0721,Macrophyte,Elodea sp,-42.55,8.02,NA,NA,SD,1
ID_0721,Marchantiophyte,,-42.46,4.91,NA,NA,SD,1
ID_0721,Terrestrial plant,Isolepsis sp,-35.62,3.09,NA,NA,SD,1
ID_0722,Isopod,Austrodoitea annectens,-27.33,5.6,0.39,1.18,SD,2
ID_0722,Blackfly,Austrosimulium,-28.29,4.45,NA,NA,SD,1
ID_0722,Cranefly,Hexatomini,-29,5.82,NA,NA,SD,1
ID_0722,fly,Muscidae,-26.97,3.13,NA,NA,SD,1
ID_0722,Bivalve,Musculium sp,-29.93,3.34,NA,NA,SD,1
ID_0722,Caddisfly,Oecetis unicolor,-29.65,6.53,NA,NA,SD,1
ID_0722,Caddisfly,Oxyethira albiceps,-27.58,2.46,NA,NA,SD,1
ID_0722,Amphipod,Paracalliope fluviatilis,-29.72,3.67,NA,NA,SD,1
ID_0722,Crayfish,Paranephrops zelandicus,-28.02,7.81,NA,NA,SD,1
ID_0722,Caddisfly,Polyplectropus purelis,-29,6.56,NA,NA,SD,1
ID_0722,Gastropod,Potamopyrgus antipodarum,-27.3,4.48,NA,NA,SD,1
ID_0722,Midge,Tanypodinae,-28.92,5.59,NA,NA,SD,1
ID_0722,Long-horned caddisfly,Triplectides sp,-27.04,3.63,NA,NA,SD,1
ID_0722,Damselfly,Xanthocnemis zealandica,-30.31,6.55,NA,NA,SD,1
ID_0722,Coarse particulate organic matter,NA,-34.71,1.71,NA,NA,SD,1
ID_0722,Fine particulate organic matter,NA,-43.2,4.99,NA,NA,SD,1
ID_0722,Seston,NA,-32.57,2.02,NA,NA,SD,1
ID_0722,Bryophyte,NA,-49.36,5.35,NA,NA,SD,1
ID_0722,Filamentous algae,NA,-32.19,2.6,NA,NA,SD,1
ID_0722,Ostracod,Herpetocypris pascheri,-24.94,4.05,NA,NA,SD,1
ID_0723,Caddisfly,Aoteapsyche sp,-27.94,5.25,NA,NA,SD,1
ID_0723,Mayfly,Deleatidium sp,-34.3,4.24,NA,NA,SD,1
ID_0723,Caddisfly,Hudsonema alienum,-27.82,4.22,NA,NA,SD,1
ID_0723,Caddisfly,Hydrobiosis sp,-28.2,4.94,NA,NA,SD,1
ID_0723,Mayfly,Neozephlebia scita,-27.51,4.07,NA,NA,SD,1
ID_0723,Horn-cased caddisfly,Olinga feredayi,-27.03,3.84,NA,NA,SD,1
ID_0723,Shrimp,Paratya curvirostris,-27.47,8.42,NA,NA,SD,1
ID_0723,Gastropod,Potamopyrgus antipodarum,-24.13,5,NA,NA,SD,1
ID_0723,Trichoptera,Psilochorema sp,-26.27,3.69,NA,NA,SD,1
ID_0723,Caddisfly,Pycnocentria evecta,-37.88,4.59,NA,NA,SD,1
ID_0723,Caddisfly,Pycnocentrodes sp,-27.9,2.96,NA,NA,SD,1
ID_0723,Long-horned caddisfly,Triplectides sp,-26.04,2.23,NA,NA,SD,1
ID_0723,Coarse particulate organic matter,NA,-36.45,-0.73,NA,NA,SD,1
ID_0723,Fine particulate organic matter,NA,-43.2,4.99,NA,NA,SD,1
ID_0723,Seston,NA,-32.57,2.02,NA,NA,SD,1
ID_0723,Biofilm,NA,-34.85,6.11,NA,NA,SD,1
ID_0724,Mayfly,Ameletopsis perscitus,-25.04,3.92,NA,NA,SD,1
ID_0724,Dobsonfly,Archichauliodes diversus,-25.16,2.87,NA,NA,SD,1
ID_0724,Stonefly,Austroperla cyrene,-26.73,-1.14,NA,NA,SD,1
ID_0724,Mayfly,Coloburiscus humeralis,-25.62,1.41,NA,NA,SD,1
ID_0724,Mayfly,Deleatidium sp,-26.15,1.06,NA,NA,SD,1
ID_0724,Caddisfly,Helicopsyche sp,-26.17,1.44,NA,NA,SD,1
ID_0724,Caddisfly,Hydrobiosella sp,-25.58,3.14,NA,NA,SD,1
ID_0724,Mayfly,Ichthybotus hudsoni,-25.41,2.92,NA,NA,SD,1
ID_0724,Mayfly,Neozephlebia scita,-26.72,1.41,NA,NA,SD,1
ID_0724,Mayfly,Aesameletus ornatus,-23.62,1.64,NA,NA,SD,1
ID_0724,Horn-cased caddisfly,Olinga feredayi,-25.4,1.39,NA,NA,SD,1
ID_0724,Stonefly,Stenoperla prasina,-25.28,2.81,NA,NA,SD,1
ID_0724,Long-horned caddisfly,Triplectides sp,-25.96,-0.7,NA,NA,SD,1
ID_0724,Coarse particulate organic matter,NA,-37.74,-6.93,NA,NA,SD,1
ID_0724,Periphyton,NA,-26.41,0.56,NA,NA,SD,1
ID_0725,Dobsonfly,Archichauliodes diversus,-24.93,1.46,NA,NA,SD,1
ID_0725,Blackfly,Austrosimulium,-22.55,-0.75,NA,NA,SD,1
ID_0725,Midge,Chironomidae,-23.13,-1.58,NA,NA,SD,1
ID_0725,Mayfly,Deleatidium sp,-23.99,-0.87,NA,NA,SD,1
ID_0725,Caddis,Hydrobisidae,-25.05,2.02,NA,NA,SD,1
ID_0725,Mayfly,Nesameletus sp,-25.17,-1.05,NA,NA,SD,1
ID_0725,Horn-cased caddisfly,Olinga sp,-22.7,-0.71,NA,NA,SD,1
ID_0726,Caddis,Aoteapsyche sp,-25.14,-0.18,NA,NA,SD,1
ID_0726,Dobsonfly,Archichauliodes diversus,-23.55,4.81,NA,NA,SD,1
ID_0726,Blackfly,Austrosimulium,-23.91,-0.54,NA,NA,SD,1
ID_0726,Midge,Chironomidae,-22.12,-1.54,NA,NA,SD,1
ID_0726,Mayfly,Deleatidium sp,-26.23,-1.08,NA,NA,SD,1
ID_0726,Riffle beetle,Elmidae,-24.32,-1.33,NA,NA,SD,1
ID_0726,Dragger fly,Empididae,-24.38,0.38,NA,NA,SD,1
ID_0726,Cranefly,Eriopterini,-25.58,3.9,NA,NA,SD,1
ID_0726,Stonefly,Gripopterygidae,-17.36,5.69,NA,NA,SD,1
ID_0726,Caddis,Hydrobisidae,-25.9,2.32,NA,NA,SD,1
ID_0726,Mayfly,Nesameletus sp,-25.06,-1.19,NA,NA,SD,1
ID_0726,Horn-cased caddisfly,Olinga sp,-24.67,-0.48,NA,NA,SD,1
ID_0726,Caddis,Pycnocentrodes sp,-20.54,-1.65,NA,NA,SD,1
ID_0726,Stonefly,Stenoperla sp,-25.63,4.4,NA,NA,SD,1
ID_0727,Dobsonfly,Archichauliodes diversus,-26.72,1.95,NA,NA,SD,1
ID_0727,Midge,Chironomidae,-25.2,0.16,NA,NA,SD,1
ID_0727,Mayfly,Deleatidium sp,-26.08,-0.91,NA,NA,SD,1
ID_0727,Stonefly,Gripopterygidae,-26.67,-1.31,NA,NA,SD,1
ID_0727,Caddis,Hydrobisidae,-26.08,1.94,NA,NA,SD,1
ID_0727,Mayfly,Nesameletus sp,-24.86,-1.56,NA,NA,SD,1
ID_0728,Dobsonfly,Archichauliodes diversus,-25.55,2.79,NA,NA,SD,1
ID_0728,Mayfly,Deleatidium sp,-26.35,-0.84,NA,NA,SD,1
ID_0728,Caddis,Hydrobisidae,-26.57,2.42,NA,NA,SD,1
ID_0728,Mayfly,Nesameletus sp,-26.65,-1.61,NA,NA,SD,1
ID_0728,Horn-cased caddisfly,Olinga sp,-24.25,-0.19,NA,NA,SD,1
ID_0729,Blackfly,Austrosimulium,-21.9,1.69,NA,NA,SD,1
ID_0729,Midge,Chironomidae,-24.03,1.85,NA,NA,SD,1
ID_0729,Mayfly,Deleatidium sp,-25.48,1.2,NA,NA,SD,1
ID_0729,Stonefly,Gripopterygidae,-19.11,-0.17,NA,NA,SD,1
ID_0729,Caddis,Hydrobisidae,-25.46,3.57,NA,NA,SD,1
ID_0729,Oligochaeta,NA,-23.61,2.21,NA,NA,SD,1
ID_0730,Blackfly,Austrosimulium,-21.72,1.5,NA,NA,SD,1
ID_0730,Midge,Chironomidae,-24.09,2.35,NA,NA,SD,1
ID_0730,Mayfly,Deleatidium sp,-26.26,1.24,NA,NA,SD,1
ID_0730,Stonefly,Gripopterygidae,-20.02,-0.02,NA,NA,SD,1
ID_0730,Caddis,Hydrobisidae,-25.46,3.26,NA,NA,SD,1
ID_0731,Caddis,Aoteapsyche sp,-28.88,1.54,NA,NA,SD,1
ID_0731,Dobsonfly,Archichauliodes diversus,-30.45,2.82,NA,NA,SD,1
ID_0731,Midge,Chironomidae,-30.62,1.31,NA,NA,SD,1
ID_0731,Mayfly,Deleatidium sp,-33.53,0.54,NA,NA,SD,1
ID_0731,Riffle beetle,Elmidae,-28.91,0.33,NA,NA,SD,1
ID_0731,Caddis,Hydrobisidae,-30.52,2.91,NA,NA,SD,1
ID_0731,Oligochaeta,NA,-26.49,2.46,NA,NA,SD,1
ID_0731,Horn-cased caddisfly,Olinga sp,-28.25,1.35,NA,NA,SD,1
ID_0731,Stonefly,Stenoperla sp,-30.71,3.13,NA,NA,SD,1
ID_0732,Caddis,Aoteapsyche sp,-27.12,0.78,NA,NA,SD,1
ID_0732,Dobsonfly,Archichauliodes diversus,-27.7,3.38,NA,NA,SD,1
ID_0732,Midge,Chironomidae,-27.86,0.57,NA,NA,SD,1
ID_0732,Mayfly,Deleatidium sp,-31.78,0.5,NA,NA,SD,1
ID_0732,Riffle beetle,Elmidae,-29.07,0.31,NA,NA,SD,1
ID_0732,Cranefly,Eriopterini,-26.23,3.57,NA,NA,SD,1
ID_0732,Caddis,Hydrobisidae,-28.39,3.32,NA,NA,SD,1
ID_0732,fly,Muscidae,-28.66,1.79,NA,NA,SD,1
ID_0732,Mayfly,Nesameletus sp,-31.75,-0.78,NA,NA,SD,1
ID_0732,Horn-cased caddisfly,Olinga sp,-25.74,1.07,NA,NA,SD,1
ID_0732,Caddisfly,Plectrocnemia,-30.77,2.41,NA,NA,SD,1
ID_0732,Caddis,Pycnocentrodes sp,-26.12,0.39,NA,NA,SD,1
ID_0732,Stonefly,Stenoperla sp,-30.71,3.13,NA,NA,SD,1
ID_0733,Aphids,NA,-27.72,3.18,NA,NA,SD,1
ID_0733,Dragonfly,Austrolestes sp,-27.67,9.93,NA,NA,SD,1
ID_0733,Midge adult,Chironomidae,-29.73,6.28,NA,NA,SD,1
ID_0733,Dragger fly adult,Empididae adult sp,-25.38,8.64,NA,NA,SD,1
ID_0733,Heteroptera,Microvelia sp,-27.21,6.14,NA,NA,SD,1
ID_0733,Fly adult,Muscidae,-26.53,6.57,NA,NA,SD,1
ID_0733,Fly adult,Mycetophilidae adult sp,-27.12,6.47,NA,NA,SD,1
ID_0733,Caddisfly adult,Oeconesus sp,-28.26,7.95,NA,NA,SD,1
ID_0733,Gastropod,Potamopyrgus antipodarum,-24.72,7.83,NA,NA,SD,1
ID_0733,Trichoptera adult,Psilochorema sp,-23.2,7.27,NA,NA,SD,1
ID_0733,Rove beetle,Staphylinidae sp,-26.87,9.15,NA,NA,SD,1
ID_0733,Long-horned caddisfly adult,Triplectides sp,-28.02,6.06,NA,NA,SD,1
ID_0733,Long-horned caddisfly,Triplectides sp,-25.9,6.05,NA,NA,SD,1
ID_0733,Wasp,NA,-27.46,6.01,NA,NA,SD,1
ID_0733,Fine particulate organic matter,NA,-39.12,5.81,NA,NA,SD,1
ID_0733,Macrophyte_duckweed,NA,-35.02,2.6,NA,NA,SD,1
ID_0733,Macrophyte,Mimulus guttatus,-37.42,3.85,NA,NA,SD,1
ID_0733,Macrophyte_pondweed,NA,-35.8,2.47,NA,NA,SD,1
ID_0733,Terrestrial plant willow,NA,-35.82,3.07,NA,NA,SD,1
ID_0734,Aphids,NA,-27.72,5.38,NA,NA,SD,1
ID_0734,Spider,Dolomedes sp,-29.32,9.26,NA,NA,SD,1
ID_0734,Heteroptera,Microvelia sp,-27.21,6.34,NA,NA,SD,1
ID_0734,Fly adult,Muscidae,-28.32,7.29,NA,NA,SD,1
ID_0734,Fly adult,Mycetophilidae adult sp,-24.7,6.03,NA,NA,SD,1
ID_0734,Riparian_spider,NA,-27.61,8.33,NA,NA,SD,1
ID_0734,Coarse particulate organic matter,NA,-36.18,3.7,NA,NA,SD,1
ID_0734,Fine particulate organic matter,NA,-36.06,5.72,NA,NA,SD,1
ID_0734,Macrophyte glyceria,Glyceria sp,-37.57,4.94,NA,NA,SD,1
ID_0734,Terrestrial plant willow,NA,-36.48,3.56,NA,NA,SD,1
ID_0735,Aphids,NA,-27.72,5.18,NA,NA,SD,1
ID_0735,Cicadell,Cicadellidae sp,-29.97,4.36,NA,NA,SD,1
ID_0735,Heteroptera,Microvelia sp,-27.21,6.14,NA,NA,SD,1
ID_0735,Fly adult,Muscidae,-25.25,8.28,NA,NA,SD,1
ID_0735,Fly adult,Mycetophilidae adult sp,-24.62,8.64,NA,NA,SD,1
ID_0735,Caddisfly adult,Oxyethria sp,-26.98,6.67,NA,NA,SD,1
ID_0735,Gastropod,Potamopyrgus antipodarum,-30.51,6.73,NA,NA,SD,1
ID_0735,Riparian_spider,NA,-27.6,6.84,NA,NA,SD,1
ID_0735,Rove beetle,Staphylinidae sp,-26.87,9.15,NA,NA,SD,1
ID_0735,Spider,Tetragnatha,-26.96,6.9,NA,NA,SD,1
ID_0735,Cranefly adult,Tipulidae,-23.63,0.15,NA,NA,SD,1
ID_0735,Long-horned caddisfly,Triplectides sp,-27.36,5.18,NA,NA,SD,1
ID_0735,Damselfly,Xanthocnemis sp,-29.03,8.05,NA,NA,SD,1
ID_0735,Coarse particulate organic matter,NA,-34.97,0.83,NA,NA,SD,1
ID_0735,Fine particulate organic matter,NA,-28.81,3.77,NA,NA,SD,1
ID_0735,Terrestrial plant willow,NA,-28.69,3.92,NA,NA,SD,1
ID_0736,Aphids,NA,-27.72,5.18,NA,NA,SD,1
ID_0736,Heteroptera,Microvelia sp,-27.21,6.14,NA,NA,SD,1
ID_0736,Moth,NA,-28.57,4.13,NA,NA,SD,1
ID_0736,Fly adult,Muscidae,-28.56,9.06,NA,NA,SD,1
ID_0736,Caddisfly adult,Oxyethria sp,-26.91,4.07,NA,NA,SD,1
ID_0736,Dragonfly,Procurdulia sp,-27.46,7.57,NA,NA,SD,1
ID_0736,Rove beetle,Staphylinidae sp,-26.87,9.15,NA,NA,SD,1
ID_0736,Spider,Tetragnatha,-27.1,8.77,NA,NA,SD,1
ID_0736,Damselfly,Xanthocnemis sp,-31.4,9.16,NA,NA,SD,1
ID_0736,Coarse particulate organic matter,NA,-33.03,5.51,NA,NA,SD,1
ID_0736,Fine particulate organic matter,NA,-32.94,6.07,NA,NA,SD,1
ID_0736,Macrophyte,Mimulus guttatus,-36.92,4.12,NA,NA,SD,1
ID_0736,Macrophyte myriophyllum,NA,-30.26,4.14,NA,NA,SD,1
ID_0736,Macrophyte_pondweed,NA,-34.69,4.42,NA,NA,SD,1
ID_0736,Terrestrial plant willow,NA,-35.89,4.18,NA,NA,SD,1
ID_0737,Aphids,NA,-27.72,5.38,NA,NA,SD,1
ID_0737,Heteroptera,Microvelia sp,-27.21,6.34,NA,NA,SD,1
ID_0737,Fly adult,Muscidae,-29.87,8.33,NA,NA,SD,1
ID_0737,Caddisfly,Oxyethira sp,-36.44,6.3,NA,NA,SD,1
ID_0737,Gastropod,Potamopyrgus antipodarum,-33.26,7.79,NA,NA,SD,1
ID_0737,Dragonfly,Procurdulia sp,-32,7.8,NA,NA,SD,1
ID_0737,Water beetle,Rhantus sp,-30.83,8.1,NA,NA,SD,1
ID_0737,Coarse particulate organic matter,NA,-35.6,4.57,NA,NA,SD,1
ID_0737,Macrophyte,Mimulus guttatus,-35.69,4.03,NA,NA,SD,1
ID_0737,Macrophyte myriophyllum,NA,-38.46,4.73,NA,NA,SD,1
ID_0737,Macrophyte_pondweed,NA,-38.37,4.45,NA,NA,SD,1
ID_0737,Terrestrial plant willow,NA,-36.18,4.04,NA,NA,SD,1
ID_0738,Dragger fly adult,Empididae sp,-25.75,9.99,NA,NA,SD,1
ID_0738,Heteroptera,Microvelia sp,-27.21,6.14,NA,NA,SD,1
ID_0738,Fly adult,Muscidae,-25.26,8.6,NA,NA,SD,1
ID_0738,Moth fly,Psychodidae,-27.04,8.59,NA,NA,SD,1
ID_0738,Riparian_spider,NA,-28.5,6.4,NA,NA,SD,1
ID_0738,Blackfly adult,Simuliidae,-23.03,3.92,NA,NA,SD,1
ID_0738,Rove beetle,Staphylinidae sp,-26.87,9.15,NA,NA,SD,1
ID_0738,Coarse particulate organic matter,NA,-33.84,4.23,0.45,0.94,SD,2
ID_0738,Terrestrial plant macrocarpa,NA,-35.5,4.32,NA,NA,SD,1
ID_0739,Aphids,NA,-27.72,5.18,NA,NA,SD,1
ID_0739,Heteroptera,Microvelia sp,-27.21,6.14,NA,NA,SD,1
ID_0739,Moth,NA,-26.12,6.73,NA,NA,SD,1
ID_0739,Fly adult,Muscidae,-27.13,6.9,NA,NA,SD,1
ID_0739,Gastropod,Potamopyrgus antipodarum,-23.64,7.73,NA,NA,SD,1
ID_0739,Riparian_spider,NA,-25.46,7.93,NA,NA,SD,1
ID_0739,Rove beetle,Staphylinidae sp,-26.87,9.15,NA,NA,SD,1
ID_0739,Long-horned caddisfly,Triplectides sp,-26.92,5.98,NA,NA,SD,1
ID_0739,Damselfly,Xanthocnemis sp,-26.5,9.76,NA,NA,SD,1
ID_0739,Coarse particulate organic matter,NA,-30.96,6.47,NA,NA,SD,1
ID_0739,Fine particulate organic matter,NA,-31.73,7.6,NA,NA,SD,1
ID_0739,Macrophyte_duckweed,NA,-37.04,2.56,NA,NA,SD,1
ID_0739,Macrophyte,Mimulus guttatus,-37.18,4.54,NA,NA,SD,1
ID_0739,Terrestrial plant willow,NA,-36.68,4.69,NA,NA,SD,1
ID_0739,Zooplankton,Daphnia sp,-34.7,4.16,NA,NA,SD,1
ID_0740,Backswimmer,Anisops sp,-28.93,9.29,NA,NA,SD,1
ID_0740,Aphids,NA,-27.72,5.18,NA,NA,SD,1
ID_0740,Midge adult,Chironomidae,-28.36,8.23,NA,NA,SD,1
ID_0740,Cicadell,Cicadellidae sp,-31.36,5.1,NA,NA,SD,1
ID_0740,Caddis,Hydrobiosis adult sp,-28.06,2.56,NA,NA,SD,1
ID_0740,Heteroptera,Microvelia sp,-27.21,6.14,NA,NA,SD,1
ID_0740,Moth,NA,-30.12,7.59,NA,NA,SD,1
ID_0740,Fly adult,Muscidae,-30.19,5.71,NA,NA,SD,1
ID_0740,Gastropod,Physa sp,-25.77,7.04,NA,NA,SD,1
ID_0740,Gastropod,Potamopyrgus antipodarum,-27.7,6.87,NA,NA,SD,1
ID_0740,Dragonfly,Procurdulia sp,-27.13,8.31,NA,NA,SD,1
ID_0740,Trichoptera,Psilochorema sp,-20.44,9.06,NA,NA,SD,1
ID_0740,Water beetle adult,Rhantus sp,-28.18,7.22,NA,NA,SD,1
ID_0740,Riparian_spider,NA,-27.59,7.61,NA,NA,SD,1
ID_0740,Gnats,Sciaridae adult sp,-25.06,8.94,NA,NA,SD,1
ID_0740,Water boatman,Sigara arguta,-32.62,7.56,NA,NA,SD,1
ID_0740,Rove beetle,Staphylinidae sp,-26.87,9.15,NA,NA,SD,1
ID_0740,Damselfly,Xanthocnemis sp,-26.09,9.93,NA,NA,SD,1
ID_0740,Zorion beetle,NA,-22.67,3.07,NA,NA,SD,1
ID_0740,Coarse particulate organic matter,NA,-34.96,3.76,NA,NA,SD,1
ID_0740,Fine particulate organic matter,NA,-34.82,5.08,NA,NA,SD,1
ID_0740,Macrophyte_duckweed,NA,-39.29,2.11,NA,NA,SD,1
ID_0740,Macrophyte,Mimulus guttatus,-37.72,4.42,NA,NA,SD,1
ID_0740,Macrophyte myriophyllum,NA,-38.46,3.99,NA,NA,SD,1
ID_0740,Terrestrial plant willow,NA,-37.18,3.8,NA,NA,SD,1
ID_0741,Net-spinning caddisfly,Hydroptila sp,-39.23,8.33,1.65,0.27,SE,NA
ID_0741,Midge,Orthocladiinae,-35.87,11.98,1.1,0.36,SE,NA
ID_0741,Mayfly,Baetis sp,-34.91,12.89,0.33,0.14,SE,NA
ID_0741,Midge,Chironomidae,-33.74,9.79,1.35,0.27,SE,NA
ID_0741,Midge,Tubificidae,-33.63,11.8,0.26,0.27,SE,NA
ID_0741,Bivalve,Pisidium sp,-32.76,10.34,0.48,0.41,SE,NA
ID_0741,Water hoglouse,Asellus aquaticus,-32.68,9.38,0.33,0.64,SE,NA
ID_0741,Leech,Erpobdella sp,-31.99,11.84,0.55,0.41,SE,NA
ID_0741,Blackfly,Simulium sp,-31.73,10.52,0.51,0.05,SE,NA
ID_0741,Caterpillar,Nymphula nitidulata,-30.89,13.44,0.22,0.18,SE,NA
ID_0741,Crayfish,Orconectes limosus,-30.74,13.44,0.15,0.05,SE,NA
ID_0741,Coarse particulate organic matter,NA,-29.02,6.19,0.51,0.73,SE,NA
ID_0741,Fine particulate organic matter,NA,-28.04,8.2,0.04,0.05,SE,NA
ID_0741,Epiphyton,NA,-37.26,8.33,0.37,0.18,SE,NA
ID_0741,Macrophyte,Callitriche obtusangula,-32.28,12.48,0.44,0.68,SE,NA
ID_0741,Macrophyte,Sparganium emersum,-29.83,11.93,0.51,1.05,SE,NA
ID_0741,Macrophyte,Potamogeton natans,-26.87,12.3,0.48,0.32,SE,NA
ID_0742,Benthic macroinvertebrate,NA,-18.2,3.28,1.74,1.49,SD,NA
ID_0742,Zooplankton,NA,-30.7,3.57,1.74,1.49,SD,NA
ID_0743,Benthic macroinvertebrate,NA,-19.31,2.98,4.31,1.19,SD,NA
ID_0743,Benthic macroinvertebrate,NA,-19.02,1.52,2.87,0.91,SD,NA
ID_0743,Zooplankton,NA,-31.95,2.38,2.59,1.19,SD,NA
ID_0743,Zooplankton,NA,-31.67,3.04,NA,NA,NA,1
ID_0744,Benthic macroinvertebrate,NA,-29.08,6.7,1.72,1.22,SD,NA
ID_0744,Zooplankton,NA,-36.84,8.22,2.01,1.83,SD,NA
ID_0745,Benthic macroinvertebrate,NA,-19.6,1.52,2.01,1.22,SD,NA
ID_0745,Zooplankton,NA,-31.38,2.13,0.86,1.22,SD,NA
ID_0746,Benthic macroinvertebrate,NA,-17.92,2.13,3.74,0.91,SD,NA
ID_0746,Zooplankton,NA,-30.55,1.83,2.01,1.22,SD,NA
ID_0747,Benthic macroinvertebrate,NA,-24.09,6.26,5.11,0.6,SD,NA
ID_0747,Zooplankton,NA,-36.59,7.45,2.27,1.79,SD,NA
ID_0748,Benthic macroinvertebrate,NA,-20.11,3.35,3.41,1.22,SD,NA
ID_0748,Zooplankton,NA,-32.61,3.65,1.99,1.22,SD,NA
ID_0749,Benthic macroinvertebrate,NA,-21.9,2.38,0.57,0.6,SD,NA
ID_0749,Zooplankton,NA,-34.25,2.38,2.01,1.19,SD,NA
ID_0750,Benthic macroinvertebrate,NA,-24.66,2.98,1.42,0.89,SD,NA
ID_0750,Zooplankton,NA,-31.19,4.47,1.14,1.79,SD,NA
ID_0751,Benthic macroinvertebrate,NA,-21.1,2.09,2.91,0.89,SD,NA
ID_0751,Zooplankton,NA,-31.28,2.09,0.87,0,SD,NA
ID_0752,Benthic macroinvertebrate,NA,-20.75,2.98,3.45,0,SD,NA
ID_0752,Zooplankton,NA,-31.67,3.28,2.3,1.79,SD,NA
ID_0753,Benthic macroinvertebrate,NA,-19.02,1.79,2.87,1.19,SD,NA
ID_0753,Zooplankton,NA,-31.67,3.57,2.01,1.49,SD,NA
ID_0754,Benthic macroinvertebrate,NA,-19.89,2.98,2.3,0.6,SD,NA
ID_0754,Zooplankton,NA,-31.67,4.17,0.86,0,SD,NA
ID_0755,Benthic macroinvertebrate,NA,-16.99,2.98,1.42,1.49,SD,NA
ID_0755,Zooplankton,NA,-31.19,3.57,1.14,0,SD,NA
ID_0756,Benthic macroinvertebrate,NA,-24.59,3.57,0.87,1.19,SD,NA
ID_0756,Zooplankton,NA,-32.15,3.87,0.58,3.28,SD,NA
ID_0757,Benthic macroinvertebrate,NA,-21.9,2.98,2.3,0.89,SD,NA
ID_0757,Zooplankton,NA,-30.8,3.57,0.86,0.89,SD,NA
ID_0758,Macroinvertebrate,NA,-15.8,2.43,2.58,2.02,SD,NA
ID_0758,Detritus,NA,-19.74,1.08,1.37,1.08,SD,NA
ID_0758,Zooplankton,NA,-19.26,5.26,0.97,0.27,SD,NA
ID_0759,Macroinvertebrate,NA,-16.42,3.91,3.08,1.16,SD,NA
ID_0759,Detritus,NA,-17.65,2.04,1.7,0.44,SD,NA
ID_0759,Zooplankton,NA,-20.73,7.56,0.53,0.36,SD,NA
ID_0760,Chinese white prawn Shrimp,Exopalaemon modestus,-23.16,12.29,2.48,0,NA,NA
ID_0760,River prawn Shrimp,Penaeus orientalis,-21.66,12.23,0.23,0.28,NA,NA
ID_0760,Phytoplankton,NA,-24.49,10.45,0,0,NA,NA
ID_0761,Bivalve,NA,-26.53,9.32,NA,NA,SD,1
ID_0761,Midge larvae,Chironomidae,-22.36,6.83,NA,NA,SD,1
ID_0761,Gastropod,NA,-20.38,7.27,NA,NA,SD,1
ID_0761,Backswimmer,Notonectidae,-25.71,7.35,NA,NA,SD,1
ID_0761,Dragonfly,NA,-21.75,7.18,NA,NA,SD,1
ID_0761,Zooplankton,Ostracoda Conchostraca,-14.72,6.32,NA,NA,SD,1
ID_0761,Zooplankton,Cladocera Copepoda,-26.77,7.3,NA,NA,SD,1
ID_0762,Midge,Chironomidae,-24.69,4.92,NA,NA,SD,1
ID_0762,Water boatman,Corixidae,-23.08,5.94,NA,NA,SD,1
ID_0762,Mosquitoes,Culicidae,-23.92,5.04,NA,NA,SD,1
ID_0762,Gastropod,NA,-23.12,6.17,NA,NA,SD,1
ID_0762,Common backswimmer,Notonectidae,-18.06,6.25,NA,NA,SD,1
ID_0762,Dragonfly,Odonata,-25.13,7.23,NA,NA,SD,1
ID_0762,Oligochaeta,NA,-24.26,6.08,NA,NA,SD,1
ID_0762,Zooplankton,Cladocera Copepoda,-25.48,6.4,NA,NA,SD,1
ID_0763,Midge,Chironomidae,-23.01,6.4,NA,NA,SD,1
ID_0763,Water boatman,Corixidae,-21.42,6.98,NA,NA,SD,1
ID_0763,Water beetle,Dytiscidae,-23.04,5.9,NA,NA,SD,1
ID_0763,Mayfly,Ephemeroptera,-23.8,3.81,NA,NA,SD,1
ID_0763,Gastropod,NA,-19.44,4.71,NA,NA,SD,1
ID_0763,Leech,Hirudinea,-19.42,11.46,NA,NA,SD,1
ID_0763,Common backswimmer,Notonectidae,-20.04,5,NA,NA,SD,1
ID_0763,Dragonfly,Odonata,-22.33,7.49,NA,NA,SD,1
ID_0763,Oligochaeta,NA,-22.32,5.14,NA,NA,SD,1
ID_0763,Amphibia larvae,NA,-22.32,5.5,NA,NA,SD,1
ID_0763,Zooplankton,Ostracoda Conchostraca,-19.33,5.9,NA,NA,SD,1
ID_0763,Zooplankton,Cladocera Copepoda,-24.64,6.69,NA,NA,SD,1
ID_0764,Midge littoral,Chironomidae,-20.94,2.22,3.92,2.15,SD,NA
ID_0764,Zooplankton,NA,-30.74,1.95,1.63,1.81,SD,NA
ID_0765,Midge littoral,Chironomidae,-20.94,2.22,3.92,2.15,SD,NA
ID_0765,Zooplankton pelagic,NA,-30.74,1.95,1.63,1.81,SD,NA
ID_0766,Midge littoral,Chironomidae,-20.94,2.22,3.92,2.15,SD,NA
ID_0766,Zooplankton pelagic,NA,-30.74,1.95,1.63,1.81,SD,NA
ID_0767,Midge littoral,Chironomidae,-20.94,2.22,3.92,2.15,SD,NA
ID_0767,Zooplankton pelagic,NA,-30.74,1.95,1.63,1.81,SD,NA
ID_0768,Midge littoral,Chironomidae,-25.04,1.99,4.26,1.33,SD,NA
ID_0768,Zooplankton pelagic,NA,-31.11,2.85,1.15,2.17,SD,NA
ID_0769,Midge littoral,Chironomidae,-25.04,1.99,4.26,1.33,SD,NA
ID_0769,Zooplankton pelagic,NA,-31.11,2.85,1.15,2.17,SD,NA
ID_0776,Gastropod,Gastropods,-16.56,4.87,0.46,0.28,SE,42
ID_0776,Shrimp,Caridina nilotica,-18.99,6.1,0.95,0.42,SE,32
ID_0776,Caddisfly,Trichoptera,-15.39,5.77,NA,NA,SE,1
ID_0776,Mayfly,Baetis sp,-19.05,6.92,NA,NA,SE,1
ID_0776,Damselfly,Zygoptera,-16.76,5.29,0.9,2.03,SE,2
ID_0776,Dragonfly,Anisoptera,-15.09,6.72,1.47,1.22,SE,7
ID_0776,Mayfly,Ephemeroptera,-21.07,5.81,NA,NA,SE,1
ID_0776,Zooplankton,NA,-17.27,5.94,0.83,0.46,SE,17
ID_0777,Alderfly,Megaloptera,-14.72,2.42,1.59,0.42,SD,4
ID_0777,Aquatic worm,Oligochaeta,-28.48,NA,1.9,NA,SD,1
ID_0777,Caddisfly,Trichoptera,-27.73,NA,2.13,NA,SD,1
ID_0777,Chironomid,Chironomidae,-14.82,NA,-0.73,NA,SD,1
ID_0777,Grasshopper,Orthoptera,-28.11,0.97,0.42,1.14,SD,9
ID_0777,NA,Hymenoptera,-23.12,NA,4.68,NA,SD,1
ID_0777,NA,Lepidoptera,-28.6,NA,-3.2,NA,SD,1
ID_0777,Spider,Arachnida,-19.49,NA,3.76,NA,SD,1
ID_0777,True fly,Diptera,-23.86,NA,1.98,NA,SD,1
ID_0777,Zooplankton,NA,-26.94,0.62,1.82,2.5,SD,7
ID_0778,Chironomid,Chironomidae,-9.62,NA,-1.44,NA,SD,1
ID_0778,Grasshopper,Orthoptera,-28.13,0.27,-4.37,1.01,SD,2
ID_0778,Myriapod,Myriapoda,-27.44,NA,-3.93,NA,SD,1
ID_0778,Spider,Arachnida,-22.07,6.47,2.34,1.48,SD,2
ID_0778,True fly,Diptera,-24.02,0.44,1.82,4.38,SD,2
ID_0778,Zooplankton,NA,-37.82,0.09,-3.03,0.11,SD,5
ID_0779,Aquatic worm,Oligochaeta,-20.75,1.51,0.26,0.63,SD,10
ID_0779,Beetle,Coleoptera,-24.48,1.27,1.29,5.15,SD,3
ID_0779,Bivalve,Bivalvia,-24.9,NA,0.97,NA,SD,1
ID_0779,Chironomid,Chironomidae,-20.12,NA,1.73,NA,SD,1
ID_0779,Grasshopper,Orthoptera,-29.95,0.26,-0.53,0.45,SD,3
ID_0779,Spider,Arachnida,-23.36,NA,6.41,NA,SD,1
ID_0779,True fly,Diptera,-23.88,5,0.56,1.73,SD,3
ID_0779,Zooplankton,NA,-22.24,1.85,2.02,0.14,SD,6
ID_0780,Alderfly,Megaloptera,-22.76,1.1,4.48,0.55,SD,3
ID_0780,Chironomid,Chironomidae,-29.19,3.12,3.91,1.5,SD,8
ID_0780,Grasshopper,Orthoptera,-29.7,0.44,4.32,1.16,SD,3
ID_0780,Zooplankton,NA,-30.23,0.18,2.81,0.67,SD,5
ID_0781,Aquatic worm,Oligochaeta,-20.01,0.23,5.05,0.33,SD,3
ID_0781,Beetle,Coleoptera,-25.37,NA,3.52,NA,SD,1
ID_0781,Caddisfly,Trichoptera,-23.57,NA,-1.09,NA,SD,1
ID_0781,Chironomid,Chironomidae,-20.83,1.07,2.07,1.85,SD,2
ID_0781,NA,Hymenoptera,-25.29,NA,-1.36,NA,SD,1
ID_0781,Spider,Arachnida,-23.52,NA,6.78,NA,SD,1
ID_0781,Stonefly,Plecoptera,-24.07,NA,-0.44,NA,SD,1
ID_0781,True fly,Diptera,-25.05,1,4.74,1.97,SD,2
ID_0781,Zooplankton,NA,-30.02,1.08,0.73,0.12,SD,3
ID_0782,Alderfly,Megaloptera,-20.85,0.95,3.06,0.16,SD,5
ID_0782,Bivalve,Bivalvia,-26.55,2.22,3.27,0.38,SD,3
ID_0782,Grasshopper,Orthoptera,-28.97,0.27,-0.15,0.13,SD,2
ID_0782,NA,Hymenoptera,-26.61,NA,6.45,NA,SD,1
ID_0782,Zooplankton,NA,-33.66,0.09,2.21,0.06,SD,5
ID_0783,Zooplankton,NA,-33.36,0.41,4.62,0.12,SD,5
ID_0784,Littoral benthic macroinvertebrate,NA,-21.77,0.98,2.94,1.22,SD,18
ID_0784,Profundal benthic macroinvertebrate,NA,-17.19,2.05,0.82,0.72,SD,9
ID_0784,Biofilm,NA,-15.26,-1.32,0.82,0.22,SD,NA
ID_0784,Zooplankton,NA,-32.93,-0.75,0.94,0.43,SD,7
ID_0785,Profundal benthic macroinvertebrate,NA,-29.3,1.21,0.94,0.93,SD,2
ID_0785,Littoral benthic macroinvertebrate,NA,-28.24,1.78,2.47,1.22,SD,9
ID_0785,Zooplankton,NA,-32.12,0.56,1.65,0.64,SD,5
ID_0786,Littoral benthic macroinvertebrate,NA,-24.74,2.61,4.13,1.86,SD,10
ID_0786,Zooplankton,NA,-34.42,3.33,1.42,0.86,SD,5
ID_0787,Profundal benthic macroinvertebrate,NA,-29.73,5.4,0.36,0.21,SD,6
ID_0787,Littoral benthic macroinvertebrate,NA,-23.22,1.68,3.26,1.07,SD,9
ID_0787,Zooplankton,NA,-33.71,2.47,2.29,1,SD,6
ID_0788,Profundal benthic macroinvertebrate,NA,-30.1,5.21,0,0,SD,5
ID_0788,Littoral benthic macroinvertebrate,NA,-18.33,3.41,1.56,0.77,SD,8
ID_0788,Zooplankton,NA,-32.51,1.95,2.27,0.6,SD,7
ID_0789,Profundal benthic macroinvertebrate,NA,-28.8,5.59,0,0,SD,3
ID_0789,Littoral benthic macroinvertebrate,NA,-17.79,1.26,1.13,0.85,SD,6
ID_0789,Zooplankton,NA,-29.08,0.83,2.4,1.11,SD,6
ID_0790,Profundal benthic macroinvertebrate,NA,-25.03,5.83,0,0,SD,5
ID_0790,Littoral benthic macroinvertebrate,NA,-17.32,1.97,0.72,0.64,SD,5
ID_0790,Zooplankton,NA,-32.27,4.26,0.96,1.21,SD,6
ID_0791,Profundal benthic macroinvertebrate,NA,-31.93,3.89,2.12,0.6,SD,3
ID_0791,Littoral benthic macroinvertebrate,NA,-20.5,1.99,1.27,0.95,SD,8
ID_0791,Zooplankton,NA,-35.74,1.65,0.56,0.17,SD,5
ID_0792,Profundal benthic macroinvertebrate,NA,-30.17,4.68,2.41,0.94,SD,3
ID_0792,Littoral benthic macroinvertebrate,NA,-24.36,2.2,1.84,0.51,SD,6
ID_0792,Zooplankton,NA,-35.98,3.48,1.56,1.2,SD,6
ID_0793,Benthic invertebrate,NA,-22.55,7.19,0.61,0.39,SE,55
ID_0793,Phytoplankton,,-24.49,4,1.28,0.96,SE,8
ID_0793,Zooplankton,NA,-23.59,4.91,1.79,1.38,SE,8
ID_0794,Littoral benthic macroinvertebrate,NA,-14.04,3.08,1.49,0.61,SD,NA
ID_0794,Zooplankton,NA,-28.8,3.97,0,0,SD,NA
ID_0795,Littoral benthic macroinvertebrate,NA,-19.04,4.02,5.33,0.55,SD,NA
ID_0795,Zooplankton,NA,-27.39,5.38,1.86,2.9,SD,NA
ID_0796,Littoral benthic macroinvertebrate,NA,-24.54,3.3,1.44,0.5,SD,NA
ID_0796,Zooplankton,NA,-31.43,4.26,0.7,0,SD,NA
ID_0797,Littoral benthic macroinvertebrate,NA,-20.21,4.81,2.7,0,SD,NA
ID_0797,Zooplankton,NA,-36.34,7.08,0.76,0.76,SD,NA
ID_0798,Littoral benthic macroinvertebrate,NA,-20.72,1.12,0.31,0.54,SD,NA
ID_0798,Zooplankton,NA,-36.19,4.13,1.41,1.18,SD,NA
ID_0799,Littoral benthic macroinvertebrate,NA,-23.38,2.79,1.26,0.44,SD,NA
ID_0799,Zooplankton,NA,-31.92,1.26,0.33,0.59,SD,NA
ID_0800,Littoral benthic macroinvertebrate,NA,-23.55,0.16,4.2,0.52,SD,NA
ID_0800,Zooplankton,NA,-30.51,1.27,2.76,1.04,SD,NA
ID_0801,Coarse particulate organic matter,NA,-29.17,1.88,0.69,0.83,NA,NA
ID_0801,Fine particulate organic matter,NA,-25.39,4.72,0.76,0.49,NA,NA
ID_0801,Periphyton,NA,-27.32,5.07,1.38,0.28,NA,NA
ID_0801,Filamentous algae,NA,-19.82,5.28,1.72,0.14,NA,NA
ID_0801,C4 grass,NA,-14.72,2.78,2.48,1.74,NA,NA
ID_0802,Coarse particulate organic matter,NA,-29.72,3.25,1.51,1.59,NA,NA
ID_0802,Fine particulate organic matter,NA,-25.8,5.74,1.86,0.48,NA,NA
ID_0802,Periphyton,NA,-24.43,7.53,1.1,0.62,NA,NA
ID_0802,Filamentous algae,NA,-18.17,6.29,1.51,0.41,NA,NA
ID_0802,C4 grass,NA,-15.21,3.94,0.62,1.38,NA,NA
ID_0803,Coarse particulate organic matter,NA,-29.59,3.46,0.48,0.07,NA,NA
ID_0803,Fine particulate organic matter,NA,-25.55,6.29,0.41,0.55,NA,NA
ID_0803,Filamentous algae,NA,-25.89,8.71,0.14,0.35,NA,NA
ID_0803,Periphyton,NA,-25.27,7.74,0.41,0.62,NA,NA
ID_0803,C4 grass,NA,-14.38,2.21,0.96,0.48,NA,NA
ID_0804,Coarse particulate organic matter,NA,-30.56,1.89,0.76,1.04,NA,NA
ID_0804,Fine particulate organic matter,NA,-23.49,5.97,0.14,0.07,NA,NA
ID_0804,Periphyton,NA,-25.55,6.45,1.17,0.07,NA,NA
ID_0804,Filamentous algae,NA,-24.45,6.73,0.41,0.28,NA,NA
ID_0804,C4 grass,NA,-14.84,3.07,1.37,1.45,NA,NA
ID_0805,Coarse particulate organic matter,NA,-28.77,5.57,0.82,0.62,NA,NA
ID_0805,Fine particulate organic matter,NA,-26.3,4.94,0.21,0.62,NA,NA
ID_0805,Periphyton,NA,-29.18,5.58,1.3,0.07,NA,NA
ID_0805,Filamentous algae,NA,-25.89,6.6,0.68,0.62,NA,NA
ID_0805,C4 grass,NA,-14.79,2.68,2.4,1.8,NA,NA
ID_0806,Gastropod,Radix sp,-25.82,4.96,2.25,1.83,SD,14
ID_0806,Aquatic macrophyte,Nesaea crassicaulis; Rotala myriophylloides; Ceratophyllum demersum,-29,4.7,0.9,0.5,SD,2
ID_0806,C3 plant,Cyperus articulatus,-28.5,-0.01,1.2,2.2,SD,23
ID_0806,C4 grass,Vossia cuspidata,-11.7,3.8,0.4,1,SD,3
ID_0806,C4 grass,Vossia cuspidata,-13,0.4,0.4,2.7,SD,2
ID_0807,Gastropod,Radix sp,-24.84,3.58,1.03,0.48,SD,10
ID_0807,Aquatic macrophyte,Nesaea crassicaulis; Rotala myriophylloides; Ceratophyllum demersum,-23.8,-1.9,1.4,0.9,SD,4
ID_0807,C3 plant,Cyperus articulatus,-28.9,1.4,1.6,2.2,SD,13
ID_0808,Gastropod,Radix sp,-23.42,4.49,0.87,1.09,SD,4
ID_0808,Aquatic macrophyte,Nesaea crassicaulis; Rotala myriophylloides; Ceratophyllum demersum,-25.9,2.6,4.3,1.8,SD,10
ID_0808,C3 plant,Cyperus articulatus,-28.8,3.1,1.6,1.4,SD,13
ID_0808,C4 grass,Vossia cuspidata,-12.9,3,0.2,1.3,SD,6
ID_0809,Gastropod,Radix sp,-21.63,4.95,1.27,0.17,SD,2
ID_0809,Aquatic macrophyte,Nesaea crassicaulis; Rotala myriophylloides; Ceratophyllum demersum,-27.7,3.8,0.2,1.3,SD,3
ID_0809,C3 plant,Cyperus articulatus,-27,2.1,1.2,1.3,SD,11
ID_0809,C4 grass,Vossia cuspidata,-19.2,4.5,9.3,1,SD,2
ID_0810,Gastropod,Planorba sp,-29.15,3.91,1.15,2.08,SD,5
ID_0810,Gastropod,Tarebia granifera,-27.73,13.15,1.45,1.51,SD,23
ID_0810,Macrophyte,Ceratophyllum demersum,-24.21,19.15,0.88,1.22,SD,6
ID_0810,Water hyacynth,Azolla filiculoides,-29.83,1.92,0.8,0.36,SD,6
ID_0810,Biofilm,NA,-26.18,12.03,0.68,1.04,SD,6
ID_0810,Emergent vegetation water hyacynth,Eichhornia crassipes,-27.06,15.2,0.24,0.18,SD,6
ID_0810,Epiphytic algae,NA,-23,10.72,0.76,1.09,SD,6
ID_0810,Plant,Echinochloa pyramidalis,-12.35,17.2,0.2,0.14,SD,6
ID_0810,Puff,Barringtonia racemosa,-27.66,5.96,0.88,1,SD,6
ID_0810,Plant,Nymphaea sp,-24.57,7.91,0.84,0.82,SD,6
ID_0810,C3 plant,Cyperus papyrus,-15.53,12.8,0.92,0.27,SD,6
ID_0811,Suspended particulate organic matter,NA,-24.4,1.9,0.4,0.4,SD,7
ID_0811,Particulate organic matter,NA,-18.8,2.1,2.1,0.3,SD,2
ID_0811,Capybaras faeces,NA,-21.1,2.2,0.5,0.4,SD,4
ID_0811,Filamentous algae,NA,-23,4.4,0.6,0.1,SD,3
ID_0811,C3 plant,Ludwigia spp,-30.6,0.5,0.1,0.2,SD,3
ID_0811,C3 plant,Myriophyllum spp,-31,2.6,0,0.3,SD,2
ID_0811,C3 plant,Aquatic C3 plAnt unid,-26.5,4.1,3.2,1.2,SD,5
ID_0811,C3 plant,Terrestrial C3 plAnt unid,-29.3,-2.7,0.9,1.2,SD,3
ID_0811,C4 plant,Poaceae,-11.4,1.8,0.9,6.5,SD,2
ID_0811,C4 plant,Chara spp,-13.2,0.7,NA,NA,SD,1
ID_0811,C4 plant,Potamogeton spp,-15.1,1,0.3,0.3,SD,3
ID_0811,Zooplankton,NA,-21.3,2.6,0.9,1.4,SD,5
ID_0812,Aquatic grazer gastropod,Heliobia australis,-22.4,6.9,0.7,0.1,SD,2
ID_0812,Gastropod,Pomacea canaliculata,-15.9,2.9,1.1,0.5,SD,6
ID_0812,Aquatic insect,Ephemeropetera,-18.4,5.3,NA,NA,SD,1
ID_0812,Suspended particulate organic matter,NA,-22.4,2.6,0.6,0.1,SD,2
ID_0812,Particulate organic matter,NA,-22.3,2.1,1.1,0.2,SD,3
ID_0812,Capybaras faeces,NA,-19.5,1.2,0.4,0.4,SD,3
ID_0812,Filamentous algae,NA,-16.4,2.1,0.5,0.4,SD,3
ID_0812,C3 plant,Schoenoplectus californicus,-25.3,-0.7,0.2,0.5,SD,3
ID_0812,C3 plant,Myriophyllum spp,-26.3,1.5,0.3,0.5,SD,3
ID_0812,C3 plant,Terrestrial C3 plAnt unid,-28.4,2.7,0.5,0.9,SD,3
ID_0812,C4 plant,Poaceae,-10.3,6.6,NA,NA,SD,1
ID_0812,C4 plant,Potamogeton spp,-12.8,-2.3,1.6,1.2,SD,5
ID_0813,Macrocrustacean,Palaeomonetes argentinus,-21.6,8.1,1.2,0.4,SD,15
ID_0813,Amphipod,NA,-22.3,2.8,1,0.2,SD,8
ID_0813,Aquatic grazer gastropod,Heliobia australis,-12.3,3.2,0.4,0.1,SD,6
ID_0813,Gastropod,Pomacea canaliculata,-22.2,4.3,3.4,0.4,SD,4
ID_0813,Terrestrial arthropods,Araneae,-24.8,4.9,NA,NA,SD,1
ID_0813,Terrestrial arthropods,Formicidae,-22.2,5,NA,NA,SD,1
ID_0813,Terrestrial arthropods,Gryllidae,-25.3,3.3,4.4,2.1,SD,5
ID_0813,Suspended particulate organic matter,NA,-23.5,3.1,0.2,0.2,SD,3
ID_0813,Particulate organic matter,NA,-19.1,1,NA,NA,SD,1
ID_0813,Capybaras faeces,NA,-20.7,4.3,0.3,0.1,SD,3
ID_0813,Filamentous algae,NA,-19.5,2.6,2.5,1,SD,9
ID_0813,C3 plant,Hydrocotile ranuculoides,-24.6,5.2,1,1.3,SD,3
ID_0813,C3 plant,NA,-27.3,5.1,NA,NA,SD,1
ID_0813,C3 plant,Salvinea herzogii,-29.1,3.8,0.4,0.2,SD,3
ID_0813,C3 plant,Bacopa spp,-26.6,0.6,0.8,1.7,SD,4
ID_0813,C3 plant,Ludwigia spp,-26.8,4.7,0.4,0.7,SD,3
ID_0813,C3 plant,Aquatic C3 plAnt unid,-28.5,2.1,0.7,0.7,SD,2
ID_0813,C4 plant,Poaceae,-12.1,1.5,NA,NA,SD,1
ID_0813,C4 plant,Potamogeton spp,-16.3,6.6,1.1,0.6,SD,3
ID_0814,Macrocrustacean,Trichodactylus spp,-22.6,7.9,0.2,0.6,SD,3
ID_0814,Shrimp,Macrobrachium spp,-21.8,9.4,0.3,0.2,SD,3
ID_0814,Macrocrustacean,Palaeomonetes argentinus,-21,9,0.6,0.4,SD,6
ID_0814,Bivalve_clam,Corbicula fluminea,-23.6,5.3,0.7,1.9,SD,4
ID_0814,Aquatic grazer gastropod,Heliobia australis,-20.1,5.4,NA,NA,SD,1
ID_0814,Gastropod,Pomacea canaliculata,-16,3.2,0.5,0.1,SD,2
ID_0814,Aquatic insect,Belostomatidae,-24.8,4.4,NA,NA,SD,1
ID_0814,Dragonfly,Odonata,-22.3,6.8,NA,NA,SD,1
ID_0814,Terrestrial arthropods,Coleoptera,-28.7,3.7,0.7,0.2,SD,2
ID_0814,Suspended particulate organic matter,NA,-23.5,0.9,0.1,0.3,SD,3
ID_0814,Particulate organic matter,NA,-22,3.8,0.2,0.1,SD,2
ID_0814,Capybaras faeces,NA,-20.6,2.4,0.2,0.1,SD,2
ID_0814,Filamentous algae,NA,-19.7,2.7,2.8,2.1,SD,3
ID_0814,C3 plant,Azolla  filiculoides,-29.1,-2,NA,NA,SD,1
ID_0814,C3 plant,NA,-28.3,5.8,NA,NA,SD,1
ID_0814,C3 plant,Salvinea herzogii,-28.4,2.3,NA,NA,SD,1
ID_0814,C3 plant,Juncus spp,-27,4.4,NA,NA,SD,1
ID_0814,C3 plant,Terrestrial C3 plAnt unid,-28.9,3.9,NA,NA,SD,1
ID_0814,C4 plant,Poaceae,-11.8,4.4,NA,NA,SD,1
ID_0814,C4 plant,Potamogeton spp,-17.3,4.8,1.8,0.5,SD,3
ID_0815,Gastropod,NA,-27.53,2.55,0.55,0.7,SD,10
ID_0816,Gastropod,NA,-27.25,3.75,1.68,1.68,SD,13
ID_0817,Gastropod,NA,-24.45,4.03,3.11,0.65,SD,4
ID_0818,Gastropod,NA,-24.65,3.24,1.03,0.24,SD,10
ID_0819,Gastropod,NA,-26.93,4.2,0.98,2.4,SD,9
ID_0820,Gastropod,NA,-27.38,3.97,0.84,0.45,SD,10
ID_0821,Gastropod,NA,-28.62,3.55,0.67,0.42,SD,10
ID_0822,Gastropod,NA,-28.92,3.58,0.68,0.41,SD,10
ID_0823,Particulate organic matter,NA,-32.33,0.59,NA,NA,SD,1
ID_0823,Terrestrial vegetation,NA,-33.28,3,2,2.47,SD,NA
ID_0823,C3 macrophyte,Eichhornia,,,,,,
ID_0823,C4 macrophyte,Paspalum,,,,,,
ID_0824,Crayfish Koura all sampling,Paranephrops planifrons,-18.87,3.82,0.55,0.35,95%CI,1
ID_0824,Mussel Kakahi  all sampling,Echyridella menziesii,-23.15,4.78,1.3,0.35,95%CI,36
ID_0824,Benthic particulate organic matter Littoral - 1 m all sampling,NA,-23.4,1.9,2.53,1.83,95%CI,1
ID_0824,Benthic particulate organic matter Littoral - 5 m all sampling,NA,-19.5,2,3.6,0.6,95%CI,3
ID_0824,Benthic particulate organic matter Littoral - 20 m all sampling,NA,-24.4,3.55,0.8,1.3,95%CI,2
ID_0824,Suspended particulate organic matter Pelagic - Bottom all sampling,NA,-23.92,1.45,2.08,1.63,95%CI,2
ID_0824,Suspended particulate organic matter Littoral all sampling,NA,-25.52,-2.18,1.37,4.48,95%CI,5
ID_0824,Suspended particulate organic matter Pelagic - DCM all sampling,NA,-25.1,-1.45,2.07,4.32,95%CI,3
ID_0824,Suspended particulate organic matter Pelagic - Surface all sampling,NA,-23.8,-0.67,3.88,3.72,95%CI,3
ID_0824,Macrophyte all sampling,NA,-12.73,2.33,2.25,1.05,95%CI,2
ID_0824,Epiphyte all sampling,NA,-16.85,1.1,5.9,0.5,95%CI,1
ID_0824,Zooplankton all sampling,NA,-23.53,2.45,1.73,1.37,95%CI,8
ID_0825,Terrestrial arthropods,NA,-24.21,10.57,3.43,3.69,SD,NA
ID_0825,Aquatic macroinvertebrate,NA,-23.99,8.52,1.85,2.67,SD,NA
ID_0825,Fine organic matter,NA,-23.71,0.85,0.73,0.23,SD,NA
ID_0825,Terrestrial vegetation,NA,-29.1,1.82,1.63,0.51,SD,NA
ID_0825,Benthic algae,NA,-19.49,0.85,0.73,0.17,SD,NA
ID_0826,Terrestrial arthropods,NA,-26.01,10.46,1.72,1.79,SD,NA
ID_0826,Aquatic macroinvertebrate,NA,-23.13,8.72,4.85,2.65,SD,NA
ID_0826,Fine organic matter,NA,-23.59,0.46,0.91,0.1,SD,NA
ID_0826,Terrestrial vegetation,NA,-28.59,2.24,2.98,0.46,SD,NA
ID_0826,Benthic algae,NA,-24.04,0.87,2.02,0.36,SD,NA
ID_0830,Gastropod,NA,-23.38,6.26,0.69,0.06,SD,NA
ID_0830,Hemipteran insect,NA,-22.62,7.86,2.31,0.24,SD,NA
ID_0830,Crab,NA,-21.85,10.13,0.23,0.48,SD,NA
ID_0830,C3 macrophyte,NA,-28.85,6.02,0,0.36,SD,NA
ID_0830,C3 macrophyte,NA,-27.62,6.79,0,0,SD,NA
ID_0830,Phytomicrobenthos,NA,-27.92,3.99,0.69,0.71,SD,NA
ID_0830,C4 grass,NA,-17.54,3.99,4.38,0.36,SD,NA
ID_0831,Coleopteran beetle,NA,-23.05,3.05,1.83,0.49,SD,NA
ID_0831,Crab,NA,-21.47,10.14,0.25,0.44,SD,NA
ID_0831,Gastropod,NA,-24.88,5.93,0.25,0,SD,NA
ID_0831,Hemipteran insect,NA,-24.76,7.4,2.9,0,SD,NA
ID_0831,C3 macrophyte,NA,-29.74,6.03,NA,NA,SD,1
ID_0831,C3 macrophyte,NA,-27.6,6.33,0.51,0.44,SD,NA
ID_0831,Phytomicrobenthos,NA,-25.14,4.86,0.63,0.49,SD,NA
ID_0831,C4 grass,NA,-11.44,4.91,0.13,0.49,SD,NA
ID_0832,Coleopteran beetle,NA,-27.46,4.76,1.27,0.75,SD,NA
ID_0832,Gastropod,NA,-26.42,5.34,0.37,0.23,SD,NA
ID_0832,Hemipteran insect,NA,-24.25,8.67,0.37,0.29,SD,NA
ID_0832,Crab,NA,-20.97,7.8,0,0,SD,NA
ID_0832,C3 macrophyte,NA,-31.12,7.02,0.37,0.35,SD,NA
ID_0832,C3 macrophyte,NA,-30.07,4.31,0,0,SD,NA
ID_0832,C3 macrophyte,NA,-28.06,3.5,0.52,0.98,SD,NA
ID_0832,C3 macrophyte,NA,-28.81,1.83,0.3,0.52,SD,NA
ID_0832,C3 macrophyte,NA,-27.16,-0.02,0.75,0.46,SD,NA
ID_0832,Seston,NA,-27.24,1.83,0,0,SD,NA
ID_0832,C4 grass,NA,-11.79,4.38,0,0.35,SD,NA
ID_0832,Phytomicrobenthos,NA,-24.03,7.75,0.6,0.75,SD,NA
ID_0833,Bivalve,Hyriidae,-35.1,6.2,1.44,0.4,SD,3
ID_0833,Orthoptera,Tridactylidae,-22.7,2.3,NA,NA,SD,1
ID_0833,Mayfly,Baetidae,-32.3,3.9,0.67,1.47,SD,3
ID_0833,Mayfly,Caenidae,-31.6,3.2,1.54,1.12,SD,3
ID_0833,fly,Ceratopogonidae,-31.1,7,0.1,1.01,SD,2
ID_0833,Damselfly,Coenagrionidae,-30.3,5.6,0.66,0.81,SD,3
ID_0833,Water strider,Gerridae,-29.6,4.9,NA,NA,SD,1
ID_0833,Clubtail dragonfly,Gomphidae,-31.4,5.3,NA,NA,SD,1
ID_0833,Whirligig beetle,Gyrinidae,-35.4,7.7,NA,NA,SD,1
ID_0833,Skimmer dragonfly,Libellulidae,-30.3,5,0.41,0.35,SD,2
ID_0833,Water boatman,Micronectidae,-32.1,5.2,2.68,0.33,SD,2
ID_0833,Backswimmer,Notonectidae,-29.4,5.7,NA,NA,SD,1
ID_0833,Backswimmer,Pleidae,-24.5,3.8,NA,NA,SD,1
ID_0833,Midge,Chironomidae,-34.2,8.2,NA,NA,SD,1
ID_0833,Mosquitoes,Culicidae,-33.3,4.2,NA,NA,SD,1
ID_0833,Caddisfly,Leptoceridae,-30,6.1,NA,NA,SD,1
ID_0833,Shrimp,Macrobrachium spinipes,-27.82,9.77,1.8,0.62,SD,NA
ID_0833,Fine particulate organic matter,NA,-29.2,2.59,1.25,0.77,SD,4
ID_0833,Coarse particulate organic matter,NA,-31.3,1.81,1.45,1.46,SD,4
ID_0833,Algal biofilm,NA,-23.5,1.77,2.42,1.48,SD,4
ID_0833,Spirogyra,NA,-29.7,0.28,0.38,0.67,SD,2
ID_0833,Filamentous algae,NA,-30,0.06,NA,NA,SD,1
ID_0833,Seston 53-250um,NA,-30.8,3.2,0.49,1.85,SD,5
ID_0833,Seston 250-500um,NA,-30.8,4.73,0.54,1.33,SD,4
ID_0833,Macrophyte,NA,-21.5,4.09,1.44,2.1,SD,4
ID_0833,Terrestrial leaf,NA,-32.3,2.61,0.89,0.88,SD,10
ID_0833,Zooplankton,Calanoida,-33.1,5,0.61,0.08,SD,2
ID_0834,Shrimp,Macrobrachium spinipes,-24.27,8.82,0.99,0.71,SD,NA
ID_0834,Coarse particulate organic matter,NA,-31.69,1.29,1.15,2.82,SD,NA
ID_0834,Terrestrial leaf,NA,-32.21,1.39,0.83,2.45,SD,NA
ID_0834,Algal biofilm,NA,-22.96,1.06,3.53,1.74,SD,NA
ID_0835,Particulate organic matter>0.7um,NA,-35.31,2.05,NA,NA,SD,1
ID_0835,Particulate organic matter>63um,NA,-36.88,3.92,NA,NA,SD,1
ID_0835,Forest litter,NA,-32.24,5.79,NA,NA,SD,1
ID_0835,C3 macrophyte leaf,Eichornia sp,-30.47,5.62,NA,NA,SD,1
ID_0835,C3 macrophyte root,Eichornia sp,-32.24,4.81,NA,NA,SD,1
ID_0835,Grass leaf,Paspalum repens,-12.67,5.62,NA,NA,SD,1
ID_0835,Grass root,Paspalum repens,-13.52,2.53,NA,NA,SD,1
ID_0835,C3 macrophyte leaf,Pistia stratiotes,-29.7,2.09,NA,NA,SD,1
ID_0835,C3 macrophyte root,Pistia stratiotes,-29.86,3.06,NA,NA,SD,1
ID_0835,C3 macrophyte leaf,Salvinia auriculata,-30.38,3.92,NA,NA,SD,1
ID_0835,C3 macrophyte root,Salvinia auriculata,-34.74,4.4,NA,NA,SD,1
ID_0835,Sediment,NA,-31.55,2.74,NA,NA,SD,1
ID_0836,Forest litter,NA,-32.24,5.79,NA,NA,SD,1
ID_0836,Particulate organic matter >0.7um,NA,-35.31,2.05,NA,NA,SD,1
ID_0836,Particulate organic matter >63um,NA,-36.88,3.92,NA,NA,SD,1
ID_0836,C3 macrophyte leaf,Eichornia sp,-30.47,5.62,NA,NA,SD,1
ID_0836,C3 macrophyte root,Eichornia sp,-32.24,4.81,NA,NA,SD,1
ID_0836,Grass leaf,Paspalum repens,-12.67,5.62,NA,NA,SD,1
ID_0836,Grass root,Paspalum repens,-13.52,2.53,NA,NA,SD,1
ID_0836,C3 macrophyte leaf,Pistia stratiotes,-29.7,2.09,NA,NA,SD,1
ID_0836,C3 macrophyte root,Pistia stratiotes,-29.86,3.06,NA,NA,SD,1
ID_0836,C3 macrophyte leaf,Salvinia auriculata,-30.38,3.92,NA,NA,SD,1
ID_0836,C3 macrophyte root,Salvinia auriculata,-34.74,4.4,NA,NA,SD,1
ID_0836,Sediment,NA,-31.55,2.74,NA,NA,SD,1
ID_0838,Water slater,,,,,,,
ID_0838,Midge,Chironomidae,-33.62,3.57,1.73,1.22,SD,NA
ID_0838,Duck mussel,Anodonta anatina,-33.01,8.37,0.26,0.71,SD,NA
ID_0838,Painter's mussel,Unio pictorum,-32.76,8.78,0.51,0.71,SD,NA
ID_0838,Great ramshorn,Planorbarius sp,-32.24,5.61,1.22,2.04,SD,NA
ID_0838,Phytoplankton,NA,-39.54,5.82,0.2,1.33,SD,NA
ID_0838,Water moss,Fontinalis sp,-37.5,5.71,0.1,1.12,SD,NA
ID_0838,Epiphyton Milfoil,Potamogeton natans,-27.4,10.31,0.41,0.51,SD,NA
ID_0838,Zooplankton,NA,-34.9,10.41,0.51,1.43,SD,NA
ID_0839,Gastropod,Bellamya aeruginosa,-24.95,6.87,1.66,1.91,SD,NA
ID_0839,Shrimp,Macrobrachium nipponense,-22.82,9.76,1.32,0,SD,NA
ID_0839,Suspended particulate organic matter,NA,-28.91,3.22,2.46,1.13,SD,NA
ID_0839,Suspended organic matter,NA,-22.77,7.53,0.66,0.42,SD,NA
ID_0839,Coontail macrophyte,Ceratophyllum demersum,-22.55,3.48,2.42,1.57,SD,NA
ID_0839,Macrophyte,Elodea nuttallii,-20.95,5.54,0.39,0.18,SD,NA
ID_0839,Macrophyte Hydrilla ,Hydrilla verticillata,-19.91,4.15,2.64,0.72,SD,NA
ID_0839,Macrophyte_pondweed,Potamogeton maackianus,-18.97,6.02,0.94,1.39,SD,NA
ID_0839,Periphyton on macrophyte,Periphyton,-19.03,2.46,1.6,0.85,SD,NA
ID_0839,Macrophyte_pondweed,Potamogeton malaianus,-18.2,6.26,0.72,1.63,SD,NA
ID_0839,Eurasian watermilfoil macrophyte,Myriophyllum spicatum,-17.16,5.23,1.16,0.79,SD,NA
ID_0839,Cyclopoid,NA,-27.64,6,4.28,1.22,SD,NA
ID_0839,Zooplankton,NA,-27.88,6.17,3.33,1.48,SD,NA
ID_0841,Amphipod,NA,-11.34,4.62,0.28,0.12,SE,NA
ID_0841,Dragonfly,Anisoptera,-14.42,5.15,0.67,0.27,SE,NA
ID_0841,Midge,Chironomidae,-15.83,3.3,0,0,SE,NA
ID_0841,Damselfly,Zygoptera,-16.62,6.86,0.4,0.18,SE,NA
ID_0841,Detritus,NA,-14.51,2.76,0.8,0.43,SE,NA
ID_0841,Epiphyton Milfoil,NA,-6.54,2.01,0.16,0.07,SE,NA
ID_0841,Milfoil,NA,-8.63,0.25,0.27,1.08,SE,NA
ID_0842,Amphipod,NA,-22.2,5.92,0.32,0.02,SE,NA
ID_0842,Midge,Chironomidae,-23.51,5.8,0,0,SE,NA
ID_0842,Damselfly,Zygoptera,-23.79,8.06,0.07,0.17,SE,NA
ID_0842,Detritus,NA,-24.94,4.55,0.72,0.05,SE,NA
ID_0842,Epiphyton,NA,-20.48,4.89,0.26,0.06,SE,NA
ID_0842,Bullrush typha macrophyte,Typha sp,-27.81,5.33,0.36,0.19,SE,NA
ID_0843,Amphipod,NA,-11.97,2.72,0,0,SE,NA
ID_0843,Dragonfly,Anisoptera,-19.7,4.92,2.19,0.9,SE,NA
ID_0843,Damselfly,Zygoptera,-15.97,4.82,0.53,0.17,SE,NA
ID_0843,Detritus,NA,-17.41,1.81,0,0,SE,NA
ID_0843,Epiphyton Milfoil,NA,-13.55,1.7,0.01,0.1,SE,NA
ID_0843,Milfoil,NA,-11.5,2.13,0.23,1.29,SE,NA
ID_0844,Amphipod,NA,-16.76,3,0.74,0.36,SE,NA
ID_0844,Dragonfly,Anisoptera,-18.91,4.21,1.18,0.16,SE,NA
ID_0844,Damselfly,Zygoptera,-21.11,5.16,0.5,0.07,SE,NA
ID_0844,Detritus,NA,-20.64,2.4,0.14,0.26,SE,NA
ID_0844,Bullrush macrophyte,NA,-27.12,3.76,0.06,0.29,SE,NA
ID_0844,Coontail macrophyte,Ceratophyllum demersum,-14.76,2.9,1.37,1.13,SE,NA
ID_0844,Epiphyton,NA,-20.64,2.31,0.05,0.05,SE,NA
ID_0844,Waterlily,Nymphaea sp,-24.46,3.89,1.07,0.39,SE,NA
ID_0845,Dragonfly,Anisoptera,-21.24,3.02,0.69,0.21,SE,NA
ID_0845,Damselfly,Zygoptera,-22.47,3.38,0.42,0.09,SE,NA
ID_0845,Amphipod,NA,-18.17,1.19,0.6,0.3,SE,NA
ID_0845,Midge,Chironomidae,-28.17,1.22,1.89,0.4,SE,NA
ID_0845,Detritus,NA,-21.92,0.65,1.22,0.18,SE,NA
ID_0845,Coontail macrophyte,Ceratophyllum demersum,-14.62,-0.52,0,0,SE,NA
ID_0845,Waterlily,Nymphaea sp,-25.25,2.94,0,0,SE,NA
ID_0845,Eelgrass,NA,-13.81,0.81,0,0,SE,NA
ID_0845,Epiphyton,NA,-17.61,1.56,0.07,0.02,SE,NA
ID_0846,Dragonfly,Anisoptera,-24.7,3.02,0.18,0.49,SE,NA
ID_0846,Damselfly,Angulyagra polyzonata,-24.94,3.96,0.15,0.2,SE,NA
ID_0846,Amphipod,NA,-22.02,1.96,0.01,0.31,SE,NA
ID_0846,Midge,Chironomidae,-25.76,1.92,0.54,0.27,SE,NA
ID_0846,Detritus,NA,-23.36,1.83,0.43,0.97,SE,NA
ID_0846,Waterlily,Nymphaea sp,-25.01,3.87,0,0,SE,NA
ID_0846,Epiphyton,NA,-22.5,1.78,0.13,0.05,SE,NA
ID_0850,Littoral benthos,NA,-21.42,6.6,3.08,1.02,SD,NA
ID_0850,Profundal benthos,NA,-30.14,10.69,0.53,0,SD,NA
ID_0850,Pelagic particulate organic matter,NA,-33.96,5.07,0.53,0,SD,NA
ID_0850,Littoral biofilm,NA,-17.91,7.31,0.85,0.41,SD,NA
ID_0850,Zooplankton,NA,-33.75,6.09,2.13,0.82,SD,NA
ID_0851,Gastropod,Chilina sp,-19.4,2.4,1.1,0.3,SD,8
ID_0851,Crab,Aegla sp,-25.4,5.1,0.9,1.2,SD,5
ID_0851,Crayfish,Samastacus spinifrons,-25.7,4.1,1.6,0.6,SD,8
ID_0851,Amphipod,Hyalella sp,-26.2,1.5,1,0.3,SD,4
ID_0851,Mayfly,NA,-24.9,1.2,0.8,0.1,SD,7
ID_0851,Caddisfly,NA,-25.95,0.4,NA,NA,SD,1
ID_0851,Midge,Chironomidae,-25.9,2,0.4,0.02,SD,2
ID_0851,Tree leaf terrestrial,NA,-29.9,-4.5,1,2.2,SD,17
ID_0851,Biofilm,NA,-20.7,0.5,NA,NA,SD,1
ID_0851,Plankton1 10-53 phytoplankton-small-ciliates,NA,-27.7,4.5,1.4,0.5,SD,4
ID_0851,Zooplankton_small 53-200 ,NA,-25.1,4.7,1.7,1.3,SD,4
ID_0851,Zooplankton_large  >200 ,NA,-31.2,8.8,2.4,0.4,SD,4
ID_0852,Gastropod,Chilina sp,-16.5,2.5,2.3,0.3,SD,8
ID_0852,Bivalve,Diplodon chilensis,-25.8,5.7,0.3,0.3,SD,15
ID_0852,Crab,Aegla sp,-23,5.8,1.7,1.1,SD,12
ID_0852,Crayfish,Samastacus spinifrons,-24,4.6,1.4,0.7,SD,8
ID_0852,Mayfly,NA,-25.7,1.6,6.2,0.5,SD,4
ID_0852,Caddisfly,NA,-26.6,0.3,2.3,0.02,SD,2
ID_0852,Detritus,NA,-29.2,-1.4,1.5,3.3,SD,6
ID_0852,Biofilm,NA,-20.1,1.7,NA,NA,SD,1
ID_0852,Tree leaf terrestrial,NA,-28.6,-0.6,1.1,2,SD,9
ID_0852,Plankton1 10-53 phytoplankton-small-ciliates,NA,-25.5,3.8,0.1,0.4,SD,2
ID_0852,Zooplankton_small 53-200 ,NA,-23.8,4.6,0.03,0.3,SD,2
ID_0852,Zooplankton_large  >200 ,NA,-27.5,8.8,0.2,0.2,SD,2
ID_0853,Crayfish,Samastacus spinifrons,-21.3,8.1,2.8,0.7,SD,6
ID_0853,Plankton1 10-53 phytoplankton-small-ciliates,NA,-25,4.1,1.8,0.4,SD,2
ID_0853,Zooplankton_small 53-200 ,NA,-23.9,6.1,0.2,0.01,SD,2
ID_0853,Zooplankton_large  >200 ,NA,-27.9,9.8,1.4,0.7,SD,2
ID_0854,Thi?,NA,-24.88,9.75,0.51,0.97,SE,NA
ID_0854,Bivalve,Corbiculidae,-24.8,9.4,0.88,0.88,SE,NA
ID_0854,Mayfly,Heptagenidae,-22.9,10.27,0.88,0.88,SE,NA
ID_0854,Clubtail dragonfly,Gomphidae,-22.39,9.4,1.54,0.61,SE,NA
ID_0854,Giant water bugs,Belostomatidae,-22.1,10.27,0.44,0.61,SE,NA
ID_0854,Damselfly,Coenagrionidae,-21.51,11.06,0.66,0.79,SE,NA
ID_0854,Dragonfly,Libellulidae,-21.44,9.4,0.73,0.53,SE,NA
ID_0854,Shrimp,Atyidae,-19.83,11.68,0.37,0.53,SE,NA
ID_0854,Leaf litter,NA,-26.49,5.88,1.1,0.61,SE,NA
ID_0854,Particulate organic matter Sediment,NA,-19.76,8.69,1.02,1.14,SE,NA
ID_0854,Biofilm,NA,-26.2,8.52,0.51,1.05,SE,NA
ID_0854,Plankton,NA,-21.95,9.4,0.29,0.18,SE,NA
ID_0854,Grass terrestrial,NA,-21.07,5.97,0.15,0.26,SE,NA
ID_0855,Dragonfly,Libellulidae,-27.66,12.93,0.43,0.29,SE,NA
ID_0855,Gastropod,Tarebia granifera,-27.02,13.6,2.34,0.1,SE,NA
ID_0855,Mayfly,Heptagenidae,-26.49,11.39,0,0,SE,NA
ID_0855,Creeping Water Bugs,Naucoridae,-26.17,11.49,0,0,SE,NA
ID_0855,Caddisfly,Leptoceridae,-24.89,9.77,0,0,SE,NA
ID_0855,Damselfly,Coenagrionidae,-23.51,12.16,0,0,SE,NA
ID_0855,Clubtail dragonfly,Gomphidae,-22.55,12.73,0.85,0.38,SE,NA
ID_0855,Crab,NA,-17.02,10.53,0.43,0.19,SE,NA
ID_0855,Plant litter,NA,-18.83,7.56,0.85,0.48,SE,NA
ID_0855,Hippo-dung Plant litter,NA,-18.3,4.79,1.6,0.19,SE,NA
ID_0855,Particulate organic matter Sediment,NA,-14.04,7.28,0.74,0.77,SE,NA
ID_0855,Grass litter,NA,-13.51,6.99,0.11,0.19,SE,NA
ID_0855,Filamentous algae,NA,-27.02,7.47,0.74,0.48,SE,NA
ID_0855,Biofilm,NA,-20.74,8.43,0.85,0.38,SE,NA
ID_0855,Plankton,NA,-19.89,7.56,0.53,0.38,SE,NA
ID_0856,Water scorpion,Nepidae,-23.08,5.77,0,0,SE,NA
ID_0856,Water beetle,Dytiscidae,-21.35,9.29,0,0,SE,NA
ID_0856,Gastropod,Tarebia granifera,-20.38,10.57,0.76,0,SE,NA
ID_0856,Gastropod,Physidae,-20.05,10.27,0.65,0.2,SE,NA
ID_0856,Mayfly,Baetidae,-19.19,9.88,0.43,0,SE,NA
ID_0856,Giant water bugs,Belostomatidae,-18.43,10.37,0.65,0.39,SE,NA
ID_0856,Leech,Hirudinea,-16.7,15.85,0,0,SE,NA
ID_0856,Damselfly,Coenagrionidae,-16.16,10.66,0,0,SE,NA
ID_0856,Spider,NA,-15.41,12.03,0,0,SE,NA
ID_0856,Shrimp,Atyidae,-15.41,11.35,0.54,0,SE,NA
ID_0856,Caddisfly,Leptoceridae,-12.16,10.08,0,0,SE,NA
ID_0856,Grasshopper,NA,-12.05,11.74,0.32,0.29,SE,NA
ID_0856,Leaf litter,NA,-29.14,10.27,0,0,SE,NA
ID_0856,Particulate organic matter Sediment,NA,-16.59,6.55,0.43,0.39,SE,NA
ID_0856,Grass litter,NA,-15.19,11.64,0.43,0.98,SE,NA
ID_0856,Plankton,NA,-27.08,8.8,0.43,0.2,SE,NA
ID_0856,Biofilm,NA,-19.84,5.28,0.22,0,SE,NA
ID_0856,Water plant B,NA,-15.62,7.73,0,0,SE,NA
ID_0856,Water plant A,NA,-15.08,8.41,0,0,SE,NA
ID_0856,Grass A terrestrial,NA,-13.57,7.92,0,0,SE,NA
ID_0856,Water plant C,NA,-14.86,10.47,0.86,0,SE,NA
ID_0856,Grass B terrestrial,NA,-11.95,10.47,0.11,0.59,SE,NA
ID_0856,Tadpole,NA,-18.11,10.86,0,0,SE,NA
ID_0857,Water scavenger beetle,Hydrophyllidae,-24.45,9.61,0,0,SE,NA
ID_0857,Gastropod,Tarebia granifera,-22.77,9.14,0,0,SE,NA
ID_0857,Giant water bugs,Belostomatidae,-21.62,9.71,0,0,SE,NA
ID_0857,Common backswimmer,Notonectidae,-21.41,11.4,0,0,SE,NA
ID_0857,Shrimp,Atyidae,-21.1,10.84,0,0,SE,NA
ID_0857,Leech,Hirudinea,-20.89,13.57,0,0,SE,NA
ID_0857,Particulate organic matter Sediment,NA,-21.62,6.31,0.63,0.57,SE,NA
ID_0857,Filamentous algae,NA,-25.29,10.08,0.31,0.28,SE,NA
ID_0857,Biofilm,NA,-13.56,9.05,0,0,SE,NA
ID_0859,Gastropod,Melanoides tuberculata,-18.26,2.8,0.78,0.27,SD,3
ID_0859,Gastropod,Pomacea sp,-25.47,3.33,2.98,0.58,SD,13
ID_0860,Gastropod,Pomacea sp,-26.48,2.41,0.75,0.39,SD,5
ID_0860,Bivalve,Corbicula fluminea,-34.96,3.12,0.11,0.19,SD,6
ID_0861,Gastropod,Melanoides tuberculata,-19.93,6.48,1.76,0.11,SD,3
ID_0861,Gastropod,Pomacea sp,-23.84,5.35,0.89,0.53,SD,3
ID_0861,Bivalve,Anodonta luteola,-28.32,5.91,NA,NA,SD,1
ID_0861,Bivalve,Corbicula fluminea,-31.76,5.79,0.88,0.23,SD,6
ID_0862,Gastropod,Melanoides tuberculata,-21.12,6.39,0.95,0.09,SD,2
ID_0862,Bivalve,Anodonta luteola,-32.36,5.62,NA,NA,SD,1
ID_0863,Gastropod,Melanoides tuberculata,-18.71,5.5,1.65,0.3,SD,3
ID_0863,Gastropod,Pomacea sp,-22.15,5.46,4.54,1.68,SD,6
ID_0863,Bivalve,Anodonta luteola,-28.01,6.77,NA,NA,SD,1
ID_0864,Gastropod,Melanoides tuberculata,-25.82,7.52,3.29,0.89,SD,6
ID_0864,Gastropod,Pomacea sp,-25.13,6.55,1.93,0.69,SD,6
ID_0864,Bivalve,Anodonta luteola,-32.69,6.84,0.7,0.26,SD,4
ID_0864,Bivalve,Corbicula fluminea,-31.98,6.65,NA,NA,SD,1
ID_0868,Water hoglouse,Asellidae,-27.78,15.06,0.14,1.37,SD,6
ID_0868,Mayfly,Baetidae,-30.79,13.92,2,1.73,SD,13
ID_0868,Bivalve,Bivalvia,-32.66,14.39,0.64,0.61,SD,21
ID_0868,Midge,Chironomidae,-30.6,16.05,1.41,1.14,SD,12
ID_0868,Beetle,Coleoptera,-32.39,18.1,0.23,0.52,SD,3
ID_0868,Fly,Diptera,-31.73,11.83,0.11,2.17,SD,2
ID_0868,Gammarid,Gammaridae,-28.95,15.09,0.29,1.75,SD,12
ID_0868,Gastropod,Gastropoda,-29.57,17.06,1.63,1.97,SD,55
ID_0868,Leech,Hirudinae,-28.59,17.68,0.34,1.71,SD,12
ID_0868,Net-spinning caddisfly,Hydropsychidae,-32.36,15.38,0.56,0.94,SD,12
ID_0868,Net-spinning caddisfly,Hydroptilidae,-36.39,12.62,0.67,0.67,SD,6
ID_0868,Caddisfly,Leptoceridae,-30.32,15.15,1.71,0.34,SD,2
ID_0868,Odonata,Odonata,-29.7,16.35,1.01,0.84,SD,12
ID_0868,Worm,Oligocheta,-28.63,15.44,0.34,0.47,SD,12
ID_0868,Flatworm,Planariidae or Dugesiidae,-29.47,17.99,0.51,1.85,SD,12
ID_0868,Trichoptera,Polycentropodidae,-31.12,15.51,0.35,0.95,SD,2
ID_0868,Blackfly,Simuliidae,-30,12.53,1.48,1.67,SD,9
ID_0868,Blackfly,Simuliidae (nymph),-30.68,14.68,0.28,0.15,SD,3
ID_0868,Leaf litter,NA,-29.09,4.27,0.91,3.38,SD,12
ID_0868,Suspended matter,NA,-28.25,9.86,0.78,2.02,SD,12
ID_0868,Algae,NA,-32.9,17.14,0.15,2.11,SD,6
ID_0868,Biofilm,NA,-29.13,13.69,2.34,5.81,SD,12
ID_0868,Macrophyte,Potamogeton crispus,-33.26,20.7,0.57,0.41,SD,3
ID_0868,Macrophyte,Ranunculus sp,-27.05,16.81,2.65,3.64,SD,12
ID_0869,Caddisfly,Trichoptera (nymph),-29.62,11.97,NA,NA,SD,1
ID_0869,Mayfly,Baetidae,-30.1,10.59,NA,NA,SD,1
ID_0869,Bivalve,Bivalvia,-21.62,11.82,NA,NA,SD,1
ID_0869,Midge,Chironomidae,-35.79,11.85,1.89,0.82,SD,2
ID_0869,Gammarid,Gammaridae,-28.8,10.36,0.09,0.24,SD,3
ID_0869,Net-spinning caddisfly,Hydropsychidae,-32.26,12.7,0.83,0.25,SD,3
ID_0869,Odonata,Odonata,-29.4,13.13,0.36,0.38,SD,3
ID_0869,Leaf litter,NA,-28.57,3.45,0.43,0.87,SD,3
ID_0869,Suspended matter,NA,-28.89,4.41,0.12,0.34,SD,3
ID_0869,Biofilm,NA,-28.41,6.41,1.39,0.88,SD,3
ID_0870,Bivalve,Bivalvia,-17.11,10.6,0.32,0.11,SD,2
ID_0870,Midge,Chironomidae,-28.61,10.52,0.21,0.3,SD,3
ID_0870,Gammarid,Gammaridae,-28.66,11.1,0.12,0.23,SD,3
ID_0870,Net-spinning caddisfly,Hydropsychidae,-32.38,12.04,0.42,0.46,SD,3
ID_0870,Leaf litter,NA,-30.3,1.19,0.69,0.32,SD,3
ID_0870,Suspended matter,NA,-30.75,8,0.31,0.23,SD,3
ID_0870,Biofilm,NA,-26.05,7.59,1.75,0.61,SD,3
ID_0871,Mayfly,Baetidae,-37.33,2.4,NA,NA,SD,1
ID_0871,Bivalve,Bivalvia,-22.13,3.28,NA,NA,SD,1
ID_0871,Gammarid,Gammaridae,-27.13,3.61,0.28,0.41,SD,3
ID_0871,Caddisfly,Trichoptera (other),-31.08,6.82,0.78,0.31,SD,3
ID_0871,Leaf litter,NA,-28.88,0.43,0.55,0.93,SD,3
ID_0871,Suspended matter,NA,-28.6,2.42,0.1,0.38,SD,3
ID_0871,Biofilm,NA,-29.02,0.24,0.27,1.13,SD,3
ID_0872,Bivalve,Bivalvia,-18.1,10.1,1.71,0.33,SD,3
ID_0872,Midge,Chironomidae,-27.3,11.61,0.22,0.24,SD,3
ID_0872,Gammarid,Gammaridae,-26.73,11.14,0.29,0.07,SD,3
ID_0872,Odonata,Odonata,-28.94,13.05,0.23,0.68,SD,2
ID_0872,Leaf litter,NA,-28.37,3.56,0.81,4.56,SD,3
ID_0872,Suspended matter,NA,-28.78,7.48,0.09,0.16,SD,3
ID_0872,Biofilm,NA,-28.86,10.49,0.48,0.06,SD,3
ID_0873,Mayfly,Baetidae,-31.87,9.52,NA,NA,SD,1
ID_0873,Mayfly,Ephemeridae,-29.47,8.82,0.24,0.2,SD,3
ID_0873,Gammarid,Gammaridae,-26.86,6.37,0.33,0.34,SD,3
ID_0873,Net-spinning caddisfly,Hydropsychidae,-28.76,7.5,0.31,0.74,SD,3
ID_0873,Mayfly,Baetidae,-35.82,14.92,NA,NA,SD,1
ID_0873,Leaf litter,NA,-29.87,1.09,0.5,0.57,SD,3
ID_0873,Suspended matter,NA,-28.37,2.94,0.08,0.09,SD,3
ID_0873,Biofilm,NA,-26.9,3.34,0.54,0.21,SD,3
ID_0874,Bivalve,Bivalvia,-20.33,9.39,0.23,0.37,SD,3
ID_0874,Gammarid,Gammaridae,-27.72,10.29,0.22,0.24,SD,3
ID_0874,Net-spinning caddisfly,Hydropsychidae,-29.43,11.01,0.15,0.05,SD,3
ID_0874,Odonata,Odonata,-29.26,12.39,0.26,0.3,SD,3
ID_0874,Leaf litter,NA,-29.32,0.35,0.36,1.92,SD,3
ID_0874,Suspended matter,NA,-29.32,5.87,0.18,0.14,SD,3
ID_0874,Biofilm,NA,-33.45,12.49,0.43,0.81,SD,3
ID_0875,Mayfly,Baetidae,-32.67,9.48,NA,NA,SD,1
ID_0875,Bivalve,Bivalvia,-17.42,8.65,NA,NA,SD,1
ID_0875,Gammarid,Gammaridae,-27.1,10.09,0.22,0.37,SD,3
ID_0875,Odonata,Odonata,-28.42,12.05,0.23,0.53,SD,3
ID_0875,Caddisfly,Trichoptera (other),-28.56,11.57,0.04,0.11,SD,3
ID_0875,Leaf litter,NA,-28.98,0.9,1.46,0.24,SD,3
ID_0875,Suspended matter,NA,-28.42,4.49,0.11,0.26,SD,3
ID_0875,Biofilm,NA,-29.36,6.56,0.21,1.68,SD,3
ID_0876,Mayfly,Baetidae,-33.16,11.55,0.07,0.01,SD,2
ID_0876,Bivalve,Bivalvia,-18.22,8.99,0.21,0.08,SD,2
ID_0876,Midge,Chironomidae,-27.09,6.86,0.43,0.22,SD,3
ID_0876,Gammarid,Gammaridae,-28.6,9.42,0.34,0.18,SD,3
ID_0876,Odonata,Odonata,-28.84,9.52,0.47,0.55,SD,3
ID_0876,Leaf litter,NA,-29.09,2.78,0.79,3.22,SD,3
ID_0876,Suspended matter,NA,-28.65,5.43,0.05,0.24,SD,3
ID_0876,Biofilm,NA,-29.41,8.45,1.32,2.59,SD,3
ID_0877,Water hoglouse,Asellidae,-27.21,11.03,0.46,0.38,SD,9
ID_0877,Water bugs,Athericidae,-28.66,10.72,0.04,0.43,SD,2
ID_0877,Mayfly,Baetidae,-33.26,13.12,1.85,0.56,SD,15
ID_0877,Bivalve,Bivalvia,-29.56,11.05,5.04,0.66,SD,11
ID_0877,Fly,Ceratopogonidae,-28.17,11.15,1.09,1.28,SD,3
ID_0877,Midge,Chironomidae,-27.84,9.09,0.13,1.23,SD,12
ID_0877,Mayfly,Ephemera,-29.19,11.68,0.09,0.5,SD,3
ID_0877,Mayfly,Ephemerellidae,-30.24,11.78,0.83,0.48,SD,3
ID_0877,Mayfly,Ephemeridae,-29.13,11.38,0.39,0.75,SD,15
ID_0877,Gammarid,Gammaridae,-26.75,9.94,0.69,0.81,SD,15
ID_0877,Gastropod,Gastropoda,-28.23,13.12,0.53,0.64,SD,10
ID_0877,Leech,Hirudinae,-27.46,10.49,0.21,0.05,SD,4
ID_0877,Net-spinning caddisfly,Hydropsychidae,-30.82,11.94,1.26,0.59,SD,15
ID_0877,Trichoptera,Lepidostomatidae,-27.77,6.5,0.16,1.12,SD,3
ID_0877,Caddisfly,Leptoceridae,-28.45,11.98,0.26,0.35,SD,3
ID_0877,Northern caddisfly,Limnephilidae,-28.46,11.84,1.02,0.51,SD,4
ID_0877,Odonata,Odonata,-28.07,12.94,0.54,0.97,SD,15
ID_0877,Worm,Oligocheta,-28.22,10.31,0.11,0.65,SD,12
ID_0877,Trichoptera,Polycentropodidae,-27.39,15.23,NA,NA,SD,1
ID_0877,Caddisfly,Psychomyiidae,-28.22,13.14,0.62,0.59,SD,6
ID_0877,Alderfly,Sialidae,-27.89,11.75,0.45,0.81,SD,3
ID_0877,Blackfly,Simuliidae,-28.92,13.17,0.66,0.9,SD,3
ID_0877,Caddisfly,Trichoptera (other),-28.58,13.48,1.17,1.76,SD,3
ID_0877,Leaf litter,NA,-29.65,3.7,1.04,2.61,SD,15
ID_0877,Suspended matter,NA,-28.27,6.7,0.44,0.51,SD,15
ID_0877,Biofilm,NA,-27.39,9.98,3.74,2.92,SD,15
ID_0878,Water hoglouse,Asellidae,-27.7,9,0.55,0.76,SD,9
ID_0878,Mayfly,Baetidae,-29.9,13,1.57,1.27,SD,13
ID_0878,Bivalve,Bivalvia,-30.15,28,3.08,0.57,SD,28
ID_0878,Midge,Chironomidae,-28.82,12,0.55,0.68,SD,12
ID_0878,Beetle,Coleoptera,-30.96,12,0.89,1.05,SD,12
ID_0878,Gammarid,Gammaridae,-28.18,15,0.7,0.56,SD,15
ID_0878,Gastropod,Gastropoda,-28.61,10.49,1.52,3.03,SD,47
ID_0878,Caddisfly,Goeridae,-31.01,8,2.36,1.1,SD,8
ID_0878,True bugs,Hemiptera,-30.46,12,0.56,0.33,SD,12
ID_0878,Leech,Hirudinae,-29.18,12,0.65,0.53,SD,12
ID_0878,Net-spinning caddisfly,Hydropsychidae,-30.4,15,0.68,0.52,SD,15
ID_0878,Caddisfly,Leptoceridae,-29.73,6,0.81,0.15,SD,6
ID_0878,Worm,Lumbricidae,-28.69,3,0.25,0.03,SD,3
ID_0878,Odonata,Odonata,-29.16,15,0.81,0.44,SD,15
ID_0878,Worm,Oligocheta,-28.61,12,0.34,0.78,SD,12
ID_0878,Caddisfly,Psychomyiidae,-29.33,3,1.61,0.12,SD,3
ID_0878,Caddisfly,Ryacophylidae,-30.71,3,0.07,0.2,SD,3
ID_0878,Alderfly,Sialidae,-27.93,1,NA,NA,SD,1
ID_0878,Blackfly,Simuliidae,-30.32,6,0.26,0.51,SD,6
ID_0878,Caddisfly,Trichoptera,-28.88,3,0.4,0.13,SD,3
ID_0878,Caddisfly,Trichoptera (nymph),-29.56,3,0.08,0.3,SD,3
ID_0878,Leaf litter,NA,-28.73,15,1.26,1.79,SD,15
ID_0878,Suspended matter,NA,-29.1,15,0.36,0.39,SD,15
ID_0878,Macrophyte,Myriophyllum,-34.14,6,2.64,1.63,SD,6
ID_0878,Algae,NA,-43.63,6,1.4,1.71,SD,6
ID_0878,Biofilm,NA,-29.33,15,3.01,3.6,SD,15
ID_0878,Moss,Bryophyta,-39.69,3,0.68,0.32,SD,3
ID_0878,Macrophyte,Ranunculus sp,-32.45,3,0.37,0.97,SD,3
ID_0879,Mayfly,Baetidae,-33.96,9.31,NA,NA,SD,1
ID_0879,Gammarid,Gammaridae,-26.74,6.05,0.2,0.16,SD,3
ID_0879,Net-spinning caddisfly,Hydropsychidae,-30.12,8.99,NA,NA,SD,1
ID_0879,Odonata,Odonata,-28.66,8.72,0.46,0.3,SD,3
ID_0879,Leaf litter,NA,-29.9,3.04,0.65,3.42,SD,3
ID_0879,Suspended matter,NA,-29.7,4.37,0.26,0.17,SD,3
ID_0879,Biofilm,NA,-29.62,5.01,0.64,0.38,SD,3
ID_0880,Mayfly,Baetidae,-33.97,25.95,0.32,0.09,SD,2
ID_0880,Gammarid,Gammaridae,-28.06,14.35,0.32,0.09,SD,3
ID_0880,Net-spinning caddisfly,Hydropsychidae,-31.11,13.55,0.31,0.45,SD,3
ID_0880,Leaf litter,NA,-30.01,4.08,2.58,3.74,SD,3
ID_0880,Suspended matter,NA,-27.56,8.06,0.32,0.12,SD,3
ID_0880,Biofilm,NA,-34.08,13.56,1.4,7.56,SD,3
ID_0881,Mayfly,Baetidae,-31.84,9.78,NA,NA,SD,1
ID_0881,Bivalve,Bivalvia,-20.16,10.11,0.91,1.5,SD,3
ID_0881,Gammarid,Gammaridae,-27.46,6.77,0.15,0.09,SD,3
ID_0881,Net-spinning caddisfly,Hydropsychidae,-31.61,9.47,0.32,0.4,SD,2
ID_0881,Odonata,Odonata,-28.67,8.99,0.52,0.1,SD,3
ID_0881,Leaf litter,NA,-29.23,0.05,0.32,1,SD,3
ID_0881,Suspended matter,NA,-27.37,5.28,1.05,0.35,SD,3
ID_0881,Biofilm,NA,-29.83,4.66,2.43,0.12,SD,3
ID_0882,Mayfly,Baetidae,-27.24,9.34,0.19,0.08,SD,2
ID_0882,Bivalve,Bivalvia,-18.34,8.7,0.51,0.15,SD,2
ID_0882,Midge,Chironomidae,-27.06,9.69,0.11,0.17,SD,3
ID_0882,Gammarid,Gammaridae,-26.59,9.99,0.22,0.05,SD,3
ID_0882,Leaf litter,NA,-28.91,1.12,0.38,0.66,SD,3
ID_0882,Suspended matter,NA,-26.72,6.99,0.04,0.12,SD,3
ID_0882,Biofilm,NA,-32.04,3.27,2.38,2.21,SD,3
ID_0883,Mayfly,Baetidae,-29.81,7.25,0.21,0.21,SD,3
ID_0883,Bivalve,Bivalvia,-18.51,6.07,1.23,0.45,SD,3
ID_0883,Gammarid,Gammaridae,-26.87,6.52,0.2,0.26,SD,3
ID_0883,Net-spinning caddisfly,Hydropsychidae,-29.96,8.62,0.31,0.1,SD,3
ID_0883,Odonata,Odonata,-29.67,8.66,0.37,0.31,SD,3
ID_0883,Leaf litter,NA,-27.36,1.43,1.26,1.36,SD,3
ID_0883,Suspended matter,NA,-27.83,4.35,0.04,0.13,SD,3
ID_0883,Biofilm,NA,-26.19,6.1,0.25,0.73,SD,3
ID_0884,Mayfly,Baetidae,-29.7,10.8,0.07,0.07,SD,2
ID_0884,Bivalve,Bivalvia,-20.79,9.07,0.39,1.18,SD,3
ID_0884,Gammarid,Gammaridae,-27,10.82,0.2,0.08,SD,3
ID_0884,Net-spinning caddisfly,Hydropsychidae,-28.61,13.41,0.31,0.42,SD,3
ID_0884,Odonata,Odonata,-28.21,13.21,0.25,0.53,SD,3
ID_0884,Leaf litter,NA,-29.24,2.41,0.53,0.3,SD,3
ID_0884,Suspended matter,NA,-27.83,7.77,0.1,0.21,SD,3
ID_0884,Biofilm,NA,-27.42,6.54,0.34,0.64,SD,3
ID_0885,Mayfly,Baetidae,-33.27,6.83,0.31,0.03,SD,2
ID_0885,Bivalve,Bivalvia,-17.26,5.64,0.99,0.14,SD,2
ID_0885,Mayfly,Ephemeridae,-28.19,6.4,0.31,0.09,SD,3
ID_0885,Gammarid,Gammaridae,-26.52,4.66,0.11,0.13,SD,3
ID_0885,Net-spinning caddisfly,Hydropsychidae,-29.1,7.08,0.25,0.55,SD,3
ID_0885,Leaf litter,NA,-29.03,0.58,0.62,0.86,SD,3
ID_0885,Suspended matter,NA,-25.87,4.06,0.11,0.2,SD,3
ID_0885,Biofilm,NA,-26.64,4.84,4.64,0.14,SD,3
ID_0886,Water hoglouse,Asellidae,-28.84,8.2,0.86,0.9,SD,3
ID_0886,Water bugs,Athericidae,-28.66,10.19,0.62,1.22,SD,5
ID_0886,Mayfly,Baetidae,-30.82,6.91,0.71,0.73,SD,14
ID_0886,Bivalve,Bivalvia,-26.66,7.31,6.77,0.8,SD,11
ID_0886,Fly,Ceratopogonidae,-29.48,8.67,0.35,1.06,SD,6
ID_0886,Midge,Chironomidae,-29.77,7.35,1.14,0.63,SD,15
ID_0886,Beetle,Coleoptera,-27.09,7.72,NA,NA,SD,1
ID_0886,Fly,Diptera,-29.3,9.23,0.51,0.7,SD,3
ID_0886,Mayfly,Ephemerellidae,-34.2,7.17,2.69,0.44,SD,4
ID_0886,Mayfly,Ephemeridae,-30.25,7.72,0.92,0.54,SD,8
ID_0886,Gammarid,Gammaridae,-28.41,6.85,0.62,0.45,SD,15
ID_0886,Gastropod,Gastropoda,-27.96,7.69,1.58,1.49,SD,23
ID_0886,Caddisfly,Goeridae,-32.88,5.91,0.06,0.41,SD,2
ID_0886,True bugs,Hemiptera,-29.13,8.18,0.09,0.22,SD,2
ID_0886,Leech,Hirudinae,-28.33,11.49,0.91,1.81,SD,6
ID_0886,Net-spinning caddisfly,Hydropsychidae,-30.61,7.85,0.73,0.47,SD,13
ID_0886,Trichoptera,Lepidostomatidae,-29.42,5.11,1.03,0.51,SD,3
ID_0886,Northern caddisfly,Limnephilidae,-29.38,6.03,0.88,0.96,SD,3
ID_0886,Fly,Limoniidae,-30.51,9.59,0.66,0.56,SD,5
ID_0886,Odonata,Odonata,-29.92,8.92,0.6,0.63,SD,15
ID_0886,Worm,Oligocheta,-29,7.08,0.48,0.5,SD,12
ID_0886,Caddisfly,Ryacophylidae,-29.14,9.31,1.6,1.01,SD,6
ID_0886,Alderfly,Sialidae,-28.68,8.28,0.29,0.14,SD,3
ID_0886,Blackfly,Simuliidae,-29.55,6.8,0.25,0.45,SD,9
ID_0886,Cranefly,Tipulidae,-27.62,3.58,NA,NA,SD,1
ID_0886,Leaf litter,NA,-29.27,1.53,1.73,2.63,SD,15
ID_0886,Suspended matter,NA,-27.47,4.95,0.76,0.53,SD,15
ID_0886,Algae,NA,-46.68,2.11,0.49,0.84,SD,3
ID_0886,Biofilm,NA,-26.94,6.8,4.6,1.27,SD,15
ID_0886,Macrophyte,Ranunculus sp,-29.36,5.79,2.09,1.49,SD,9
ID_0887,Mayfly,Baetidae,-28.55,5.74,NA,NA,SD,1
ID_0887,Bivalve,Bivalvia,-20.56,7.8,0.15,0.04,SD,2
ID_0887,Gammarid,Gammaridae,-26.62,8.64,0.24,0.05,SD,3
ID_0887,Net-spinning caddisfly,Hydropsychidae,-30.13,9.19,0.1,0.15,SD,3
ID_0887,Odonata,Odonata,-29.03,9.49,0.57,1.2,SD,3
ID_0887,Leaf litter,NA,-30.41,6.73,1.58,1.55,SD,3
ID_0887,Suspended matter,NA,-28.44,5.89,0.09,0.13,SD,3
ID_0887,Biofilm,NA,-27.51,7.02,0.91,2.67,SD,3
ID_0888,Mayfly,Baetidae,-30.3,8.58,NA,NA,SD,1
ID_0888,Bivalve,Bivalvia,-17.62,6.46,NA,NA,SD,1
ID_0888,Midge,Chironomidae,-26.5,7.29,0.13,0.27,SD,3
ID_0888,Gammarid,Gammaridae,-26.17,7.6,0.08,0.15,SD,3
ID_0888,Net-spinning caddisfly,Hydropsychidae,-27.96,8.91,0.19,0.26,SD,3
ID_0888,Odonata,Odonata,-26.52,8.22,0.8,1.02,SD,2
ID_0888,Leaf litter,NA,-29.18,3.76,0.44,0.86,SD,3
ID_0888,Suspended matter,NA,-27.05,4.5,0.03,0.11,SD,3
ID_0888,Biofilm,NA,-25.15,6.15,1.26,0.94,SD,3
ID_0889,Mayfly,Baetidae,-31.11,9.76,NA,NA,SD,1
ID_0889,Bivalve,Bivalvia,-20.02,9.28,0.18,0.16,SD,3
ID_0889,Gammarid,Gammaridae,-27.67,9.16,0.33,0.26,SD,3
ID_0889,Net-spinning caddisfly,Hydropsychidae,-30.12,10.57,NA,NA,SD,1
ID_0889,Odonata,Odonata,-27.59,10.02,NA,NA,SD,1
ID_0889,Leaf litter,NA,-30.14,1.72,0.28,0.78,SD,3
ID_0889,Suspended matter,NA,-28.84,7.6,0.04,0.11,SD,3
ID_0889,Biofilm,NA,-18.82,7.83,5.26,1.07,SD,3
ID_0890,Mayfly,Baetidae,-30.64,1.56,0.2,0.11,SD,5
ID_0890,Mayfly,Ephemerellidae,-30.1,1.33,0.46,0.14,SD,4
ID_0890,Mayfly,Ephemeridae,-27.05,2.32,0.28,0.19,SD,3
ID_0890,Mayfly,Heptageniidae,-30.43,1.8,0.61,0.36,SD,12
ID_0890,Stonefly,Nemourida,-32.14,0.93,NA,NA,SD,1
ID_0890,Stonefly,Perlidae,-29.46,2.67,0.48,0.27,SD,79
ID_0890,Caddisfly,Sericostomatidae,-28.85,2.13,0.72,0.14,SD,10
ID_0890,Blackfly,Simuliidae,-28.6,1.85,0.05,0.04,SD,5
ID_0890,Algae,Cladophora sp,-20.65,-0.22,1.32,0.2,SD,5
ID_0890,Moss,Bryophyta,-38.28,-0.81,0.15,0.34,SD,5
ID_0891,Mayfly,Baetidae,-32.06,0.13,0.4,0.24,SD,5
ID_0891,Mayfly,Ephemerellidae,-29.64,0.6,NA,NA,SD,1
ID_0891,Gammarid,Gammaridae,-28.29,2.9,0.97,0.23,SD,10
ID_0891,Mayfly,Heptageniidae,-30.9,1.47,1.26,0.59,SD,21
ID_0891,Stonefly,Leuctridae,-28.52,3.28,0.29,0.15,SD,4
ID_0891,Stonefly,Nemourida,-34.34,0.91,0.23,0.13,SD,5
ID_0891,Trichoptera,Odontoceridae,-28.68,2.81,0.71,0.36,SD,5
ID_0891,Stonefly,Perlidae,-30.43,3.34,1.11,0.93,SD,8
ID_0891,Caddisfly,Philopotamidae,-29.14,2.99,NA,NA,SD,1
ID_0891,Caddisfly,Ryacophylidae,-29.59,3.42,0.7,0.72,SD,5
ID_0891,Caddisfly,Sericostomatidae,-29.99,3.29,3.09,0.07,SD,3
ID_0891,Blackfly,Simuliidae,-28.89,2.25,0.11,0.08,SD,5
ID_0891,Moss,Bryophyta,-39.41,-0.16,0.57,0.63,SD,5
ID_0892,Mayfly,Baetidae,-32.15,0.54,0.2,0.1,SD,5
ID_0892,Gammarid,Gammaridae,-27.24,0.8,0.59,0.51,SD,9
ID_0892,Mayfly,Heptageniidae,-33,0.55,1.11,0.27,SD,2
ID_0892,Stonefly,Nemourida,-31.91,-0.77,0.38,0.11,SD,5
ID_0892,Stonefly,Perlidae,-31.14,1.91,0.73,0.36,SD,11
ID_0892,Caddisfly,Philopotamidae,-29.87,1.43,0.16,0.1,SD,10
ID_0892,Caddisfly,Sericostomatidae,-27.35,1.3,0.36,0.2,SD,5
ID_0892,Blackfly,Simuliidae,-28.99,1,0.27,0.18,SD,5
ID_0892,Algae,Cladophora sp,-29.85,-2.41,0.5,0.21,SD,5
ID_0892,Moss,Bryophyta,-38.58,-1.62,0.28,0.48,SD,5
ID_0893,Mayfly,Baetidae,-31.02,1.35,NA,NA,SD,1
ID_0893,Mayfly,Ephemerellidae,-28.11,1.23,NA,NA,SD,1
ID_0893,Mayfly,Ephemeridae,-26.28,1.82,0.89,0.64,SD,10
ID_0893,Mayfly,Heptageniidae,-30.39,1.83,0.4,0.51,SD,10
ID_0893,Stonefly,Leuctridae,-26.76,2.01,NA,NA,SD,1
ID_0893,Stonefly,Nemourida,-27.62,0.92,0.18,0.17,SD,5
ID_0893,Stonefly,Perlidae,-29.03,3.01,0.77,0.26,SD,14
ID_0893,Caddisfly,Ryacophylidae,-29.38,3.01,NA,NA,SD,1
ID_0893,Caddisfly,Sericostomatidae,-26.78,1.64,0.21,0.06,SD,5
ID_0893,Blackfly,Simuliidae,-28.46,1.44,0.21,0.08,SD,5
ID_0894,Mayfly,Baetidae,-30.32,0.28,0.28,0.51,SD,6
ID_0894,Mayfly,Heptageniidae,-29.46,0.87,1.06,0.38,SD,7
ID_0894,Stonefly,Nemourida,-28.52,-0.33,0.15,0.14,SD,5
ID_0894,Stonefly,Perlidae,-28.68,1.62,0.66,0.28,SD,10
ID_0894,Caddisfly,Sericostomatidae,-27.72,0.84,0.46,0.24,SD,6
ID_0894,Blackfly,Simuliidae,-26.56,0.51,0.32,0.07,SD,5
ID_0894,Algae,Cladophora sp,-25.93,-2.87,0.64,0.31,SD,5
ID_0895,Mayfly,Baetidae,-29.68,7.21,0.98,0.32,SD,3
ID_0895,Damselfly,Calopteryx splendens,-27.97,10.68,0.55,0.47,SD,3
ID_0895,Mayfly,Ephemera,-28.45,10.2,1.59,1.06,SD,3
ID_0895,Gammarid,Gammarus sp,-28.71,10.32,0.32,0.94,SD,3
ID_0895,Mayfly,Heptageniidae,-27.5,10.26,0.26,0.31,SD,3
ID_0895,Net-spinning caddisfly,Hydropsychidae,-28.62,9.47,1.01,0.83,SD,3
ID_0895,Northern caddisfly,Limnephilidae,-33.64,9.74,2.69,1.83,SD,3
ID_0895,Crayfish,Pacifastacus leniusculus,-27.52,9.12,0.62,0.3,SD,27
ID_0895,Stonefly,Perlidae,-27.2,9.49,0.77,1.75,SD,3
ID_0895,Caddisfly,Sericostoma,-30.85,12.3,1.14,0.59,SD,3
ID_0895,Blackfly,Simuliidae,-26.57,5.34,0.04,0.05,SD,3
ID_0895,Leaf litter,NA,-29.55,1.85,0.47,1.63,SD,3
ID_0895,Sediment organic matter,NA,-29.18,4.16,0.02,0.1,SD,3
ID_0895,Biofilm,NA,-26.15,5.71,0.39,0.28,SD,3
ID_0895,Tree leaf terrestrial,Populus sp,-29.18,3.69,2.23,1.53,SD,3
ID_0895,Macrophyte,"Ranunculus penicillatus 	",-30.79,9.32,2.72,1.33,SD,3
ID_0896,Gastropod,Ancylus sp,-32.14,5.27,3.71,3.46,SD,16
ID_0896,Water hoglouse,Asellus sp,-24.56,5.26,0.63,1.2,SD,6
ID_0896,Mayfly,Baetidae,-30.89,3.53,3.31,3.14,SD,21
ID_0896,Mayfly,Ephemerellidae,-30.81,2.62,2.94,2.69,SD,11
ID_0896,Gammarid,Gammarus sp,-27.13,5.33,2.25,1.44,SD,21
ID_0896,Net-spinning caddisfly,Hydropsychidae,-30,4.24,3.91,0.73,SD,9
ID_0896,Gastropod,Lymnaeidae,-25.45,5.51,0.48,1.38,SD,6
ID_0896,Gastropod,Lymnea sp,-27.14,5.7,2.97,1.7,SD,3
ID_0896,Worm,Oligocheta,-25.98,5.65,0.29,0.76,SD,5
ID_0896,Gastropod,Radix sp,-24.9,4.88,0.52,2.05,SD,7
ID_0896,Caddisfly,Rhyacophilidae,-28.72,6.03,3.47,2.41,SD,25
ID_0896,Blackfly,Simuliidae,-27.09,4.49,2.65,1.96,SD,11
ID_0896,Particulate organic matter,NA,-26.26,3.87,0.63,1.16,SD,9
ID_0896,Sediment organic matter,NA,-26.23,4.76,0.43,0.57,SD,10
ID_0896,Algae,Cladophora sp,-37.29,-3.39,1.52,4.38,SD,14
ID_0896,Macrophyte,Myriophyllum,-33.84,-10.15,0.8,1.08,SD,3
ID_0896,Biofilm,NA,-23.95,5.15,2.56,2.34,SD,17
ID_0896,Macrophyte,Ranunculus sp,-35.07,-1.02,0.67,1.85,SD,6
ID_0896,Algae,Vaucheria sp,-44.82,-5.53,0.95,2.6,SD,13
ID_0901,Fruit,Thurniaceae fruit,-35.62,6.74,NA,NA,SD,1
ID_0901,Mayfly,Campylocia,-28.27,4.92,0.35,0.29,SD,2
ID_0901,Ant,Formicidae,-28.88,5.51,1.77,1,SD,9
ID_0901,Mayfly,Leptophlebidea,-27.66,6.57,NA,NA,SD,1
ID_0901,Grasshopper,Orthoptera,-28.59,1.92,1.92,2.38,SD,5
ID_0901,Termite,Termitoidea,-28.6,6.16,2.44,3.32,SD,3
ID_0901,Leaf litter,NA,-31.41,3.06,2.5,0.76,SD,6
ID_0901,Sediment organic matter,NA,-30.26,8.12,0.37,1.54,SD,6
ID_0901,Leaf,Thurniaceae leaf,-37.54,8.95,3.6,0.48,SD,2
ID_0901,Macrophyte,Araceae,-34.74,9.27,NA,NA,SD,1
ID_0901,Biofilm,NA,-33.6,7.61,2.44,1.3,SD,4
ID_0901,Moss,Bryophyta,-33.43,-0.97,1.55,1.36,SD,4
ID_0901,Macrophyte,Thurniaceae,-36.9,8.21,2.77,1.32,SD,3
ID_0905,Fruit ,Thurniaceae fruit,-33.3,2.31,NA,NA,SD,1
ID_0905,Mayfly,Baetidae,-32.28,7.27,NA,NA,SD,1
ID_0905,Mayfly,Ephemeroptera,-31.99,7.94,NA,NA,SD,1
ID_0905,NA,Euthyplocidae,-29.57,5.8,NA,NA,SD,1
ID_0905,Mayfly,Campylocia,-30.47,6.65,NA,NA,SD,1
ID_0905,Ant,Formicidae,-29.12,7.14,1.66,0.68,SD,5
ID_0905,Mayfly,Leptophlebidea,-34.36,6.45,NA,NA,SD,1
ID_0905,Grasshopper,Orthoptera,-29.75,3.25,1.68,2.19,SD,12
ID_0905,Termite,Termitoidea,-27.45,9.22,2.62,4.36,SD,4
ID_0905,Sediment organic matter,NA,-30.36,5.61,0.2,0.51,SD,6
ID_0905,Leaf litter,NA ,-29.62,3.78,1.29,1.21,SD,6
ID_0905,Leaf,Thurniaceae leaf,-32.33,3.81,0.09,2.71,SD,2
ID_0905,Moss,Bryophyta,-36.14,4.11,4.52,3.56,SD,8
ID_0905,Biofilm,NA,-30.95,6.26,1.28,0.94,SD,6
ID_0905,Macrophyte,Nymphaeaceae,-32.22,5.57,NA,NA,SD,1
ID_0905,Macrophyte,Podostemacea,-32.53,5.69,NA,NA,SD,1
ID_0910,Midge,Chaoborus,-34.09,13.32,NA,NA,SD,1
ID_0910,Midge,Chironomidae,-30.91,9.17,0.64,0.58,SD,5
ID_0910,Zooplankton,Cladocera,-36.46,9.07,0.12,0.1,SD,2
ID_0910,Zooplankton,Copepoda,-37.91,12.14,NA,NA,SD,1
ID_0911,Midge,Chironomidae,-36.63,7.48,1.73,1.39,SD,2
ID_0913,Gammarid,Gammaridae,-31.21,11.65,0.74,0.65,SD,5
ID_0914,Amphipod,Corophiidae,-31.35,15.23,0.77,0.34,SD,4
ID_0914,Gammarid,Gammaridae,-30.1,14.88,0.72,0.23,SD,5
ID_0915,Amphipod,Corophiidae,-31.15,13.67,0.67,0.16,SD,3
ID_0915,Gammarid,Gammaridae,-30.21,13.09,0.3,0.53,SD,7
ID_0916,Amphipod,Corophiidae,-30.3,14.43,0.97,0.23,SD,6
ID_0916,Gammarid,Gammaridae,-29.27,14.34,0.52,0.88,SD,4
ID_0916,Bloodworm,NA,-31.53,13.09,2.41,1.55,SD,4
ID_0917,Amphipod,Corophiidae,-27.08,14.36,0.54,0.4,SD,2
ID_0917,Gammarid,Gammaridae,-28.06,14.08,1.01,1.12,SD,6
ID_0917,Bloodworm,NA,-30.84,8.63,0.56,1.38,SD,4
ID_0918,Amphipod,Corophiidae,-28.03,14.92,1.95,0.12,SD,2
ID_0918,Gammarid,Gammaridae,-29.25,14.49,1.17,0.58,SD,8
ID_0919,Amphipod,Corophiidae,-28,14.47,1.2,0.57,SD,3
ID_0919,Gammarid,Gammaridae,-28.28,13.52,1.02,0.64,SD,4
ID_0920,Amphipod,Corophiidae,-31.46,11.46,0.79,0.04,SD,4
ID_0920,Gammarid,Gammaridae,-28.67,13.2,1.18,0.82,SD,7
ID_0921,Amphipod,Corophiidae,-37.28,14.35,0.69,0.31,SD,6
ID_0921,Gammarid,Gammaridae,-34.31,13.91,3.64,1.54,SD,3
ID_0924,Water hoglouse,Asellidae,-29.91,15.17,1.13,0.56,SD,6
ID_0924,Mayfly,Ephemeroptera,-31.24,16.1,0.3,0.38,SD,3
ID_0924,Gammarid,Gammaridae,-31.23,16.06,1.04,0.81,SD,7
ID_0924,Gastropod,Gastropoda,-32.51,20.89,NA,NA,SD,1
ID_0924,Gastropod,Gastropoda,-18.37,12.85,3.77,2.86,SD,4
ID_0924,Odonata,Odonata,-31.62,16.94,0.06,0.34,SD,3
ID_0924,Worm,Oligocheta,-29.45,16.8,1.67,0.45,SD,7
ID_0924,Caddisfly,Trichoptera,-35.06,15.69,0.5,0.67,SD,3
ID_0924,Bloodworm,NA,-30.07,13.42,0.45,3.5,SD,3
ID_0924,Mussel,NA,-22.01,13.51,2.99,1.04,SD,6
ID_0925,Atyid shrimp,Atyidae,-22.96,6.16,0.63,0.68,SD,6
ID_0925,Crayfish,Cherax spp,-22.62,5.33,NA,NA,SD,1
ID_0925,Bivalve,Corbicula spp,-26.91,3.93,0.71,0.44,SD,6
ID_0925,Palaemonid prawn,Macrobrachium spp,-22.88,6.5,0.58,0.41,SD,6
ID_0925,Odonata,Odonata,-25.93,4.68,1.53,0.75,SD,9
ID_0925,Mayfly,Offadens spp & Pseudocloeon spp (Fam. Baetidae),-27.19,3.44,1.65,0.98,SD,6
ID_0925,Gastropod,Thiara spp,-23.64,3.41,1.45,1.1,SD,9
ID_0925,Algae,Cladophora spp,-28.46,2.13,4.1,1.4,SD,6
ID_0925,Macrophyte,Hydrilla verticillata,-25.45,0.28,NA,NA,SD,1
ID_0925,Aquatic plant,Myriophyllum spicatum,-26.78,2.24,NA,NA,SD,1
ID_0925,Aquatic plant,NA,-25.07,3.59,3.75,1.6,SD,9
ID_0925,Macrophyte,Potamogeton crispus,-25.12,2.36,NA,NA,SD,1
ID_0925,Macrophyte,Vallisneria nana,-24.02,2.07,NA,NA,SD,1
ID_0925,Biofilm,NA,-21.56,4.73,5.34,2.4,SD,6
ID_0925,Phytoplankton   ,NA,-24.52,4.39,0.83,1.97,SD,5
ID_0925,Tree leaf,NA,-28.73,2.04,1.17,2.5,SD,8
ID_0926,Atyid shrimp,Atyidae,-24.33,4.77,1.1,0.55,SD,6
ID_0926,Bivalve,Corbicula spp,-27.35,3.87,0.59,0.11,SD,3
ID_0926,Palaemonid prawn,Macrobrachium spp,-22.49,5.44,0.53,0.28,SD,3
ID_0926,Odonata,Odonata,-27.02,3.87,1.73,0.56,SD,12
ID_0926,Mayfly,Offadens spp & Pseudocloeon spp (Fam. Baetidae),-27.66,2.81,2.38,0.62,SD,6
ID_0926,Gastropod,Thiara spp,-25.15,2.65,3.09,0.99,SD,12
ID_0926,Algae,Cladophora spp,-27.96,2.09,3.15,1.02,SD,6
ID_0926,Macrophyte,Hydrilla verticillata,-28.4,3.55,NA,NA,SD,1
ID_0926,Aquatic plant,Myriophyllum spicatum,-28.61,4.58,NA,NA,SD,1
ID_0926,Macrophyte,Potamogeton crispus,-25.01,2.85,NA,NA,SD,1
ID_0926,Aquatic plant,NA,-26.34,3.23,3.1,2.39,SD,7
ID_0926,Phytoplankton   ,NA,-25.39,3.32,1.44,2.38,SD,5
ID_0926,Tree leaf terrestrial,NA,-29.14,0.06,1.49,1.83,SD,11
ID_0927,Atyid shrimp,Atyidae,-22.95,5.81,3.32,1.6,SD,6
ID_0927,Crayfish,Cherax spp,-22.92,5.44,NA,NA,SD,1
ID_0927,Net-spinning caddisfly,Cheumatopsyche spp (Fam. Hydropsychidae),-28.74,3.7,0.14,0.15,SD,3
ID_0927,Bivalve,Corbicula spp,-29.87,4.09,2.33,0.7,SD,5
ID_0927,Palaemonid prawn,Macrobrachium spp,-23.54,7.78,2.04,0.69,SD,5
ID_0927,Odonata,Odonata,-23.19,4.06,3.56,1.04,SD,9
ID_0927,Mayfly,Offadens spp & Pseudocloeon spp (Fam. Baetidae),-27.17,4.04,1.3,0.34,SD,5
ID_0927,Gastropod,Thiara spp,-25.81,4.33,0.26,0.17,SD,5
ID_0927,Algae,Cladophora spp,-30.37,8.83,0.05,0.39,SD,3
ID_0927,Macrophyte,Hydrilla verticillata,-25.23,2.47,NA,NA,SD,1
ID_0927,Aquatic plant,NA,-24.52,2.37,3.46,1.18,SD,5
ID_0927,Macrophyte,Potamogeton crispus,-26.95,4.38,NA,NA,SD,1
ID_0927,Macrophyte,Vallisneria nana,-20.11,3.98,NA,NA,SD,1
ID_0927,Biofilm,NA,-29.29,10.23,2.3,2.54,SD,6
ID_0927,Phytoplankton   ,NA,-28.33,4.76,1.46,1.29,SD,5
ID_0927,Tree leaf terrestrial,NA,-27.77,1.62,1.73,1.41,SD,9
ID_0928,Atyid shrimp,Atyidae,-22.8,13.11,3.35,1.86,SD,6
ID_0928,Crayfish,Cherax spp,-24.24,10.99,NA,NA,SD,1
ID_0928,Net-spinning caddisfly,Cheumatopsyche spp (Fam. Hydropsychidae),-25.45,8.98,4.4,3.09,SD,6
ID_0928,Bivalve,Corbicula spp,-30.96,10.21,1.41,0.58,SD,6
ID_0928,Palaemonid prawn,Macrobrachium spp,-21.8,14.16,1.39,0.81,SD,6
ID_0928,Odonata,Odonata,-24.8,9.92,2.5,1.78,SD,8
ID_0928,Mayfly,Offadens spp & Pseudocloeon spp (Fam. Baetidae),-25.19,10.27,0.39,2.42,SD,6
ID_0928,Gastropod,Thiara spp,-20.89,8.81,4.01,1.85,SD,8
ID_0928,Algae,Cladophora spp,-25.57,8.79,2.87,0.99,SD,4
ID_0928,Macrophyte,Potamogeton crispus,-27.12,13.63,NA,NA,SD,1
ID_0928,Aquatic plant,NA,-27.98,10.06,2.12,2.67,SD,7
ID_0928,Biofilm,NA,-21.84,10.95,2.84,0.97,SD,6
ID_0928,Phytoplankton   ,NA,-25.88,5.01,1.11,1.4,SD,5
ID_0928,Tree leaf terrestrial,NA,-29.48,5.37,1.05,4.19,SD,7
ID_0929,Atyid shrimp,Atyidae,-24.65,13.48,0.58,0.39,SD,6
ID_0929,Net-spinning caddisfly,Cheumatopsyche spp (Fam. Hydropsychidae),-22.97,9.45,1.8,0.5,SD,4
ID_0929,Bivalve,Corbicula spp,-31.07,10.29,1.59,0.76,SD,6
ID_0929,Palaemonid prawn,Macrobrachium spp,-24.58,13.76,0.81,0.38,SD,6
ID_0929,Odonata,Odonata,-24.98,10.86,1.25,1.29,SD,10
ID_0929,Mayfly,Offadens spp & Pseudocloeon spp (Fam. Baetidae),-25.33,9.07,0.84,0.63,SD,3
ID_0929,Gastropod,Thiara spp,-23.44,10.32,0.99,0.72,SD,9
ID_0929,Algae,Cladophora spp,-15.03,7.7,5.16,1.56,SD,6
ID_0929,Macrophyte,Vallisneria nana,-17.35,7.98,NA,NA,SD,1
ID_0929,Aquatic plant,NA,-28.72,8.85,2.61,1.09,SD,6
ID_0929,Biofilm,NA,-18.35,7.94,4.96,3.26,SD,6
ID_0929,Phytoplankton   ,NA,-28.09,7.09,0.22,0.85,SD,5
ID_0929,Tree leaf terrestrial,NA,-28.94,2.8,0.85,2.49,SD,9
ID_0930,Atyid shrimp,Atyidae,-23.89,11.5,1.48,1.16,SD,6
ID_0930,Net-spinning caddisfly,Cheumatopsyche spp (Fam. Hydropsychidae),-25.42,7.69,0.86,0.89,SD,6
ID_0930,Bivalve,Corbicula spp,-28.66,10.21,1.61,0.41,SD,6
ID_0930,Palaemonid prawn,Macrobrachium spp,-23.22,12.19,1.61,1.03,SD,6
ID_0930,Odonata,Odonata,-26.75,10.08,1.83,1.01,SD,9
ID_0930,Mayfly,Offadens spp & Pseudocloeon spp (Fam. Baetidae),-27.27,7.45,1.89,0.73,SD,3
ID_0930,Gastropod,Thiara spp,-23.45,8.72,2.22,0.57,SD,6
ID_0930,Algae,Cladophora spp,-24.72,7.43,1.34,0.63,SD,5
ID_0930,Macrophyte,Hydrilla verticillata,-29.11,4.7,NA,NA,SD,1
ID_0930,Macrophyte,Potamogeton crispus,-29.52,5.08,NA,NA,SD,1
ID_0930,Macrophyte,Vallisneria nana,-22.1,7.09,NA,NA,SD,1
ID_0930,Aquatic plant,NA,-29.87,5.3,1.56,7.09,SD,3
ID_0930,Biofilm,NA,-18.5,4.37,3.07,1.33,SD,6
ID_0930,Phytoplankton   ,NA,-25.85,5.02,0.37,2.06,SD,5
ID_0930,Tree leaf terrestrial,NA,-29.75,2.07,0.71,2.75,SD,13
ID_0931,Atyid shrimp,Atyidae,-21.42,8.74,1.28,0.95,SD,6
ID_0931,Net-spinning caddisfly,Cheumatopsyche spp (Fam. Hydropsychidae),-25.16,8.01,0.63,0.56,SD,6
ID_0931,Bivalve,Corbicula spp,-25.79,6.95,1.05,0.39,SD,3
ID_0931,Palaemonid prawn,Macrobrachium spp,-22.06,8.89,0.31,0.59,SD,6
ID_0931,Odonata,Odonata,-23.47,7.58,0.71,0.57,SD,6
ID_0931,Mayfly,Offadens spp & Pseudocloeon spp (Fam. Baetidae),-24.09,7.83,1.34,0.97,SD,6
ID_0931,Gastropod,Thiara spp,-22.17,7.25,1.01,0.91,SD,6
ID_0931,Algae,Cladophora spp,-30.6,9.16,2.99,0.37,SD,6
ID_0931,Aquatic plant,Myriophyllum spicatum,-23.15,6.92,NA,NA,SD,1
ID_0931,Macrophyte,Potamogeton crispus,-21.95,8.7,NA,NA,SD,1
ID_0931,Macrophyte,Vallisneria nana,-24.02,7.94,NA,NA,SD,1
ID_0931,Aquatic plant,NA,-26.53,7.6,2.08,0.85,SD,5
ID_0931,Biofilm,NA,-21.74,12.01,2.08,1,SD,6
ID_0931,Phytoplankton ,NA,-24.41,5.06,1.4,3.45,SD,5
ID_0931,Tree leaf terrestrial,NA,-29.15,2.77,1.23,3.66,SD,11
ID_0932,Atyid shrimp,Atyidae,-25.41,7.67,1.09,0.93,SD,6
ID_0932,Net-spinning caddisfly,Cheumatopsyche spp (Fam. Hydropsychidae),-24.09,5.15,2.82,1.11,SD,5
ID_0932,Bivalve,Corbicula spp,-29.17,7.53,0.2,0.19,SD,3
ID_0932,Palaemonid prawn,Macrobrachium spp,-24.76,7.77,2.21,0.69,SD,6
ID_0932,Odonata,Odonata,-27.35,5.94,2.3,1.11,SD,6
ID_0932,Mayfly,Offadens spp & Pseudocloeon spp (Fam. Baetidae),-28.1,5.94,0.67,0.62,SD,5
ID_0932,Gastropod,Thiara spp,-24.97,6.61,0.34,0.73,SD,3
ID_0932,Algae,Cladophora spp,-33.03,2.92,1.52,0.57,SD,6
ID_0932,Macrophyte,Vallisneria nana,-22.22,3.38,NA,NA,SD,1
ID_0932,Aquatic plant,NA,-28.17,5.15,0.29,0.84,SD,2
ID_0932,Biofilm,NA,-25.17,6.07,1.16,1.87,SD,6
ID_0932,Phytoplankton,NA,-23.81,8.22,0.44,1,SD,5
ID_0932,Tree leaf terrestrial,NA,-29.67,0.83,0.9,2.41,SD,10
ID_0933,Atyid shrimp,Atyidae,-26.96,10.98,0.84,1.96,SD,6
ID_0933,Net-spinning caddisfly,Cheumatopsyche spp (Fam. Hydropsychidae),-30.73,9.76,3.83,1.63,SD,5
ID_0933,Bivalve,Corbicula spp,-33.73,9.92,0.78,0.69,SD,6
ID_0933,Palaemonid prawn,Macrobrachium spp,-24.98,10.76,0.56,0.94,SD,6
ID_0933,Odonata,Odonata,-26.55,8.67,1.46,1.16,SD,6
ID_0933,Mayfly,Offadens spp & Pseudocloeon spp (Fam. Baetidae),-30.38,8.05,1.51,1.51,SD,6
ID_0933,Gastropod,Thiara spp,-27.9,9.27,2.81,0.38,SD,6
ID_0933,Algae,Cladophora spp,-37.66,14.02,1.06,2.06,SD,3
ID_0933,Macrophyte,Hydrilla verticillata,-28.16,7.55,NA,NA,SD,1
ID_0933,Macrophyte,Vallisneria nana,-22.12,7.75,NA,NA,SD,1
ID_0933,Biofilm,NA,-26.94,13.09,0.9,2.64,SD,6
ID_0933,Phytoplankton,NA,-27.06,7.26,2.5,3.59,SD,5
ID_0933,Tree leaf terrestrial,NA,-28.99,1.41,0.76,2.21,SD,8
ID_0934,Atyid shrimp,Atyidae,-25.43,14.87,1.01,2.33,SD,6
ID_0934,Net-spinning caddisfly,Cheumatopsyche spp (Fam. Hydropsychidae),-31.27,11.57,1.61,0.49,SD,6
ID_0934,Bivalve,Corbicula spp,-32.18,12.59,1.1,1.02,SD,6
ID_0934,Palaemonid prawn,Macrobrachium spp,-23.75,15.57,0.83,1.36,SD,6
ID_0934,Odonata,Odonata,-25.58,11.85,0.74,2.89,SD,3
ID_0934,Mayfly,Offadens spp & Pseudocloeon spp (Fam. Baetidae),-30.71,13.47,0.8,2.11,SD,6
ID_0934,Gastropod,Thiara spp,-26.61,14.52,0.6,1.71,SD,3
ID_0934,Algae,Cladophora spp,-31.6,13.6,4.15,4.94,SD,6
ID_0934,Macrophyte,Potamogeton crispus,-33.66,11.21,NA,NA,SD,1
ID_0934,Biofilm,NA,-24.95,15.37,0.77,0.92,SD,6
ID_0934,Phytoplankton,NA,-29.29,8.58,1.21,1.14,SD,5
ID_0934,Tree leaf terrestrial,NA,-28.56,3.88,1.24,3.04,SD,9
ID_0935,Atyid shrimp,Atyidae,-24.67,11.17,1.06,0.58,SD,6
ID_0935,Net-spinning caddisfly,Cheumatopsyche spp (Fam. Hydropsychidae),-31.15,10.89,1.21,0.57,SD,6
ID_0935,Bivalve,Corbicula spp,-32.82,9.76,0.42,0.3,SD,4
ID_0935,Palaemonid prawn,Macrobrachium spp,-23.86,11.34,0.56,0.32,SD,6
ID_0935,Odonata,Odonata,-27.78,9.07,1.3,1.02,SD,4
ID_0935,Mayfly,Offadens spp & Pseudocloeon spp (Fam. Baetidae),-28.6,9.87,1.65,1.45,SD,5
ID_0935,Gastropod,Thiara spp,-26.46,8.91,0.67,0.73,SD,6
ID_0935,Algae,Cladophora spp,-23.51,9.59,5.74,1.16,SD,6
ID_0935,Aquatic plant,NA,-27.33,5.61,NA,NA,SD,1
ID_0935,Biofilm,NA,-24.76,13.51,2.89,2.66,SD,6
ID_0935,Phytoplankton,NA,-27.72,7.17,1.36,0.53,SD,5
ID_0935,Tree leaf terrestrial,NA,-28.84,2.76,0.92,2.3,SD,7
ID_0936,Atyid shrimp,Atyidae,-24.25,13.1,0.57,1.06,SD,6
ID_0936,Net-spinning caddisfly,Cheumatopsyche spp (Fam. Hydropsychidae),-29.98,11.22,1.06,1.08,SD,6
ID_0936,Bivalve,Corbicula spp,-31.76,11.7,0.57,0.87,SD,6
ID_0936,Palaemonid prawn,Macrobrachium spp,-24.53,13.85,1.15,1.45,SD,6
ID_0936,Odonata,Odonata,-25.32,10.12,1.16,0.47,SD,5
ID_0936,Mayfly,Offadens spp & Pseudocloeon spp (Fam. Baetidae),-28.37,12.2,1.12,1.63,SD,6
ID_0936,Gastropod,Thiara spp,-24.92,10.47,0.88,1.2,SD,6
ID_0936,Algae,Cladophora spp,-21.97,14,5.78,0.72,SD,3
ID_0936,Aquatic plant,NA,-26.37,4.43,1.04,4.77,SD,2
ID_0936,Biofilm,NA,-27.05,14.27,0.98,1.98,SD,6
ID_0936,Phytoplankton,NA,-28.02,7.69,0.81,2.5,SD,5
ID_0936,Tree leaf terrestrial,NA,-28.23,3.71,0.99,2.09,SD,10
ID_0937,Mayfly larvae,Deleatidium sp,-30.36,-0.09,NA,NA,SD,1
ID_0938,Mayfly larvae,Deleatidium sp,-28.38,0.25,NA,NA,SD,1
ID_0938,Invertebrate composite,NA,-26.46,2.49,NA,NA,SD,1
ID_0938,Plant composite,NA,-29.37,-2.96,NA,NA,SD,1
ID_0939,Mayfly larvae,Deleatidium sp,-26.83,1.68,NA,NA,SD,1
ID_0939,Invertebrate composite,NA,-26.26,0.74,NA,NA,SD,1
ID_0939,Plant composite,NA,-27.27,-1.3,NA,NA,SD,1
ID_0940,Mayfly larvae,Deleatidium sp,-25.41,1.14,NA,NA,SD,1
ID_0940,Invertebrate composite,NA,-25.17,2.69,NA,NA,SD,1
ID_0940,Plant composite,NA,-28.69,-1.54,NA,NA,SD,1
ID_0941,Mayfly larvae,Deleatidium sp,-29.27,2.86,NA,NA,SD,1
ID_0942,Mayfly larvae,Deleatidium sp,-22,1.2,NA,NA,SD,1
ID_0942,Invertebrate composite,NA,-24.38,1.95,NA,NA,SD,1
ID_0942,Plant composite,NA,-28.5,-1.74,NA,NA,SD,1
ID_0943,Mayfly larvae,Deleatidium sp,-31.92,1.48,NA,NA,SD,1
ID_0943,Invertebrate composite,NA,-28.34,0.26,NA,NA,SD,1
ID_0943,Plant composite,NA,-26.59,-0.76,NA,NA,SD,1
ID_0944,Mayfly larvae,Deleatidium sp,-34.51,1.38,NA,NA,SD,1
ID_0944,Invertebrate composite,NA,-27.39,1.86,NA,NA,SD,1
ID_0944,Plant composite,NA,-27.07,0.78,NA,NA,SD,1
ID_0945,Mayfly larvae,Deleatidium sp,-31.69,-0.43,NA,NA,SD,1
ID_0945,Invertebrate composite,NA,-26.34,1.34,NA,NA,SD,1
ID_0945,Plant composite,NA,-32,-4.49,NA,NA,SD,1
ID_0946,Mayfly larvae,Deleatidium sp,-26.08,1.24,NA,NA,SD,1
ID_0946,Invertebrate composite,NA,-26.91,0.57,NA,NA,SD,1
ID_0946,Plant composite,NA,-26.85,-0.89,NA,NA,SD,1
ID_0947,Mayfly larvae,Deleatidium sp,-27.07,2.24,NA,NA,SD,1
ID_0948,Mayfly larvae,Deleatidium sp,-25.92,0.18,NA,NA,SD,1
ID_0948,Invertebrate composite,NA,-28.19,-0.1,NA,NA,SD,1
ID_0948,Plant composite,NA,-28.43,-1.92,NA,NA,SD,1
ID_0949,Mayfly larvae,Deleatidium sp,-29.5,2.89,NA,NA,SD,1
ID_0950,Mayfly larvae,Deleatidium sp,-34.8,3.92,NA,NA,SD,1
ID_0951,Mayfly larvae,Deleatidium sp,-32.15,5.28,NA,NA,SD,1
ID_0951,Invertebrate composite,NA,-28.85,0.85,NA,NA,SD,1
ID_0951,Plant composite,NA,-28.34,0.74,NA,NA,SD,1
ID_0952,Mayfly larvae,Deleatidium sp,-37.54,3.74,NA,NA,SD,1
ID_0953,Mayfly larvae,Deleatidium sp,-34.82,0.54,NA,NA,SD,1
ID_0954,Mayfly larvae,Deleatidium sp,-29.5,-1.68,NA,NA,SD,1
ID_0954,Invertebrate composite,NA,-25.99,5.67,NA,NA,SD,1
ID_0954,Plant composite,NA,-28.65,-2.86,NA,NA,SD,1
ID_0955,Mayfly larvae,Deleatidium sp,-29.02,-0.09,NA,NA,SD,1
ID_0955,Invertebrate composite,NA,-27.4,-0.15,NA,NA,SD,1
ID_0955,Plant composite,NA,-28.61,-0.92,NA,NA,SD,1
ID_0956,Mayfly larvae,Deleatidium sp,-29.45,-0.51,NA,NA,SD,1
ID_0956,Invertebrate composite,NA,-26.93,1.95,NA,NA,SD,1
ID_0956,Plant composite,NA,-27.47,-1.29,NA,NA,SD,1
ID_0957,Mayfly larvae,Deleatidium sp,-29.5,2.89,NA,NA,SD,1
ID_0958,Mayfly larvae,Deleatidium sp,-35.59,0.95,NA,NA,SD,1
ID_0959,Mayfly larvae,Deleatidium sp,-25.49,0.13,NA,NA,SD,1
ID_0959,Invertebrate composite,NA,-25.64,0.9,NA,NA,SD,1
ID_0959,Plant composite,NA,-27.77,-0.82,NA,NA,SD,1
ID_0960,Mayfly larvae,Deleatidium sp,-36.74,8.2,NA,NA,SD,1
ID_0961,Mayfly larvae,Deleatidium sp,-23.1,8.59,NA,NA,SD,1
ID_0962,Mayfly larvae,Deleatidium sp,-29.23,7.02,NA,NA,SD,1
ID_0963,Mayfly larvae,Deleatidium sp,-31.01,2.22,NA,NA,SD,1
ID_0964,Mayfly larvae,Deleatidium sp,-26.37,1.02,NA,NA,SD,1
ID_0965,Mayfly larvae,Deleatidium sp,-33.01,2.66,NA,NA,SD,1
ID_0966,Mayfly larvae,Deleatidium sp,-21.31,0.99,NA,NA,SD,1
ID_0967,Mayfly larvae,Deleatidium sp,-30.6,0.35,NA,NA,SD,1
ID_0968,Mayfly larvae,Deleatidium sp,-33.62,5.36,NA,NA,SD,1
ID_0969,Mayfly larvae,Deleatidium sp,-36.03,4.54,NA,NA,SD,1
ID_0970,Mayfly larvae,Deleatidium sp,-29.62,2.61,NA,NA,SD,1
ID_0970,Invertebrate composite,NA,-26.91,-0.19,NA,NA,SD,1
ID_0970,Plant composite,NA,-29.17,-0.64,NA,NA,SD,1
ID_0971,Mayfly larvae,Deleatidium sp,-26.93,-0.15,NA,NA,SD,1
ID_0971,Invertebrate composite,NA,-27.79,1.44,NA,NA,SD,1
ID_0971,Plant composite,NA,-27.87,2.04,NA,NA,SD,1
ID_0972,Mayfly larvae,Deleatidium sp,-28.06,0.57,NA,NA,SD,1
ID_0972,Invertebrate composite,NA,-26.26,4.28,NA,NA,SD,1
ID_0972,Plant composite,NA,-29.52,-0.53,NA,NA,SD,1
ID_0973,Mayfly larvae,Deleatidium sp,-30.2,-0.04,NA,NA,SD,1
ID_0974,Mayfly larvae,Deleatidium sp,-27.28,4.97,NA,NA,SD,1
ID_0975,Mayfly larvae,Deleatidium sp,-40.2,2.77,NA,NA,SD,1
ID_0975,Invertebrate composite,NA,-28.75,3.77,NA,NA,SD,1
ID_0975,Plant composite,NA,-28.37,-0.46,NA,NA,SD,1
ID_0976,Mayfly larvae,Deleatidium sp,-27.63,3.23,NA,NA,SD,1
ID_0977,Mayfly larvae,Deleatidium sp,-36.78,-1.05,NA,NA,SD,1
ID_0977,Invertebrate composite,NA,-26.66,0.11,NA,NA,SD,1
ID_0977,Plant composite,NA,-27,-2.25,NA,NA,SD,1
ID_0978,Mayfly larvae,Deleatidium sp,-23.96,3.12,NA,NA,SD,1
ID_0979,Mayfly larvae,Deleatidium sp,-30.65,-0.25,NA,NA,SD,1
ID_0979,Invertebrate composite,NA,-25.87,0.7,NA,NA,SD,1
ID_0979,Plant composite,NA,-28.09,-2.41,NA,NA,SD,1
ID_0980,Mayfly larvae,Deleatidium sp,-27.72,0.49,NA,NA,SD,1
ID_0980,Invertebrate composite,NA,-24.84,1.54,NA,NA,SD,1
ID_0980,Plant composite,NA,-28.61,0.07,NA,NA,SD,1
ID_0981,Mayfly larvae,Deleatidium sp,-23.59,0.91,NA,NA,SD,1
ID_0982,Mayfly larvae,Deleatidium sp,-27.88,0.07,NA,NA,SD,1
ID_0983,Mayfly larvae,Deleatidium sp,-25.92,3.25,NA,NA,SD,1
ID_0984,Mayfly larvae,Deleatidium sp,-29.19,0.26,NA,NA,SD,1
ID_0984,Invertebrate composite,NA,-27.48,3.08,NA,NA,SD,1
ID_0984,Plant composite,NA,-29.35,-1.7,NA,NA,SD,1
ID_0985,Mayfly larvae,Deleatidium sp,-34.18,1.99,NA,NA,SD,1
ID_0985,Invertebrate composite,NA,-28.52,-1.99,NA,NA,SD,1
ID_0985,Plant composite,NA,-29.49,0.22,NA,NA,SD,1
ID_0986,Mayfly larvae,Deleatidium sp,-32.78,1.94,NA,NA,SD,1
ID_0986,Invertebrate composite,NA,-27.02,2.92,NA,NA,SD,1
ID_0986,Plant composite,NA,-29.33,-1.81,NA,NA,SD,1
ID_0987,Mayfly larvae,Deleatidium sp,-27.67,-0.25,NA,NA,SD,1
ID_0987,Invertebrate composite,NA,-29.22,-0.84,NA,NA,SD,1
ID_0987,Plant composite,NA,-28.36,-3.71,NA,NA,SD,1
ID_0988,Mayfly larvae,Deleatidium sp,-27.05,-0.23,NA,NA,SD,1
ID_0988,Invertebrate composite,NA,-26.52,2.49,NA,NA,SD,1
ID_0988,Plant composite,NA,-29.38,-0.51,NA,NA,SD,1
ID_0989,Gastropod,Ancylus sp,-36.93,2.06,2.52,0.68,SD,8
ID_0989,Mayfly,Baetidae,-39.29,2.33,1.16,0.86,SD,9
ID_0989,Caddisfly,Brachycentridae,-40.38,2.47,2.05,1.39,SD,8
ID_0989,Midge,Chironomidae,-37.95,0.03,1.64,2.6,SD,5
ID_0989,Beetle,Coleoptera,-21.75,2.99,0.23,1,SD,2
ID_0989,Stonefly,Dinocras sp,-39.82,3.58,1.14,1.03,SD,9
ID_0989,Mayfly,Ephemera,-37.52,3.41,0.49,0.16,SD,2
ID_0989,Mayfly,Ephemerellidae,-40.25,1.19,1.19,0.66,SD,2
ID_0989,Gammarid,Gammarus sp,-41.02,2.21,1.16,0.23,SD,4
ID_0989,Caddisfly,Glossosomatidae,-38.97,1.54,0.8,0.09,SD,2
ID_0989,Caddisfly,Goeridae,-41.5,2.43,2.86,0.41,SD,2
ID_0989,Mayfly,Heptageniidae,-39.58,2.41,0.38,0.36,SD,4
ID_0989,Gastropod,Lymnaea sp,-33.83,2.85,0.57,0.31,SD,2
ID_0989,Gastropod,Lymnaea sp,-36.03,2.19,0.28,0.57,SD,2
ID_0989,Worm,Oligocheta,-35.87,3.14,0.86,1.03,SD,4
ID_0989,Leech,Piscicola geometra,-35.65,8.56,NA,NA,SD,1
ID_0989,Blackfly,Simuliidae,-37.19,0.7,1.74,3.41,SD,3
ID_0989,Macrophyte,Trichophyllus sp,-35.33,-4.76,NA,NA,SD,1
ID_0989,Cockchafer,Melolontha melolontha,-27.44,5.27,0.04,0.06,SD,2
ID_0989,Grasshopper,NA,-28.15,1.38,NA,NA,SD,1
ID_0989,Hoverfly,NA,-31.44,3.87,NA,NA,SD,1
ID_0989,Spider,NA,-29.11,4.78,NA,NA,SD,1
ID_0989,Macroalgae,Batrachospermum sp,-44.09,-0.4,1.98,2.07,SD,21
ID_0989,Macrophyte,Betula sp,-34.82,-2.1,0.72,3.77,SD,2
ID_0989,Algae,Cladophora sp,-40.45,-3.13,1.47,0.07,SD,3
ID_0989,Microalgae,Diatoma sp,-38.75,-0.26,0.6,1.45,SD,5
ID_0989,Moss,Fontinalis antipyretica,-44.27,-0.88,0.25,0.6,SD,2
ID_0989,Algae,Hydrurus sp,-43.1,2.11,NA,NA,SD,1
ID_0989,Algae,Lemanea sp,-46.71,1.72,NA,NA,SD,1
ID_0989,Green algae,Ulothrix sp,-43.87,1.7,0.37,0.49,SD,4
ID_0989,Algae,Vaucheria sp,-44.85,-1.01,1.37,1.79,SD,10
ID_0989,Benthic algae,NA,-36.17,-2.03,0.76,0.47,SD,2
ID_0990,Caddisfly,Brachycentridae,-35.32,3.67,0.9,0.93,SD,9
ID_0990,Mayfly,Caenis sp,-34.45,4.41,1.53,0.9,SD,13
ID_0990,Damselfly,Calopteryx sp,-29.99,8.78,NA,NA,SD,1
ID_0990,Midge,Chironomidae,-34.41,3.18,2.38,2.02,SD,6
ID_0990,Stonefly,Chloroperlidae,-35.22,5.46,1.66,0.49,SD,3
ID_0990,Beetle,Coleoptera,-26.52,6.72,NA,NA,SD,1
ID_0990,Stonefly,Dinocras sp,-34.24,6.03,NA,NA,SD,1
ID_0990,Mayfly,Ephemera,-33.37,4.95,1.15,0.62,SD,6
ID_0990,Mayfly,Ephemerellidae,-35.81,2.86,0.28,0.3,SD,2
ID_0990,Leech,Erpobdellidae,-30.97,6.51,1.12,0.49,SD,6
ID_0990,Gammarid,Gammarus sp,-36,3.82,0.36,0.18,SD,2
ID_0990,Caddisfly,Goeridae,-35.33,3.57,1.04,1.05,SD,7
ID_0990,Worm,Gordiacae,-26.68,0.97,NA,NA,SD,1
ID_0990,Mayfly,Heptageniidae,-35.18,4.48,1.62,0.55,SD,4
ID_0990,Leech,Hirudinae,-30.69,6.47,0.23,0.56,SD,3
ID_0990,Gastropod,Lymnaea sp,-34.14,6.76,0.63,2.6,SD,4
ID_0990,Stonefly,Perla sp,-37.14,5.21,NA,NA,SD,1
ID_0990,Leech,Piscicola geometra,-33.68,8.86,NA,NA,SD,1
ID_0990,Blackfly,Simuliidae,-33.07,4.05,0.22,0.31,SD,4
ID_0990,Fly,NA,-26,5.65,NA,NA,SD,1
ID_0990,Grasshopper,NA,-28.11,1.63,0.59,1.07,SD,2
ID_0990,Tree leaf terrestrial,Alnus sp,-31.69,-3.56,1.41,3.44,SD,2
ID_0990,Algae,Cladophora sp,-41.12,0.81,4.97,1.48,SD,11
ID_0990,Microalgae,Diatoma sp,-38.97,0.04,2.45,2.08,SD,3
ID_0990,Moss,Fontinalis antipyretica,-46.18,-0.23,0.38,0.81,SD,2
ID_0990,Algae,Lemanea sp,-44.66,0.43,NA,NA,SD,1
ID_0990,Macrophyte,Ranunculus fluitans,-31.25,3.35,0.45,0.46,SD,2
ID_0990,Algae,Tetraspora sp,-33.64,3.01,NA,NA,SD,1
ID_0990,Algae,Vaucheria sp,-43.91,0.96,0.67,1.45,SD,7
ID_0991,Grasshopper,Orthoptera,-24.73,3.49,NA,NA,SD,1
ID_0991,Dragonfly,Anisoptera,-28.36,11.73,2.91,0.83,SD,2
ID_0991,Mayfly,Baetidae (20) Leptoceridae (20),-29.95,9.86,NA,NA,SD,1
ID_0991,Aquatic insect,Caddis larvae (4) Anisoptera,-28.03,12.18,NA,NA,SD,1
ID_0991,Caddisfly,Calamoceratidae ,-29.64,6.99,NA,NA,SD,1
ID_0991,Net-spinning caddisfly,Hydropsychidae ,-27.21,13.98,NA,NA,SD,1
ID_0991,Caddisfly,Leptoceridae ,-29.71,10.45,NA,NA,SD,1
ID_0991,Caddisfly,Leptoceridae (3) Elmidae (2) ,-25.88,11.48,NA,NA,SD,1
ID_0991,Shrimp,Caridina (Atyidae) ,-30.04,12.22,0.62,0.83,SD,9
ID_0991,Coarse particulate organic matter >1mm,NA,-24.88,6.56,0.44,0.94,SD,2
ID_0991,Fine particulate organic matter (250um - 1mm),NA,-24.51,7.63,1.1,0.79,SD,2
ID_0991,Biofilm,NA,-25.35,11.42,NA,NA,SD,1
ID_0991,Green algae,Chara,-36.38,10.68,0.53,1.12,SD,3
ID_0991,Macrophyte,Chara,-33.88,10.33,NA,NA,SD,1
ID_0991,Red algae,Batracospermum,-32.68,12.38,0.01,0.04,SD,2
ID_0991,Reed,Cyperaceae,-28.3,9.21,0.43,0.02,SD,3
ID_0991,Macrophyte,Vallisneria sp,-31.86,10.06,0.5,0.68,SD,4
ID_0991,Riparian vegetation,NA,-28.19,7.77,4.05,1.95,SD,5
ID_0992,Crayfish,Cherax,-25.73,12.17,2.62,1.11,SD,5
ID_0992,Grasshopper,Orthoptera,-27.44,3.74,NA,NA,SD,1
ID_0992,Dragonfly,Anisoptera (3) ,-28.65,12.47,NA,NA,SD,1
ID_0992,Dragonfly,Anisoptera,-28.21,13.89,NA,NA,SD,1
ID_0992,Caddisfly,Calamoceratidae ,-29.47,6.14,NA,NA,SD,1
ID_0992,Net-spinning caddisfly,Hydropsychidae,-27.52,13.29,0.39,0.35,SD,3
ID_0992,Caddisfly,Leptoceridae,-23.84,12.62,2.02,0.53,SD,2
ID_0992,,Leptoceridae (3) Baetidae (2),-27.98,11.08,NA,NA,SD,1
ID_0992,Insect,Megaloptera (2) Anisoptera,,,,,,
ID_0992,Blackfly,Simuliidae,-29.15,11.24,NA,NA,SD,1
ID_0992,Odonata,Zygoptera(2) Anisoptera,-29.07,14.05,NA,NA,SD,1
ID_0992,Shrimp,Caridina (Atyidae),-28.73,13.7,1.13,2.7,SD,15
ID_0992,Coarse particulate organic matter >1mm,NA,-26.1,7.17,0.61,0.17,SD,2
ID_0992,Fine particulate organic matter (250um - 1mm),NA,-23.71,7.36,0.27,0.7,SD,2
ID_0992,Green algae,??,-27.42,14.86,NA,NA,SD,1
ID_0992,Para grass,Urochloa,-11.09,10.06,1.51,0.33,SD,3
ID_0992,Red algae,Batracospermum,-35.92,12.08,0.17,0.61,SD,2
ID_0992,Reed,Cyperaceae,-27.75,9.51,0.28,1.08,SD,3
ID_0992,Macrophyte,Vallisneria sp,-33.42,9.22,0.87,0.08,SD,2
ID_0992,Riparian vegetation,NA,-27.45,9.65,2.5,3.28,SD,5
ID_0993,Crayfish,Cherax,-25.48,11.79,1.34,0.75,SD,4
ID_0993,Grasshopper,Orthoptera,-31.39,2.07,NA,NA,SD,1
ID_0993,Odonata,Anisoptera,,,,,,
ID_0993,Mayfly,Baetidae,-30.29,8.88,NA,NA,SD,1
ID_0993,Caddisfly,Calamoceratidae ,-30.63,11.52,NA,NA,SD,1
ID_0993,Midge,Chironomidae,-29.65,9.33,NA,NA,SD,1
ID_0993,Caddisfly,Leptoceridae,-29.33,11.95,NA,NA,SD,1
ID_0993,Odonata,Zygoptera (9) Anisoptera (7),-30.37,12.58,NA,NA,SD,1
ID_0993,Coarse particulate organic matter >1mm,NA,-27.18,7.5,0.55,1.55,SD,2
ID_0993,Fine particulate organic matter (250um - 1mm),NA,-26.28,7.64,0.6,0.38,SD,2
ID_0993,Macrophyte,Vallisneria sp,-36.05,8.32,NA,NA,SD,1
ID_0993,Para grass,Urochloa,-12.3,6.3,NA,NA,SD,1
ID_0993,Reed,Cyperaceae,-27.59,8.81,1.18,1.68,SD,3
ID_0993,Macrophyte,Vallisneria sp,-34.4,11.06,0.05,0.74,SD,2
ID_0993,Riparian vegetation,NA,-29.6,6.14,0.72,4.08,SD,5
ID_0994,Coleoptera,Carabidae,-27.38,5.02,0.82,1.78,SD,2
ID_0994,Midge,Chironomidae,-25.56,6.73,NA,NA,SD,1
ID_0994,Beetle,Coleoptera,-29.65,2.34,NA,NA,SD,1
ID_0994,Fly,Diptera,-29.22,1.73,2.93,0.57,SD,2
ID_0994,Earthworm,Annelida,-26.14,5,1.04,1.13,SD,5
ID_0994,Mayfly,Ephemeroptera,-29.77,3.17,2.68,1.21,SD,3
ID_0994,Gastropod,Gastropoda,-34.24,4.6,NA,NA,SD,1
ID_0994,Mayfly,Heptageniidae,-30.97,2.88,NA,NA,SD,1
ID_0994,Hydracharina,Hydracharina,-28.67,4.68,0.35,1.27,SD,2
ID_0994,Mayfly,Leptophlebiidae,-27.84,4.57,NA,NA,SD,1
ID_0994,Stonefly,Leutricidae,-26.12,6.38,NA,NA,SD,1
ID_0994,Megaloptera,NA,-26.17,6.58,0.27,0.42,SD,2
ID_0994,Odonata,Odonata,-27.88,5.98,1.89,0.39,SD,7
ID_0994,Worm,Oligocheta,-27.5,5.62,2.58,0.42,SD,3
ID_0994,Stonefly,Perlidae,-28.38,5.91,1.14,0.69,SD,10
ID_0994,Stonefly,Plecoptera,-27.57,5.51,0.7,0.3,SD,3
ID_0994,Spider,Arachnida,-27.23,6.85,1.21,1.38,SD,3
ID_0994,Cranefly,Tipulidae,-27.57,6.39,0.3,0.76,SD,3
ID_0994,Caddisfly,Trichoptera,-28.22,3.37,1.2,2.29,SD,4
ID_0994,Particulate organic matter,NA,-27.81,3.93,0.31,1.13,SD,7
ID_0994,Biofilm,NA,-27.05,4.29,1.17,0.66,SD,15
ID_0994,Macrophyte,NA,-29.66,0.13,NA,NA,SD,1
ID_0995,Assellus,NA,-32.63,0.31,NA,NA,SD,1
ID_0995,Midge,Chironomidae,-32.9,2.11,4.49,2.87,SD,2
ID_0995,Mayfly,Ephemeroptera,-32.27,0.57,2.85,0.66,SD,3
ID_0995,Mayfly,Ephemera danica,-31.81,-0.27,NA,NA,SD,1
ID_0995,Leech,Hirudinea,-30.55,2.81,0.9,0.25,SD,3
ID_0995,Gastropod,Lymnaea,-32.16,2.97,NA,NA,SD,1
ID_0995,Worm,Oligocheta,-31.56,2.62,2.8,1.72,SD,3
ID_0995,Bivalve,Piscidia,-24.12,3.92,NA,NA,SD,1
ID_0995,Alderfly,Sialis sp,-30.32,1.9,1.4,0.37,SD,2
ID_0995,Caddisfly,Trichoptera,-30.59,2.16,1.34,1.41,SD,3
ID_0995,Zooplankton,Cladocera,-35.11,0.47,0.83,1.2,SD,4
ID_0995,Zooplankton,NA,-35.27,-0.84,0.19,0.97,SD,4
ID_0996,Mussel,Anodonta,-32.24,10.95,NA,NA,SD,1
ID_0996,Water hoglouse,Asellus aquaticus,-28.89,10.83,NA,NA,SD,1
ID_0996,Midge,Chironomidae,-45.87,1.92,5.83,3.68,SD,2
ID_0996,Gammarid,Gammaridae,-27.54,11.19,1.93,3.17,SD,2
ID_0996,Gastropod,Lymnaea,-28.42,11.01,4.94,0.82,SD,2
ID_0996,Bivalve,Piscidia,-36.16,9.23,NA,NA,SD,1
ID_0997,Water hoglouse,Asellus aquaticus,-27.76,8.81,0.08,1.56,SD,2
ID_0997,Midge,Chironomidae,-25.59,8.19,NA,NA,SD,1
ID_0997,Gammarid,Gammaridae,-25.83,9.39,2.97,1.58,SD,6
ID_0997,Gastropod,Gastropoda,-27.95,8.61,NA,NA,SD,1
ID_0997,Gastropod,Lymnaea,-28.09,8.97,2.69,0.95,SD,8
ID_0997,Bivalve,Pisidium,-29.95,8.05,2.21,0.27,SD,7
ID_0998,Mussel,Anodonta,-32.1,9.88,0.1,0.05,SD,2
ID_0998,Midge,Chironomidae,-34.47,7.56,6.65,2.43,SD,2
ID_0998,Gammarid,Gammaridae,-26.01,9.7,0.93,0.5,SD,2
ID_0998,Gastropod,Lymnaea,-27.45,10.29,NA,NA,SD,1
ID_0998,Gastropod,Planorbidae,-27.54,10.36,NA,NA,SD,1
ID_0999,Coleoptera,Carabidae,-24.72,6.19,NA,NA,SD,1
ID_0999,Midge,Chironomidae,-23.31,5.09,0.21,0.62,SD,2
ID_0999,Beetle,Coleoptera,-23.62,2.04,1.46,1.12,SD,2
ID_0999,Fly,Diptera,-23.63,6.43,3.11,1.28,SD,3
ID_0999,Earthworm,Annelida,-27.49,5.67,NA,NA,SD,1
ID_0999,Riflle beetle,Elmidae,-24.8,4.63,NA,NA,SD,1
ID_0999,Mayfly,Ephemeroptera,-23.2,4.67,0.73,1.82,SD,4
ID_0999,True bugs,Hemiptera,-23,5,1.57,1.24,SD,2
ID_0999,Odonata,Odonata,-27.56,5.85,3.68,1.72,SD,5
ID_0999,Stonefly,Perlidae,-23.86,5.74,1.33,1.11,SD,3
ID_0999,Stonefly,Plecoptera,-23.67,5.46,1.68,1.32,SD,4
ID_0999,Water-penny beetle,Psephinidae,-24.22,5.08,NA,NA,SD,1
ID_0999,Cranefly,Tipulidae,-24.3,4.84,1.97,1.61,SD,3
ID_0999,Caddisfly,Trichoptera,-23.43,5.59,1.1,2.93,SD,2
ID_0999,Algae,NA,-18.13,2.36,0.09,0.96,SD,3
ID_0999,Biofilm,NA,-23.52,3.75,1.97,0.45,SD,3
ID_0999,Tree leaf terrestrial,NA,-30.34,0.4,NA,NA,SD,1
ID_0999,Moss,Bryophyta,-27.19,2.19,NA,NA,SD,1
ID_1000,Mussel,Anodonta,-33.9,7.58,0.83,1.17,SD,2
ID_1000,Water hoglouse,Asellus aquaticus,-29.13,8.67,1.63,1.03,SD,2
ID_1000,Midge,Chironomidae,-32.36,9.78,0.87,0.91,SD,2
ID_1000,Gammarid,Gammaridae,-28,7.66,2.38,0.49,SD,2
ID_1000,Gastropod,Gastropoda,-29.07,8.35,2.43,0.16,SD,2
ID_1001,Midge,Chironomidae,-26.64,8.2,1.42,0.1,SD,3
ID_1001,Water beetle,Dytiscidae,-26.6,8.2,NA,NA,SD,1
ID_1001,Earthworm,Annelida,-26.9,7.94,NA,NA,SD,1
ID_1001,Eastern eliptio,Elliptio complanata,-29.09,10.78,NA,NA,SD,1
ID_1001,Mayfly,Ephemeroptera,-28.52,7.99,1.21,1.7,SD,3
ID_1001,Gammarid,Gammarus sp,-26,8.36,1.39,0.89,SD,4
ID_1001,Gastropod,Gastropoda,-25.44,8.84,2.11,1.68,SD,5
ID_1001,Leech,Hirudinea,-26.14,8.58,NA,NA,SD,1
ID_1001,Worm,Oligocheta,-26.82,7.4,0.35,0.49,SD,2
ID_1001,Caddisfly,Trichoptera,-24.06,7.38,1.67,1.36,SD,2
ID_1001,Biofilm,NA,-23.51,5.4,0.05,0.17,SD,3
ID_1001,Tree leaf terrestrial,NA,-28.6,2.85,0.45,1.02,SD,3
ID_1001,Macrophyte,NA,-27.3,6.76,6.32,0.58,SD,4
ID_1001,Moss,Bryophyta,-39.07,7.96,NA,NA,SD,1
